14:21:22.324 
14:21:22.324 [FAULT] vector table installed
14:21:22.324   VTOR     : 0x34080C00 -> 0x34097400
14:21:22.324   entries  : 256 (defined 211)
14:21:22.324   replaced : 184 (unhandled IRQ 179, fault exc 5)
14:21:22.324 [TRACE] CYCCNT=OK SystemCoreClock=600000000Hz (600 cyc/us) LAR_unlock=not-required
14:21:22.363 CONFIG: A production (INFER_PRIO_INVERT=0 INFER_SLOW_X=1 task_infer pri 15)
14:21:22.363 Start User-main program.
14:21:22.363 extflash init (MX66UW1G45G, XSPI2, DTR-OPI) fixes: VDDIO3_1V8=1 XSPIM=1 XSPIPHY=1 IC3=1
14:21:22.363 --- XSPI2 regs (before init) ---
14:21:22.363   PWR SVMCR3   =0x04101310  VDDIO3SV=1 VDDIO3RDY=0 VDDIO3VRSEL=1(1=1.8V) VDDIO3VMEN=0
14:21:22.363   RCC AHB5ENR  =0x00003020  XSPI2EN=1 XSPIMEN=1
14:21:22.363   RCC AHB5RSTSR=0x00000000  XSPI2RST=0 XSPIMRST=0 (1=in reset)
14:21:22.378   RCC AHB4ENR  =0x0004e0df  GPIONEN=1
14:21:22.378   RCC CCIPR6   =0x00000000  XSPI2SEL=0 (0=HCLK 1=CLKP 2=IC3 3=IC4)
14:21:22.378   RCC MISCENR  =0x00000040  XSPIPHYCOMPEN=0
14:21:22.380   RCC MISCRSTSR=0x00000000  XSPIPHY2RST=0 (1=in reset)
14:21:22.385   RCC IC3CFGR  =0x00000000  DIVENSR=0x00000000
14:21:22.413   HCLK=200000000 Hz  XSPI2 kernel clock=200000000 Hz
14:21:22.413   XSPIM CR     =0x00000010  MUXEN=0 MODE=0 CSSEL_OVR_EN=1 OVR_O2=0 REQ2ACK=0
14:21:22.413   XSPI2 CR     =0x10000301  EN=1 FMODE=1 CSSEL=0 MSEL=0 NOPREF=0
14:21:22.413   XSPI2 DCR1   =0x011a0000  DCR2=0x00000003 (PRESCALER=3)  DCR3=0x00000000  DCR4=0x00000000
14:21:22.415   XSPI2 SR     =0x00000020  BUSY=1 TCF=0 TEF=0 FTF=0 FLEVEL=0
14:21:22.420   XSPI2 CCR    =0x01002101  TCR=0x00000008  IR=0x0000005a  DLR=0x00000007
14:21:22.426   XSPI2 CALFCR =0x00000000  CALMR=0x00000000  CALSOR=0x00000000  CALSIR=0x00000000
14:21:22.434   GPION MODER  =0x03aaeaaa  OTYPER=0x00000000  OSPEEDR=0x00ff3fff  PUPDR=0x00000000
14:21:22.442   GPION AFR0   =0x09999999  AFR1=0x00009999  IDR=0x00000a29
14:21:22.446   GPION SECCFGR=0x00001fff  PRIVCFGR=0x00001fff  DELAYR0=0x00000000 DELAYR1=0x00000000  ADVCFGR0=0x00000000 ADVCFGR1=0x00000000
14:21:22.458 --- end ---
14:21:22.459   kernel clock: IC3 = PLL1 1200000000 Hz / 6
14:21:22.463   [ OK ] XSPI2 clock/reset/GPIO
14:21:22.467   [ OK ] HAL_XSPI_Init
14:21:22.469   XSPI2 kernel clock 200000000 Hz / (prescaler 3 + 1) = SCLK 50000000 Hz
14:21:22.476 --- XSPI2 regs (after HAL_XSPI_Init) ---
14:21:22.480   PWR SVMCR3   =0x04101310  VDDIO3SV=1 VDDIO3RDY=0 VDDIO3VRSEL=1(1=1.8V) VDDIO3VMEN=0
14:21:22.488   RCC AHB5ENR  =0x00003020  XSPI2EN=1 XSPIMEN=1
14:21:22.491   RCC AHB5RSTSR=0x00000000  XSPI2RST=0 XSPIMRST=0 (1=in reset)
14:21:22.497   RCC AHB4ENR  =0x0004e0df  GPIONEN=1
14:21:22.501   RCC CCIPR6   =0x00000020  XSPI2SEL=2 (0=HCLK 1=CLKP 2=IC3 3=IC4)
14:21:22.506   RCC MISCENR  =0x00000048  XSPIPHYCOMPEN=1
14:21:22.510   RCC MISCRSTSR=0x00000000  XSPIPHY2RST=0 (1=in reset)
14:21:22.515   RCC IC3CFGR  =0x00050000  DIVENSR=0x00000000
14:21:22.519   HCLK=200000000 Hz  XSPI2 kernel clock=200000000 Hz
14:21:22.524   XSPIM CR     =0x00000010  MUXEN=0 MODE=0 CSSEL_OVR_EN=1 OVR_O2=0 REQ2ACK=0
14:21:22.530   XSPI2 CR     =0x00000001  EN=1 FMODE=0 CSSEL=0 MSEL=0 NOPREF=0
14:21:22.536   XSPI2 DCR1   =0x011a0100  DCR2=0x00000003 (PRESCALER=3)  DCR3=0x00000000  DCR4=0x00000000
14:21:22.546   XSPI2 SR     =0x00000004  BUSY=0 TCF=0 TEF=0 FTF=1 FLEVEL=0
14:21:22.551   XSPI2 CCR    =0x00000000  TCR=0x00000000  IR=0x00000000  DLR=0x00000000
14:21:22.557   XSPI2 CALFCR =0x00000000  CALMR=0x00000000  CALSOR=0x00000000  CALSIR=0x00000000
14:21:22.564   GPION MODER  =0x03aaeaaa  OTYPER=0x00000000  OSPEEDR=0x00ff3fff  PUPDR=0x00000005
14:21:22.572   GPION AFR0   =0x09999999  AFR1=0x00009999  IDR=0x00000f7d
14:21:22.577   GPION SECCFGR=0x00001fff  PRIVCFGR=0x00001fff  DELAYR0=0x00000000 DELAYR1=0x00000000  ADVCFGR0=0x00000000 ADVCFGR1=0x00000000
14:21:22.589 --- end ---
14:21:22.590   [ OK ] Reset memory (SPI, STR-OPI, DTR-OPI)
14:21:22.719   [ OK ] Ready (SPI)
14:21:22.719   [ OK ] Read ID (SPI)
14:21:22.719   JEDEC ID: c2 81 3b
14:21:22.719   [ OK ] Manufacturer = Macronix (0xC2)
14:21:22.719   [ OK ] Enter DTR-OPI (CR2: 20 dummy cycles, DOPI)
14:21:22.782   [ OK ] Ready (DTR-OPI)
14:21:22.782   [ OK ] Verify CR2 = DOPI
14:21:22.782   [ OK ] Memory-mapped mode
14:21:22.782 extflash mapped at 0x70000000
14:21:22.782 extflash_init: ret=0
14:21:22.782 
14:21:22.782 [probe] reading 64B @ 0x70180000 ...
14:21:22.782 [probe] OK (no fault, D-cache was on)
14:21:22.782 70180000: f3 02 e9 fc ed 03 0d df ff 03 00 fe ff 00 fe 00
14:21:22.783 70180010: 02 01 f2 fb 00 00 fd 02 ff 06 1a 00 f6 01 01 08
14:21:22.789 70180020: 01 ff fb fa 03 00 02 f8 04 fe f5 0c 12 1b 19 e2
14:21:22.794 70180030: f9 06 02 fc f3 d6 12 f8 00 ff fe ff 00 00 01 ff
14:21:22.799 [probe] FNV-1a 0x568e47bd (expect 0x568e47bd) MATCH
14:21:22.804 npu hw init (AXISRAM3-6, NPU, CACHEAXI, RIF)
14:21:22.809   CPU cache: CCR.DC=1 CCR.IC=1  MSCR=0x0000300a (DCACTIVE=1 ICACTIVE=1 FORCEWT=0)
14:21:22.815   MPU: CTRL=0x00000007 (ENABLE=1 PRIVDEFENA=1) MAIR0=0x004f4f44 MAIR1=0x00000000, enabled regions:
14:21:22.889     region 0: 0x34080f40-0x34080fdf AttrIndx=0
14:21:22.889   RCC CFGR1=0x33330000 (SYSSWS=3, 3=IC2/IC6/IC11)  DIVENR=0x000084e7  IC6CFGR=0x00030000  IC11CFGR=0x00020000
14:21:22.889   IC6  (NPU)    : EN=1 src=PLL1 (1200000000 Hz) / 4 = 300000000 Hz
14:21:22.889   IC11 (NPU RAM): EN=1 src=PLL1 (1200000000 Hz) / 3 = 400000000 Hz
14:21:22.889   [ OK ] NPU clocks enabled by FSBL (SYSSWS=IC2/IC6/IC11, IC6EN, IC11EN)
14:21:22.889   RCC MEMENR 0x000013f0 -> 0x000017ff (AXISRAM2-6EN=11111 CACHEAXIRAMEN=1)
14:21:22.889   [ OK ] memory clocks (AXISRAM2-6, CACHEAXIRAM)
14:21:22.889   RAMCFG AXISRAM2 CR 0x00000000 -> 0x00000000 (already powered)
14:21:22.889   RAMCFG AXISRAM3 CR 0x00100000 -> 0x00000000 (was shut down)
14:21:22.889   RAMCFG AXISRAM4 CR 0x00100000 -> 0x00000000 (was shut down)
14:21:22.889   RAMCFG AXISRAM5 CR 0x00100000 -> 0x00000000 (was shut down)
14:21:22.891   RAMCFG AXISRAM6 CR 0x00100000 -> 0x00000000 (was shut down)
14:21:22.953   [ OK ] AXISRAM2-6 power on (RAMCFG SRAMSD=0)
14:21:22.953   [ram] testing AXISRAM3-6 heads 0x34200000..0x34350000 (D-cache off, interrupts masked) ...
14:21:22.953   [ram] AXISRAM3 @ 0x34200000: MATCH (0 mismatches in 64 words x 2 patterns)
14:21:22.953   [ram] AXISRAM4 @ 0x34270000: MATCH (0 mismatches in 64 words x 2 patterns)
14:21:22.953   [ram] AXISRAM5 @ 0x342e0000: MATCH (0 mismatches in 64 words x 2 patterns)
14:21:22.953   [ram] AXISRAM6 @ 0x34350000: MATCH (0 mismatches in 64 words x 2 patterns)
14:21:22.953   [ OK ] AXISRAM3-6 pattern write/read
14:21:22.955   before: AHB5ENR NPUEN=0 CACHEAXIEN=0  AHB5RSTR NPURST=0 CACHEAXIRST=0
14:21:22.961   [ OK ] NPU clock on, reset released
14:21:22.965   CACHEAXI after reset: SR=0x00000002 (BUSYF=0) after 1 us
14:21:22.970   CACHEAXI CR1=0x00000001 SR=0x00000002
14:21:22.973   [ OK ] NPU cache (CACHEAXI) enabled
14:21:22.976   locks: RIMC_CR.GLOCK=0 RISC_CR.GLOCK=0 RISC RLOCK(NPU)=0
14:21:22.982   RIMC_ATTR1 0x00000000 -> 0x00000310 (MCID=1 MSEC=1 MPRIV=1)
14:21:22.988   RISC_SECCFGR3 0x00000000 -> 0x00000400  RISC_PRIVCFGR3 0x00000000 -> 0x00000400 (NPU = bit10)
14:21:22.997   [ OK ] RIMC: NPU master = CID1, secure, privileged
14:21:23.001   [ OK ] RISC: NPU registers = secure, privileged only
14:21:23.006   [npu] reading ATON CLKCTRL VERSION @ 0x580e0004 ...
14:21:23.011   [npu] no fault. VERSION=0x01b4121f after 1 reads (TYPE=0x1f MAJOR=1 MINOR=2 AGATES=4 BGATES=0x1b) expect 0x01b4121f -> MATCH
14:21:23.022   [ OK ] NPU register read (TYPE/MAJOR/MINOR as ll_aton expects)
14:21:23.028   RISAF (expect all 0 = default filtering, secure+privileged pass):
14:21:23.034   RISAF2  AXISRAM1   : CR=0x00000000 IASR=0x00000000 BREN(region bits)=0x000
14:21:23.041   RISAF3  AXISRAM2   : CR=0x00000000 IASR=0x00000000 BREN(region bits)=0x000
14:21:23.049   RISAF4  NPU MST0   : CR=0x00000000 IASR=0x00000000 BREN(region bits)=0x000
14:21:23.055   RISAF5  NPU MST1   : CR=0x00000000 IASR=0x00000000 BREN(region bits)=0x000
14:21:23.061   RISAF6  AXISRAM3-6 : CR=0x00000000 IASR=0x00000000 BREN(region bits)=0x000
14:21:23.069   RISAF12 XSPI2 flash: CR=0x00000000 IASR=0x00000000 BREN(region bits)=0x000
14:21:23.075 npu hw ready (clk=1 mem=1 ram=1 npu=1 cache=1 rif=1 id=1)
14:21:23.080 npu_hw_init: ret=0
14:21:23.082 tap_ring_init: ret=0
14:21:23.084 notify: 3 target classes (dog crying_baby sneezing), threshold p>0.70, peak gate -30 dBFS (peak >= 1036 of 32768)
14:21:23.094 notify_init: ret=0
14:21:23.156 lcd_task_start: ret=0
14:21:23.156 preproc_init: ret=0 (mel LUT 461 coefs, expected 461)
14:21:23.156 npu rt init (ll_aton atonn-v1.1.3-262-g7cc65410, model yamnet_1024_64x96_tl_qdq_int8_OE_3_3_1)
14:21:23.156   stai_runtime_init: rc=0x0
14:21:23.156   [ OK ] stai_runtime_init
14:21:23.156   NVIC IRQ 53 (NPU0): enabled=0 pending=0
14:21:23.156   [ OK ] NPU interrupt disabled (polling only)
14:21:23.156   stai_network_init: rc=0x0 (context 56 B)
14:21:23.156   [ OK ] stai_network_init
14:21:23.156   [ OK ] stai_network_get_info
14:21:23.156   c_model=network (2026-03-30 12:19:29), runtime 1.1.3, tool 4.0.0, macc=0, nodes=101
14:21:23.156   n_inputs=1 n_outputs=1 n_activations=39 n_weights=0
14:21:23.156   [ OK ] stai_network_get_inputs/outputs
14:21:23.156   input  "Input_0_out_0" @ 0x34350000: 6144 B, format=0x00840440, shape=1x64x96x1, scale=30530542 e-9, zero_point=33
14:21:23.219   output "Softmax_102_out_0" @ 0x34350410: 40 B, format=0x00821040, shape=1x10
14:21:23.219   [ OK ] input buffer 32B aligned
14:21:23.219 npu rt ready (inference timeout 100000 us)
14:21:23.219 npu_rt_init: ret=0
14:21:23.219 npu random-input test (reference only, not a pass/fail criterion): seed=2026
14:21:23.282   input in RAM before inference: 0 of 6144 bytes differ from aed_test_input
14:21:23.282   inference: 41371 us
14:21:23.282    # class              npu    ort  ort_noopt  (x1e-4)
14:21:23.282    0 chainsaw            24     44     23
14:21:23.282    1 clock_tick        4174   2648   3153
14:21:23.282    2 crackling_fire      17     16      9
14:21:23.282    3 crying_baby          3      3      1
14:21:23.282    4 dog                  1      1      1
14:21:23.282    5 helicopter        5309   6929   6488
14:21:23.282    6 rain               247    157    187
14:21:23.282    7 rooster            120    109     76
14:21:23.282    8 sea_waves           95     81     56
14:21:23.282    9 sneezing            10     10      6
14:21:23.282   top1: 5 helicopter (5309 x1e-4)
14:21:23.285   max |npu - ort| = 1620, max |npu - ort_noopt| = 1179 (x1e-4)
14:21:23.289   input buffer head @ 0x34350000:
14:21:23.291     expected (source input)  : 2a 79 92 5a 84 2c 4e ad 3f cc 43 86 e7 d9 51 23
14:21:23.298     before inference (RAM)   : 2a 79 92 5a 84 2c 4e ad 3f cc 43 86 e7 d9 51 23
14:21:23.305     after inference (cache)  : c3 19 bd a3 8f 1d ea de da b4 80 80 80 80 80 87
14:21:23.312     after inference (RAM)    : c3 19 bd a3 8f 1d ea de da b4 80 80 80 80 80 87
14:21:23.321   random input: top1 matches PC, output NOT within 500 x1e-4 of a PC reference (reference only)
14:21:23.392 npu logits (reference only; int8 softmax input captured just before epoch 30 @ 0x34350000):
14:21:23.392   [npu] epoch callback installed: before run=1, after run=0
14:21:23.392   [npu] epoch callback calls recorded: 0
14:21:23.392   not captured (er=0, captured=0)
14:21:23.392 ====================================
14:21:23.394 ====================================
14:21:23.397 NPU SELFTEST
14:21:23.398 ====================================
14:21:23.400 ====================================
14:21:23.404 npu clip test: SKIP (AED_USE_TEST_CLIPS=0 to save code space; the preproc test judges 2 clips instead)
14:21:23.413 npu selftest NOT JUDGED
14:21:23.416 ====================================
14:21:23.419 ====================================
14:21:23.423 npu repeat x10 (same input):
14:21:23.486   [ 1]  40748 us, max diff vs first = 0 x1e-4 (bit-identical)
14:21:23.548   [ 2]  40726 us, max diff vs first = 0 x1e-4 (bit-identical)
14:21:23.611   [ 3]  40713 us, max diff vs first = 0 x1e-4 (bit-identical)
14:21:23.611   [ 4]  40732 us, max diff vs first = 0 x1e-4 (bit-identical)
14:21:23.673   [ 5]  40733 us, max diff vs first = 0 x1e-4 (bit-identical)
14:21:23.737   [ 6]  40720 us, max diff vs first = 0 x1e-4 (bit-identical)
14:21:23.795   [ 7]  40736 us, max diff vs first = 0 x1e-4 (bit-identical)
14:21:23.795   [ 8]  40740 us, max diff vs first = 0 x1e-4 (bit-identical)
14:21:23.859   [ 9]  40742 us, max diff vs first = 0 x1e-4 (bit-identical)
14:21:23.922   [10]  40735 us, max diff vs first = 0 x1e-4 (bit-identical)
14:21:23.922   inference time: min=40713 mean=40732 max=40748 us (10 of 10 runs OK)
14:21:23.922 infer_task_start: ret=0
14:21:23.922 WM8904 Device ID = 0x8904
14:21:23.922 WM8904 init (headphone, 16kHz) start
14:21:23.922   [ OK ] SW Reset
14:21:23.922   [ OK ] Clock: CLK_SYS_ENA
14:21:23.922   [ OK ] Bias control (ISEL)
14:21:23.922   [ OK ] VMID control (enable)
14:21:23.922 lcd: pixel clock 25000000 Hz (PLL4 -> IC16, MX_LTDC_Clock_Init st=0)
14:21:23.922 lcd: 800x480, total 812x492 -> refresh 62.57 Hz
14:21:23.922 lcd: rif RIMC_ATTR10 0x00000000 -> 0x00000310 (MCID=1 MSEC=1 MPRIV=1)
14:21:23.922 lcd: rif RISC reg3 bit7 (LTDCL1) SEC 0 -> 1, PRIV 0 -> 1
14:21:23.938 lcd: rif RISAF6.IASR 0x00000000 -> 0x00000000 (cleared before enabling LTDC)
14:21:23.938 lcd: [ OK ] gpio + panel power (PQ3 on, PQ6 backlight, PG13 DE)
14:21:23.949 lcd: [ OK ] ltdc init (hs=4 hbp=4 hfp=4 vs=4 vbp=4 vfp=4)
14:21:23.954 lcd: [ OK ] layer0 L8 + CLUT 16 colors, framebuffer 0x34200000 (384000 B)
14:21:23.963 lcd_init: ret=0
14:21:24.019 lcd: [ OK ] idle "READY" (class band y=192 h=96 scale 4, beat at 8,8)
14:21:24.019   [ OK ] VMID control (settle)
14:21:24.021   [ OK ] Bias control (BIAS_EN)
14:21:24.021   [ OK ] Mic bias enable
14:21:24.025   [ OK ] Power mgmt0 (input disable)
14:21:24.029   [ OK ] Power mgmt2 (HP PGA enable)
14:21:24.032   [ OK ] Clock: CLK_DSP_ENA
14:21:24.033   [ OK ] Power mgmt6 (DAC/ADC enable)
14:21:24.038   [ OK ] Digital mic disable
14:21:24.041   [ OK ] GPIO1 control (default)
14:21:24.096   [ OK ] DRC0 (disabled)
14:21:24.096   [ OK ] Analog ADC0 (OSR128)
14:21:24.096   [ OK ] DAC digital1 (muted)
14:21:24.096   [ OK ] Audio interface0 (ADC src)
14:21:24.096   [ OK ] Audio interface1 (16b/I2S)
14:21:24.096   [ OK ] Clock rates1 (16kHz)
14:21:24.096   [ OK ] HP volume (left)
14:21:24.096   [ OK ] HP volume (right)
14:21:24.096   [ OK ] ADC digital volume (muted)
14:21:24.096   [ OK ] Charge pump enable
14:21:24.096   [ OK ] Analog HP (enable)
14:21:24.096   [ OK ] Analog HP (enable delay)
14:21:24.096   [ OK ] DC servo (channel enable)
14:21:24.096   [ OK ] DC servo (startup trigger)
14:21:24.223   [ OK ] DC servo (startup wait)
14:21:24.223   [ OK ] Analog HP (output enable)
14:21:24.223   [ OK ] Analog HP (remove short)
14:21:24.223   [ OK ] Class W (dynamic power)
14:21:24.223 WM8904 init (headphone, 16kHz) done
14:21:24.223 SAI1 peripheral init OK (kerclk=24571428 mckdiv=12 -> Fs=7998Hz)
14:21:24.223 MDF1 (PDM mic) init OK (step=6)
14:21:24.223 WM8904 DAC unmute OK
14:21:24.223 SAI1 DMA start OK (440Hz sine, output path check)
14:21:25.246 MDF1 acquisition start OK
14:21:25.309 Passthrough ACTIVE (mic -> headphone, prefill=1280 samples, mdf_cb=5)
14:21:25.309 Speak into the onboard mics; you should hear it and avg_abs should rise.
14:21:25.833   pt[0]: min=-6212 max=7944 avg_abs=183 | fifo=1072 under=0 over=0 late=0 mdf_cb=37 mdf_err=0
14:21:26.280 {"win":0,"cls":"unknown","p":0.42,"lat_ms":112,"under":0,"over":0,"late":0}
14:21:26.282 win    0 pos=       0  -39dBFS [#######.............] rms=  353 peak= 7944 seam=- lag=335us
14:21:26.290   -> unknown         p=0.42  preproc=69087us infer=41019us
14:21:26.311 in=15875Hz out=16143Hz ring=1008 under=0 over=0 (dt=1015897us) loglag=67000us
14:21:26.311   pt[1]: min=-500 max=448 avg_abs=111 | fifo=864 under=0 over=0 late=0 mdf_cb=69 mdf_err=0
14:21:26.823   pt[2]: min=-866 max=628 avg_abs=126 | fifo=1056 under=0 over=0 late=0 mdf_cb=101 mdf_err=0
14:21:27.272 win    1 pos=   15360  -47dBFS [####................] rms=  151 peak=  866 seam=ok lag=334us
14:21:27.272   -> unknown         p=0.41  preproc=69028us infer=41081us
14:21:27.337 in=16223Hz out=16094Hz ring=1136 under=0 over=0 (dt=994100us) loglag=67000us
14:21:27.337   pt[3]: min=-380 max=492 avg_abs=107 | fifo=848 under=0 over=0 late=0 mdf_cb=133 mdf_err=0
14:21:27.850   pt[4]: min=-1384 max=1162 avg_abs=151 | fifo=1040 under=0 over=0 late=0 mdf_cb=165 mdf_err=0
14:21:28.236 win    2 pos=   30720  -45dBFS [#####...............] rms=  182 peak= 1384 seam=ok lag=334us
14:21:28.236   -> unknown         p=0.25  preproc=69098us infer=41029us
14:21:28.300 in=16128Hz out=16400Hz ring=864 under=0 over=0 (dt=1000000us) loglag=67000us
14:21:28.381   pt[5]: min=-368 max=454 avg_abs=94 | fifo=832 under=0 over=0 late=0 mdf_cb=197 mdf_err=0
14:21:28.895   pt[6]: min=-422 max=410 avg_abs=96 | fifo=1024 under=0 over=0 late=0 mdf_cb=229 mdf_err=0
14:21:29.216 win    3 pos=   46080  -48dBFS [####................] rms=  125 peak=  422 seam=ok lag=338us
14:21:29.216   -> unknown         p=0.62  preproc=69092us infer=41074us
14:21:29.344 in=16128Hz out=16000Hz ring=992 under=0 over=0 (dt=999999us) loglag=67000us
14:21:29.408   pt[7]: min=-396 max=412 avg_abs=94 | fifo=816 under=0 over=0 late=0 mdf_cb=261 mdf_err=0
14:21:29.924   pt[8]: min=-694 max=626 avg_abs=113 | fifo=1264 under=0 over=0 late=0 mdf_cb=294 mdf_err=0
14:21:30.119 win    4 pos=   61440  -47dBFS [####................] rms=  140 peak=  694 seam=ok lag=337us
14:21:30.124   -> unknown         p=0.67  preproc=69097us infer=41024us
14:21:30.325 in=16128Hz out=16000Hz ring=1120 under=0 over=0 (dt=1000000us) loglag=67000us
14:21:30.452   pt[9]: min=-776 max=770 avg_abs=134 | fifo=1056 under=0 over=0 late=0 mdf_cb=326 mdf_err=0
14:21:30.966   pt[10]: min=-984 max=928 avg_abs=223 | fifo=1248 under=0 over=0 late=0 mdf_cb=358 mdf_err=0
14:21:31.096 win    5 pos=   76800  -42dBFS [######..............] rms=  247 peak=  984 seam=ok lag=336us
14:21:31.096   -> crackling_fire  p=0.93 (gated)  preproc=69085us infer=41014us
14:21:31.351 in=16128Hz out=16400Hz ring=848 under=0 over=0 (dt=999999us) loglag=67000us
14:21:31.479   pt[11]: min=-868 max=728 avg_abs=157 | fifo=1040 under=0 over=0 late=0 mdf_cb=390 mdf_err=0
14:21:32.058   pt[12]: min=-972 max=908 avg_abs=183 | fifo=832 under=0 over=0 late=0 mdf_cb=422 mdf_err=0
14:21:32.058 win    6 pos=   92160  -43dBFS [#####...............] rms=  225 peak=  972 seam=ok lag=335us
14:21:32.058   -> crackling_fire  p=0.81 (gated)  preproc=69064us infer=41029us
14:21:32.379 in=16128Hz out=16000Hz ring=976 under=0 over=0 (dt=1000000us) loglag=96755us
14:21:32.506   pt[13]: min=-448 max=428 avg_abs=119 | fifo=1024 under=0 over=0 late=0 mdf_cb=454 mdf_err=0
14:21:33.022   pt[14]: min=-1004 max=1038 avg_abs=172 | fifo=816 under=0 over=0 late=0 mdf_cb=486 mdf_err=0
14:21:33.022 win    7 pos=  107520  -45dBFS [#####...............] rms=  191 peak= 1038 seam=ok lag=336us
14:21:33.022   -> unknown         p=0.52  preproc=69087us infer=41036us
14:21:33.342 in=16128Hz out=16000Hz ring=1104 under=0 over=0 (dt=999999us) loglag=96755us
14:21:33.532   pt[15]: min=-868 max=698 avg_abs=136 | fifo=1008 under=0 over=0 late=0 mdf_cb=518 mdf_err=0
14:21:33.978 win    8 pos=  122880  -45dBFS [#####...............] rms=  184 peak=  868 seam=ok lag=338us
14:21:33.978   -> unknown         p=0.42  preproc=69085us infer=41089us
14:21:34.042   pt[16]: min=-640 max=586 avg_abs=134 | fifo=800 under=0 over=0 late=0 mdf_cb=550 mdf_err=0
14:21:34.376 in=16128Hz out=16000Hz ring=1232 under=0 over=0 (dt=999999us) loglag=96755us
14:21:34.566   pt[17]: min=-436 max=504 avg_abs=115 | fifo=1248 under=0 over=0 late=0 mdf_cb=583 mdf_err=0
14:21:34.813 #trace begin clk=600000000Hz entries=4096 span_us=9307336 stop=ring-full
14:21:34.813 t_us,id,arg
14:21:34.813 0,3,23
14:21:34.813 1,5,4
14:21:34.813 43,6,4
14:21:34.813 525,2,9
14:21:34.813 526,5,2
14:21:34.813 572,13,10
14:21:34.813 578,14,10
14:21:34.813 578,6,2
14:21:34.813 16405,1,10
14:21:34.813 16406,5,1
14:21:34.813 16452,13,11
14:21:34.813 16457,14,11
14:21:34.813 16458,6,1
14:21:34.813 24808,4,23
14:21:34.813 24810,5,8
14:21:34.813 24852,6,8
14:21:34.813 32280,2,11
14:21:34.813 32282,5,2
14:21:34.813 32327,13,12
14:21:34.813 32333,14,12
14:21:34.813 32333,6,2
14:21:34.813 48157,1,12
14:21:34.813 48159,5,1
14:21:34.813 48204,13,13
14:21:34.813 48210,14,13
14:21:34.813 48210,6,1
14:21:34.813 49617,3,24
14:21:34.813 49618,5,4
14:21:34.813 49660,6,4
14:21:34.813 64026,2,13
14:21:34.813 64028,5,2
14:21:34.933 64073,13,14
14:21:34.933 64079,14,14
14:21:34.933 64079,6,2
14:21:34.933 74414,4,24
14:21:34.933 74415,5,8
14:21:34.933 74458,6,8
14:21:34.936 79900,1,14
14:21:34.937 79901,5,1
14:21:34.938 79947,13,15
14:21:34.938 79952,14,15
14:21:34.938 79953,6,1
14:21:34.938 95773,2,15
14:21:34.938 95774,5,2
14:21:34.943 95820,13,16
14:21:34.944 95826,14,16
14:21:34.945 95826,6,2
14:21:34.945 99215,3,25
14:21:35.003 99216,5,4
14:21:35.003 99259,6,4
14:21:35.003 111645,1,16
14:21:35.003 111647,5,1
14:21:35.003 111694,13,17
14:21:35.003 111700,14,17
14:21:35.003 111700,6,1
14:21:35.003 124009,4,25
14:21:35.003 124010,5,8
14:21:35.003 124053,6,8
14:21:35.003 127506,2,17
14:21:35.003 127507,5,2
14:21:35.003 127553,13,18
14:21:35.003 127558,14,18
14:21:35.003 127559,6,2
14:21:35.003 143380,1,18
14:21:35.003 143381,5,1
14:21:35.003 143426,13,19
14:21:35.003 143432,14,19
14:21:35.003 143432,6,1
14:21:35.003 148810,3,26
14:21:35.003 148811,5,4
14:21:35.003 148854,6,4
14:21:35.003 159261,2,19
14:21:35.003 159262,5,2
14:21:35.003 159308,13,20
14:21:35.003 159314,14,20
14:21:35.003 159314,6,2
14:21:35.003 173622,4,26
14:21:35.003 173623,5,8
14:21:35.003 173665,6,8
14:21:35.003 175139,1,20
14:21:35.070 175140,5,1
14:21:35.070 175186,13,21
14:21:35.070 175191,14,21
14:21:35.070 175191,6,1
14:21:35.070 191016,2,21
14:21:35.070 191017,5,2
14:21:35.070 191063,13,22
14:21:35.070 191069,14,22
14:21:35.070 191069,6,2
14:21:35.070 198433,3,27
14:21:35.070 198434,5,4
14:21:35.070 198476,6,4
14:21:35.070 206902,1,22
14:21:35.070 206903,5,1
14:21:35.070 206948,13,23
14:21:35.070 206954,14,23
14:21:35.070 206954,6,1
14:21:35.070 222786,2,23
14:21:35.070 222787,5,2
14:21:35.070 222833,13,24
14:21:35.070 222838,14,24
14:21:35.070 222839,6,2
14:21:35.070 223253,4,27
14:21:35.070 223254,5,8
14:21:35.070 223296,6,8
14:21:35.070 238679,1,24
14:21:35.070 238681,5,1
14:21:35.070 238726,13,25
14:21:35.070 238732,14,25
14:21:35.070 238732,6,1
14:21:35.070 248083,3,28
14:21:35.070 248085,5,4
14:21:35.126 248126,6,4
14:21:35.126 254568,2,25
14:21:35.126 254569,5,2
14:21:35.126 254615,13,26
14:21:35.126 254620,14,26
14:21:35.126 254621,6,2
14:21:35.126 270453,1,26
14:21:35.126 270454,5,1
14:21:35.126 270500,13,27
14:21:35.126 270505,14,27
14:21:35.126 270506,6,1
14:21:35.126 272905,4,28
14:21:35.126 272907,5,8
14:21:35.126 272948,6,8
14:21:35.126 286336,2,27
14:21:35.126 286337,5,2
14:21:35.126 286383,13,28
14:21:35.126 286389,14,28
14:21:35.126 286389,6,2
14:21:35.126 297729,3,29
14:21:35.126 297730,5,4
14:21:35.126 297772,6,4
14:21:35.126 302224,1,28
14:21:35.126 302225,5,1
14:21:35.126 302271,13,29
14:21:35.126 302276,14,29
14:21:35.126 302277,6,1
14:21:35.126 318109,2,29
14:21:35.126 318110,5,2
14:21:35.126 318156,13,30
14:21:35.126 318162,14,30
14:21:35.126 318162,6,2
14:21:35.190 322550,4,29
14:21:35.190 322552,5,8
14:21:35.190 322594,6,8
14:21:35.190 334001,1,30
14:21:35.190 334002,5,1
14:21:35.190 334048,13,31
14:21:35.190 334053,14,31
14:21:35.190 334053,6,1
14:21:35.190 347375,3,30
14:21:35.190 347376,5,4
14:21:35.190 347418,6,4
14:21:35.190 349887,2,31
14:21:35.190 349888,5,2
14:21:35.190 349934,13,32
14:21:35.190 349940,14,32
14:21:35.190 349940,6,2
14:21:35.190 365776,1,32
14:21:35.190 365777,5,1
14:21:35.190 365822,13,33
14:21:35.190 365828,14,33
14:21:35.190 365828,6,1
14:21:35.190 372202,4,30
14:21:35.190 372203,5,8
14:21:35.190 372245,6,8
14:21:35.190 381666,2,33
14:21:35.190 381667,5,2
14:21:35.190 381713,13,34
14:21:35.190 381719,14,34
14:21:35.190 381719,6,2
14:21:35.190 397022,3,31
14:21:35.190 397024,5,4
14:21:35.190 397066,6,4
14:21:35.253 397548,1,34
14:21:35.253 397549,5,1
14:21:35.253 397595,13,35
14:21:35.253 397600,14,35
14:21:35.253 397601,6,1
14:21:35.253 413434,2,35
14:21:35.253 413436,5,2
14:21:35.253 413481,13,36
14:21:35.253 413487,14,36
14:21:35.253 413487,6,2
14:21:35.253 421847,4,31
14:21:35.253 421848,5,8
14:21:35.253 421890,6,8
14:21:35.253 429323,1,36
14:21:35.253 429324,5,1
14:21:35.253 429369,13,37
14:21:35.253 429375,14,37
14:21:35.253 429375,6,1
14:21:35.253 445201,2,37
14:21:35.253 445202,5,2
14:21:35.253 445248,13,38
14:21:35.253 445254,14,38
14:21:35.253 445254,6,2
14:21:35.253 446661,3,32
14:21:35.253 446663,5,4
14:21:35.253 446705,6,4
14:21:35.253 461084,1,38
14:21:35.253 461085,5,1
14:21:35.253 461130,13,39
14:21:35.253 461136,14,39
14:21:35.253 461136,6,1
14:21:35.253 471479,4,32
14:21:35.311 471480,5,8
14:21:35.311 471522,6,8
14:21:35.311 476974,2,39
14:21:35.311 476975,5,2
14:21:35.311 477021,13,40
14:21:35.311 477027,14,40
14:21:35.311 477027,6,2
14:21:35.311 492848,1,40
14:21:35.311 492850,5,1
14:21:35.311 492895,13,41
14:21:35.311 492901,14,41
14:21:35.311 492901,6,1
14:21:35.311 496294,3,33
14:21:35.311 496295,5,4
14:21:35.311 496337,6,4
14:21:35.311 508736,2,41
14:21:35.311 508737,5,2
14:21:35.311 508783,13,42
14:21:35.311 508788,14,42
14:21:35.311 508789,6,2
14:21:35.311 521116,4,33
14:21:35.311 521117,5,8
14:21:35.311 521159,6,8
14:21:35.311 524621,1,42
14:21:35.311 524622,5,1
14:21:35.311 524667,13,43
14:21:35.311 524673,14,43
14:21:35.311 524673,6,1
14:21:35.311 540509,2,43
14:21:35.311 540511,5,2
14:21:35.311 540556,13,44
14:21:35.311 540562,14,44
14:21:35.377 540562,6,2
14:21:35.377 545941,3,34
14:21:35.377 545943,5,4
14:21:35.377 545985,6,4
14:21:35.377 556392,1,44
14:21:35.377 556393,5,1
14:21:35.377 556439,13,45
14:21:35.377 556444,14,45
14:21:35.377 556445,6,1
14:21:35.377 570759,4,34
14:21:35.377 570761,5,8
14:21:35.377 570802,6,8
14:21:35.377 572278,2,45
14:21:35.377 572279,5,2
14:21:35.377 572325,13,46
14:21:35.377 572330,14,46
14:21:35.377 572331,6,2
14:21:35.377 588159,1,46
14:21:35.377 588160,5,1
14:21:35.377 588206,13,47
14:21:35.377 588211,14,47
14:21:35.377 588212,6,1
14:21:35.377 595581,3,35
14:21:35.377 595582,5,4
14:21:35.377 595625,6,4
14:21:35.377 604054,2,47
14:21:35.377 604056,5,2
14:21:35.377 604102,13,48
14:21:35.377 604107,14,48
14:21:35.377 604108,6,2
14:21:35.377 619946,1,48
14:21:35.377 619947,5,1
14:21:35.436 619993,13,49
14:21:35.436 619998,14,49
14:21:35.436 619999,6,1
14:21:35.436 620413,4,35
14:21:35.436 620414,5,8
14:21:35.436 620457,6,8
14:21:35.436 635827,2,49
14:21:35.436 635828,5,2
14:21:35.436 635874,13,50
14:21:35.436 635879,14,50
14:21:35.436 635880,6,2
14:21:35.436 645228,3,36
14:21:35.436 645229,5,4
14:21:35.436 645271,6,4
14:21:35.436 651711,1,50
14:21:35.436 651712,5,1
14:21:35.436 651757,13,51
14:21:35.436 651763,14,51
14:21:35.436 651763,6,1
14:21:35.436 667593,2,51
14:21:35.436 667595,5,2
14:21:35.436 667641,13,52
14:21:35.436 667647,14,52
14:21:35.436 667647,6,2
14:21:35.436 670046,4,36
14:21:35.436 670047,5,8
14:21:35.436 670090,6,8
14:21:35.436 683473,1,52
14:21:35.436 683474,5,1
14:21:35.436 683520,13,53
14:21:35.436 683526,14,53
14:21:35.436 683526,6,1
14:21:35.503 694859,3,37
14:21:35.503 694861,5,4
14:21:35.503 694903,6,4
14:21:35.503 699355,2,53
14:21:35.503 699356,5,2
14:21:35.503 699402,13,54
14:21:35.503 699407,14,54
14:21:35.503 699408,6,2
14:21:35.503 715235,1,54
14:21:35.503 715236,5,1
14:21:35.503 715282,13,55
14:21:35.503 715287,14,55
14:21:35.503 715287,6,1
14:21:35.503 719672,4,37
14:21:35.503 719673,5,8
14:21:35.503 719715,6,8
14:21:35.503 731108,2,55
14:21:35.503 731109,5,2
14:21:35.503 731155,13,56
14:21:35.503 731161,14,56
14:21:35.503 731161,6,2
14:21:35.503 744470,3,38
14:21:35.503 744472,5,4
14:21:35.503 744514,6,4
14:21:35.503 746980,1,56
14:21:35.503 746982,5,1
14:21:35.503 747027,13,57
14:21:35.503 747033,14,57
14:21:35.503 747033,6,1
14:21:35.503 762848,2,57
14:21:35.503 762849,5,2
14:21:35.503 762895,13,58
14:21:35.503 762901,14,58
14:21:35.503 762901,6,2
14:21:35.503 769265,4,38
14:21:35.503 769266,5,8
14:21:35.503 769308,6,8
14:21:35.511 778715,1,58
14:21:35.511 778717,5,1
14:21:35.511 778762,13,59
14:21:35.511 778768,14,59
14:21:35.511 778768,6,1
14:21:35.516 794063,3,39
14:21:35.516 794064,5,4
14:21:35.516 794106,6,4
14:21:35.519 794588,2,59
14:21:35.519 794589,5,2
14:21:35.519 794635,13,60
14:21:35.578 794641,14,60
14:21:35.578 794641,6,2
14:21:35.578 810450,1,60
14:21:35.578 810451,5,1
14:21:35.578 810497,13,61
14:21:35.578 810504,15,0
14:21:35.578 810504,14,61
14:21:35.578 810504,6,1
14:21:35.578 810838,16,0
14:21:35.578 818852,4,39
14:21:35.578 818855,5,8
14:21:35.578 818897,6,8
14:21:35.578 826322,2,61
14:21:35.578 826324,5,2
14:21:35.578 826370,13,62
14:21:35.578 826376,14,62
14:21:35.578 826376,6,2
14:21:35.578 842197,1,62
14:21:35.578 842199,5,1
14:21:35.578 842245,13,63
14:21:35.578 842251,14,63
14:21:35.578 842251,6,1
14:21:35.578 843657,3,40
14:21:35.578 843659,5,4
14:21:35.578 843701,6,4
14:21:35.578 858067,2,63
14:21:35.578 858068,5,2
14:21:35.578 858114,13,64
14:21:35.578 858120,14,64
14:21:35.578 858120,6,2
14:21:35.578 868450,4,40
14:21:35.578 868452,5,8
14:21:35.650 868494,6,8
14:21:35.650 873932,1,64
14:21:35.650 873934,5,1
14:21:35.650 873980,13,65
14:21:35.650 873985,14,65
14:21:35.650 873986,6,1
14:21:35.650 881652,9,13
14:21:35.650 889810,2,65
14:21:35.650 889813,5,2
14:21:35.650 889859,13,66
14:21:35.650 889865,14,66
14:21:35.650 889865,6,2
14:21:35.650 893254,3,41
14:21:35.650 893256,5,4
14:21:35.650 893299,6,4
14:21:35.650 905689,1,66
14:21:35.650 905691,5,1
14:21:35.650 905737,13,67
14:21:35.650 905743,14,67
14:21:35.650 905743,6,1
14:21:35.650 918054,4,41
14:21:35.650 918056,5,8
14:21:35.650 918099,6,8
14:21:35.650 921554,2,67
14:21:35.650 921556,5,2
14:21:35.650 921601,13,68
14:21:35.650 921607,14,68
14:21:35.650 921608,6,2
14:21:35.650 922670,10,13
14:21:35.650 937568,1,68
14:21:35.650 937570,5,1
14:21:35.650 937616,13,69
14:21:35.720 937622,14,69
14:21:35.720 937623,6,1
14:21:35.720 942870,3,42
14:21:35.720 942872,5,4
14:21:35.720 942915,6,4
14:21:35.720 957880,2,69
14:21:35.720 957882,5,2
14:21:35.720 957928,13,70
14:21:35.720 957934,14,70
14:21:35.720 957934,6,2
14:21:35.720 967660,4,42
14:21:35.720 967661,5,8
14:21:35.720 967704,6,8
14:21:35.720 969177,1,70
14:21:35.720 969178,5,1
14:21:35.720 969224,13,71
14:21:35.720 969229,14,71
14:21:35.720 969229,6,1
14:21:35.720 985050,2,71
14:21:35.720 985051,5,2
14:21:35.720 985097,13,72
14:21:35.720 985103,14,72
14:21:35.720 985103,6,2
14:21:35.720 992464,3,43
14:21:35.720 992465,5,4
14:21:35.720 992507,6,4
14:21:35.720 1000920,1,72
14:21:35.720 1000921,5,1
14:21:35.720 1000967,13,73
14:21:35.720 1000972,14,73
14:21:35.720 1000973,6,1
14:21:35.720 1016794,2,73
14:21:35.720 1016796,5,2
14:21:35.720 1016841,13,74
14:21:35.720 1016847,14,74
14:21:35.724 1016847,6,2
14:21:35.724 1017261,4,43
14:21:35.724 1017263,5,8
14:21:35.724 1017305,6,8
14:21:35.724 1032664,1,74
14:21:35.724 1032665,5,1
14:21:35.727 1032711,13,75
14:21:35.729 1032716,14,75
14:21:35.729 1032717,6,1
14:21:35.729 1042055,3,44
14:21:35.729 1042057,5,4
14:21:35.733 1042099,6,4
14:21:35.735 1048533,2,75
14:21:35.799 1048534,5,2
14:21:35.799 1048580,13,76
14:21:35.799 1048586,14,76
14:21:35.799 1048586,6,2
14:21:35.799 1064404,1,76
14:21:35.799 1064406,5,1
14:21:35.799 1064451,13,77
14:21:35.799 1064457,14,77
14:21:35.799 1064457,6,1
14:21:35.799 1066856,4,44
14:21:35.799 1066858,5,8
14:21:35.799 1066899,6,8
14:21:35.799 1080285,2,77
14:21:35.799 1080286,5,2
14:21:35.799 1080332,13,78
14:21:35.920 1080337,14,78
14:21:35.920 1080338,6,2
14:21:35.920 1091668,3,45
14:21:35.920 1091669,5,4
14:21:35.920 1091711,6,4
14:21:35.920 1096164,1,78
14:21:35.920 1096165,5,1
14:21:35.920 1096210,13,79
14:21:35.920 1096216,14,79
14:21:35.920 1096216,6,1
14:21:35.920 1112037,2,79
14:21:35.920 1112039,5,2
14:21:35.920 1112084,13,80
14:21:35.920 1112090,14,80
14:21:35.920 1112090,6,2
14:21:35.920 1116475,4,45
14:21:35.920 1116476,5,8
14:21:35.988 1116519,6,8
14:21:35.988 1127914,1,80
14:21:35.988 1127915,5,1
14:21:35.988 1127960,13,81
14:21:35.988 1127966,14,81
14:21:35.988 1127966,6,1
14:21:35.988 1141282,3,46
14:21:35.988 1141283,5,4
14:21:35.988 1141325,6,4
14:21:35.988 1143793,2,81
14:21:35.988 1143794,5,2
14:21:35.988 1143840,13,82
14:21:35.988 1143846,14,82
14:21:35.988 1143846,6,2
14:21:35.988 1159670,1,82
14:21:35.988 1159671,5,1
14:21:35.988 1159717,13,83
14:21:35.988 1159722,14,83
14:21:35.988 1159723,6,1
14:21:35.988 1166094,4,46
14:21:35.988 1166095,5,8
14:21:35.988 1166137,6,8
14:21:35.988 1175549,2,83
14:21:35.988 1175550,5,2
14:21:35.988 1175596,13,84
14:21:35.988 1175601,14,84
14:21:35.988 1175602,6,2
14:21:35.988 1190898,3,47
14:21:35.988 1190899,5,4
14:21:35.988 1190941,6,4
14:21:35.988 1191423,1,84
14:21:35.988 1191424,5,1
14:21:35.988 1191470,13,85
14:21:35.991 1191475,14,85
14:21:35.991 1191475,6,1
14:21:35.991 1207299,2,85
14:21:35.994 1207300,5,2
14:21:35.995 1207346,13,86
14:21:35.995 1207351,14,86
14:21:35.997 1207352,6,2
14:21:35.998 1215706,4,47
14:21:35.998 1215707,5,8
14:21:35.998 1215749,6,8
14:21:36.003 1223175,1,86
14:21:36.003 1223176,5,1
14:21:36.005 1223222,13,87
14:21:36.007 1223228,14,87
14:21:36.007 1223228,6,1
14:21:36.061 1239044,2,87
14:21:36.061 1239045,5,2
14:21:36.061 1239091,13,88
14:21:36.061 1239097,14,88
14:21:36.061 1239097,6,2
14:21:36.061 1240502,3,48
14:21:36.061 1240504,5,4
14:21:36.061 1240546,6,4
14:21:36.061 1254915,1,88
14:21:36.061 1254916,5,1
14:21:36.061 1254961,13,89
14:21:36.061 1254967,14,89
14:21:36.061 1254967,6,1
14:21:36.061 1265303,4,48
14:21:36.061 1265305,5,8
14:21:36.061 1265346,6,8
14:21:36.061 1270792,2,89
14:21:36.061 1270793,5,2
14:21:36.061 1270839,13,90
14:21:36.061 1270845,14,90
14:21:36.061 1270845,6,2
14:21:36.061 1286672,1,90
14:21:36.061 1286673,5,1
14:21:36.061 1286719,13,91
14:21:36.061 1286724,14,91
14:21:36.061 1286724,6,1
14:21:36.061 1290115,3,49
14:21:36.063 1290117,5,4
14:21:36.063 1290158,6,4
14:21:36.063 1302548,2,91
14:21:36.063 1302549,5,2
14:21:36.068 1302595,13,92
14:21:36.121 1302600,14,92
14:21:36.121 1302601,6,2
14:21:36.121 1314929,4,49
14:21:36.121 1314931,5,8
14:21:36.121 1314973,6,8
14:21:36.121 1318432,1,92
14:21:36.121 1318434,5,1
14:21:36.121 1318479,13,93
14:21:36.121 1318485,14,93
14:21:36.121 1318485,6,1
14:21:36.121 1334309,2,93
14:21:36.121 1334310,5,2
14:21:36.121 1334356,13,94
14:21:36.121 1334362,14,94
14:21:36.121 1334362,6,2
14:21:36.121 1339740,3,50
14:21:36.121 1339741,5,4
14:21:36.121 1339783,6,4
14:21:36.121 1350193,1,94
14:21:36.121 1350194,5,1
14:21:36.121 1350239,13,95
14:21:36.121 1350245,14,95
14:21:36.121 1350245,6,1
14:21:36.121 1364559,4,50
14:21:36.121 1364560,5,8
14:21:36.121 1364602,6,8
14:21:36.123 1366077,2,95
14:21:36.123 1366079,5,2
14:21:36.123 1366124,13,96
14:21:36.123 1366130,14,96
14:21:36.126 1366130,6,2
14:21:36.127 1381953,1,96
14:21:36.184 1381954,5,1
14:21:36.184 1382000,13,97
14:21:36.184 1382005,14,97
14:21:36.184 1382005,6,1
14:21:36.184 1389369,3,51
14:21:36.184 1389370,5,4
14:21:36.184 1389413,6,4
14:21:36.184 1397833,2,97
14:21:36.184 1397835,5,2
14:21:36.184 1397880,13,98
14:21:36.184 1397886,14,98
14:21:36.184 1397886,6,2
14:21:36.184 1413711,1,98
14:21:36.184 1413712,5,1
14:21:36.184 1413758,13,99
14:21:36.184 1413763,14,99
14:21:36.184 1413763,6,1
14:21:36.184 1414178,4,51
14:21:36.184 1414179,5,8
14:21:36.184 1414222,6,8
14:21:36.184 1429588,2,99
14:21:36.184 1429589,5,2
14:21:36.184 1429635,13,100
14:21:36.184 1429641,14,100
14:21:36.184 1429641,6,2
14:21:36.184 1438990,3,52
14:21:36.184 1438992,5,4
14:21:36.184 1439034,6,4
14:21:36.184 1445476,1,100
14:21:36.184 1445478,5,1
14:21:36.184 1445523,13,101
14:21:36.184 1445529,14,101
14:21:36.217 1445529,6,1
14:21:36.217 1461365,2,101
14:21:36.217 1461367,5,2
14:21:36.217 1461413,13,102
14:21:36.217 1461419,14,102
14:21:36.217 1461419,6,2
14:21:36.217 1463816,4,52
14:21:36.217 1463817,5,8
14:21:36.217 1463859,6,8
14:21:36.217 1477243,1,102
14:21:36.217 1477244,5,1
14:21:36.217 1477290,13,103
14:21:36.217 1477295,14,103
14:21:36.217 1477295,6,1
14:21:36.217 1488631,3,53
14:21:36.221 1488632,5,4
14:21:36.288 1488674,6,4
14:21:36.288 1493129,2,103
14:21:36.288 1493130,5,2
14:21:36.288 1493176,13,104
14:21:36.288 1493182,14,104
14:21:36.288 1493182,6,2
14:21:36.288 1509011,1,104
14:21:36.288 1509012,5,1
14:21:36.288 1509058,13,105
14:21:36.288 1509063,14,105
14:21:36.288 1509064,6,1
14:21:36.288 1513446,4,53
14:21:36.288 1513447,5,8
14:21:36.288 1513489,6,8
14:21:36.288 1524891,2,105
14:21:36.288 1524892,5,2
14:21:36.288 1524938,13,106
14:21:36.288 1524943,14,106
14:21:36.288 1524943,6,2
14:21:36.288 1538264,3,54
14:21:36.288 1538265,5,4
14:21:36.288 1538307,6,4
14:21:36.288 1540775,1,106
14:21:36.288 1540776,5,1
14:21:36.288 1540821,13,107
14:21:36.288 1540827,14,107
14:21:36.288 1540827,6,1
14:21:36.288 1556659,2,107
14:21:36.288 1556661,5,2
14:21:36.288 1556706,13,108
14:21:36.288 1556712,14,108
14:21:36.288 1556712,6,2
14:21:36.351 1563083,4,54
14:21:36.351 1563084,5,8
14:21:36.351 1563126,6,8
14:21:36.351 1572538,1,108
14:21:36.351 1572540,5,1
14:21:36.351 1572585,13,109
14:21:36.351 1572591,14,109
14:21:36.351 1572591,6,1
14:21:36.351 1587890,3,55
14:21:36.351 1587891,5,4
14:21:36.351 1587933,6,4
14:21:36.351 1588416,2,109
14:21:36.351 1588417,5,2
14:21:36.351 1588463,13,110
14:21:36.351 1588468,14,110
14:21:36.351 1588469,6,2
14:21:36.351 1604293,1,110
14:21:36.351 1604294,5,1
14:21:36.351 1604340,13,111
14:21:36.351 1604345,14,111
14:21:36.351 1604345,6,1
14:21:36.351 1612700,4,55
14:21:36.351 1612701,5,8
14:21:36.351 1612744,6,8
14:21:36.351 1620175,2,111
14:21:36.351 1620176,5,2
14:21:36.351 1620222,13,112
14:21:36.351 1620227,14,112
14:21:36.351 1620228,6,2
14:21:36.351 1636054,1,112
14:21:36.351 1636055,5,1
14:21:36.351 1636101,13,113
14:21:36.415 1636106,14,113
14:21:36.415 1636107,6,1
14:21:36.415 1637513,3,56
14:21:36.415 1637515,5,4
14:21:36.415 1637557,6,4
14:21:36.415 1651938,2,113
14:21:36.415 1651939,5,2
14:21:36.415 1651985,13,114
14:21:36.415 1651991,14,114
14:21:36.415 1651991,6,2
14:21:36.415 1662329,4,56
14:21:36.415 1662330,5,8
14:21:36.415 1662373,6,8
14:21:36.415 1667818,1,114
14:21:36.415 1667819,5,1
14:21:36.415 1667864,13,115
14:21:36.415 1667870,14,115
14:21:36.415 1667870,6,1
14:21:36.415 1683703,2,115
14:21:36.415 1683704,5,2
14:21:36.415 1683750,13,116
14:21:36.415 1683756,14,116
14:21:36.415 1683756,6,2
14:21:36.415 1687147,3,57
14:21:36.415 1687148,5,4
14:21:36.415 1687191,6,4
14:21:36.415 1699581,1,116
14:21:36.415 1699582,5,1
14:21:36.415 1699628,13,117
14:21:36.415 1699633,14,117
14:21:36.415 1699634,6,1
14:21:36.415 1711955,4,57
14:21:36.473 1711956,5,8
14:21:36.473 1711998,6,8
14:21:36.473 1715457,2,117
14:21:36.473 1715458,5,2
14:21:36.473 1715504,13,118
14:21:36.473 1715510,14,118
14:21:36.473 1715510,6,2
14:21:36.473 1731329,1,118
14:21:36.473 1731330,5,1
14:21:36.473 1731376,13,119
14:21:36.473 1731381,14,119
14:21:36.473 1731382,6,1
14:21:36.473 1736754,3,58
14:21:36.473 1736755,5,4
14:21:36.473 1736798,6,4
14:21:36.473 1747195,2,119
14:21:36.473 1747197,5,2
14:21:36.473 1747242,13,120
14:21:36.473 1747248,14,120
14:21:36.473 1747248,6,2
14:21:36.473 1761542,4,58
14:21:36.473 1761544,5,8
14:21:36.473 1761585,6,8
14:21:36.473 1763059,1,120
14:21:36.473 1763060,5,1
14:21:36.473 1763106,13,121
14:21:36.473 1763113,15,1
14:21:36.486 1763113,14,121
14:21:36.486 1763113,6,1
14:21:36.489 1763447,16,1
14:21:36.489 1778928,2,121
14:21:36.491 1778931,5,2
14:21:36.553 1778977,13,122
14:21:36.553 1778982,14,122
14:21:36.553 1778983,6,2
14:21:36.553 1786336,3,59
14:21:36.553 1786338,5,4
14:21:36.553 1786381,6,4
14:21:36.553 1794794,1,122
14:21:36.553 1794796,5,1
14:21:36.553 1794842,13,123
14:21:36.553 1794847,14,123
14:21:36.553 1794848,6,1
14:21:36.553 1810668,2,123
14:21:36.553 1810670,5,2
14:21:36.553 1810716,13,124
14:21:36.553 1810721,14,124
14:21:36.553 1810722,6,2
14:21:36.553 1811135,4,59
14:21:36.553 1811136,5,8
14:21:36.553 1811179,6,8
14:21:36.553 1826534,1,124
14:21:36.553 1826536,5,1
14:21:36.553 1826582,13,125
14:21:36.553 1826588,14,125
14:21:36.553 1826588,6,1
14:21:36.553 1834208,9,14
14:21:36.553 1835925,3,60
14:21:36.553 1835928,5,4
14:21:36.553 1835971,6,4
14:21:36.553 1842403,2,125
14:21:36.560 1842405,5,2
14:21:36.560 1842451,13,126
14:21:36.560 1842458,14,126
14:21:36.631 1842458,6,2
14:21:36.631 1858279,1,126
14:21:36.631 1858281,5,1
14:21:36.631 1858327,13,127
14:21:36.631 1858333,14,127
14:21:36.631 1858333,6,1
14:21:36.631 1860730,4,60
14:21:36.631 1860732,5,8
14:21:36.631 1860774,6,8
14:21:36.631 1874149,2,127
14:21:36.631 1874151,5,2
14:21:36.631 1874197,13,128
14:21:36.631 1874203,14,128
14:21:36.631 1874204,6,2
14:21:36.631 1875289,10,14
14:21:36.631 1888775,3,61
14:21:36.631 1888777,5,4
14:21:36.631 1888820,6,4
14:21:36.631 1890017,1,128
14:21:36.631 1890019,5,1
14:21:36.631 1890065,13,129
14:21:36.631 1890071,14,129
14:21:36.631 1890071,6,1
14:21:36.631 1905885,2,129
14:21:36.631 1905886,5,2
14:21:36.631 1905932,13,130
14:21:36.631 1905938,14,130
14:21:36.631 1905938,6,2
14:21:36.631 1910319,4,61
14:21:36.631 1910320,5,8
14:21:36.631 1910363,6,8
14:21:36.631 1921753,1,130
14:21:36.699 1921754,5,1
14:21:36.699 1921800,13,131
14:21:36.699 1921805,14,131
14:21:36.699 1921806,6,1
14:21:36.699 1935169,3,62
14:21:36.699 1935170,5,4
14:21:36.699 1935213,6,4
14:21:36.699 1937663,2,131
14:21:36.699 1937664,5,2
14:21:36.699 1937710,13,132
14:21:36.699 1937716,14,132
14:21:36.699 1937716,6,2
14:21:36.699 1953511,1,132
14:21:36.699 1953512,5,1
14:21:36.699 1953558,13,133
14:21:36.699 1953564,14,133
14:21:36.699 1953564,6,1
14:21:36.699 1959932,4,62
14:21:36.699 1959933,5,8
14:21:36.699 1959975,6,8
14:21:36.699 1969801,2,133
14:21:36.699 1969803,5,2
14:21:36.699 1969849,13,134
14:21:36.699 1969854,14,134
14:21:36.699 1969855,6,2
14:21:36.699 1984737,3,63
14:21:36.699 1984739,5,4
14:21:36.699 1984781,6,4
14:21:36.703 1985262,1,134
14:21:36.703 1985264,5,1
14:21:36.703 1985309,13,135
14:21:36.703 1985315,14,135
14:21:36.762 1985315,6,1
14:21:36.762 2001141,2,135
14:21:36.762 2001142,5,2
14:21:36.762 2001188,13,136
14:21:36.762 2001193,14,136
14:21:36.762 2001194,6,2
14:21:36.762 2009543,4,63
14:21:36.762 2009544,5,8
14:21:36.762 2009586,6,8
14:21:36.890 2017012,1,136
14:21:36.890 2017013,5,1
14:21:36.890 2017058,13,137
14:21:36.890 2017064,14,137
14:21:36.890 2017064,6,1
14:21:36.890 2032880,2,137
14:21:36.890 2032881,5,2
14:21:36.890 2032927,13,138
14:21:36.890 2032933,14,138
14:21:36.890 2032933,6,2
14:21:36.890 2034339,3,64
14:21:36.890 2034340,5,4
14:21:36.890 2034382,6,4
14:21:36.890 2048746,1,138
14:21:36.890 2048748,5,1
14:21:36.890 2048793,13,139
14:21:36.890 2048799,14,139
14:21:36.890 2048799,6,1
14:21:36.890 2059132,4,64
14:21:36.890 2059133,5,8
14:21:36.890 2059175,6,8
14:21:36.890 2064618,2,139
14:21:36.890 2064619,5,2
14:21:36.950 2064665,13,140
14:21:36.950 2064671,14,140
14:21:36.950 2064671,6,2
14:21:36.950 2080492,1,140
14:21:36.950 2080493,5,1
14:21:36.950 2080539,13,141
14:21:36.950 2080544,14,141
14:21:36.950 2080545,6,1
14:21:36.950 2083935,3,65
14:21:36.950 2083936,5,4
14:21:36.950 2083978,6,4
14:21:36.950 2096368,2,141
14:21:36.950 2096369,5,2
14:21:36.950 2096415,13,142
14:21:36.950 2096421,14,142
14:21:36.950 2096421,6,2
14:21:36.950 2108741,4,65
14:21:36.950 2108743,5,8
14:21:36.950 2108785,6,8
14:21:36.950 2112243,1,142
14:21:36.950 2112244,5,1
14:21:36.950 2112290,13,143
14:21:36.950 2112295,14,143
14:21:36.950 2112296,6,1
14:21:36.950 2128123,2,143
14:21:36.950 2128124,5,2
14:21:36.950 2128170,13,144
14:21:36.950 2128176,14,144
14:21:36.951 2128176,6,2
14:21:36.951 2133550,3,66
14:21:36.951 2133552,5,4
14:21:36.954 2133594,6,4
14:21:37.017 2143997,1,144
14:21:37.017 2143998,5,1
14:21:37.017 2144043,13,145
14:21:37.017 2144049,14,145
14:21:37.017 2144049,6,1
14:21:37.017 2158356,4,66
14:21:37.017 2158357,5,8
14:21:37.017 2158399,6,8
14:21:37.017 2159874,2,145
14:21:37.017 2159875,5,2
14:21:37.017 2159921,13,146
14:21:37.017 2159926,14,146
14:21:37.017 2159927,6,2
14:21:37.017 2175757,1,146
14:21:37.017 2175759,5,1
14:21:37.017 2175804,13,147
14:21:37.017 2175810,14,147
14:21:37.017 2175810,6,1
14:21:37.017 2183171,3,67
14:21:37.017 2183173,5,4
14:21:37.017 2183215,6,4
14:21:37.017 2191636,2,147
14:21:37.017 2191638,5,2
14:21:37.017 2191685,13,148
14:21:37.017 2191691,14,148
14:21:37.017 2191692,6,2
14:21:37.017 2207506,1,148
14:21:37.017 2207508,5,1
14:21:37.017 2207553,13,149
14:21:37.023 2207559,14,149
14:21:37.024 2207559,6,1
14:21:37.024 2207973,4,67
14:21:37.091 2207974,5,8
14:21:37.091 2208016,6,8
14:21:37.091 2223374,2,149
14:21:37.091 2223376,5,2
14:21:37.091 2223421,13,150
14:21:37.091 2223427,14,150
14:21:37.091 2223428,6,2
14:21:37.091 2232769,3,68
14:21:37.091 2232771,5,4
14:21:37.091 2232813,6,4
14:21:37.091 2239247,1,150
14:21:37.091 2239248,5,1
14:21:37.091 2239294,13,151
14:21:37.091 2239299,14,151
14:21:37.091 2239300,6,1
14:21:37.091 2255127,2,151
14:21:37.091 2255128,5,2
14:21:37.091 2255174,13,152
14:21:37.091 2255180,14,152
14:21:37.091 2255180,6,2
14:21:37.091 2257577,4,68
14:21:37.091 2257579,5,8
14:21:37.091 2257621,6,8
14:21:37.091 2271008,1,152
14:21:37.091 2271009,5,1
14:21:37.091 2271054,13,153
14:21:37.091 2271060,14,153
14:21:37.092 2271060,6,1
14:21:37.092 2282391,3,69
14:21:37.092 2282392,5,4
14:21:37.092 2282434,6,4
14:21:37.092 2286887,2,153
14:21:37.158 2286888,5,2
14:21:37.158 2286933,13,154
14:21:37.158 2286939,14,154
14:21:37.158 2286939,6,2
14:21:37.158 2302778,1,154
14:21:37.158 2302779,5,1
14:21:37.158 2302825,13,155
14:21:37.158 2302830,14,155
14:21:37.158 2302831,6,1
14:21:37.158 2307216,4,69
14:21:37.158 2307218,5,8
14:21:37.158 2307259,6,8
14:21:37.158 2318663,2,155
14:21:37.158 2318665,5,2
14:21:37.158 2318710,13,156
14:21:37.158 2318716,14,156
14:21:37.158 2318716,6,2
14:21:37.158 2332027,3,70
14:21:37.158 2332029,5,4
14:21:37.158 2332071,6,4
14:21:37.158 2334535,1,156
14:21:37.158 2334537,5,1
14:21:37.158 2334582,13,157
14:21:37.158 2334588,14,157
14:21:37.158 2334588,6,1
14:21:37.159 2350401,2,157
14:21:37.159 2350403,5,2
14:21:37.159 2350448,13,158
14:21:37.159 2350454,14,158
14:21:37.165 2350454,6,2
14:21:37.166 2356823,4,70
14:21:37.166 2356825,5,8
14:21:37.224 2356867,6,8
14:21:37.224 2366278,1,158
14:21:37.224 2366279,5,1
14:21:37.224 2366325,13,159
14:21:37.224 2366330,14,159
14:21:37.224 2366331,6,1
14:21:37.224 2381631,3,71
14:21:37.224 2381632,5,4
14:21:37.224 2381676,6,4
14:21:37.224 2382156,2,159
14:21:37.224 2382157,5,2
14:21:37.224 2382203,13,160
14:21:37.224 2382208,14,160
14:21:37.224 2382209,6,2
14:21:37.224 2398028,1,160
14:21:37.224 2398029,5,1
14:21:37.224 2398075,13,161
14:21:37.224 2398080,14,161
14:21:37.224 2398081,6,1
14:21:37.224 2406428,4,71
14:21:37.224 2406429,5,8
14:21:37.224 2406472,6,8
14:21:37.224 2413896,2,161
14:21:37.224 2413897,5,2
14:21:37.224 2413943,13,162
14:21:37.224 2413949,14,162
14:21:37.224 2413949,6,2
14:21:37.224 2429780,1,162
14:21:37.224 2429781,5,1
14:21:37.228 2429827,13,163
14:21:37.228 2429832,14,163
14:21:37.228 2429833,6,1
14:21:37.282 2431240,3,72
14:21:37.282 2431241,5,4
14:21:37.282 2431283,6,4
14:21:37.282 2445655,2,163
14:21:37.282 2445656,5,2
14:21:37.282 2445702,13,164
14:21:37.282 2445708,14,164
14:21:37.282 2445708,6,2
14:21:37.282 2456042,4,72
14:21:37.282 2456043,5,8
14:21:37.282 2456085,6,8
14:21:37.282 2461526,1,164
14:21:37.282 2461528,5,1
14:21:37.282 2461573,13,165
14:21:37.282 2461579,14,165
14:21:37.282 2461579,6,1
14:21:37.282 2480064,2,165
14:21:37.282 2480065,5,2
14:21:37.282 2480111,13,166
14:21:37.282 2480117,14,166
14:21:37.285 2480117,6,2
14:21:37.285 2480835,3,73
14:21:37.285 2480836,5,4
14:21:37.288 2480878,6,4
14:21:37.288 2493257,1,166
14:21:37.290 2493258,5,1
14:21:37.290 2493304,13,167
14:21:37.292 2493309,14,167
14:21:37.292 2493310,6,1
14:21:37.296 2505623,4,73
14:21:37.296 2505625,5,8
14:21:37.298 2505667,6,8
14:21:37.357 2509126,2,167
14:21:37.357 2509128,5,2
14:21:37.357 2509173,13,168
14:21:37.357 2509179,14,168
14:21:37.357 2509179,6,2
14:21:37.357 2525007,1,168
14:21:37.357 2525008,5,1
14:21:37.357 2525054,13,169
14:21:37.357 2525060,14,169
14:21:37.357 2525060,6,1
14:21:37.357 2530438,3,74
14:21:37.357 2530440,5,4
14:21:37.357 2530481,6,4
14:21:37.357 2540886,2,169
14:21:37.357 2540888,5,2
14:21:37.357 2540933,13,170
14:21:37.357 2540939,14,170
14:21:37.357 2540939,6,2
14:21:37.357 2555242,4,74
14:21:37.357 2555243,5,8
14:21:37.357 2555285,6,8
14:21:37.357 2556758,1,170
14:21:37.357 2556759,5,1
14:21:37.357 2556805,13,171
14:21:37.357 2556810,14,171
14:21:37.357 2556811,6,1
14:21:37.357 2572635,2,171
14:21:37.357 2572636,5,2
14:21:37.357 2572682,13,172
14:21:37.357 2572688,14,172
14:21:37.357 2572688,6,2
14:21:37.357 2580050,3,75
14:21:37.419 2580052,5,4
14:21:37.419 2580094,6,4
14:21:37.419 2588512,1,172
14:21:37.419 2588513,5,1
14:21:37.419 2588559,13,173
14:21:37.419 2588564,14,173
14:21:37.419 2588565,6,1
14:21:37.419 2604387,2,173
14:21:37.419 2604388,5,2
14:21:37.419 2604434,13,174
14:21:37.419 2604440,14,174
14:21:37.419 2604440,6,2
14:21:37.419 2604854,4,75
14:21:37.419 2604855,5,8
14:21:37.419 2604897,6,8
14:21:37.419 2620261,1,174
14:21:37.419 2620262,5,1
14:21:37.421 2620308,13,175
14:21:37.421 2620313,14,175
14:21:37.421 2620314,6,1
14:21:37.421 2629654,3,76
14:21:37.421 2629655,5,4
14:21:37.421 2629697,6,4
14:21:37.421 2636136,2,175
14:21:37.421 2636138,5,2
14:21:37.421 2636183,13,176
14:21:37.421 2636189,14,176
14:21:37.421 2636189,6,2
14:21:37.435 2652019,1,176
14:21:37.435 2652020,5,1
14:21:37.435 2652066,13,177
14:21:37.435 2652071,14,177
14:21:37.498 2652072,6,1
14:21:37.498 2654471,4,76
14:21:37.498 2654472,5,8
14:21:37.498 2654515,6,8
14:21:37.498 2667890,2,177
14:21:37.498 2667892,5,2
14:21:37.498 2667937,13,178
14:21:37.498 2667943,14,178
14:21:37.498 2667943,6,2
14:21:37.498 2679266,3,77
14:21:37.498 2679267,5,4
14:21:37.498 2679310,6,4
14:21:37.498 2683757,1,178
14:21:37.498 2683758,5,1
14:21:37.498 2683804,13,179
14:21:37.498 2683810,14,179
14:21:37.498 2683810,6,1
14:21:37.498 2699624,2,179
14:21:37.498 2699626,5,2
14:21:37.498 2699671,13,180
14:21:37.498 2699677,14,180
14:21:37.498 2699678,6,2
14:21:37.498 2704061,4,77
14:21:37.499 2704062,5,8
14:21:37.499 2704105,6,8
14:21:37.499 2715505,1,180
14:21:37.499 2715506,5,1
14:21:37.499 2715552,13,181
14:21:37.499 2715559,15,2
14:21:37.499 2715559,14,181
14:21:37.499 2715559,6,1
14:21:37.499 2715892,16,2
14:21:37.561 2728881,3,78
14:21:37.561 2728883,5,4
14:21:37.561 2728926,6,4
14:21:37.561 2731391,2,181
14:21:37.561 2731393,5,2
14:21:37.561 2731439,13,182
14:21:37.561 2731445,14,182
14:21:37.561 2731445,6,2
14:21:37.561 2747275,1,182
14:21:37.561 2747277,5,1
14:21:37.561 2747323,13,183
14:21:37.561 2747328,14,183
14:21:37.561 2747329,6,1
14:21:37.561 2753701,4,78
14:21:37.561 2753703,5,8
14:21:37.561 2753745,6,8
14:21:37.561 2763164,2,183
14:21:37.561 2763165,5,2
14:21:37.563 2763211,13,184
14:21:37.563 2763217,14,184
14:21:37.563 2763217,6,2
14:21:37.563 2778529,3,79
14:21:37.568 2778530,5,4
14:21:37.568 2778573,6,4
14:21:37.568 2779055,1,184
14:21:37.568 2779056,5,1
14:21:37.568 2779102,13,185
14:21:37.575 2779108,14,185
14:21:37.576 2779108,6,1
14:21:37.576 2786723,9,15
14:21:37.576 2794944,2,185
14:21:37.580 2794947,5,2
14:21:37.640 2794993,13,186
14:21:37.640 2794999,14,186
14:21:37.640 2794999,6,2
14:21:37.640 2803355,4,79
14:21:37.640 2803358,5,8
14:21:37.640 2803400,6,8
14:21:37.640 2810830,1,186
14:21:37.640 2810832,5,1
14:21:37.640 2810878,13,187
14:21:37.640 2810884,14,187
14:21:37.640 2810884,6,1
14:21:37.640 2826705,2,187
14:21:37.640 2826707,5,2
14:21:37.640 2826753,13,188
14:21:37.640 2826759,14,188
14:21:37.640 2826759,6,2
14:21:37.640 2827751,10,15
14:21:37.640 2835995,3,80
14:21:37.640 2835998,5,4
14:21:37.640 2836041,6,4
14:21:37.640 2842598,1,188
14:21:37.640 2842599,5,1
14:21:37.640 2842646,13,189
14:21:37.640 2842652,14,189
14:21:37.640 2842652,6,1
14:21:37.640 2852998,4,80
14:21:37.640 2853000,5,8
14:21:37.656 2853042,6,8
14:21:37.656 2858488,2,189
14:21:37.656 2858489,5,2
14:21:37.656 2858535,13,190
14:21:37.660 2858541,14,190
14:21:37.722 2858541,6,2
14:21:37.722 2874360,1,190
14:21:37.722 2874361,5,1
14:21:37.722 2874407,13,191
14:21:37.844 2874412,14,191
14:21:37.844 2874413,6,1
14:21:37.844 2877802,3,81
14:21:37.844 2877803,5,4
14:21:37.844 2877846,6,4
14:21:37.844 2890234,2,191
14:21:37.844 2890235,5,2
14:21:37.844 2890281,13,192
14:21:37.844 2890287,14,192
14:21:37.844 2890287,6,2
14:21:37.844 2902612,4,81
14:21:37.844 2902613,5,8
14:21:37.844 2902655,6,8
14:21:37.844 2906114,1,192
14:21:37.844 2906115,5,1
14:21:37.844 2906161,13,193
14:21:37.844 2906167,14,193
14:21:37.844 2906167,6,1
14:21:37.844 2921991,2,193
14:21:37.844 2921992,5,2
14:21:37.844 2922038,13,194
14:21:37.844 2922044,14,194
14:21:37.844 2922044,6,2
14:21:37.844 2927420,3,82
14:21:37.849 2927422,5,4
14:21:37.849 2927464,6,4
14:21:37.849 2937878,1,194
14:21:37.851 2937880,5,1
14:21:37.908 2937925,13,195
14:21:37.908 2937931,14,195
14:21:37.908 2937931,6,1
14:21:37.908 2952230,4,82
14:21:37.908 2952231,5,8
14:21:37.908 2952273,6,8
14:21:37.908 2953749,2,195
14:21:37.908 2953751,5,2
14:21:37.908 2953797,13,196
14:21:37.908 2953802,14,196
14:21:37.908 2953802,6,2
14:21:37.908 2969637,1,196
14:21:37.908 2969639,5,1
14:21:37.908 2969684,13,197
14:21:37.908 2969690,14,197
14:21:37.908 2969690,6,1
14:21:37.908 2977055,3,83
14:21:37.908 2977056,5,4
14:21:37.908 2977098,6,4
14:21:37.908 2989714,2,197
14:21:37.908 2989716,5,2
14:21:37.908 2989762,13,198
14:21:37.908 2989768,14,198
14:21:37.912 2989768,6,2
14:21:37.912 3001405,1,198
14:21:37.912 3001406,5,1
14:21:37.912 3001452,13,199
14:21:37.917 3001458,14,199
14:21:37.917 3001458,6,1
14:21:37.917 3001872,4,83
14:21:37.917 3001873,5,8
14:21:37.917 3001915,6,8
14:21:37.987 3017291,2,199
14:21:37.987 3017292,5,2
14:21:37.987 3017338,13,200
14:21:37.987 3017344,14,200
14:21:37.987 3017344,6,2
14:21:37.987 3026694,3,84
14:21:37.987 3026695,5,4
14:21:37.987 3026737,6,4
14:21:37.987 3033175,1,200
14:21:37.987 3033177,5,1
14:21:37.987 3033222,13,201
14:21:37.987 3033228,14,201
14:21:37.987 3033228,6,1
14:21:37.987 3049062,2,201
14:21:37.987 3049063,5,2
14:21:37.987 3049109,13,202
14:21:37.987 3049115,14,202
14:21:37.987 3049115,6,2
14:21:37.987 3051515,4,84
14:21:37.987 3051516,5,8
14:21:37.987 3051558,6,8
14:21:37.987 3064946,1,202
14:21:37.987 3064947,5,1
14:21:37.987 3064993,13,203
14:21:37.987 3064998,14,203
14:21:37.987 3064999,6,1
14:21:37.987 3076339,3,85
14:21:37.987 3076341,5,4
14:21:37.987 3076382,6,4
14:21:37.991 3080837,2,203
14:21:37.991 3080838,5,2
14:21:37.991 3080884,13,204
14:21:38.051 3080889,14,204
14:21:38.051 3080890,6,2
14:21:38.051 3096731,1,204
14:21:38.051 3096733,5,1
14:21:38.051 3096778,13,205
14:21:38.051 3096784,14,205
14:21:38.051 3096784,6,1
14:21:38.051 3101171,4,85
14:21:38.051 3101172,5,8
14:21:38.051 3101214,6,8
14:21:38.051 3112623,2,205
14:21:38.051 3112624,5,2
14:21:38.051 3112670,13,206
14:21:38.051 3112676,14,206
14:21:38.051 3112676,6,2
14:21:38.051 3125997,3,86
14:21:38.051 3125998,5,4
14:21:38.051 3126040,6,4
14:21:38.051 3128509,1,206
14:21:38.051 3128510,5,1
14:21:38.051 3128556,13,207
14:21:38.051 3128561,14,207
14:21:38.051 3128561,6,1
14:21:38.051 3144394,2,207
14:21:38.051 3144395,5,2
14:21:38.051 3144441,13,208
14:21:38.051 3144446,14,208
14:21:38.051 3144447,6,2
14:21:38.051 3150817,4,86
14:21:38.051 3150819,5,8
14:21:38.062 3150861,6,8
14:21:38.063 3160281,1,208
14:21:38.130 3160283,5,1
14:21:38.130 3160328,13,209
14:21:38.130 3160334,14,209
14:21:38.130 3160334,6,1
14:21:38.130 3175646,3,87
14:21:38.130 3175648,5,4
14:21:38.130 3175690,6,4
14:21:38.130 3176172,2,209
14:21:38.130 3176174,5,2
14:21:38.130 3176219,13,210
14:21:38.130 3176225,14,210
14:21:38.130 3176225,6,2
14:21:38.130 3192062,1,210
14:21:38.130 3192063,5,1
14:21:38.130 3192109,13,211
14:21:38.130 3192114,14,211
14:21:38.130 3192115,6,1
14:21:38.130 3200473,4,87
14:21:38.130 3200474,5,8
14:21:38.130 3200516,6,8
14:21:38.130 3207951,2,211
14:21:38.130 3207952,5,2
14:21:38.130 3207998,13,212
14:21:38.130 3208004,14,212
14:21:38.130 3208004,6,2
14:21:38.130 3223841,1,212
14:21:38.130 3223842,5,1
14:21:38.130 3223888,13,213
14:21:38.130 3223893,14,213
14:21:38.130 3223894,6,1
14:21:38.130 3225300,3,88
14:21:38.130 3225301,5,4
14:21:38.193 3225343,6,4
14:21:38.193 3239728,2,213
14:21:38.193 3239729,5,2
14:21:38.193 3239775,13,214
14:21:38.193 3239781,14,214
14:21:38.193 3239781,6,2
14:21:38.193 3250124,4,88
14:21:38.193 3250125,5,8
14:21:38.193 3250167,6,8
14:21:38.193 3255620,1,214
14:21:38.193 3255622,5,1
14:21:38.193 3255667,13,215
14:21:38.193 3255673,14,215
14:21:38.193 3255673,6,1
14:21:38.193 3271514,2,215
14:21:38.193 3271515,5,2
14:21:38.193 3271561,13,216
14:21:38.193 3271566,14,216
14:21:38.193 3271567,6,2
14:21:38.193 3274960,3,89
14:21:38.193 3274962,5,4
14:21:38.193 3275004,6,4
14:21:38.193 3287402,1,216
14:21:38.193 3287403,5,1
14:21:38.193 3287448,13,217
14:21:38.193 3287454,14,217
14:21:38.193 3287454,6,1
14:21:38.193 3299790,4,89
14:21:38.193 3299791,5,8
14:21:38.193 3299833,6,8
14:21:38.193 3303295,2,217
14:21:38.193 3303297,5,2
14:21:38.257 3303342,13,218
14:21:38.257 3303348,14,218
14:21:38.257 3303348,6,2
14:21:38.257 3319183,1,218
14:21:38.257 3319184,5,1
14:21:38.257 3319229,13,219
14:21:38.257 3319235,14,219
14:21:38.257 3319235,6,1
14:21:38.257 3324614,3,90
14:21:38.257 3324616,5,4
14:21:38.257 3324658,6,4
14:21:38.257 3335065,2,219
14:21:38.257 3335066,5,2
14:21:38.257 3335112,13,220
14:21:38.257 3335117,14,220
14:21:38.257 3335118,6,2
14:21:38.257 3349435,4,90
14:21:38.257 3349436,5,8
14:21:38.257 3349479,6,8
14:21:38.257 3350954,1,220
14:21:38.257 3350955,5,1
14:21:38.257 3351001,13,221
14:21:38.257 3351006,14,221
14:21:38.257 3351007,6,1
14:21:38.257 3366845,2,221
14:21:38.257 3366846,5,2
14:21:38.262 3366892,13,222
14:21:38.262 3366898,14,222
14:21:38.262 3366898,6,2
14:21:38.262 3374267,3,91
14:21:38.264 3374268,5,4
14:21:38.264 3374310,6,4
14:21:38.337 3382741,1,222
14:21:38.337 3382743,5,1
14:21:38.337 3382788,13,223
14:21:38.337 3382794,14,223
14:21:38.337 3382794,6,1
14:21:38.337 3398644,2,223
14:21:38.337 3398645,5,2
14:21:38.337 3398691,13,224
14:21:38.337 3398697,14,224
14:21:38.337 3398697,6,2
14:21:38.337 3399112,4,91
14:21:38.337 3399113,5,8
14:21:38.337 3399156,6,8
14:21:38.337 3414543,1,224
14:21:38.337 3414545,5,1
14:21:38.337 3414590,13,225
14:21:38.337 3414596,14,225
14:21:38.337 3414596,6,1
14:21:38.337 3423953,3,92
14:21:38.337 3423954,5,4
14:21:38.337 3423997,6,4
14:21:38.337 3430440,2,225
14:21:38.337 3430442,5,2
14:21:38.337 3430487,13,226
14:21:38.337 3430493,14,226
14:21:38.337 3430493,6,2
14:21:38.337 3446332,1,226
14:21:38.337 3446333,5,1
14:21:38.337 3446378,13,227
14:21:38.337 3446384,14,227
14:21:38.337 3446384,6,1
14:21:38.337 3448785,4,92
14:21:38.416 3448786,5,8
14:21:38.416 3448828,6,8
14:21:38.416 3462223,2,227
14:21:38.416 3462224,5,2
14:21:38.416 3462270,13,228
14:21:38.416 3462276,14,228
14:21:38.416 3462277,6,2
14:21:38.416 3473624,3,93
14:21:38.416 3473625,5,4
14:21:38.416 3473667,6,4
14:21:38.416 3478123,1,228
14:21:38.416 3478124,5,1
14:21:38.416 3478169,13,229
14:21:38.416 3478175,14,229
14:21:38.416 3478175,6,1
14:21:38.416 3499802,2,229
14:21:38.416 3499804,4,93
14:21:38.416 3499804,5,2
14:21:38.416 3499850,13,230
14:21:38.416 3499856,14,230
14:21:38.416 3499856,6,2
14:21:38.416 3499857,5,8
14:21:38.416 3499899,6,8
14:21:38.416 3509909,1,230
14:21:38.416 3509910,5,1
14:21:38.416 3509956,13,231
14:21:38.416 3509961,14,231
14:21:38.416 3509962,6,1
14:21:38.416 3523282,3,94
14:21:38.416 3523284,5,4
14:21:38.416 3523326,6,4
14:21:38.416 3525794,2,231
14:21:38.480 3525795,5,2
14:21:38.480 3525841,13,232
14:21:38.480 3525847,14,232
14:21:38.480 3525847,6,2
14:21:38.480 3541676,1,232
14:21:38.480 3541678,5,1
14:21:38.480 3541723,13,233
14:21:38.480 3541729,14,233
14:21:38.480 3541729,6,1
14:21:38.480 3548103,4,94
14:21:38.480 3548105,5,8
14:21:38.480 3548147,6,8
14:21:38.480 3557569,2,233
14:21:38.480 3557570,5,2
14:21:38.480 3557616,13,234
14:21:38.480 3557622,14,234
14:21:38.480 3557622,6,2
14:21:38.480 3572930,3,95
14:21:38.480 3572931,5,4
14:21:38.480 3572973,6,4
14:21:38.480 3573456,1,234
14:21:38.480 3573457,5,1
14:21:38.480 3573503,13,235
14:21:38.480 3573508,14,235
14:21:38.480 3573509,6,1
14:21:38.480 3589352,2,235
14:21:38.480 3589353,5,2
14:21:38.480 3589399,13,236
14:21:38.480 3589405,14,236
14:21:38.480 3589405,6,2
14:21:38.480 3597768,4,95
14:21:38.480 3597769,5,8
14:21:38.543 3597811,6,8
14:21:38.543 3605245,1,236
14:21:38.543 3605246,5,1
14:21:38.543 3605292,13,237
14:21:38.543 3605297,14,237
14:21:38.543 3605298,6,1
14:21:38.543 3621135,2,237
14:21:38.543 3621136,5,2
14:21:38.543 3621182,13,238
14:21:38.543 3621187,14,238
14:21:38.543 3621188,6,2
14:21:38.543 3622596,3,96
14:21:38.543 3622597,5,4
14:21:38.543 3622639,6,4
14:21:38.543 3637034,1,238
14:21:38.543 3637035,5,1
14:21:38.543 3637081,13,239
14:21:38.543 3637087,14,239
14:21:38.543 3637087,6,1
14:21:38.543 3647435,4,96
14:21:38.543 3647436,5,8
14:21:38.543 3647478,6,8
14:21:38.543 3652928,2,239
14:21:38.543 3652929,5,2
14:21:38.543 3652975,13,240
14:21:38.550 3652981,14,240
14:21:38.550 3652981,6,2
14:21:38.550 3668819,1,240
14:21:38.550 3668820,5,1
14:21:38.550 3668866,13,241
14:21:38.550 3668873,15,3
14:21:38.550 3668873,14,241
14:21:38.622 3668874,6,1
14:21:38.622 3669211,16,3
14:21:38.622 3672268,3,97
14:21:38.622 3672270,5,4
14:21:38.622 3672313,6,4
14:21:38.622 3684709,2,241
14:21:38.622 3684711,5,2
14:21:38.622 3684757,13,242
14:21:38.622 3684763,14,242
14:21:38.622 3684763,6,2
14:21:38.622 3697090,4,97
14:21:38.622 3697092,5,8
14:21:38.622 3697135,6,8
14:21:38.622 3700596,1,242
14:21:38.622 3700598,5,1
14:21:38.622 3700644,13,243
14:21:38.622 3700650,14,243
14:21:38.622 3700650,6,1
14:21:38.622 3716490,2,243
14:21:38.622 3716492,5,2
14:21:38.622 3716538,13,244
14:21:38.622 3716544,14,244
14:21:38.622 3716544,6,2
14:21:38.622 3721930,3,98
14:21:38.622 3721931,5,4
14:21:38.622 3721974,6,4
14:21:38.622 3732396,1,244
14:21:38.622 3732398,5,1
14:21:38.622 3732443,13,245
14:21:38.622 3732449,14,245
14:21:38.622 3732449,6,1
14:21:38.622 3740037,9,16
14:21:38.817 3746779,4,98
14:21:38.817 3746782,5,8
14:21:38.817 3746824,6,8
14:21:38.817 3748299,2,245
14:21:38.817 3748301,5,2
14:21:38.817 3748347,13,246
14:21:38.817 3748353,14,246
14:21:38.817 3748353,6,2
14:21:38.817 3764199,1,246
14:21:38.817 3764201,5,1
14:21:38.817 3764247,13,247
14:21:38.817 3764253,14,247
14:21:38.817 3764253,6,1
14:21:38.817 3771613,3,99
14:21:38.817 3771615,5,4
14:21:38.817 3771658,6,4
14:21:38.817 3780079,2,247
14:21:38.817 3780081,5,2
14:21:38.817 3780127,13,248
14:21:38.817 3780133,14,248
14:21:38.817 3780133,6,2
14:21:38.817 3781111,10,16
14:21:38.817 3795975,1,248
14:21:38.817 3795977,5,1
14:21:38.817 3796023,13,249
14:21:38.817 3796029,14,249
14:21:38.817 3796030,6,1
14:21:38.817 3796442,4,99
14:21:38.817 3796443,5,8
14:21:38.817 3796486,6,8
14:21:38.817 3811863,2,249
14:21:38.817 3811865,5,2
14:21:38.880 3811910,13,250
14:21:38.880 3811916,14,250
14:21:38.880 3811916,6,2
14:21:38.880 3821272,3,100
14:21:38.880 3821274,5,4
14:21:38.880 3821316,6,4
14:21:38.880 3827758,1,250
14:21:38.880 3827759,5,1
14:21:38.880 3827804,13,251
14:21:38.880 3827810,14,251
14:21:38.880 3827810,6,1
14:21:38.880 3843638,2,251
14:21:38.880 3843639,5,2
14:21:38.880 3843685,13,252
14:21:38.880 3843691,14,252
14:21:38.880 3843691,6,2
14:21:38.880 3846093,4,100
14:21:38.880 3846094,5,8
14:21:38.880 3846136,6,8
14:21:38.880 3859530,1,252
14:21:38.880 3859532,5,1
14:21:38.880 3859577,13,253
14:21:38.880 3859583,14,253
14:21:38.880 3859583,6,1
14:21:38.880 3870918,3,101
14:21:38.880 3870920,5,4
14:21:38.880 3870962,6,4
14:21:38.880 3875417,2,253
14:21:38.880 3875418,5,2
14:21:38.880 3875464,13,254
14:21:38.889 3875470,14,254
14:21:38.889 3875470,6,2
14:21:38.959 3891297,1,254
14:21:38.959 3891298,5,1
14:21:38.959 3891344,13,255
14:21:38.959 3891349,14,255
14:21:38.959 3891350,6,1
14:21:38.959 3895737,4,101
14:21:38.959 3895738,5,8
14:21:38.959 3895781,6,8
14:21:38.959 3907186,2,255
14:21:38.959 3907188,5,2
14:21:38.959 3907233,13,0
14:21:38.959 3907239,14,0
14:21:38.959 3907239,6,2
14:21:38.959 3920563,3,102
14:21:38.959 3920564,5,4
14:21:38.959 3920606,6,4
14:21:38.959 3923074,1,0
14:21:38.959 3923075,5,1
14:21:38.959 3923121,13,1
14:21:38.959 3923126,14,1
14:21:38.959 3923127,6,1
14:21:38.959 3938957,2,1
14:21:38.959 3938959,5,2
14:21:38.959 3939005,13,2
14:21:38.959 3939011,14,2
14:21:38.959 3939011,6,2
14:21:38.959 3945382,4,102
14:21:38.959 3945384,5,8
14:21:38.959 3945426,6,8
14:21:38.959 3954841,1,2
14:21:38.959 3954842,5,1
14:21:38.959 3954888,13,3
14:21:39.023 3954893,14,3
14:21:39.023 3954893,6,1
14:21:39.023 3970194,3,103
14:21:39.023 3970196,5,4
14:21:39.023 3970238,6,4
14:21:39.023 3970720,2,3
14:21:39.023 3970721,5,2
14:21:39.023 3970767,13,4
14:21:39.023 3970773,14,4
14:21:39.023 3970773,6,2
14:21:39.023 3986607,1,4
14:21:39.023 3986608,5,1
14:21:39.023 3986654,13,5
14:21:39.023 3986659,14,5
14:21:39.023 3986659,6,1
14:21:39.023 3995021,4,103
14:21:39.023 3995022,5,8
14:21:39.023 3995064,6,8
14:21:39.023 4009715,2,5
14:21:39.023 4009716,5,2
14:21:39.023 4009762,13,6
14:21:39.023 4009768,14,6
14:21:39.023 4009768,6,2
14:21:39.023 4018379,1,6
14:21:39.023 4018381,5,1
14:21:39.023 4018426,13,7
14:21:39.023 4018432,14,7
14:21:39.023 4018432,6,1
14:21:39.023 4019838,3,104
14:21:39.023 4019839,5,4
14:21:39.023 4019882,6,4
14:21:39.023 4034260,2,7
14:21:39.087 4034261,5,2
14:21:39.087 4034307,13,8
14:21:39.087 4034313,14,8
14:21:39.087 4034313,6,2
14:21:39.087 4044650,4,104
14:21:39.087 4044651,5,8
14:21:39.087 4044693,6,8
14:21:39.087 4050137,1,8
14:21:39.087 4050138,5,1
14:21:39.087 4050183,13,9
14:21:39.087 4050189,14,9
14:21:39.087 4050189,6,1
14:21:39.087 4066010,2,9
14:21:39.087 4066011,5,2
14:21:39.087 4066057,13,10
14:21:39.087 4066062,14,10
14:21:39.087 4066063,6,2
14:21:39.087 4069451,3,105
14:21:39.087 4069452,5,4
14:21:39.087 4069494,6,4
14:21:39.087 4081881,1,10
14:21:39.087 4081882,5,1
14:21:39.087 4081928,13,11
14:21:39.087 4081933,14,11
14:21:39.087 4081934,6,1
14:21:39.087 4094253,4,105
14:21:39.087 4094254,5,8
14:21:39.087 4094296,6,8
14:21:39.087 4097755,2,11
14:21:39.087 4097756,5,2
14:21:39.087 4097802,13,12
14:21:39.087 4097807,14,12
14:21:39.149 4097808,6,2
14:21:39.149 4113637,1,12
14:21:39.149 4113638,5,1
14:21:39.149 4113684,13,13
14:21:39.149 4113689,14,13
14:21:39.149 4113690,6,1
14:21:39.149 4119066,3,106
14:21:39.149 4119067,5,4
14:21:39.149 4119109,6,4
14:21:39.149 4129516,2,13
14:21:39.149 4129518,5,2
14:21:39.149 4129563,13,14
14:21:39.149 4129569,14,14
14:21:39.149 4129569,6,2
14:21:39.149 4143881,4,106
14:21:39.149 4143882,5,8
14:21:39.149 4143924,6,8
14:21:39.149 4145399,1,14
14:21:39.149 4145401,5,1
14:21:39.149 4145446,13,15
14:21:39.149 4145452,14,15
14:21:39.149 4145452,6,1
14:21:39.149 4161281,2,15
14:21:39.149 4161283,5,2
14:21:39.149 4161328,13,16
14:21:39.149 4161334,14,16
14:21:39.149 4161334,6,2
14:21:39.149 4168696,3,107
14:21:39.149 4168697,5,4
14:21:39.149 4168739,6,4
14:21:39.149 4177162,1,16
14:21:39.149 4177164,5,1
14:21:39.149 4177209,13,17
14:21:39.149 4177215,14,17
14:21:39.149 4177215,6,1
14:21:39.149 4193044,2,17
14:21:39.149 4193045,5,2
14:21:39.158 4193091,13,18
14:21:39.158 4193097,14,18
14:21:39.158 4193097,6,2
14:21:39.158 4193512,4,107
14:21:39.158 4193513,5,8
14:21:39.166 4193555,6,8
14:21:39.166 4208930,1,18
14:21:39.166 4208931,5,1
14:21:39.166 4208976,13,19
14:21:39.166 4208982,14,19
14:21:39.171 4208982,6,1
14:21:39.229 4218326,3,108
14:21:39.229 4218327,5,4
14:21:39.229 4218369,6,4
14:21:39.229 4224809,2,19
14:21:39.229 4224810,5,2
14:21:39.229 4224856,13,20
14:21:39.229 4224862,14,20
14:21:39.229 4224862,6,2
14:21:39.229 4240701,1,20
14:21:39.229 4240703,5,1
14:21:39.229 4240748,13,21
14:21:39.229 4240754,14,21
14:21:39.229 4240754,6,1
14:21:39.229 4243155,4,108
14:21:39.229 4243156,5,8
14:21:39.229 4243198,6,8
14:21:39.229 4256591,2,21
14:21:39.229 4256592,5,2
14:21:39.229 4256638,13,22
14:21:39.229 4256644,14,22
14:21:39.229 4256644,6,2
14:21:39.229 4267982,3,109
14:21:39.229 4267983,5,4
14:21:39.229 4268025,6,4
14:21:39.229 4272482,1,22
14:21:39.229 4272484,5,1
14:21:39.229 4272529,13,23
14:21:39.229 4272535,14,23
14:21:39.229 4272535,6,1
14:21:39.229 4288366,2,23
14:21:39.229 4288367,5,2
14:21:39.229 4288413,13,24
14:21:39.293 4288419,14,24
14:21:39.293 4288419,6,2
14:21:39.293 4292803,4,109
14:21:39.293 4292805,5,8
14:21:39.293 4292847,6,8
14:21:39.293 4304251,1,24
14:21:39.293 4304253,5,1
14:21:39.293 4304298,13,25
14:21:39.293 4304304,14,25
14:21:39.293 4304304,6,1
14:21:39.293 4317627,3,110
14:21:39.293 4317628,5,4
14:21:39.293 4317670,6,4
14:21:39.293 4320137,2,25
14:21:39.293 4320138,5,2
14:21:39.293 4320184,13,26
14:21:39.293 4320190,14,26
14:21:39.293 4320190,6,2
14:21:39.293 4336026,1,26
14:21:39.293 4336027,5,1
14:21:39.293 4336072,13,27
14:21:39.293 4336078,14,27
14:21:39.293 4336078,6,1
14:21:39.293 4342451,4,110
14:21:39.293 4342452,5,8
14:21:39.293 4342494,6,8
14:21:39.293 4351920,2,27
14:21:39.293 4351921,5,2
14:21:39.293 4351967,13,28
14:21:39.293 4351973,14,28
14:21:39.293 4351973,6,2
14:21:39.293 4367288,3,111
14:21:39.357 4367289,5,4
14:21:39.357 4367331,6,4
14:21:39.357 4367813,1,28
14:21:39.357 4367814,5,1
14:21:39.357 4367860,13,29
14:21:39.357 4367865,14,29
14:21:39.357 4367866,6,1
14:21:39.357 4383694,2,29
14:21:39.357 4383696,5,2
14:21:39.357 4383741,13,30
14:21:39.357 4383747,14,30
14:21:39.357 4383747,6,2
14:21:39.357 4392105,4,111
14:21:39.357 4392106,5,8
14:21:39.357 4392148,6,8
14:21:39.357 4399579,1,30
14:21:39.357 4399580,5,1
14:21:39.357 4399625,13,31
14:21:39.357 4399631,14,31
14:21:39.357 4399631,6,1
14:21:39.357 4415460,2,31
14:21:39.357 4415461,5,2
14:21:39.357 4415507,13,32
14:21:39.357 4415513,14,32
14:21:39.357 4415513,6,2
14:21:39.357 4416919,3,112
14:21:39.357 4416920,5,4
14:21:39.357 4416963,6,4
14:21:39.357 4431343,1,32
14:21:39.357 4431344,5,1
14:21:39.357 4431390,13,33
14:21:39.357 4431396,14,33
14:21:39.420 4431396,6,1
14:21:39.420 4441740,4,112
14:21:39.420 4441742,5,8
14:21:39.420 4441784,6,8
14:21:39.420 4447227,2,33
14:21:39.420 4447228,5,2
14:21:39.420 4447274,13,34
14:21:39.420 4447280,14,34
14:21:39.420 4447280,6,2
14:21:39.420 4463113,1,34
14:21:39.420 4463114,5,1
14:21:39.420 4463159,13,35
14:21:39.420 4463165,14,35
14:21:39.420 4463165,6,1
14:21:39.420 4466562,3,113
14:21:39.420 4466563,5,4
14:21:39.420 4466605,6,4
14:21:39.420 4479003,2,35
14:21:39.420 4479005,5,2
14:21:39.420 4479050,13,36
14:21:39.420 4479056,14,36
14:21:39.420 4479057,6,2
14:21:39.420 4491377,4,113
14:21:39.420 4491378,5,8
14:21:39.420 4491420,6,8
14:21:39.420 4494880,1,36
14:21:39.420 4494881,5,1
14:21:39.420 4494927,13,37
14:21:39.420 4494932,14,37
14:21:39.420 4494933,6,1
14:21:39.420 4510758,2,37
14:21:39.420 4510759,5,2
14:21:39.484 4510805,13,38
14:21:39.484 4510811,14,38
14:21:39.484 4510811,6,2
14:21:39.484 4519889,3,114
14:21:39.484 4519891,5,4
14:21:39.484 4519933,6,4
14:21:39.484 4526634,1,38
14:21:39.484 4526636,5,1
14:21:39.484 4526682,13,39
14:21:39.484 4526687,14,39
14:21:39.484 4526688,6,1
14:21:39.484 4541002,4,114
14:21:39.484 4541004,5,8
14:21:39.484 4541046,6,8
14:21:39.484 4542522,2,39
14:21:39.484 4542524,5,2
14:21:39.484 4542569,13,40
14:21:39.484 4542575,14,40
14:21:39.484 4542575,6,2
14:21:39.484 4558401,1,40
14:21:39.484 4558403,5,1
14:21:39.484 4558448,13,41
14:21:39.484 4558454,14,41
14:21:39.484 4558454,6,1
14:21:39.484 4565814,3,115
14:21:39.484 4565815,5,4
14:21:39.484 4565857,6,4
14:21:39.484 4574280,2,41
14:21:39.484 4574281,5,2
14:21:39.484 4574327,13,42
14:21:39.484 4574332,14,42
14:21:39.484 4574333,6,2
14:21:39.548 4590173,1,42
14:21:39.548 4590174,5,1
14:21:39.548 4590220,13,43
14:21:39.548 4590225,14,43
14:21:39.548 4590226,6,1
14:21:39.548 4590641,4,115
14:21:39.548 4590642,5,8
14:21:39.548 4590684,6,8
14:21:39.548 4606061,2,43
14:21:39.548 4606062,5,2
14:21:39.548 4606108,13,44
14:21:39.548 4606114,14,44
14:21:39.548 4606114,6,2
14:21:39.548 4615459,3,116
14:21:39.548 4615460,5,4
14:21:39.548 4615502,6,4
14:21:39.548 4621942,1,44
14:21:39.548 4621944,5,1
14:21:39.548 4621989,13,45
14:21:39.548 4621996,15,4
14:21:39.548 4621996,14,45
14:21:39.548 4621996,6,1
14:21:39.548 4622332,16,4
14:21:39.548 4637827,2,45
14:21:39.548 4637829,5,2
14:21:39.548 4637875,13,46
14:21:39.548 4637881,14,46
14:21:39.548 4637881,6,2
14:21:39.548 4640280,4,116
14:21:39.548 4640281,5,8
14:21:39.548 4640324,6,8
14:21:39.548 4653716,1,46
14:21:39.611 4653718,5,1
14:21:39.611 4653764,13,47
14:21:39.611 4653770,14,47
14:21:39.611 4653770,6,1
14:21:39.611 4665105,3,117
14:21:39.611 4665107,5,4
14:21:39.611 4665149,6,4
14:21:39.611 4669600,2,47
14:21:39.611 4669602,5,2
14:21:39.611 4669648,13,48
14:21:39.611 4669654,14,48
14:21:39.611 4669654,6,2
14:21:39.611 4685476,1,48
14:21:39.611 4685478,5,1
14:21:39.611 4685523,13,49
14:21:39.611 4685529,14,49
14:21:39.611 4685529,6,1
14:21:39.611 4689911,4,117
14:21:39.611 4689912,5,8
14:21:39.611 4689955,6,8
14:21:39.611 4693163,9,17
14:21:39.611 4701353,2,49
14:21:39.611 4701356,5,2
14:21:39.611 4701402,13,50
14:21:39.611 4701408,14,50
14:21:39.611 4701408,6,2
14:21:39.611 4714722,3,118
14:21:39.611 4714724,5,4
14:21:39.611 4714767,6,4
14:21:39.611 4717233,1,50
14:21:39.611 4717234,5,1
14:21:39.611 4717280,13,51
14:21:39.738 4717286,14,51
14:21:39.738 4717287,6,1
14:21:39.738 4733117,2,51
14:21:39.738 4733119,5,2
14:21:39.738 4733165,13,52
14:21:39.738 4733171,14,52
14:21:39.738 4733172,6,2
14:21:39.738 4734187,10,17
14:21:39.738 4742430,4,118
14:21:39.738 4742432,5,8
14:21:39.738 4742475,6,8
14:21:39.738 4748999,1,52
14:21:39.738 4749001,5,1
14:21:39.738 4749047,13,53
14:21:39.738 4749053,14,53
14:21:39.738 4749054,6,1
14:21:39.801 4764360,3,119
14:21:39.801 4764361,5,4
14:21:39.801 4764404,6,4
14:21:39.801 4764886,2,53
14:21:39.801 4764887,5,2
14:21:39.801 4764933,13,54
14:21:39.801 4764939,14,54
14:21:39.801 4764939,6,2
14:21:39.801 4780774,1,54
14:21:39.801 4780775,5,1
14:21:39.801 4780821,13,55
14:21:39.801 4780826,14,55
14:21:39.801 4780827,6,1
14:21:39.801 4789186,4,119
14:21:39.801 4789187,5,8
14:21:39.801 4789229,6,8
14:21:39.801 4796667,2,55
14:21:39.801 4796669,5,2
14:21:39.801 4796714,13,56
14:21:39.801 4796720,14,56
14:21:39.801 4796720,6,2
14:21:39.801 4812554,1,56
14:21:39.801 4812556,5,1
14:21:39.801 4812602,13,57
14:21:39.801 4812608,14,57
14:21:39.801 4812608,6,1
14:21:39.801 4814015,3,120
14:21:39.801 4814016,5,4
14:21:39.804 4814058,6,4
14:21:39.804 4828441,2,57
14:21:39.804 4828442,5,2
14:21:39.806 4828488,13,58
14:21:39.864 4828494,14,58
14:21:39.864 4828494,6,2
14:21:39.864 4838836,4,120
14:21:39.864 4838837,5,8
14:21:39.864 4838880,6,8
14:21:39.864 4844324,1,58
14:21:39.864 4844325,5,1
14:21:39.864 4844370,13,59
14:21:39.864 4844376,14,59
14:21:39.864 4844376,6,1
14:21:39.864 4860207,2,59
14:21:39.864 4860208,5,2
14:21:39.864 4860254,13,60
14:21:39.864 4860260,14,60
14:21:39.864 4860260,6,2
14:21:39.864 4863653,3,121
14:21:39.864 4863655,5,4
14:21:39.864 4863697,6,4
14:21:39.864 4876094,1,60
14:21:39.864 4876096,5,1
14:21:39.864 4876141,13,61
14:21:39.864 4876147,14,61
14:21:39.864 4876147,6,1
14:21:39.864 4888469,4,121
14:21:39.864 4888470,5,8
14:21:39.864 4888512,6,8
14:21:39.864 4891969,2,61
14:21:39.864 4891971,5,2
14:21:39.864 4892016,13,62
14:21:39.864 4892022,14,62
14:21:39.864 4892022,6,2
14:21:39.864 4907842,1,62
14:21:39.927 4907844,5,1
14:21:39.927 4907889,13,63
14:21:39.927 4907895,14,63
14:21:39.927 4907895,6,1
14:21:39.927 4913270,3,122
14:21:39.927 4913271,5,4
14:21:39.927 4913313,6,4
14:21:39.927 4923715,2,63
14:21:39.927 4923716,5,2
14:21:39.927 4923762,13,64
14:21:39.927 4923767,14,64
14:21:39.927 4923768,6,2
14:21:39.927 4938141,4,122
14:21:39.927 4938142,5,8
14:21:39.927 4938185,6,8
14:21:39.927 4939586,1,64
14:21:39.927 4939587,5,1
14:21:39.927 4939633,13,65
14:21:39.927 4939639,14,65
14:21:39.927 4939639,6,1
14:21:39.927 4955455,2,65
14:21:39.927 4955456,5,2
14:21:39.927 4955502,13,66
14:21:39.927 4955508,14,66
14:21:39.927 4955508,6,2
14:21:39.927 4962871,3,123
14:21:39.927 4962872,5,4
14:21:39.927 4962915,6,4
14:21:39.927 4971335,1,66
14:21:39.927 4971337,5,1
14:21:39.927 4971382,13,67
14:21:39.927 4971388,14,67
14:21:39.991 4971388,6,1
14:21:39.991 4987214,2,67
14:21:39.991 4987215,5,2
14:21:39.991 4987261,13,68
14:21:39.991 4987266,14,68
14:21:39.991 4987267,6,2
14:21:39.991 4987681,4,123
14:21:39.991 4987682,5,8
14:21:39.991 4987724,6,8
14:21:39.991 5003102,1,68
14:21:39.991 5003103,5,1
14:21:39.991 5003148,13,69
14:21:39.991 5003154,14,69
14:21:39.991 5003154,6,1
14:21:39.991 5012503,3,124
14:21:39.991 5012504,5,4
14:21:39.991 5012546,6,4
14:21:39.991 5018986,2,69
14:21:39.991 5018987,5,2
14:21:39.991 5019033,13,70
14:21:39.991 5019039,14,70
14:21:39.991 5019039,6,2
14:21:39.991 5034870,1,70
14:21:39.991 5034871,5,1
14:21:39.991 5034917,13,71
14:21:39.991 5034923,14,71
14:21:39.991 5034923,6,1
14:21:39.991 5037323,4,124
14:21:39.991 5037324,5,8
14:21:39.991 5037366,6,8
14:21:39.991 5050752,2,71
14:21:39.991 5050754,5,2
14:21:40.054 5050800,13,72
14:21:40.054 5050805,14,72
14:21:40.054 5050806,6,2
14:21:40.054 5062134,3,125
14:21:40.054 5062135,5,4
14:21:40.054 5062177,6,4
14:21:40.054 5066628,1,72
14:21:40.054 5066630,5,1
14:21:40.054 5066675,13,73
14:21:40.054 5066681,14,73
14:21:40.054 5066681,6,1
14:21:40.054 5082514,2,73
14:21:40.054 5082515,5,2
14:21:40.054 5082561,13,74
14:21:40.054 5082566,14,74
14:21:40.054 5082567,6,2
14:21:40.054 5086951,4,125
14:21:40.054 5086952,5,8
14:21:40.054 5086994,6,8
14:21:40.054 5098396,1,74
14:21:40.054 5098397,5,1
14:21:40.054 5098442,13,75
14:21:40.054 5098448,14,75
14:21:40.054 5098448,6,1
14:21:40.054 5111771,3,126
14:21:40.054 5111772,5,4
14:21:40.054 5111814,6,4
14:21:40.054 5114282,2,75
14:21:40.054 5114283,5,2
14:21:40.054 5114329,13,76
14:21:40.054 5114335,14,76
14:21:40.054 5114335,6,2
14:21:40.118 5130160,1,76
14:21:40.118 5130161,5,1
14:21:40.118 5130207,13,77
14:21:40.118 5130212,14,77
14:21:40.118 5130213,6,1
14:21:40.118 5136580,4,126
14:21:40.118 5136581,5,8
14:21:40.118 5136623,6,8
14:21:40.118 5146037,2,77
14:21:40.118 5146038,5,2
14:21:40.118 5146084,13,78
14:21:40.118 5146090,14,78
14:21:40.118 5146090,6,2
14:21:40.118 5161392,3,127
14:21:40.118 5161393,5,4
14:21:40.118 5161435,6,4
14:21:40.118 5161917,1,78
14:21:40.118 5161918,5,1
14:21:40.118 5161964,13,79
14:21:40.118 5161969,14,79
14:21:40.118 5161970,6,1
14:21:40.118 5177799,2,79
14:21:40.118 5177800,5,2
14:21:40.118 5177846,13,80
14:21:40.118 5177851,14,80
14:21:40.118 5177852,6,2
14:21:40.118 5186209,4,127
14:21:40.118 5186211,5,8
14:21:40.118 5186253,6,8
14:21:40.118 5193685,1,80
14:21:40.118 5193687,5,1
14:21:40.118 5193732,13,81
14:21:40.123 5193738,14,81
14:21:40.123 5193738,6,1
14:21:40.123 5209574,2,81
14:21:40.123 5209575,5,2
14:21:40.123 5209621,13,82
14:21:40.123 5209627,14,82
14:21:40.127 5209627,6,2
14:21:40.127 5211035,3,128
14:21:40.129 5211036,5,4
14:21:40.129 5211079,6,4
14:21:40.129 5225463,1,82
14:21:40.133 5225465,5,1
14:21:40.133 5225510,13,83
14:21:40.133 5225516,14,83
14:21:40.133 5225516,6,1
14:21:40.133 5235860,4,128
14:21:40.197 5235861,5,8
14:21:40.197 5235903,6,8
14:21:40.197 5241348,2,83
14:21:40.197 5241349,5,2
14:21:40.197 5241395,13,84
14:21:40.197 5241400,14,84
14:21:40.197 5241401,6,2
14:21:40.197 5257237,1,84
14:21:40.197 5257239,5,1
14:21:40.197 5257284,13,85
14:21:40.197 5257290,14,85
14:21:40.197 5257290,6,1
14:21:40.197 5260684,3,129
14:21:40.197 5260685,5,4
14:21:40.197 5260727,6,4
14:21:40.197 5273120,2,85
14:21:40.197 5273121,5,2
14:21:40.197 5273167,13,86
14:21:40.197 5273172,14,86
14:21:40.197 5273173,6,2
14:21:40.197 5285496,4,129
14:21:40.197 5285498,5,8
14:21:40.197 5285540,6,8
14:21:40.197 5289000,1,86
14:21:40.197 5289001,5,1
14:21:40.197 5289046,13,87
14:21:40.197 5289052,14,87
14:21:40.197 5289052,6,1
14:21:40.197 5304884,2,87
14:21:40.197 5304886,5,2
14:21:40.197 5304931,13,88
14:21:40.200 5304937,14,88
14:21:40.276 5304937,6,2
14:21:40.276 5310320,3,130
14:21:40.276 5310321,5,4
14:21:40.276 5310363,6,4
14:21:40.276 5320783,1,88
14:21:40.276 5320784,5,1
14:21:40.276 5320830,13,89
14:21:40.276 5320835,14,89
14:21:40.276 5320835,6,1
14:21:40.276 5335163,4,130
14:21:40.276 5335164,5,8
14:21:40.276 5335206,6,8
14:21:40.276 5336682,2,89
14:21:40.276 5336683,5,2
14:21:40.276 5336729,13,90
14:21:40.276 5336735,14,90
14:21:40.276 5336735,6,2
14:21:40.276 5352574,1,90
14:21:40.276 5352575,5,1
14:21:40.276 5352620,13,91
14:21:40.276 5352626,14,91
14:21:40.276 5352626,6,1
14:21:40.276 5359991,3,131
14:21:40.276 5359992,5,4
14:21:40.276 5360034,6,4
14:21:40.276 5368454,2,91
14:21:40.276 5368455,5,2
14:21:40.276 5368501,13,92
14:21:40.276 5368507,14,92
14:21:40.276 5368507,6,2
14:21:40.276 5384333,1,92
14:21:40.276 5384335,5,1
14:21:40.276 5384380,13,93
14:21:40.276 5384386,14,93
14:21:40.276 5384386,6,1
14:21:40.276 5384801,4,131
14:21:40.276 5384802,5,8
14:21:40.276 5384844,6,8
14:21:40.276 5400221,2,93
14:21:40.276 5400222,5,2
14:21:40.276 5400268,13,94
14:21:40.276 5400274,14,94
14:21:40.284 5400274,6,2
14:21:40.284 5409630,3,132
14:21:40.286 5409631,5,4
14:21:40.286 5409673,6,4
14:21:40.286 5416116,1,94
14:21:40.286 5416117,5,1
14:21:40.355 5416163,13,95
14:21:40.355 5416168,14,95
14:21:40.355 5416168,6,1
14:21:40.355 5432009,2,95
14:21:40.355 5432010,5,2
14:21:40.355 5432056,13,96
14:21:40.355 5432062,14,96
14:21:40.355 5432062,6,2
14:21:40.355 5434462,4,132
14:21:40.355 5434463,5,8
14:21:40.355 5434506,6,8
14:21:40.355 5447897,1,96
14:21:40.355 5447898,5,1
14:21:40.355 5447944,13,97
14:21:40.355 5447949,14,97
14:21:40.355 5447950,6,1
14:21:40.355 5459290,3,133
14:21:40.355 5459291,5,4
14:21:40.355 5459333,6,4
14:21:40.355 5463788,2,97
14:21:40.355 5463789,5,2
14:21:40.355 5463835,13,98
14:21:40.355 5463841,14,98
14:21:40.355 5463841,6,2
14:21:40.355 5479680,1,98
14:21:40.355 5479681,5,1
14:21:40.355 5479727,13,99
14:21:40.355 5479732,14,99
14:21:40.355 5479732,6,1
14:21:40.355 5484123,4,133
14:21:40.355 5484124,5,8
14:21:40.355 5484166,6,8
14:21:40.419 5495567,2,99
14:21:40.419 5495569,5,2
14:21:40.419 5495614,13,100
14:21:40.419 5495620,14,100
14:21:40.419 5495621,6,2
14:21:40.419 5508945,3,134
14:21:40.419 5508947,5,4
14:21:40.419 5508989,6,4
14:21:40.419 5511458,1,100
14:21:40.419 5511459,5,1
14:21:40.419 5511505,13,101
14:21:40.419 5511510,14,101
14:21:40.419 5511510,6,1
14:21:40.419 5527344,2,101
14:21:40.419 5527345,5,2
14:21:40.419 5527391,13,102
14:21:40.419 5527397,14,102
14:21:40.419 5527397,6,2
14:21:40.419 5539976,4,134
14:21:40.419 5539978,5,8
14:21:40.419 5540020,6,8
14:21:40.419 5543231,1,102
14:21:40.419 5543232,5,1
14:21:40.419 5543278,13,103
14:21:40.419 5543283,14,103
14:21:40.419 5543284,6,1
14:21:40.419 5558598,3,135
14:21:40.419 5558599,5,4
14:21:40.419 5558641,6,4
14:21:40.419 5559124,2,103
14:21:40.419 5559125,5,2
14:21:40.419 5559171,13,104
14:21:40.483 5559177,14,104
14:21:40.483 5559177,6,2
14:21:40.483 5575015,1,104
14:21:40.483 5575016,5,1
14:21:40.483 5575062,13,105
14:21:40.483 5575069,15,5
14:21:40.483 5575069,14,105
14:21:40.483 5575069,6,1
14:21:40.483 5575405,16,5
14:21:40.483 5583424,4,135
14:21:40.483 5583426,5,8
14:21:40.483 5583469,6,8
14:21:40.483 5590902,2,105
14:21:40.483 5590904,5,2
14:21:40.483 5590950,13,106
14:21:40.483 5590956,14,106
14:21:40.483 5590956,6,2
14:21:40.483 5606780,1,106
14:21:40.483 5606782,5,1
14:21:40.483 5606828,13,107
14:21:40.483 5606834,14,107
14:21:40.483 5606834,6,1
14:21:40.483 5608240,3,136
14:21:40.492 5608242,5,4
14:21:40.492 5608284,6,4
14:21:40.492 5622661,2,107
14:21:40.492 5622663,5,2
14:21:40.492 5622708,13,108
14:21:40.498 5622714,14,108
14:21:40.498 5622715,6,2
14:21:40.498 5633054,4,136
14:21:40.498 5633056,5,8
14:21:40.564 5633098,6,8
14:21:40.564 5638542,1,108
14:21:40.564 5638544,5,1
14:21:40.564 5638590,13,109
14:21:40.564 5638595,14,109
14:21:40.564 5638596,6,1
14:21:40.564 5646223,9,18
14:21:40.564 5654427,2,109
14:21:40.564 5654430,5,2
14:21:40.564 5654475,13,110
14:21:40.564 5654482,14,110
14:21:40.564 5654482,6,2
14:21:40.564 5657871,3,137
14:21:40.564 5657873,5,4
14:21:40.564 5657916,6,4
14:21:40.564 5670304,1,110
14:21:40.568 5670306,5,1
14:21:40.568 5670352,13,111
14:21:40.568 5670358,14,111
14:21:40.689 5670358,6,1
14:21:40.689 5682683,4,137
14:21:40.689 5682685,5,8
14:21:40.689 5682728,6,8
14:21:40.689 5686184,2,111
14:21:40.689 5686186,5,2
14:21:40.689 5686231,13,112
14:21:40.689 5686237,14,112
14:21:40.689 5686238,6,2
14:21:40.689 5687237,10,18
14:21:40.689 5702074,1,112
14:21:40.694 5702076,5,1
14:21:40.694 5702122,13,113
14:21:40.751 5702129,14,113
14:21:40.751 5702129,6,1
14:21:40.751 5707510,3,138
14:21:40.751 5707511,5,4
14:21:40.751 5707554,6,4
14:21:40.751 5717968,2,113
14:21:40.751 5717970,5,2
14:21:40.751 5718015,13,114
14:21:40.751 5718021,14,114
14:21:40.751 5718021,6,2
14:21:40.751 5732329,4,138
14:21:40.751 5732331,5,8
14:21:40.751 5732373,6,8
14:21:40.751 5733846,1,114
14:21:40.751 5733847,5,1
14:21:40.751 5733893,13,115
14:21:40.751 5733898,14,115
14:21:40.751 5733899,6,1
14:21:40.751 5749724,2,115
14:21:40.751 5749725,5,2
14:21:40.751 5749771,13,116
14:21:40.751 5749777,14,116
14:21:40.762 5749777,6,2
14:21:40.762 5757142,3,139
14:21:40.765 5757143,5,4
14:21:40.765 5757186,6,4
14:21:40.767 5765610,1,116
14:21:40.769 5765611,5,1
14:21:40.769 5765657,13,117
14:21:40.771 5765662,14,117
14:21:40.771 5765663,6,1
14:21:40.771 5781491,2,117
14:21:40.830 5781492,5,2
14:21:40.830 5781538,13,118
14:21:40.830 5781544,14,118
14:21:40.830 5781544,6,2
14:21:40.830 5781958,4,139
14:21:40.830 5781959,5,8
14:21:40.830 5782001,6,8
14:21:40.830 5797362,1,118
14:21:40.830 5797363,5,1
14:21:40.830 5797408,13,119
14:21:40.830 5797414,14,119
14:21:40.830 5797414,6,1
14:21:40.830 5806756,3,140
14:21:40.830 5806757,5,4
14:21:40.830 5806799,6,4
14:21:40.830 5813234,2,119
14:21:40.893 5813235,5,2
14:21:40.893 5813281,13,120
14:21:40.893 5813287,14,120
14:21:40.893 5813287,6,2
14:21:40.893 5829117,1,120
14:21:40.893 5829118,5,1
14:21:40.893 5829164,13,121
14:21:40.893 5829169,14,121
14:21:40.893 5829170,6,1
14:21:40.893 5831569,4,140
14:21:40.893 5831570,5,8
14:21:40.893 5831613,6,8
14:21:40.893 5844996,2,121
14:21:40.893 5844998,5,2
14:21:40.893 5845043,13,122
14:21:40.893 5845049,14,122
14:21:40.893 5845049,6,2
14:21:40.893 5856377,3,141
14:21:40.893 5856378,5,4
14:21:40.893 5856420,6,4
14:21:40.893 5860871,1,122
14:21:40.893 5860873,5,1
14:21:40.893 5860918,13,123
14:21:40.893 5860924,14,123
14:21:40.893 5860924,6,1
14:21:40.893 5876750,2,123
14:21:40.893 5876751,5,2
14:21:40.893 5876797,13,124
14:21:40.893 5876803,14,124
14:21:40.893 5876803,6,2
14:21:40.893 5881188,4,141
14:21:40.893 5881189,5,8
14:21:40.956 5881231,6,8
14:21:40.956 5892629,1,124
14:21:40.956 5892630,5,1
14:21:40.956 5892675,13,125
14:21:40.956 5892681,14,125
14:21:40.956 5892681,6,1
14:21:40.956 5905994,3,142
14:21:40.956 5905996,5,4
14:21:40.956 5906038,6,4
14:21:40.956 5908506,2,125
14:21:40.956 5908507,5,2
14:21:40.956 5908553,13,126
14:21:40.956 5908558,14,126
14:21:40.956 5908559,6,2
14:21:40.956 5924392,1,126
14:21:40.956 5924394,5,1
14:21:40.956 5924439,13,127
14:21:40.956 5924445,14,127
14:21:40.956 5924445,6,1
14:21:40.956 5930816,4,142
14:21:40.961 5930817,5,8
14:21:40.961 5930859,6,8
14:21:40.961 5940273,2,127
14:21:40.965 5940274,5,2
14:21:40.965 5940321,13,128
14:21:40.965 5940326,14,128
14:21:40.968 5940327,6,2
14:21:40.970 5955630,3,143
14:21:40.972 5955631,5,4
14:21:40.972 5955674,6,4
14:21:40.972 5956155,1,128
14:21:40.972 5956156,5,1
14:21:41.035 5956202,13,129
14:21:41.035 5956208,14,129
14:21:41.035 5956208,6,1
14:21:41.035 5972036,2,129
14:21:41.035 5972038,5,2
14:21:41.035 5972083,13,130
14:21:41.035 5972089,14,130
14:21:41.035 5972089,6,2
14:21:41.035 5980447,4,143
14:21:41.035 5980448,5,8
14:21:41.035 5980491,6,8
14:21:41.035 5987923,1,130
14:21:41.035 5987925,5,1
14:21:41.035 5987970,13,131
14:21:41.035 5987976,14,131
14:21:41.035 5987976,6,1
14:21:41.038 6003798,2,131
14:21:41.038 6003799,5,2
14:21:41.038 6003845,13,132
14:21:41.038 6003851,14,132
14:21:41.038 6003851,6,2
14:21:41.038 6005257,3,144
14:21:41.038 6005258,5,4
14:21:41.038 6005300,6,4
14:21:41.038 6019676,1,132
14:21:41.038 6019678,5,1
14:21:41.050 6019723,13,133
14:21:41.050 6019729,14,133
14:21:41.051 6019729,6,1
14:21:41.061 6030070,4,144
14:21:41.061 6030071,5,8
14:21:41.061 6030112,6,8
14:21:41.131 6035556,2,133
14:21:41.131 6035558,5,2
14:21:41.131 6035603,13,134
14:21:41.131 6035609,14,134
14:21:41.131 6035609,6,2
14:21:41.131 6051439,1,134
14:21:41.131 6051440,5,1
14:21:41.131 6051486,13,135
14:21:41.131 6051492,14,135
14:21:41.131 6051492,6,1
14:21:41.131 6054885,3,145
14:21:41.131 6054886,5,4
14:21:41.131 6054928,6,4
14:21:41.131 6067328,2,135
14:21:41.131 6067329,5,2
14:21:41.131 6067375,13,136
14:21:41.131 6067381,14,136
14:21:41.131 6067381,6,2
14:21:41.131 6079718,4,145
14:21:41.131 6079719,5,8
14:21:41.131 6079761,6,8
14:21:41.131 6083224,1,136
14:21:41.131 6083225,5,1
14:21:41.131 6083271,13,137
14:21:41.131 6083276,14,137
14:21:41.131 6083277,6,1
14:21:41.131 6099120,2,137
14:21:41.131 6099121,5,2
14:21:41.135 6099167,13,138
14:21:41.135 6099172,14,138
14:21:41.135 6099173,6,2
14:21:41.135 6104551,3,146
14:21:41.211 6104552,5,4
14:21:41.211 6104594,6,4
14:21:41.211 6115007,1,138
14:21:41.211 6115009,5,1
14:21:41.211 6115054,13,139
14:21:41.211 6115060,14,139
14:21:41.211 6115060,6,1
14:21:41.211 6129370,4,146
14:21:41.211 6129371,5,8
14:21:41.211 6129413,6,8
14:21:41.211 6130888,2,139
14:21:41.211 6130890,5,2
14:21:41.211 6130935,13,140
14:21:41.211 6130941,14,140
14:21:41.211 6130941,6,2
14:21:41.211 6146784,1,140
14:21:41.211 6146786,5,1
14:21:41.211 6146831,13,141
14:21:41.211 6146837,14,141
14:21:41.211 6146837,6,1
14:21:41.211 6154205,3,147
14:21:41.211 6154206,5,4
14:21:41.211 6154248,6,4
14:21:41.211 6162676,2,141
14:21:41.211 6162677,5,2
14:21:41.211 6162723,13,142
14:21:41.211 6162729,14,142
14:21:41.211 6162729,6,2
14:21:41.211 6178572,1,142
14:21:41.211 6178573,5,1
14:21:41.211 6178619,13,143
14:21:41.211 6178624,14,143
14:21:41.275 6178625,6,1
14:21:41.275 6179039,4,147
14:21:41.275 6179041,5,8
14:21:41.275 6179083,6,8
14:21:41.275 6194464,2,143
14:21:41.275 6194466,5,2
14:21:41.275 6194511,13,144
14:21:41.275 6194517,14,144
14:21:41.275 6194517,6,2
14:21:41.275 6203874,3,148
14:21:41.275 6203876,5,4
14:21:41.275 6203918,6,4
14:21:41.275 6210362,1,144
14:21:41.275 6210363,5,1
14:21:41.275 6210408,13,145
14:21:41.275 6210414,14,145
14:21:41.354 6210414,6,1
14:21:41.354 6226247,2,145
14:21:41.354 6226248,5,2
14:21:41.354 6226294,13,146
14:21:41.354 6226300,14,146
14:21:41.354 6226300,6,2
14:21:41.354 6228701,4,148
14:21:41.354 6228702,5,8
14:21:41.354 6228744,6,8
14:21:41.354 6242139,1,146
14:21:41.354 6242141,5,1
14:21:41.354 6242186,13,147
14:21:41.354 6242192,14,147
14:21:41.354 6242192,6,1
14:21:41.354 6253524,3,149
14:21:41.354 6253525,5,4
14:21:41.354 6253567,6,4
14:21:41.354 6258019,2,147
14:21:41.354 6258020,5,2
14:21:41.354 6258066,13,148
14:21:41.354 6258072,14,148
14:21:41.354 6258072,6,2
14:21:41.354 6273897,1,148
14:21:41.354 6273899,5,1
14:21:41.354 6273944,13,149
14:21:41.354 6273950,14,149
14:21:41.354 6273950,6,1
14:21:41.354 6278333,4,149
14:21:41.354 6278334,5,8
14:21:41.354 6278376,6,8
14:21:41.354 6289775,2,149
14:21:41.354 6289776,5,2
14:21:41.417 6289822,13,150
14:21:41.417 6289827,14,150
14:21:41.417 6289828,6,2
14:21:41.417 6303141,3,150
14:21:41.417 6303142,5,4
14:21:41.417 6303184,6,4
14:21:41.417 6305650,1,150
14:21:41.417 6305651,5,1
14:21:41.417 6305697,13,151
14:21:41.417 6305702,14,151
14:21:41.417 6305702,6,1
14:21:41.417 6321530,2,151
14:21:41.417 6321532,5,2
14:21:41.417 6321577,13,152
14:21:41.417 6321583,14,152
14:21:41.417 6321583,6,2
14:21:41.417 6327951,4,150
14:21:41.417 6327952,5,8
14:21:41.417 6327994,6,8
14:21:41.417 6337403,1,152
14:21:41.417 6337405,5,1
14:21:41.417 6337450,13,153
14:21:41.417 6337456,14,153
14:21:41.417 6337456,6,1
14:21:41.417 6352756,3,151
14:21:41.417 6352757,5,4
14:21:41.417 6352799,6,4
14:21:41.417 6353281,2,153
14:21:41.417 6353283,5,2
14:21:41.417 6353328,13,154
14:21:41.417 6353334,14,154
14:21:41.417 6353334,6,2
14:21:41.481 6369159,1,154
14:21:41.481 6369160,5,1
14:21:41.481 6369206,13,155
14:21:41.481 6369211,14,155
14:21:41.481 6369212,6,1
14:21:41.481 6377571,4,151
14:21:41.481 6377572,5,8
14:21:41.481 6377614,6,8
14:21:41.481 6385047,2,155
14:21:41.481 6385048,5,2
14:21:41.481 6385094,13,156
14:21:41.481 6385100,14,156
14:21:41.481 6385100,6,2
14:21:41.481 6400929,1,156
14:21:41.481 6400930,5,1
14:21:41.481 6400976,13,157
14:21:41.481 6400981,14,157
14:21:41.481 6400982,6,1
14:21:41.484 6402389,3,152
14:21:41.484 6402390,5,4
14:21:41.484 6402432,6,4
14:21:41.484 6416816,2,157
14:21:41.487 6416817,5,2
14:21:41.487 6416863,13,158
14:21:41.489 6416869,14,158
14:21:41.489 6416869,6,2
14:21:41.489 6427211,4,152
14:21:41.489 6427212,5,8
14:21:41.495 6427254,6,8
14:21:41.495 6432700,1,158
14:21:41.497 6432701,5,1
14:21:41.498 6432747,13,159
14:21:41.561 6432752,14,159
14:21:41.561 6432753,6,1
14:21:41.561 6448582,2,159
14:21:41.561 6448583,5,2
14:21:41.561 6448629,13,160
14:21:41.689 6448635,14,160
14:21:41.689 6448635,6,2
14:21:41.689 6452030,3,153
14:21:41.689 6452031,5,4
14:21:41.689 6452073,6,4
14:21:41.689 6464472,1,160
14:21:41.689 6464473,5,1
14:21:41.689 6464518,13,161
14:21:41.689 6464524,14,161
14:21:41.689 6464524,6,1
14:21:41.689 6476851,4,153
14:21:41.689 6476852,5,8
14:21:41.689 6476894,6,8
14:21:41.689 6480353,2,161
14:21:41.689 6480354,5,2
14:21:41.689 6480400,13,162
14:21:41.689 6480406,14,162
14:21:41.689 6480406,6,2
14:21:41.689 6496234,1,162
14:21:41.689 6496235,5,1
14:21:41.689 6496281,13,163
14:21:41.689 6496286,14,163
14:21:41.689 6496286,6,1
14:21:41.689 6501661,3,154
14:21:41.689 6501663,5,4
14:21:41.689 6501707,6,4
14:21:41.689 6512105,2,163
14:21:41.752 6512107,5,2
14:21:41.752 6512152,13,164
14:21:41.752 6512158,14,164
14:21:41.752 6512159,6,2
14:21:41.752 6526457,4,154
14:21:41.752 6526458,5,8
14:21:41.752 6526500,6,8
14:21:41.752 6527975,1,164
14:21:41.752 6527976,5,1
14:21:41.752 6528022,13,165
14:21:41.752 6528029,15,6
14:21:41.752 6528029,14,165
14:21:41.752 6528029,6,1
14:21:41.752 6528364,16,6
14:21:41.752 6543857,2,165
14:21:41.752 6543859,5,2
14:21:41.752 6543905,13,166
14:21:41.752 6543911,14,166
14:21:41.754 6543911,6,2
14:21:41.756 6551270,3,155
14:21:41.756 6551272,5,4
14:21:41.758 6551315,6,4
14:21:41.758 6559730,1,166
14:21:41.758 6559732,5,1
14:21:41.758 6559778,13,167
14:21:41.758 6559784,14,167
14:21:41.815 6559784,6,1
14:21:41.815 6575606,2,167
14:21:41.815 6575608,5,2
14:21:41.815 6575653,13,168
14:21:41.815 6575659,14,168
14:21:41.815 6575660,6,2
14:21:41.815 6576073,4,155
14:21:41.815 6576074,5,8
14:21:41.815 6576117,6,8
14:21:41.815 6591490,1,168
14:21:41.815 6591492,5,1
14:21:41.815 6591538,13,169
14:21:41.815 6591544,14,169
14:21:41.815 6591544,6,1
14:21:41.815 6599162,9,19
14:21:41.815 6600887,3,156
14:21:41.815 6600890,5,4
14:21:41.815 6600932,6,4
14:21:41.815 6607367,2,169
14:21:41.815 6607370,5,2
14:21:41.815 6607416,13,170
14:21:41.815 6607422,14,170
14:21:41.878 6607422,6,2
14:21:41.878 6623257,1,170
14:21:41.878 6623260,5,1
14:21:41.878 6623305,13,171
14:21:41.878 6623311,14,171
14:21:41.878 6623312,6,1
14:21:41.878 6625711,4,156
14:21:41.878 6625712,5,8
14:21:41.878 6625755,6,8
14:21:41.878 6639143,2,171
14:21:41.878 6639145,5,2
14:21:41.878 6639191,13,172
14:21:41.878 6639197,14,172
14:21:41.878 6639197,6,2
14:21:41.878 6640190,10,19
14:21:41.878 6656646,1,172
14:21:41.878 6656648,3,157
14:21:41.878 6656649,5,1
14:21:41.878 6656695,13,173
14:21:41.878 6656701,14,173
14:21:41.878 6656702,6,1
14:21:41.879 6656703,5,4
14:21:41.879 6656746,6,4
14:21:41.879 6670918,2,173
14:21:41.879 6670919,5,2
14:21:41.879 6670965,13,174
14:21:41.879 6670971,14,174
14:21:41.879 6670971,6,2
14:21:41.879 6675358,4,157
14:21:41.879 6675359,5,8
14:21:41.879 6675401,6,8
14:21:41.879 6686802,1,174
14:21:41.942 6686803,5,1
14:21:41.942 6686848,13,175
14:21:41.942 6686854,14,175
14:21:41.942 6686854,6,1
14:21:41.942 6700167,3,158
14:21:41.942 6700169,5,4
14:21:41.942 6700211,6,4
14:21:41.942 6702677,2,175
14:21:41.942 6702679,5,2
14:21:41.942 6702724,13,176
14:21:41.942 6702730,14,176
14:21:41.942 6702730,6,2
14:21:41.942 6718561,1,176
14:21:41.942 6718562,5,1
14:21:41.942 6718607,13,177
14:21:41.942 6718613,14,177
14:21:42.005 6718613,6,1
14:21:42.005 6724982,4,158
14:21:42.005 6724984,5,8
14:21:42.005 6725026,6,8
14:21:42.005 6734444,2,177
14:21:42.005 6734446,5,2
14:21:42.005 6734491,13,178
14:21:42.005 6734497,14,178
14:21:42.005 6734497,6,2
14:21:42.005 6749808,3,159
14:21:42.005 6749810,5,4
14:21:42.005 6749852,6,4
14:21:42.005 6750334,1,178
14:21:42.005 6750335,5,1
14:21:42.005 6750381,13,179
14:21:42.005 6750386,14,179
14:21:42.005 6750387,6,1
14:21:42.005 6766213,2,179
14:21:42.005 6766214,5,2
14:21:42.005 6766260,13,180
14:21:42.005 6766266,14,180
14:21:42.005 6766266,6,2
14:21:42.005 6774625,4,159
14:21:42.005 6774626,5,8
14:21:42.005 6774669,6,8
14:21:42.005 6782100,1,180
14:21:42.005 6782101,5,1
14:21:42.005 6782146,13,181
14:21:42.005 6782152,14,181
14:21:42.005 6782152,6,1
14:21:42.005 6797982,2,181
14:21:42.005 6797983,5,2
14:21:42.069 6798029,13,182
14:21:42.069 6798034,14,182
14:21:42.069 6798035,6,2
14:21:42.069 6799442,3,160
14:21:42.069 6799444,5,4
14:21:42.069 6799485,6,4
14:21:42.069 6813873,1,182
14:21:42.069 6813874,5,1
14:21:42.069 6813920,13,183
14:21:42.069 6813925,14,183
14:21:42.069 6813926,6,1
14:21:42.069 6824269,4,160
14:21:42.069 6824271,5,8
14:21:42.069 6824313,6,8
14:21:42.069 6829757,2,183
14:21:42.069 6829758,5,2
14:21:42.132 6829804,13,184
14:21:42.132 6829810,14,184
14:21:42.132 6829810,6,2
14:21:42.132 6845640,1,184
14:21:42.132 6845641,5,1
14:21:42.132 6845686,13,185
14:21:42.132 6845692,14,185
14:21:42.132 6845692,6,1
14:21:42.132 6849087,3,161
14:21:42.132 6849088,5,4
14:21:42.132 6849130,6,4
14:21:42.132 6861519,2,185
14:21:42.132 6861520,5,2
14:21:42.132 6861566,13,186
14:21:42.132 6861571,14,186
14:21:42.132 6861572,6,2
14:21:42.132 6873894,4,161
14:21:42.132 6873895,5,8
14:21:42.132 6873937,6,8
14:21:42.132 6877395,1,186
14:21:42.132 6877396,5,1
14:21:42.132 6877442,13,187
14:21:42.132 6877447,14,187
14:21:42.132 6877448,6,1
14:21:42.132 6893275,2,187
14:21:42.132 6893276,5,2
14:21:42.132 6893322,13,188
14:21:42.132 6893328,14,188
14:21:42.132 6893328,6,2
14:21:42.132 6898705,3,162
14:21:42.132 6898707,5,4
14:21:42.132 6898749,6,4
14:21:42.197 6909158,1,188
14:21:42.197 6909159,5,1
14:21:42.197 6909204,13,189
14:21:42.197 6909210,14,189
14:21:42.197 6909210,6,1
14:21:42.197 6923518,4,162
14:21:42.197 6923519,5,8
14:21:42.197 6923561,6,8
14:21:42.197 6925035,2,189
14:21:42.197 6925037,5,2
14:21:42.197 6925082,13,190
14:21:42.197 6925088,14,190
14:21:42.197 6925088,6,2
14:21:42.197 6940920,1,190
14:21:42.197 6940922,5,1
14:21:42.197 6940967,13,191
14:21:42.197 6940973,14,191
14:21:42.199 6940973,6,1
14:21:42.199 6948337,3,163
14:21:42.199 6948338,5,4
14:21:42.201 6948381,6,4
14:21:42.201 6956802,2,191
14:21:42.204 6956803,5,2
14:21:42.204 6956849,13,192
14:21:42.206 6956855,14,192
14:21:42.206 6956855,6,2
14:21:42.207 6972688,1,192
14:21:42.207 6972689,5,1
14:21:42.207 6972734,13,193
14:21:42.212 6972740,14,193
14:21:42.212 6972740,6,1
14:21:42.212 6973155,4,163
14:21:42.276 6973156,5,8
14:21:42.276 6973198,6,8
14:21:42.276 6988578,2,193
14:21:42.276 6988579,5,2
14:21:42.276 6988625,13,194
14:21:42.276 6988631,14,194
14:21:42.276 6988631,6,2
14:21:42.276 6997984,3,164
14:21:42.276 6997985,5,4
14:21:42.276 6998027,6,4
14:21:42.276 7004467,1,194
14:21:42.276 7004468,5,1
14:21:42.276 7004514,13,195
14:21:42.276 7004519,14,195
14:21:42.276 7004520,6,1
14:21:42.276 7020348,2,195
14:21:42.276 7020349,5,2
14:21:42.276 7020395,13,196
14:21:42.276 7020401,14,196
14:21:42.279 7020401,6,2
14:21:42.281 7022801,4,164
14:21:42.281 7022802,5,8
14:21:42.281 7022845,6,8
14:21:42.281 7036236,1,196
14:21:42.281 7036238,5,1
14:21:42.281 7036283,13,197
14:21:42.281 7036289,14,197
14:21:42.281 7036289,6,1
14:21:42.291 7047627,3,165
14:21:42.291 7047629,5,4
14:21:42.291 7047670,6,4
14:21:42.291 7052124,2,197
14:21:42.355 7052125,5,2
14:21:42.355 7052171,13,198
14:21:42.355 7052176,14,198
14:21:42.355 7052177,6,2
14:21:42.355 7069976,1,198
14:21:42.355 7069978,5,1
14:21:42.355 7070024,13,199
14:21:42.355 7070029,14,199
14:21:42.355 7070030,6,1
14:21:42.355 7072444,4,165
14:21:42.355 7072445,5,8
14:21:42.355 7072487,6,8
14:21:42.355 7083887,2,199
14:21:42.355 7083888,5,2
14:21:42.355 7083934,13,200
14:21:42.355 7083940,14,200
14:21:42.355 7083940,6,2
14:21:42.355 7097255,3,166
14:21:42.355 7097257,5,4
14:21:42.355 7097299,6,4
14:21:42.355 7099763,1,200
14:21:42.355 7099765,5,1
14:21:42.355 7099810,13,201
14:21:42.355 7099816,14,201
14:21:42.355 7099816,6,1
14:21:42.355 7115638,2,201
14:21:42.355 7115640,5,2
14:21:42.371 7115685,13,202
14:21:42.371 7115691,14,202
14:21:42.371 7115691,6,2
14:21:42.371 7122062,4,166
14:21:42.371 7122063,5,8
14:21:42.434 7122105,6,8
14:21:42.434 7131526,1,202
14:21:42.434 7131527,5,1
14:21:42.434 7131573,13,203
14:21:42.434 7131578,14,203
14:21:42.434 7131579,6,1
14:21:42.434 7146894,3,167
14:21:42.434 7146895,5,4
14:21:42.434 7146937,6,4
14:21:42.434 7147420,2,203
14:21:42.434 7147421,5,2
14:21:42.434 7147467,13,204
14:21:42.434 7147473,14,204
14:21:42.434 7147473,6,2
14:21:42.434 7163308,1,204
14:21:42.434 7163309,5,1
14:21:42.434 7163355,13,205
14:21:42.434 7163360,14,205
14:21:42.434 7163361,6,1
14:21:42.434 7171721,4,167
14:21:42.434 7171722,5,8
14:21:42.434 7171764,6,8
14:21:42.434 7179195,2,205
14:21:42.434 7179196,5,2
14:21:42.434 7179242,13,206
14:21:42.434 7179248,14,206
14:21:42.450 7179248,6,2
14:21:42.450 7195086,1,206
14:21:42.450 7195087,5,1
14:21:42.450 7195132,13,207
14:21:42.450 7195138,14,207
14:21:42.450 7195138,6,1
14:21:42.515 7196547,3,168
14:21:42.515 7196548,5,4
14:21:42.515 7196590,6,4
14:21:42.515 7210975,2,207
14:21:42.515 7210976,5,2
14:21:42.515 7211022,13,208
14:21:42.515 7211028,14,208
14:21:42.644 7211028,6,2
14:21:42.644 7221372,4,168
14:21:42.644 7221373,5,8
14:21:42.644 7221415,6,8
14:21:42.644 7226865,1,208
14:21:42.644 7226866,5,1
14:21:42.644 7226912,13,209
14:21:42.644 7226917,14,209
14:21:42.644 7226918,6,1
14:21:42.644 7242751,2,209
14:21:42.644 7242752,5,2
14:21:42.644 7242798,13,210
14:21:42.644 7242803,14,210
14:21:42.644 7242804,6,2
14:21:42.644 7246199,3,169
14:21:42.644 7246201,5,4
14:21:42.644 7246243,6,4
14:21:42.644 7258643,1,210
14:21:42.644 7258644,5,1
14:21:42.644 7258689,13,211
14:21:42.644 7258695,14,211
14:21:42.644 7258695,6,1
14:21:42.644 7271031,4,169
14:21:42.644 7271033,5,8
14:21:42.644 7271075,6,8
14:21:42.722 7274539,2,211
14:21:42.722 7274540,5,2
14:21:42.722 7274586,13,212
14:21:42.722 7274592,14,212
14:21:42.722 7274592,6,2
14:21:42.722 7290434,1,212
14:21:42.722 7290435,5,1
14:21:42.722 7290481,13,213
14:21:42.722 7290486,14,213
14:21:42.722 7290486,6,1
14:21:42.722 7295869,3,170
14:21:42.722 7295870,5,4
14:21:42.722 7295912,6,4
14:21:42.722 7306327,2,213
14:21:42.722 7306329,5,2
14:21:42.722 7306374,13,214
14:21:42.722 7306380,14,214
14:21:42.722 7306380,6,2
14:21:42.722 7320705,4,170
14:21:42.722 7320706,5,8
14:21:42.722 7320748,6,8
14:21:42.722 7322224,1,214
14:21:42.722 7322225,5,1
14:21:42.722 7322271,13,215
14:21:42.722 7322277,14,215
14:21:42.722 7322277,6,1
14:21:42.722 7338112,2,215
14:21:42.722 7338114,5,2
14:21:42.722 7338159,13,216
14:21:42.722 7338165,14,216
14:21:42.722 7338165,6,2
14:21:42.722 7345534,3,171
14:21:42.786 7345536,5,4
14:21:42.786 7345578,6,4
14:21:42.786 7354010,1,216
14:21:42.786 7354011,5,1
14:21:42.786 7354057,13,217
14:21:42.786 7354062,14,217
14:21:42.786 7354062,6,1
14:21:42.786 7369910,2,217
14:21:42.786 7369911,5,2
14:21:42.786 7369957,13,218
14:21:42.786 7369963,14,218
14:21:42.786 7369963,6,2
14:21:42.786 7370377,4,171
14:21:42.786 7370379,5,8
14:21:42.786 7370420,6,8
14:21:42.786 7385800,1,218
14:21:42.849 7385801,5,1
14:21:42.849 7385847,13,219
14:21:42.849 7385852,14,219
14:21:42.849 7385853,6,1
14:21:42.849 7395206,3,172
14:21:42.849 7395207,5,4
14:21:42.849 7395249,6,4
14:21:42.849 7401690,2,219
14:21:42.849 7401691,5,2
14:21:42.849 7401737,13,220
14:21:42.849 7401742,14,220
14:21:42.849 7401743,6,2
14:21:42.849 7417583,1,220
14:21:42.849 7417584,5,1
14:21:42.849 7417630,13,221
14:21:42.849 7417635,14,221
14:21:42.849 7417636,6,1
14:21:42.849 7420038,4,172
14:21:42.849 7420039,5,8
14:21:42.849 7420081,6,8
14:21:42.849 7433475,2,221
14:21:42.849 7433476,5,2
14:21:42.849 7433522,13,222
14:21:42.849 7433528,14,222
14:21:42.849 7433528,6,2
14:21:42.849 7444869,3,173
14:21:42.849 7444870,5,4
14:21:42.849 7444912,6,4
14:21:42.849 7449369,1,222
14:21:42.849 7449371,5,1
14:21:42.849 7449416,13,223
14:21:42.849 7449422,14,223
14:21:42.914 7449422,6,1
14:21:42.914 7465271,2,223
14:21:42.914 7465272,5,2
14:21:42.914 7465318,13,224
14:21:42.914 7465323,14,224
14:21:42.914 7465324,6,2
14:21:42.914 7469713,4,173
14:21:42.914 7469715,5,8
14:21:42.914 7469757,6,8
14:21:42.914 7481164,1,224
14:21:42.914 7481165,5,1
14:21:42.914 7481211,13,225
14:21:42.914 7481218,15,7
14:21:42.914 7481218,14,225
14:21:42.914 7481218,6,1
14:21:42.914 7481554,16,7
14:21:42.914 7494536,3,174
14:21:42.914 7494539,5,4
14:21:42.914 7494582,6,4
14:21:42.916 7497049,2,225
14:21:42.916 7497051,5,2
14:21:42.916 7497097,13,226
14:21:42.918 7497103,14,226
14:21:42.918 7497103,6,2
14:21:42.918 7512936,1,226
14:21:42.918 7512938,5,1
14:21:42.918 7512984,13,227
14:21:42.918 7512990,14,227
14:21:42.918 7512990,6,1
14:21:42.918 7519355,4,174
14:21:42.918 7519357,5,8
14:21:42.929 7519399,6,8
14:21:42.992 7528814,2,227
14:21:42.992 7528816,5,2
14:21:42.992 7528861,13,228
14:21:42.992 7528867,14,228
14:21:42.992 7528868,6,2
14:21:42.992 7544185,3,175
14:21:42.992 7544187,5,4
14:21:42.992 7544230,6,4
14:21:42.992 7544711,1,228
14:21:42.992 7544713,5,1
14:21:42.992 7544759,13,229
14:21:42.992 7544764,14,229
14:21:42.992 7544765,6,1
14:21:42.992 7552377,9,20
14:21:42.992 7560604,2,229
14:21:42.992 7560607,5,2
14:21:42.992 7560653,13,230
14:21:42.992 7560659,14,230
14:21:42.996 7560659,6,2
14:21:42.996 7569020,4,175
14:21:42.996 7569022,5,8
14:21:42.998 7569065,6,8
14:21:42.998 7576501,1,230
14:21:42.998 7576503,5,1
14:21:42.998 7576549,13,231
14:21:42.998 7576555,14,231
14:21:43.004 7576555,6,1
14:21:43.004 7592387,2,231
14:21:43.004 7592388,5,2
14:21:43.008 7592434,13,232
14:21:43.008 7592440,14,232
14:21:43.008 7592441,6,2
14:21:43.072 7593413,10,20
14:21:43.072 7601830,3,176
14:21:43.072 7601832,5,4
14:21:43.072 7601875,6,4
14:21:43.072 7610089,1,232
14:21:43.072 7610091,5,1
14:21:43.072 7610137,13,233
14:21:43.072 7610143,14,233
14:21:43.072 7610143,6,1
14:21:43.072 7618666,4,176
14:21:43.072 7618667,5,8
14:21:43.072 7618710,6,8
14:21:43.072 7624153,2,233
14:21:43.072 7624155,5,2
14:21:43.072 7624200,13,234
14:21:43.072 7624206,14,234
14:21:43.072 7624206,6,2
14:21:43.072 7640033,1,234
14:21:43.072 7640034,5,1
14:21:43.072 7640080,13,235
14:21:43.072 7640085,14,235
14:21:43.072 7640086,6,1
14:21:43.072 7643478,3,177
14:21:43.072 7643480,5,4
14:21:43.072 7643522,6,4
14:21:43.083 7655919,2,235
14:21:43.084 7655921,5,2
14:21:43.084 7655966,13,236
14:21:43.087 7655972,14,236
14:21:43.088 7655972,6,2
14:21:43.088 7668298,4,177
14:21:43.088 7668299,5,8
14:21:43.150 7668342,6,8
14:21:43.150 7671800,1,236
14:21:43.150 7671802,5,1
14:21:43.150 7671847,13,237
14:21:43.150 7671853,14,237
14:21:43.150 7671853,6,1
14:21:43.150 7687678,2,237
14:21:43.150 7687679,5,2
14:21:43.150 7687725,13,238
14:21:43.150 7687730,14,238
14:21:43.150 7687731,6,2
14:21:43.150 7693109,3,178
14:21:43.150 7693111,5,4
14:21:43.150 7693153,6,4
14:21:43.150 7703561,1,238
14:21:43.150 7703562,5,1
14:21:43.150 7703608,13,239
14:21:43.150 7703613,14,239
14:21:43.150 7703614,6,1
14:21:43.150 7717923,4,178
14:21:43.158 7717924,5,8
14:21:43.158 7717966,6,8
14:21:43.158 7719441,2,239
14:21:43.158 7719442,5,2
14:21:43.158 7719488,13,240
14:21:43.158 7719494,14,240
14:21:43.165 7719494,6,2
14:21:43.166 7735321,1,240
14:21:43.166 7735322,5,1
14:21:43.166 7735368,13,241
14:21:43.166 7735373,14,241
14:21:43.166 7735374,6,1
14:21:43.230 7742738,3,179
14:21:43.230 7742740,5,4
14:21:43.230 7742782,6,4
14:21:43.230 7751204,2,241
14:21:43.230 7751205,5,2
14:21:43.230 7751251,13,242
14:21:43.230 7751257,14,242
14:21:43.230 7751257,6,2
14:21:43.230 7767089,1,242
14:21:43.230 7767090,5,1
14:21:43.230 7767136,13,243
14:21:43.230 7767141,14,243
14:21:43.230 7767141,6,1
14:21:43.230 7767556,4,179
14:21:43.230 7767557,5,8
14:21:43.230 7767600,6,8
14:21:43.294 7782974,2,243
14:21:43.294 7782975,5,2
14:21:43.294 7783021,13,244
14:21:43.294 7783026,14,244
14:21:43.294 7783027,6,2
14:21:43.294 7792379,3,180
14:21:43.294 7792381,5,4
14:21:43.294 7792423,6,4
14:21:43.294 7798868,1,244
14:21:43.294 7798869,5,1
14:21:43.294 7798914,13,245
14:21:43.294 7798920,14,245
14:21:43.294 7798920,6,1
14:21:43.294 7814764,2,245
14:21:43.294 7814765,5,2
14:21:43.294 7814811,13,246
14:21:43.294 7814816,14,246
14:21:43.294 7814817,6,2
14:21:43.294 7817217,4,180
14:21:43.294 7817219,5,8
14:21:43.294 7817260,6,8
14:21:43.294 7830650,1,246
14:21:43.294 7830651,5,1
14:21:43.294 7830696,13,247
14:21:43.294 7830702,14,247
14:21:43.294 7830702,6,1
14:21:43.294 7842042,3,181
14:21:43.294 7842043,5,4
14:21:43.294 7842086,6,4
14:21:43.294 7846540,2,247
14:21:43.294 7846542,5,2
14:21:43.294 7846588,13,248
14:21:43.357 7846593,14,248
14:21:43.357 7846594,6,2
14:21:43.357 7862426,1,248
14:21:43.357 7862427,5,1
14:21:43.357 7862473,13,249
14:21:43.357 7862478,14,249
14:21:43.357 7862478,6,1
14:21:43.357 7866863,4,181
14:21:43.357 7866864,5,8
14:21:43.357 7866907,6,8
14:21:43.357 7878314,2,249
14:21:43.357 7878315,5,2
14:21:43.357 7878361,13,250
14:21:43.357 7878366,14,250
14:21:43.357 7878367,6,2
14:21:43.357 7891692,3,182
14:21:43.357 7891693,5,4
14:21:43.357 7891736,6,4
14:21:43.357 7894203,1,250
14:21:43.357 7894205,5,1
14:21:43.360 7894250,13,251
14:21:43.360 7894256,14,251
14:21:43.362 7894256,6,1
14:21:43.362 7910093,2,251
14:21:43.362 7910094,5,2
14:21:43.365 7910140,13,252
14:21:43.365 7910146,14,252
14:21:43.368 7910146,6,2
14:21:43.368 7916519,4,182
14:21:43.368 7916520,5,8
14:21:43.368 7916562,6,8
14:21:43.373 7925983,1,252
14:21:43.437 7925984,5,1
14:21:43.437 7926030,13,253
14:21:43.437 7926035,14,253
14:21:43.437 7926036,6,1
14:21:43.437 7941345,3,183
14:21:43.437 7941347,5,4
14:21:43.437 7941389,6,4
14:21:43.437 7941871,2,253
14:21:43.437 7941872,5,2
14:21:43.437 7941918,13,254
14:21:43.437 7941924,14,254
14:21:43.437 7941924,6,2
14:21:43.437 7957756,1,254
14:21:43.437 7957758,5,1
14:21:43.437 7957803,13,255
14:21:43.437 7957809,14,255
14:21:43.437 7957809,6,1
14:21:43.437 7966172,4,183
14:21:43.437 7966174,5,8
14:21:43.439 7966216,6,8
14:21:43.439 7973655,2,255
14:21:43.439 7973656,5,2
14:21:43.439 7973702,13,0
14:21:43.439 7973707,14,0
14:21:43.439 7973708,6,2
14:21:43.439 7989554,1,0
14:21:43.565 7989555,5,1
14:21:43.565 7989600,13,1
14:21:43.565 7989606,14,1
14:21:43.565 7989606,6,1
14:21:43.565 7991015,3,184
14:21:43.565 7991017,5,4
14:21:43.629 7991059,6,4
14:21:43.629 8005461,2,1
14:21:43.629 8005462,5,2
14:21:43.629 8005507,13,2
14:21:43.629 8005513,14,2
14:21:43.629 8005514,6,2
14:21:43.629 8015865,4,184
14:21:43.629 8015866,5,8
14:21:43.629 8015908,6,8
14:21:43.629 8021357,1,2
14:21:43.629 8021358,5,1
14:21:43.629 8021403,13,3
14:21:43.629 8021409,14,3
14:21:43.629 8021409,6,1
14:21:43.629 8037251,2,3
14:21:43.629 8037252,5,2
14:21:43.629 8037298,13,4
14:21:43.629 8037304,14,4
14:21:43.629 8037304,6,2
14:21:43.629 8040698,3,185
14:21:43.629 8040699,5,4
14:21:43.629 8040742,6,4
14:21:43.629 8053141,1,4
14:21:43.629 8053142,5,1
14:21:43.629 8053188,13,5
14:21:43.629 8053193,14,5
14:21:43.629 8053193,6,1
14:21:43.629 8065532,4,185
14:21:43.629 8065534,5,8
14:21:43.632 8065576,6,8
14:21:43.632 8069040,2,5
14:21:43.632 8069041,5,2
14:21:43.692 8069087,13,6
14:21:43.692 8069092,14,6
14:21:43.692 8069093,6,2
14:21:43.692 8089976,1,6
14:21:43.692 8089978,5,1
14:21:43.692 8090024,13,7
14:21:43.692 8090029,14,7
14:21:43.692 8090030,6,1
14:21:43.692 8090368,3,186
14:21:43.692 8090369,5,4
14:21:43.692 8090412,6,4
14:21:43.692 8100819,2,7
14:21:43.692 8100821,5,2
14:21:43.692 8100867,13,8
14:21:43.692 8100872,14,8
14:21:43.692 8100873,6,2
14:21:43.692 8115178,4,186
14:21:43.692 8115179,5,8
14:21:43.692 8115221,6,8
14:21:43.692 8116695,1,8
14:21:43.692 8116696,5,1
14:21:43.692 8116742,13,9
14:21:43.692 8116747,14,9
14:21:43.692 8116747,6,1
14:21:43.692 8132577,2,9
14:21:43.692 8132579,5,2
14:21:43.692 8132624,13,10
14:21:43.692 8132630,14,10
14:21:43.692 8132630,6,2
14:21:43.692 8139992,3,187
14:21:43.694 8139994,5,4
14:21:43.694 8140036,6,4
14:21:43.755 8148458,1,10
14:21:43.755 8148460,5,1
14:21:43.755 8148505,13,11
14:21:43.755 8148511,14,11
14:21:43.755 8148511,6,1
14:21:43.755 8164347,2,11
14:21:43.755 8164349,5,2
14:21:43.755 8164395,13,12
14:21:43.755 8164400,14,12
14:21:43.755 8164401,6,2
14:21:43.755 8164815,4,187
14:21:43.755 8164816,5,8
14:21:43.755 8164858,6,8
14:21:43.755 8180235,1,12
14:21:43.755 8180236,5,1
14:21:43.755 8180282,13,13
14:21:43.755 8180287,14,13
14:21:43.755 8180288,6,1
14:21:43.755 8189635,3,188
14:21:43.755 8189636,5,4
14:21:43.755 8189678,6,4
14:21:43.755 8196113,2,13
14:21:43.755 8196114,5,2
14:21:43.755 8196160,13,14
14:21:43.755 8196165,14,14
14:21:43.755 8196166,6,2
14:21:43.755 8212004,1,14
14:21:43.755 8212005,5,1
14:21:43.755 8212051,13,15
14:21:43.755 8212056,14,15
14:21:43.755 8212056,6,1
14:21:43.755 8214458,4,188
14:21:43.818 8214459,5,8
14:21:43.818 8214502,6,8
14:21:43.818 8227899,2,15
14:21:43.818 8227900,5,2
14:21:43.818 8227946,13,16
14:21:43.818 8227952,14,16
14:21:43.818 8227952,6,2
14:21:43.818 8239293,3,189
14:21:43.818 8239294,5,4
14:21:43.818 8239336,6,4
14:21:43.818 8243796,1,16
14:21:43.818 8243797,5,1
14:21:43.818 8243843,13,17
14:21:43.818 8243848,14,17
14:21:43.818 8243849,6,1
14:21:43.818 8259687,2,17
14:21:43.818 8259688,5,2
14:21:43.818 8259734,13,18
14:21:43.818 8259739,14,18
14:21:43.818 8259740,6,2
14:21:43.818 8264128,4,189
14:21:43.818 8264129,5,8
14:21:43.818 8264171,6,8
14:21:43.818 8275579,1,18
14:21:43.818 8275580,5,1
14:21:43.818 8275626,13,19
14:21:43.818 8275631,14,19
14:21:43.818 8275632,6,1
14:21:43.818 8288957,3,190
14:21:43.818 8288959,5,4
14:21:43.818 8289001,6,4
14:21:43.818 8291469,2,19
14:21:43.882 8291470,5,2
14:21:43.882 8291516,13,20
14:21:43.882 8291521,14,20
14:21:43.882 8291522,6,2
14:21:43.882 8307358,1,20
14:21:43.882 8307359,5,1
14:21:43.882 8307405,13,21
14:21:43.882 8307410,14,21
14:21:43.882 8307411,6,1
14:21:43.882 8313779,4,190
14:21:43.882 8313780,5,8
14:21:43.882 8313822,6,8
14:21:43.882 8323243,2,21
14:21:43.882 8323244,5,2
14:21:43.882 8323290,13,22
14:21:43.882 8323296,14,22
14:21:43.882 8323296,6,2
14:21:43.882 8338606,3,191
14:21:43.882 8338607,5,4
14:21:43.882 8338649,6,4
14:21:43.882 8339132,1,22
14:21:43.882 8339133,5,1
14:21:43.882 8339179,13,23
14:21:43.882 8339184,14,23
14:21:43.882 8339185,6,1
14:21:43.882 8355018,2,23
14:21:43.882 8355019,5,2
14:21:43.882 8355065,13,24
14:21:43.882 8355070,14,24
14:21:43.882 8355071,6,2
14:21:43.882 8363423,4,191
14:21:43.882 8363424,5,8
14:21:43.945 8363466,6,8
14:21:43.945 8370894,1,24
14:21:43.945 8370895,5,1
14:21:43.945 8370941,13,25
14:21:43.945 8370946,14,25
14:21:43.945 8370946,6,1
14:21:43.945 8386767,2,25
14:21:43.945 8386768,5,2
14:21:43.945 8386814,13,26
14:21:43.945 8386820,14,26
14:21:43.945 8386820,6,2
14:21:43.945 8388225,3,192
14:21:43.945 8388227,5,4
14:21:43.945 8388269,6,4
14:21:43.945 8402645,1,26
14:21:43.945 8402646,5,1
14:21:43.945 8402691,13,27
14:21:43.945 8402697,14,27
14:21:43.945 8402697,6,1
14:21:43.945 8413039,4,192
14:21:43.945 8413040,5,8
14:21:43.945 8413082,6,8
14:21:43.945 8418529,2,27
14:21:43.945 8418530,5,2
14:21:43.945 8418576,13,28
14:21:43.945 8418581,14,28
14:21:43.945 8418582,6,2
14:21:43.945 8434404,1,28
14:21:43.945 8434405,5,1
14:21:43.945 8434451,13,29
14:21:43.945 8434458,15,8
14:21:43.945 8434458,14,29
14:21:44.008 8434458,6,1
14:21:44.008 8434795,16,8
14:21:44.008 8437847,3,193
14:21:44.008 8437850,5,4
14:21:44.008 8437893,6,4
14:21:44.008 8450282,2,29
14:21:44.008 8450284,5,2
14:21:44.008 8450329,13,30
14:21:44.008 8450335,14,30
14:21:44.008 8450336,6,2
14:21:44.008 8462660,4,193
14:21:44.008 8462662,5,8
14:21:44.008 8462704,6,8
14:21:44.008 8466160,1,30
14:21:44.008 8466162,5,1
14:21:44.008 8466208,13,31
14:21:44.008 8466214,14,31
14:21:44.008 8466214,6,1
14:21:44.008 8482031,2,31
14:21:44.008 8482033,5,2
14:21:44.008 8482078,13,32
14:21:44.008 8482084,14,32
14:21:44.008 8482084,6,2
14:21:44.008 8487462,3,194
14:21:44.008 8487464,5,4
14:21:44.008 8487507,6,4
14:21:44.008 8497914,1,32
14:21:44.008 8497916,5,1
14:21:44.008 8497961,13,33
14:21:44.008 8497967,14,33
14:21:44.008 8497967,6,1
14:21:44.008 8505614,9,21
14:21:44.010 8512278,4,194
14:21:44.010 8512280,5,8
14:21:44.010 8512323,6,8
14:21:44.012 8513794,2,33
14:21:44.012 8513796,5,2
14:21:44.015 8513842,13,34
14:21:44.015 8513848,14,34
14:21:44.015 8513849,6,2
14:21:44.015 8529669,1,34
14:21:44.015 8529672,5,1
14:21:44.015 8529717,13,35
14:21:44.015 8529723,14,35
14:21:44.024 8529724,6,1
14:21:44.025 8537082,3,195
14:21:44.025 8537084,5,4
14:21:44.025 8537126,6,4
14:21:44.087 8545541,2,35
14:21:44.087 8545543,5,2
14:21:44.087 8545589,13,36
14:21:44.087 8545595,14,36
14:21:44.087 8545595,6,2
14:21:44.087 8546702,10,21
14:21:44.087 8561399,1,36
14:21:44.087 8561401,5,1
14:21:44.087 8561447,13,37
14:21:44.087 8561453,14,37
14:21:44.087 8561453,6,1
14:21:44.087 8561865,4,195
14:21:44.087 8561866,5,8
14:21:44.087 8561909,6,8
14:21:44.087 8577256,2,37
14:21:44.087 8577258,5,2
14:21:44.087 8577303,13,38
14:21:44.087 8577309,14,38
14:21:44.087 8577309,6,2
14:21:44.087 8586650,3,196
14:21:44.087 8586652,5,4
14:21:44.087 8586694,6,4
14:21:44.087 8599888,1,38
14:21:44.087 8599890,5,1
14:21:44.087 8599936,13,39
14:21:44.087 8599942,14,39
14:21:44.087 8599942,6,1
14:21:44.087 8608988,2,39
14:21:44.087 8608989,5,2
14:21:44.087 8609035,13,40
14:21:44.087 8609041,14,40
14:21:44.089 8609041,6,2
14:21:44.166 8611439,4,196
14:21:44.166 8611441,5,8
14:21:44.166 8611483,6,8
14:21:44.166 8624858,1,40
14:21:44.166 8624860,5,1
14:21:44.166 8624905,13,41
14:21:44.166 8624911,14,41
14:21:44.166 8624911,6,1
14:21:44.166 8636243,3,197
14:21:44.166 8636245,5,4
14:21:44.166 8636287,6,4
14:21:44.166 8640738,2,41
14:21:44.166 8640739,5,2
14:21:44.166 8640785,13,42
14:21:44.166 8640791,14,42
14:21:44.166 8640791,6,2
14:21:44.166 8656625,1,42
14:21:44.166 8656627,5,1
14:21:44.166 8656672,13,43
14:21:44.166 8656678,14,43
14:21:44.166 8656678,6,1
14:21:44.166 8661064,4,197
14:21:44.166 8661065,5,8
14:21:44.166 8661107,6,8
14:21:44.166 8672507,2,43
14:21:44.166 8672508,5,2
14:21:44.166 8672554,13,44
14:21:44.166 8672559,14,44
14:21:44.166 8672559,6,2
14:21:44.166 8685871,3,198
14:21:44.166 8685873,5,4
14:21:44.166 8685914,6,4
14:21:44.166 8688380,1,44
14:21:44.166 8688382,5,1
14:21:44.166 8688427,13,45
14:21:44.166 8688433,14,45
14:21:44.166 8688433,6,1
14:21:44.166 8704255,2,45
14:21:44.166 8704256,5,2
14:21:44.166 8704302,13,46
14:21:44.166 8704307,14,46
14:21:44.166 8704307,6,2
14:21:44.166 8710672,4,198
14:21:44.166 8710673,5,8
14:21:44.175 8710715,6,8
14:21:44.175 8720126,1,46
14:21:44.175 8720127,5,1
14:21:44.175 8720173,13,47
14:21:44.230 8720178,14,47
14:21:44.230 8720178,6,1
14:21:44.230 8735470,3,199
14:21:44.230 8735471,5,4
14:21:44.230 8735514,6,4
14:21:44.230 8735995,2,47
14:21:44.230 8735996,5,2
14:21:44.230 8736042,13,48
14:21:44.230 8736048,14,48
14:21:44.230 8736048,6,2
14:21:44.230 8751861,1,48
14:21:44.230 8751862,5,1
14:21:44.230 8751908,13,49
14:21:44.230 8751913,14,49
14:21:44.230 8751914,6,1
14:21:44.230 8760266,4,199
14:21:44.230 8760267,5,8
14:21:44.230 8760309,6,8
14:21:44.230 8767733,2,49
14:21:44.230 8767734,5,2
14:21:44.230 8767780,13,50
14:21:44.230 8767785,14,50
14:21:44.230 8767786,6,2
14:21:44.230 8783603,1,50
14:21:44.230 8783604,5,1
14:21:44.230 8783649,13,51
14:21:44.230 8783655,14,51
14:21:44.230 8783655,6,1
14:21:44.230 8785061,3,200
14:21:44.230 8785062,5,4
14:21:44.230 8785105,6,4
14:21:44.230 8799477,2,51
14:21:44.294 8799479,5,2
14:21:44.294 8799524,13,52
14:21:44.294 8799530,14,52
14:21:44.294 8799531,6,2
14:21:44.294 8809867,4,200
14:21:44.294 8809868,5,8
14:21:44.294 8809910,6,8
14:21:44.294 8815354,1,52
14:21:44.294 8815356,5,1
14:21:44.294 8815401,13,53
14:21:44.294 8815407,14,53
14:21:44.294 8815407,6,1
14:21:44.294 8831236,2,53
14:21:44.294 8831237,5,2
14:21:44.294 8831283,13,54
14:21:44.294 8831288,14,54
14:21:44.294 8831289,6,2
14:21:44.294 8834680,3,201
14:21:44.294 8834681,5,4
14:21:44.294 8834723,6,4
14:21:44.294 8847113,1,54
14:21:44.294 8847115,5,1
14:21:44.294 8847161,13,55
14:21:44.294 8847167,14,55
14:21:44.294 8847167,6,1
14:21:44.294 8859487,4,201
14:21:44.294 8859489,5,8
14:21:44.294 8859531,6,8
14:21:44.294 8862988,2,55
14:21:44.294 8862990,5,2
14:21:44.294 8863035,13,56
14:21:44.294 8863041,14,56
14:21:44.357 8863041,6,2
14:21:44.357 8878863,1,56
14:21:44.357 8878865,5,1
14:21:44.357 8878910,13,57
14:21:44.357 8878916,14,57
14:21:44.357 8878916,6,1
14:21:44.357 8884292,3,202
14:21:44.357 8884294,5,4
14:21:44.357 8884336,6,4
14:21:44.357 8894737,2,57
14:21:44.357 8894738,5,2
14:21:44.357 8894784,13,58
14:21:44.357 8894789,14,58
14:21:44.357 8894790,6,2
14:21:44.357 8909084,4,202
14:21:44.357 8909085,5,8
14:21:44.357 8909127,6,8
14:21:44.357 8910601,1,58
14:21:44.357 8910602,5,1
14:21:44.357 8910647,13,59
14:21:44.357 8910653,14,59
14:21:44.357 8910653,6,1
14:21:44.357 8926469,2,59
14:21:44.357 8926470,5,2
14:21:44.357 8926516,13,60
14:21:44.357 8926522,14,60
14:21:44.357 8926522,6,2
14:21:44.357 8933945,3,203
14:21:44.357 8933947,5,4
14:21:44.357 8933989,6,4
14:21:44.357 8942337,1,60
14:21:44.357 8942338,5,1
14:21:44.420 8942384,13,61
14:21:44.420 8942390,14,61
14:21:44.420 8942390,6,1
14:21:44.420 8958210,2,61
14:21:44.420 8958211,5,2
14:21:44.420 8958257,13,62
14:21:44.420 8958262,14,62
14:21:44.420 8958263,6,2
14:21:44.420 8958676,4,203
14:21:44.420 8958678,5,8
14:21:44.420 8958720,6,8
14:21:44.420 8974080,1,62
14:21:44.420 8974081,5,1
14:21:44.420 8974127,13,63
14:21:44.420 8974132,14,63
14:21:44.420 8974133,6,1
14:21:44.420 8983474,3,204
14:21:44.420 8983476,5,4
14:21:44.420 8983518,6,4
14:21:44.420 8989955,2,63
14:21:44.549 8989957,5,2
14:21:44.549 8990003,13,64
14:21:44.549 8990008,14,64
14:21:44.549 8990008,6,2
14:21:44.549 9005830,1,64
14:21:44.549 9005831,5,1
14:21:44.549 9005876,13,65
14:21:44.549 9005882,14,65
14:21:44.549 9005882,6,1
14:21:44.549 9008281,4,204
14:21:44.549 9008282,5,8
14:21:44.549 9008324,6,8
14:21:44.612 9021698,2,65
14:21:44.612 9021699,5,2
14:21:44.612 9021745,13,66
14:21:44.612 9021751,14,66
14:21:44.612 9021751,6,2
14:21:44.612 9033076,3,205
14:21:44.612 9033077,5,4
14:21:44.612 9033120,6,4
14:21:44.612 9037569,1,66
14:21:44.612 9037570,5,1
14:21:44.612 9037615,13,67
14:21:44.612 9037621,14,67
14:21:44.612 9037621,6,1
14:21:44.612 9053439,2,67
14:21:44.612 9053441,5,2
14:21:44.612 9053487,13,68
14:21:44.612 9053492,14,68
14:21:44.612 9053493,6,2
14:21:44.612 9057874,4,205
14:21:44.612 9057875,5,8
14:21:44.612 9057918,6,8
14:21:44.612 9069305,1,68
14:21:44.612 9069306,5,1
14:21:44.612 9069352,13,69
14:21:44.612 9069357,14,69
14:21:44.612 9069358,6,1
14:21:44.612 9082655,3,206
14:21:44.612 9082656,5,4
14:21:44.612 9082698,6,4
14:21:44.612 9085162,2,69
14:21:44.612 9085163,5,2
14:21:44.612 9085209,13,70
14:21:44.612 9085214,14,70
14:21:44.612 9085215,6,2
14:21:44.612 9101020,1,70
14:21:44.612 9101021,5,1
14:21:44.612 9101066,13,71
14:21:44.612 9101072,14,71
14:21:44.621 9101072,6,1
14:21:44.621 9109976,4,206
14:21:44.621 9109978,5,8
14:21:44.621 9110020,6,8
14:21:44.693 9116882,2,71
14:21:44.693 9116883,5,2
14:21:44.693 9116929,13,72
14:21:44.693 9116935,14,72
14:21:44.693 9116935,6,2
14:21:44.693 9132220,3,207
14:21:44.693 9132221,5,4
14:21:44.693 9132263,6,4
14:21:44.693 9132746,1,72
14:21:44.693 9132747,5,1
14:21:44.693 9132792,13,73
14:21:44.693 9132798,14,73
14:21:44.693 9132798,6,1
14:21:44.693 9148610,2,73
14:21:44.693 9148611,5,2
14:21:44.693 9148657,13,74
14:21:44.693 9148662,14,74
14:21:44.693 9148663,6,2
14:21:44.693 9157012,4,207
14:21:44.693 9157013,5,8
14:21:44.693 9157055,6,8
14:21:44.693 9164483,1,74
14:21:44.693 9164485,5,1
14:21:44.693 9164530,13,75
14:21:44.693 9164536,14,75
14:21:44.693 9164536,6,1
14:21:44.693 9180351,2,75
14:21:44.693 9180352,5,2
14:21:44.693 9180398,13,76
14:21:44.693 9180404,14,76
14:21:44.693 9180404,6,2
14:21:44.693 9181809,3,208
14:21:44.693 9181810,5,4
14:21:44.693 9181852,6,4
14:21:44.693 9196216,1,76
14:21:44.693 9196218,5,1
14:21:44.693 9196263,13,77
14:21:44.694 9196269,14,77
14:21:44.755 9196269,6,1
14:21:44.755 9206602,4,208
14:21:44.755 9206603,5,8
14:21:44.755 9206645,6,8
14:21:44.755 9212087,2,77
14:21:44.755 9212088,5,2
14:21:44.755 9212134,13,78
14:21:44.755 9212140,14,78
14:21:44.755 9212140,6,2
14:21:44.755 9227964,1,78
14:21:44.755 9227965,5,1
14:21:44.755 9228011,13,79
14:21:44.755 9228016,14,79
14:21:44.755 9228017,6,1
14:21:44.755 9231409,3,209
14:21:44.755 9231410,5,4
14:21:44.755 9231452,6,4
14:21:44.755 9243843,2,79
14:21:44.755 9243844,5,2
14:21:44.755 9243890,13,80
14:21:44.755 9243895,14,80
14:21:44.755 9243896,6,2
14:21:44.755 9256217,4,209
14:21:44.755 9256218,5,8
14:21:44.755 9256260,6,8
14:21:44.755 9259719,1,80
14:21:44.755 9259720,5,1
14:21:44.755 9259765,13,81
14:21:44.755 9259771,14,81
14:21:44.755 9259771,6,1
14:21:44.755 9275589,2,81
14:21:44.755 9275590,5,2
14:21:44.818 9275636,13,82
14:21:44.818 9275642,14,82
14:21:44.818 9275642,6,2
14:21:44.818 9281016,3,210
14:21:44.818 9281018,5,4
14:21:44.818 9281060,6,4
14:21:44.818 9291460,1,82
14:21:44.818 9291461,5,1
14:21:44.818 9291506,13,83
14:21:44.818 9291512,14,83
14:21:44.818 9291512,6,1
14:21:44.818 9305817,4,210
14:21:44.818 9305818,5,8
14:21:44.818 9305860,6,8
14:21:44.818 9307335,2,83
14:21:44.818 9307336,5,2
14:21:44.818 #trace end dropped=0 muted=41
14:21:45.343   pt[38]: min=-406 max=392 avg_abs=89 | fifo=992 under=0 over=0 late=0 mdf_cb=1257 mdf_err=0
14:21:45.793 in=16128Hz out=16400Hz ring=784 under=0 over=0 (dt=999999us) loglag=0us
14:21:45.793 ====================================
14:21:45.795 ====================================
14:21:45.799 PREPROC TEST
14:21:45.799 ====================================
14:21:45.799 ====================================
14:21:45.799 preproc test: 2 clips, board log-mel (Application/aed/preproc.c) vs PC (scripts/aed_clips.py)
14:21:45.810   15600 x int16 -> int8 1x64x96 (6144 B), zp=33, mel LUT 461 coefs (expected 461)
14:21:45.821   [0] 5-203128-A-0.wav (dog)
14:21:45.824       preproc 69074 us
14:21:45.826       int8 vs PC: same 6144 diff 0 of 6144, max |d| 0, |d|>1: 0
14:21:45.887       board tensor -> top1 4 dog p=9998 x1e-4 (41085 us) ok
14:21:45.887       pc tensor    -> top1 4 dog p=9998 x1e-4 (40902 us) ok
14:21:45.887       PC reference: ort top1 4 dog p=9998 / noopt top1 4 dog p=9997 (x1e-4)
14:21:45.887   [1] 5-201194-A-38.wav (clock_tick)
14:21:45.887       preproc 69115 us
14:21:45.887       int8 vs PC: same 6144 diff 0 of 6144, max |d| 0, |d|>1: 0
14:21:45.887       board tensor -> top1 1 clock_tick p=9998 x1e-4 (40992 us) ok
14:21:45.887       pc tensor    -> top1 1 clock_tick p=9998 x1e-4 (40957 us) ok
14:21:45.887       PC reference: ort top1 1 clock_tick p=9998 / noopt top1 1 clock_tick p=9998 (x1e-4)
14:21:45.887   totals: same 12288 diff 0 of 12288, max |d| 0, |d|>1: 0
14:21:45.887   top1 == PC: board tensor 2/2, pc tensor 2/2
14:21:45.887 preproc test PASS (no |d| > 1, and top1 from the board tensor matches PC)
14:21:45.898   audio before: under=0 over=0 late=0 / after: under=0 over=0 late=0
14:21:45.903 ====================================
14:21:45.903 ====================================
14:21:45.903 ====================================
14:21:45.903 ====================================
14:21:45.903 READY  起動確認おわり。ここから本番
14:21:45.983 ====================================
14:21:45.983 ====================================
14:21:45.983 win   20 pos=  307200  -49dBFS [###.................] rms=  113 peak=  510 seam=ok lag=336us
14:21:45.983   -> unknown         p=0.58  preproc=69088us infer=41023us
14:21:45.983   pt[39]: min=-538 max=466 avg_abs=101 | fifo=784 under=0 over=0 late=0 mdf_cb=1289 mdf_err=0
14:21:46.446   pt[40]: min=-542 max=454 avg_abs=106 | fifo=976 under=0 over=0 late=0 mdf_cb=1321 mdf_err=0
14:21:46.448 in=16384Hz out=16000Hz ring=1168 under=0 over=0 (dt=999999us) loglag=109146us
14:21:46.524 win   21 pos=  322560  -48dBFS [####................] rms=  135 peak=  542 seam=ok lag=333us
14:21:46.524   -> unknown         p=0.68  preproc=69047us infer=41082us
14:21:46.909   pt[41]: min=-566 max=512 avg_abs=137 | fifo=768 under=0 over=0 late=0 mdf_cb=1353 mdf_err=0
14:21:47.423   pt[42]: min=-3650 max=1524 avg_abs=206 | fifo=960 under=0 over=0 late=0 mdf_cb=1385 mdf_err=0
14:21:47.423 win   22 pos=  337920  -42dBFS [######..............] rms=  260 peak= 3650 seam=ok lag=334us
14:21:47.423   -> unknown         p=0.48  preproc=69090us infer=41027us
14:21:47.487 in=16128Hz out=16000Hz ring=1296 under=0 over=0 (dt=999999us) loglag=109146us
14:21:47.936   pt[43]: min=-742 max=938 avg_abs=152 | fifo=1008 under=0 over=0 late=0 mdf_cb=1418 mdf_err=0
14:21:48.385 win   23 pos=  353280  -44dBFS [#####...............] rms=  196 peak=  938 seam=ok lag=334us
14:21:48.385   -> clock_tick      p=0.81 (gated)  preproc=69082us infer=41073us
14:21:48.449   pt[44]: min=-872 max=1528 avg_abs=168 | fifo=1200 under=0 over=0 late=0 mdf_cb=1450 mdf_err=0
14:21:48.513 in=16128Hz out=16400Hz ring=1024 under=0 over=0 (dt=999999us) loglag=109146us
14:21:48.964   pt[45]: min=-984 max=850 avg_abs=101 | fifo=992 under=0 over=0 late=0 mdf_cb=1482 mdf_err=0
14:21:49.349 win   24 pos=  368640  -47dBFS [####................] rms=  153 peak= 1528 seam=ok lag=334us
14:21:49.349   -> clock_tick      p=0.86  preproc=69087us infer=41085us
14:21:49.476   pt[46]: min=-392 max=370 avg_abs=98 | fifo=1184 under=0 over=0 late=0 mdf_cb=1514 mdf_err=0
14:21:49.476 in=15872Hz out=16000Hz ring=896 under=0 over=0 (dt=999999us) loglag=109146us
14:21:49.990   pt[47]: min=-414 max=484 avg_abs=113 | fifo=976 under=0 over=0 late=0 mdf_cb=1546 mdf_err=0
14:21:50.308 win   25 pos=  384000  -48dBFS [####................] rms=  134 peak=  484 seam=ok lag=333us
14:21:50.308   -> unknown         p=0.56  preproc=69074us infer=41007us
14:21:50.500   pt[48]: min=-362 max=376 avg_abs=103 | fifo=768 under=0 over=0 late=0 mdf_cb=1578 mdf_err=0
14:21:50.500 in=16128Hz out=16000Hz ring=1024 under=0 over=0 (dt=1000000us) loglag=109146us
14:21:51.013   pt[49]: min=-466 max=368 avg_abs=94 | fifo=960 under=0 over=0 late=0 mdf_cb=1610 mdf_err=0
14:21:51.270 win   26 pos=  399360  -48dBFS [####................] rms=  128 peak=  528 seam=ok lag=335us
14:21:51.270   -> unknown         p=0.55  preproc=69018us infer=41011us
14:21:51.542 in=16384Hz out=16400Hz ring=1008 under=0 over=0 (dt=1000000us) loglag=109146us
14:21:51.542   pt[50]: min=-528 max=480 avg_abs=133 | fifo=1008 under=0 over=0 late=0 mdf_cb=1643 mdf_err=0
14:21:52.056   pt[51]: min=-482 max=552 avg_abs=109 | fifo=1200 under=0 over=0 late=0 mdf_cb=1675 mdf_err=0
14:21:52.248 win   27 pos=  414720  -47dBFS [####................] rms=  150 peak=  552 seam=ok lag=333us
14:21:52.248   -> unknown         p=0.49  preproc=69075us infer=41024us
14:21:52.505 in=16128Hz out=16000Hz ring=1136 under=0 over=0 (dt=999999us) loglag=109146us
14:21:52.569   pt[52]: min=-434 max=484 avg_abs=101 | fifo=992 under=0 over=0 late=0 mdf_cb=1707 mdf_err=0
14:21:53.081   pt[53]: min=-2140 max=2304 avg_abs=143 | fifo=1184 under=0 over=0 late=0 mdf_cb=1739 mdf_err=0
14:21:53.210 win   28 pos=  430080  -46dBFS [####................] rms=  169 peak= 2304 seam=ok lag=337us
14:21:53.210   -> unknown         p=0.68  preproc=69084us infer=41087us
14:21:53.529 in=16128Hz out=16000Hz ring=1264 under=0 over=0 (dt=1000000us) loglag=109146us
14:21:53.593   pt[54]: min=-380 max=536 avg_abs=103 | fifo=976 under=0 over=0 late=0 mdf_cb=1771 mdf_err=0
14:21:54.169   pt[55]: min=-414 max=356 avg_abs=100 | fifo=1168 under=0 over=0 late=0 mdf_cb=1803 mdf_err=0
14:21:54.169 win   29 pos=  445440  -48dBFS [####................] rms=  127 peak=  536 seam=ok lag=337us
14:21:54.169   -> sneezing        p=0.70 (gated)  preproc=69097us infer=41051us
14:21:54.169 ====================================
14:21:54.169 ====================================
14:21:54.169 TAP TOTAL win=29
14:21:54.169 ====================================
14:21:54.169 ====================================
14:21:54.169 tap total: windows=30 (expected 30 from 462848 samples) overrun=0 torn=0 skipped=0 seam ok=29 NG=0
14:21:54.169   tap lag max=339us (0 of them lower bounds) | tap write max=6963ns avg=5323ns (1808 calls)
14:21:54.176   audio under=0 over=0 late=0 | aed run=30 err=0 (last er=0)
14:21:54.178   preproc max=69101us avg=69075us | infer max=41095us avg=41046us
14:21:54.184   notify out=1 held=28 offlist=1 gated=6 lat max=112172us (0 lower bounds)
14:21:54.247   log sent=194 dropped=0 lag max=109146us
14:21:54.247   disp sent=0 dropped=0 max=0us avg=0us
14:21:54.247 ====================================
14:21:54.247 ====================================
14:21:54.567 in=16128Hz out=16400Hz ring=992 under=0 over=0 (dt=999999us) loglag=109146us
14:21:54.567   pt[56]: min=-430 max=454 avg_abs=104 | fifo=960 under=0 over=0 late=0 mdf_cb=1835 mdf_err=0
14:21:55.095   pt[57]: min=-442 max=376 avg_abs=96 | fifo=752 under=0 over=0 late=0 mdf_cb=1867 mdf_err=0
14:21:55.095 win   30 pos=  460800  -48dBFS [####................] rms=  127 peak=  454 seam=ok lag=335us
14:21:55.095   -> unknown         p=0.64  preproc=69091us infer=41023us
14:21:55.543 in=15872Hz out=16000Hz ring=864 under=0 over=0 (dt=999999us) loglag=109146us
14:21:55.607   pt[58]: min=-438 max=346 avg_abs=98 | fifo=1200 under=0 over=0 late=0 mdf_cb=1900 mdf_err=0
14:21:56.060 win   31 pos=  476160  -49dBFS [###.................] rms=  121 peak=  450 seam=ok lag=338us
14:21:56.060   -> unknown         p=0.52  preproc=69034us infer=41044us
14:21:56.123   pt[59]: min=-450 max=436 avg_abs=101 | fifo=992 under=0 over=0 late=0 mdf_cb=1932 mdf_err=0
14:21:56.570 in=16128Hz out=16000Hz ring=992 under=0 over=0 (dt=1000000us) loglag=109146us
14:21:56.634   pt[60]: min=-716 max=872 avg_abs=132 | fifo=1184 under=0 over=0 late=0 mdf_cb=1964 mdf_err=0
14:21:57.017 win   32 pos=  491520  -47dBFS [####................] rms=  154 peak=  872 seam=ok lag=336us
14:21:57.017   -> unknown         p=0.57  preproc=69088us infer=41036us
14:21:57.142   pt[61]: min=-420 max=446 avg_abs=105 | fifo=976 under=0 over=0 late=0 mdf_cb=1996 mdf_err=0
14:21:57.584 in=16128Hz out=16400Hz ring=720 under=0 over=0 (dt=1000000us) loglag=109146us
14:21:57.649   pt[62]: min=-640 max=398 avg_abs=98 | fifo=1168 under=0 over=0 late=0 mdf_cb=2028 mdf_err=0
14:21:57.985 win   33 pos=  506880  -47dBFS [####................] rms=  139 peak=  640 seam=ok lag=336us
14:21:57.985   -> unknown         p=0.63  preproc=69080us infer=41069us
14:21:58.177   pt[63]: min=-482 max=524 avg_abs=117 | fifo=960 under=0 over=0 late=0 mdf_cb=2060 mdf_err=0
14:21:58.562 in=16128Hz out=16000Hz ring=848 under=0 over=0 (dt=999999us) loglag=109146us
14:21:58.691   pt[64]: min=-332 max=436 avg_abs=106 | fifo=1152 under=0 over=0 late=0 mdf_cb=2092 mdf_err=0
14:21:58.946 win   34 pos=  522240  -47dBFS [####................] rms=  139 peak=  534 seam=ok lag=334us
14:21:58.946   -> unknown         p=0.52  preproc=69097us infer=41026us
14:21:59.201   pt[65]: min=-474 max=534 avg_abs=109 | fifo=944 under=0 over=0 late=0 mdf_cb=2124 mdf_err=0
14:21:59.587 in=16128Hz out=16000Hz ring=976 under=0 over=0 (dt=1000000us) loglag=109146us
14:21:59.730   pt[66]: min=-492 max=484 avg_abs=131 | fifo=736 under=0 over=0 late=0 mdf_cb=2156 mdf_err=0
14:21:59.922 win   35 pos=  537600  -47dBFS [####................] rms=  148 peak=  492 seam=ok lag=334us
14:21:59.922   -> clock_tick      p=0.85 (gated)  preproc=69090us infer=41030us
14:22:00.243   pt[67]: min=-518 max=492 avg_abs=122 | fifo=1184 under=0 over=0 late=0 mdf_cb=2189 mdf_err=0
14:22:00.562 in=16128Hz out=16000Hz ring=1104 under=0 over=0 (dt=999999us) loglag=109146us
14:22:00.882   pt[68]: min=-614 max=546 avg_abs=124 | fifo=976 under=0 over=0 late=0 mdf_cb=2221 mdf_err=0
14:22:00.882 win   36 pos=  552960  -47dBFS [####................] rms=  154 peak=  614 seam=ok lag=335us
14:22:00.882   -> unknown         p=0.43  preproc=69052us infer=41072us
14:22:01.267   pt[69]: min=-440 max=448 avg_abs=109 | fifo=1168 under=0 over=0 late=0 mdf_cb=2253 mdf_err=0
14:22:01.584 in=16128Hz out=16400Hz ring=832 under=0 over=0 (dt=1000000us) loglag=118145us
14:22:01.837   pt[70]: min=-2176 max=2204 avg_abs=142 | fifo=960 under=0 over=0 late=0 mdf_cb=2285 mdf_err=0
14:22:01.837 win   37 pos=  568320  -46dBFS [####................] rms=  170 peak= 2204 seam=ok lag=336us
14:22:01.837   -> unknown         p=0.57  preproc=69104us infer=41033us
14:22:02.284   pt[71]: min=-630 max=544 avg_abs=134 | fifo=1152 under=0 over=0 late=0 mdf_cb=2317 mdf_err=0
14:22:02.605 in=16128Hz out=16000Hz ring=960 under=0 over=0 (dt=999999us) loglag=118145us
14:22:02.797 win   38 pos=  583680  -47dBFS [####................] rms=  150 peak=  630 seam=ok lag=335us
14:22:02.797   -> unknown         p=0.28  preproc=69077us infer=41026us
14:22:02.797   pt[72]: min=-438 max=482 avg_abs=103 | fifo=944 under=0 over=0 late=0 mdf_cb=2349 mdf_err=0
14:22:03.309   pt[73]: min=-526 max=442 avg_abs=117 | fifo=1136 under=0 over=0 late=0 mdf_cb=2381 mdf_err=0
14:22:03.628 in=16128Hz out=16000Hz ring=1088 under=0 over=0 (dt=999999us) loglag=118145us
14:22:03.756 win   39 pos=  599040  -47dBFS [####................] rms=  140 peak=  526 seam=ok lag=333us
14:22:03.756   -> unknown         p=0.38  preproc=69080us infer=41023us
14:22:03.756 ====================================
14:22:03.756 ====================================
14:22:03.756 TAP TOTAL win=39
14:22:03.756 ====================================
14:22:03.756 ====================================
14:22:03.756 tap total: windows=40 (expected 40 from 616448 samples) overrun=0 torn=0 skipped=0 seam ok=39 NG=0
14:22:03.756   tap lag max=339us (0 of them lower bounds) | tap write max=6963ns avg=5321ns (2408 calls)
14:22:03.756   audio under=0 over=0 late=0 | aed run=40 err=0 (last er=0)
14:22:03.819   preproc max=69104us avg=69076us | infer max=41095us avg=41044us
14:22:03.819   notify out=1 held=38 offlist=1 gated=7 lat max=112172us (0 lower bounds)
14:22:03.819   log sent=256 dropped=0 lag max=118145us
14:22:03.819   disp sent=0 dropped=0 max=0us avg=0us
14:22:03.819 ====================================
14:22:03.819 ====================================
14:22:03.819   pt[74]: min=-370 max=468 avg_abs=97 | fifo=928 under=0 over=0 late=0 mdf_cb=2413 mdf_err=0
14:22:04.331   pt[75]: min=-412 max=480 avg_abs=96 | fifo=1120 under=0 over=0 late=0 mdf_cb=2445 mdf_err=0
14:22:04.716 in=16128Hz out=16400Hz ring=816 under=0 over=0 (dt=1000000us) loglag=118145us
14:22:04.716 win   40 pos=  614400  -49dBFS [###.................] rms=  118 peak=  480 seam=ok lag=332us
14:22:04.716   -> unknown         p=0.46  preproc=69082us infer=41038us
14:22:04.846   pt[76]: min=-410 max=392 avg_abs=105 | fifo=912 under=0 over=0 late=0 mdf_cb=2477 mdf_err=0
14:22:05.360   pt[77]: min=-398 max=340 avg_abs=99 | fifo=960 under=0 over=0 late=0 mdf_cb=2510 mdf_err=0
14:22:05.679 in=16128Hz out=16000Hz ring=944 under=0 over=0 (dt=999999us) loglag=118145us
14:22:05.679 win   41 pos=  629760  -48dBFS [####................] rms=  126 peak=  450 seam=ok lag=334us
14:22:05.679   -> unknown         p=0.66  preproc=69030us infer=41086us
14:22:05.870   pt[78]: min=-392 max=450 avg_abs=93 | fifo=1152 under=0 over=0 late=0 mdf_cb=2542 mdf_err=0
14:22:06.383   pt[79]: min=-430 max=470 avg_abs=101 | fifo=944 under=0 over=0 late=0 mdf_cb=2574 mdf_err=0
14:22:06.654 in=16128Hz out=16000Hz ring=1072 under=0 over=0 (dt=999999us) loglag=118145us
14:22:06.654 win   42 pos=  645120  -48dBFS [####................] rms=  124 peak=  470 seam=ok lag=331us
14:22:06.654   -> unknown         p=0.41  preproc=69088us infer=41052us
14:22:06.911   pt[80]: min=-970 max=728 avg_abs=114 | fifo=1136 under=0 over=0 late=0 mdf_cb=2606 mdf_err=0
14:22:07.424   pt[81]: min=-576 max=600 avg_abs=136 | fifo=928 under=0 over=0 late=0 mdf_cb=2638 mdf_err=0
14:22:07.617 win   43 pos=  660480  -46dBFS [####................] rms=  167 peak=  970 seam=ok lag=332us
14:22:07.617   -> crackling_fire  p=0.99 (gated)  preproc=69083us infer=41115us
14:22:07.617 in=16128Hz out=16000Hz ring=1200 under=0 over=0 (dt=999999us) loglag=118145us
14:22:07.938   pt[82]: min=-1084 max=1096 avg_abs=146 | fifo=1120 under=0 over=0 late=0 mdf_cb=2670 mdf_err=0
14:22:08.579   pt[83]: min=-402 max=444 avg_abs=99 | fifo=912 under=0 over=0 late=0 mdf_cb=2702 mdf_err=0
14:22:08.579 win   44 pos=  675840  -45dBFS [#####...............] rms=  178 peak= 1096 seam=ok lag=338us
14:22:08.579   -> unknown         p=0.35  preproc=69110us infer=41036us
14:22:08.643 in=16128Hz out=16400Hz ring=928 under=0 over=0 (dt=1000000us) loglag=118145us
14:22:08.957   pt[84]: min=-2100 max=1732 avg_abs=137 | fifo=1104 under=0 over=0 late=0 mdf_cb=2734 mdf_err=0
14:22:09.530   pt[85]: min=-486 max=452 avg_abs=109 | fifo=896 under=0 over=0 late=0 mdf_cb=2766 mdf_err=0
14:22:09.530 win   45 pos=  691200  -45dBFS [#####...............] rms=  179 peak= 2100 seam=ok lag=337us
14:22:09.530   -> clock_tick      p=0.85  preproc=69077us infer=41027us
14:22:09.658 in=16128Hz out=16000Hz ring=1056 under=0 over=0 (dt=999999us) loglag=118145us
14:22:09.978   pt[86]: min=-416 max=594 avg_abs=108 | fifo=1088 under=0 over=0 late=0 mdf_cb=2798 mdf_err=0
14:22:10.491 win   46 pos=  706560  -47dBFS [####................] rms=  142 peak=  594 seam=ok lag=336us
14:22:10.491   -> unknown         p=0.64  preproc=69029us infer=41055us
14:22:10.491   pt[87]: min=-1602 max=1404 avg_abs=165 | fifo=1136 under=0 over=0 late=0 mdf_cb=2831 mdf_err=0
14:22:10.684 in=16128Hz out=16000Hz ring=1184 under=0 over=0 (dt=1000000us) loglag=118145us
14:22:11.005   pt[88]: min=-32768 max=32767 avg_abs=1303 | fifo=928 under=0 over=0 late=0 mdf_cb=2863 mdf_err=0
14:22:11.406 win   47 pos=  721920  -20dBFS [#############.......] rms= 3141 peak=32768 seam=ok lag=337us
14:22:11.411   -> unknown         p=0.55  preproc=69088us infer=41031us
14:22:11.535   pt[89]: min=-5912 max=5348 avg_abs=328 | fifo=1120 under=0 over=0 late=0 mdf_cb=2895 mdf_err=0
14:22:11.663 in=16128Hz out=16000Hz ring=1312 under=0 over=0 (dt=999999us) loglag=118145us
14:22:12.050   pt[90]: min=-478 max=380 avg_abs=125 | fifo=912 under=0 over=0 late=0 mdf_cb=2927 mdf_err=0
14:22:12.372 win   48 pos=  737280  -45dBFS [#####...............] rms=  183 peak=  866 seam=ok lag=335us
14:22:12.372   -> unknown         p=0.67  preproc=69070us infer=41044us
14:22:12.564   pt[91]: min=-866 max=628 avg_abs=132 | fifo=1104 under=0 over=0 late=0 mdf_cb=2959 mdf_err=0
14:22:12.692 in=16128Hz out=16400Hz ring=1040 under=0 over=0 (dt=1000000us) loglag=118145us
14:22:13.076   pt[92]: min=-2608 max=2218 avg_abs=146 | fifo=896 under=0 over=0 late=0 mdf_cb=2991 mdf_err=0
14:22:13.333 win   49 pos=  752640  -44dBFS [#####...............] rms=  201 peak= 2608 seam=ok lag=337us
14:22:13.333   -> unknown         p=0.55  preproc=69075us infer=41055us
14:22:13.338 ====================================
14:22:13.342 ====================================
14:22:13.344 TAP TOTAL win=49
14:22:13.346 ====================================
14:22:13.350 ====================================
14:22:13.352 tap total: windows=50 (expected 50 from 770048 samples) overrun=0 torn=0 skipped=0 seam ok=49 NG=0
14:22:13.356   tap lag max=339us (0 of them lower bounds) | tap write max=6963ns avg=5321ns (3008 calls)
14:22:13.427   audio under=0 over=0 late=0 | aed run=50 err=0 (last er=0)
14:22:13.427   preproc max=69110us avg=69075us | infer max=41115us avg=41046us
14:22:13.427   notify out=1 held=47 offlist=2 gated=8 lat max=112172us (0 lower bounds)
14:22:13.427   log sent=318 dropped=0 lag max=118145us
14:22:13.427   disp sent=0 dropped=0 max=0us avg=0us
14:22:13.427 ====================================
14:22:13.427 ====================================
14:22:13.621   pt[93]: min=-730 max=436 avg_abs=128 | fifo=1088 under=0 over=0 late=0 mdf_cb=3023 mdf_err=0
14:22:13.683 in=16128Hz out=16000Hz ring=1168 under=0 over=0 (dt=999999us) loglag=118145us
14:22:14.132   pt[94]: min=-422 max=270 avg_abs=97 | fifo=880 under=0 over=0 late=0 mdf_cb=3055 mdf_err=0
14:22:14.325 win   50 pos=  768000  -48dBFS [####................] rms=  127 peak=  730 seam=ok lag=336us
14:22:14.325   -> sneezing        p=0.77 (gated)  preproc=69081us infer=41026us
14:22:14.646   pt[95]: min=-396 max=364 avg_abs=100 | fifo=1072 under=0 over=0 late=0 mdf_cb=3087 mdf_err=0
14:22:14.711 in=15872Hz out=16000Hz ring=1040 under=0 over=0 (dt=1000000us) loglag=118145us
14:22:15.161   pt[96]: min=-622 max=466 avg_abs=105 | fifo=864 under=0 over=0 late=0 mdf_cb=3119 mdf_err=0
14:22:15.289 win   51 pos=  783360  -48dBFS [####................] rms=  133 peak=  622 seam=ok lag=336us
14:22:15.289   -> unknown         p=0.53  preproc=69037us infer=41087us
14:22:15.675   pt[97]: min=-554 max=432 avg_abs=115 | fifo=1056 under=0 over=0 late=0 mdf_cb=3151 mdf_err=0
14:22:15.675 in=16128Hz out=16400Hz ring=768 under=0 over=0 (dt=1000000us) loglag=118145us
14:22:16.248   pt[98]: min=-654 max=878 avg_abs=146 | fifo=1104 under=0 over=0 late=0 mdf_cb=3184 mdf_err=0
14:22:16.248 win   52 pos=  798720  -46dBFS [####................] rms=  168 peak=  878 seam=ok lag=336us
14:22:16.248   -> unknown         p=0.45  preproc=69106us infer=41031us
14:22:16.710   pt[99]: min=-474 max=422 avg_abs=101 | fifo=896 under=0 over=0 late=0 mdf_cb=3216 mdf_err=0
14:22:16.710 in=16128Hz out=16000Hz ring=896 under=0 over=0 (dt=999999us) loglag=118145us
14:22:17.212 win   53 pos=  814080  -48dBFS [####................] rms=  138 peak=  484 seam=ok lag=336us
14:22:17.212   -> unknown         p=0.40  preproc=69084us infer=41038us
14:22:17.212   pt[100]: min=-450 max=424 avg_abs=104 | fifo=1088 under=0 over=0 late=0 mdf_cb=3248 mdf_err=0
14:22:17.717 in=16128Hz out=16000Hz ring=1024 under=0 over=0 (dt=999999us) loglag=118145us
14:22:17.717   pt[101]: min=-346 max=456 avg_abs=95 | fifo=880 under=0 over=0 late=0 mdf_cb=3280 mdf_err=0
14:22:18.159 win   54 pos=  829440  -49dBFS [###.................] rms=  117 peak=  456 seam=ok lag=334us
14:22:18.159   -> unknown         p=0.38  preproc=69076us infer=41024us
14:22:18.224   pt[102]: min=-376 max=452 avg_abs=102 | fifo=1072 under=0 over=0 late=0 mdf_cb=3312 mdf_err=0
14:22:18.733 in=16128Hz out=16000Hz ring=1152 under=0 over=0 (dt=1000000us) loglag=118145us
14:22:18.733   pt[103]: min=-464 max=658 avg_abs=108 | fifo=864 under=0 over=0 late=0 mdf_cb=3344 mdf_err=0
14:22:19.116 win   55 pos=  844800  -48dBFS [####................] rms=  132 peak=  658 seam=ok lag=336us
14:22:19.116   -> unknown         p=0.70  preproc=69088us infer=41027us
14:22:19.243   pt[104]: min=-394 max=398 avg_abs=88 | fifo=1056 under=0 over=0 late=0 mdf_cb=3376 mdf_err=0
14:22:19.689 in=16128Hz out=16400Hz ring=880 under=0 over=0 (dt=999999us) loglag=118145us
14:22:19.753   pt[105]: min=-4388 max=3484 avg_abs=455 | fifo=848 under=0 over=0 late=0 mdf_cb=3408 mdf_err=0
14:22:20.074 win   56 pos=  860160  -32dBFS [#########...........] rms=  859 peak= 4388 seam=ok lag=335us
14:22:20.074   -> unknown         p=0.60  preproc=69026us infer=41083us
14:22:20.264   pt[106]: min=-2848 max=2672 avg_abs=839 | fifo=1040 under=0 over=0 late=0 mdf_cb=3440 mdf_err=0
14:22:20.713 in=16128Hz out=16000Hz ring=1008 under=0 over=0 (dt=999999us) loglag=118145us
14:22:20.777   pt[107]: min=-1056 max=1090 avg_abs=200 | fifo=1088 under=0 over=0 late=0 mdf_cb=3473 mdf_err=0
14:22:21.033 win   57 pos=  875520  -37dBFS [#######.............] rms=  485 peak= 1650 seam=ok lag=334us
14:22:21.033   -> clock_tick      p=0.81  preproc=69081us infer=41058us
14:22:21.289   pt[108]: min=-370 max=420 avg_abs=94 | fifo=1280 under=0 over=0 late=0 mdf_cb=3505 mdf_err=0
14:22:21.737 in=16128Hz out=16000Hz ring=1136 under=0 over=0 (dt=999999us) loglag=118145us
14:22:21.802   pt[109]: min=-352 max=408 avg_abs=91 | fifo=1072 under=0 over=0 late=0 mdf_cb=3537 mdf_err=0
14:22:21.993 win   58 pos=  890880  -49dBFS [###.................] rms=  114 peak=  420 seam=ok lag=333us
14:22:21.993   -> unknown         p=0.37  preproc=69096us infer=41029us
14:22:22.313   pt[110]: min=-334 max=424 avg_abs=88 | fifo=864 under=0 over=0 late=0 mdf_cb=3569 mdf_err=0
14:22:22.758 in=16128Hz out=16400Hz ring=864 under=0 over=0 (dt=1000000us) loglag=118145us
14:22:22.953   pt[111]: min=-420 max=440 avg_abs=94 | fifo=1056 under=0 over=0 late=0 mdf_cb=3601 mdf_err=0
14:22:22.953 win   59 pos=  906240  -49dBFS [###.................] rms=  114 peak=  440 seam=ok lag=330us
14:22:22.953   -> unknown         p=0.40  preproc=69106us infer=41024us
14:22:22.953 ====================================
14:22:22.953 ====================================
14:22:22.953 TAP TOTAL win=59
14:22:22.953 ====================================
14:22:22.960 ====================================
14:22:22.960 tap total: windows=60 (expected 60 from 923648 samples) overrun=0 torn=0 skipped=0 seam ok=59 NG=0
14:22:22.968   tap lag max=339us (0 of them lower bounds) | tap write max=6963ns avg=5321ns (3608 calls)
14:22:22.980   audio under=0 over=0 late=0 | aed run=60 err=0 (last er=0)
14:22:22.985   preproc max=69110us avg=69076us | infer max=41115us avg=41045us
14:22:22.985   notify out=1 held=56 offlist=3 gated=9 lat max=112172us (0 lower bounds)
14:22:22.998   log sent=381 dropped=0 lag max=118145us
14:22:23.002   disp sent=0 dropped=0 max=0us avg=0us
14:22:23.002 ====================================
14:22:23.002 ====================================
14:22:23.397   pt[112]: min=-334 max=344 avg_abs=88 | fifo=848 under=0 over=0 late=0 mdf_cb=3633 mdf_err=0
14:22:23.719 in=16128Hz out=16000Hz ring=992 under=0 over=0 (dt=1000000us) loglag=118145us
14:22:23.925   pt[113]: min=-1004 max=620 avg_abs=99 | fifo=1040 under=0 over=0 late=0 mdf_cb=3665 mdf_err=0
14:22:23.925 win   60 pos=  921600  -49dBFS [###.................] rms=  117 peak= 1004 seam=ok lag=336us
14:22:23.925   -> unknown         p=0.57  preproc=69093us infer=41027us
14:22:24.375   pt[114]: min=-370 max=444 avg_abs=93 | fifo=832 under=0 over=0 late=0 mdf_cb=3697 mdf_err=0
14:22:24.775 in=16128Hz out=16000Hz ring=1120 under=0 over=0 (dt=999999us) loglag=118145us
14:22:24.903 win   61 pos=  936960  -49dBFS [###.................] rms=  118 peak=  444 seam=ok lag=337us
14:22:24.903   -> sneezing        p=0.78 (gated)  preproc=69033us infer=41030us
14:22:24.903   pt[115]: min=-364 max=404 avg_abs=95 | fifo=1024 under=0 over=0 late=0 mdf_cb=3729 mdf_err=0
14:22:25.414   pt[116]: min=-406 max=376 avg_abs=88 | fifo=1072 under=0 over=0 late=0 mdf_cb=3762 mdf_err=0
14:22:25.867 in=16128Hz out=16400Hz ring=848 under=0 over=0 (dt=1000000us) loglag=118145us
14:22:25.867 win   62 pos=  952320  -49dBFS [###.................] rms=  118 peak=  458 seam=ok lag=336us
14:22:25.867   -> sneezing        p=0.80 (gated)  preproc=69089us infer=41028us
14:22:25.930   pt[117]: min=-458 max=432 avg_abs=104 | fifo=1264 under=0 over=0 late=0 mdf_cb=3794 mdf_err=0
14:22:26.442   pt[118]: min=-460 max=388 avg_abs=98 | fifo=1056 under=0 over=0 late=0 mdf_cb=3826 mdf_err=0
14:22:26.829 in=16128Hz out=16000Hz ring=976 under=0 over=0 (dt=999999us) loglag=118145us
14:22:26.829 win   63 pos=  967680  -49dBFS [###.................] rms=  121 peak=  460 seam=ok lag=338us
14:22:26.829   -> unknown         p=0.37  preproc=69071us infer=41062us
14:22:26.959   pt[119]: min=-440 max=462 avg_abs=90 | fifo=1248 under=0 over=0 late=0 mdf_cb=3858 mdf_err=0
14:22:27.476   pt[120]: min=-542 max=398 avg_abs=97 | fifo=1040 under=0 over=0 late=0 mdf_cb=3890 mdf_err=0
14:22:27.732 win   64 pos=  983040  -49dBFS [###.................] rms=  123 peak=  542 seam=ok lag=336us
14:22:27.736   -> unknown         p=0.39  preproc=69094us infer=41088us
14:22:27.795 in=16128Hz out=16000Hz ring=1104 under=0 over=0 (dt=999999us) loglag=118145us
14:22:27.988   pt[121]: min=-422 max=402 avg_abs=101 | fifo=832 under=0 over=0 late=0 mdf_cb=3922 mdf_err=0
14:22:28.503   pt[122]: min=-398 max=392 avg_abs=103 | fifo=1024 under=0 over=0 late=0 mdf_cb=3954 mdf_err=0
14:22:28.697 win   65 pos=  998400  -48dBFS [####................] rms=  127 peak=  402 seam=ok lag=340us
14:22:28.697   -> unknown         p=0.60  preproc=69079us infer=41024us
14:22:28.778 in=16128Hz out=16000Hz ring=1232 under=0 over=0 (dt=1000000us) loglag=118145us
14:22:29.048   pt[123]: min=-396 max=468 avg_abs=89 | fifo=816 under=0 over=0 late=0 mdf_cb=3986 mdf_err=0
14:22:29.559   pt[124]: min=-468 max=412 avg_abs=103 | fifo=1008 under=0 over=0 late=0 mdf_cb=4018 mdf_err=0
14:22:29.688 win   66 pos= 1013760  -49dBFS [###.................] rms=  122 peak=  468 seam=ok lag=337us
14:22:29.688   -> unknown         p=0.45  preproc=69034us infer=41025us
14:22:29.815 in=16128Hz out=16400Hz ring=960 under=0 over=0 (dt=999999us) loglag=118145us
14:22:30.072   pt[125]: min=-444 max=408 avg_abs=96 | fifo=1056 under=0 over=0 late=0 mdf_cb=4051 mdf_err=0
14:22:30.648   pt[126]: min=-364 max=366 avg_abs=92 | fifo=1248 under=0 over=0 late=0 mdf_cb=4083 mdf_err=0
14:22:30.648 win   67 pos= 1029120  -49dBFS [###.................] rms=  120 peak=  444 seam=ok lag=339us
14:22:30.648   -> unknown         p=0.48  preproc=69101us infer=41014us
14:22:30.776 in=16128Hz out=16000Hz ring=1088 under=0 over=0 (dt=999999us) loglag=118145us
14:22:31.097   pt[127]: min=-384 max=350 avg_abs=89 | fifo=1040 under=0 over=0 late=0 mdf_cb=4115 mdf_err=0
14:22:31.609   pt[128]: min=-410 max=428 avg_abs=102 | fifo=1232 under=0 over=0 late=0 mdf_cb=4147 mdf_err=0
14:22:31.609 win   68 pos= 1044480  -49dBFS [###.................] rms=  118 peak=  428 seam=ok lag=338us
14:22:31.609   -> unknown         p=0.70  preproc=69078us infer=41077us
14:22:31.802 in=16128Hz out=16000Hz ring=1216 under=0 over=0 (dt=999999us) loglag=118145us
14:22:32.124   pt[129]: min=-326 max=440 avg_abs=92 | fifo=1024 under=0 over=0 late=0 mdf_cb=4179 mdf_err=0
14:22:32.574 win   69 pos= 1059840  -49dBFS [###.................] rms=  118 peak=  440 seam=ok lag=334us
14:22:32.574   -> unknown         p=0.39  preproc=69084us infer=41003us
14:22:32.574 ====================================
14:22:32.574 ====================================
14:22:32.574 TAP TOTAL win=69
14:22:32.574 ====================================
14:22:32.574 ====================================
14:22:32.574 tap total: windows=70 (expected 70 from 1077248 samples) overrun=0 torn=0 skipped=0 seam ok=69 NG=0
14:22:32.574   tap lag max=340us (0 of them lower bounds) | tap write max=6963ns avg=5321ns (4208 calls)
14:22:32.574   audio under=0 over=0 late=0 | aed run=70 err=0 (last er=0)
14:22:32.578   preproc max=69110us avg=69076us | infer max=41115us avg=41044us
14:22:32.636   notify out=1 held=66 offlist=3 gated=11 lat max=112172us (0 lower bounds)
14:22:32.636   log sent=442 dropped=0 lag max=118145us
14:22:32.636   disp sent=0 dropped=0 max=0us avg=0us
14:22:32.636 ====================================
14:22:32.636 ====================================
14:22:32.636   pt[130]: min=-436 max=324 avg_abs=92 | fifo=816 under=0 over=0 late=0 mdf_cb=4211 mdf_err=0
14:22:32.828 in=16128Hz out=16400Hz ring=944 under=0 over=0 (dt=1000000us) loglag=118145us
14:22:33.148   pt[131]: min=-408 max=442 avg_abs=96 | fifo=1008 under=0 over=0 late=0 mdf_cb=4243 mdf_err=0
14:22:33.533 win   70 pos= 1075200  -49dBFS [###.................] rms=  117 peak=  442 seam=ok lag=333us
14:22:33.533   -> unknown         p=0.34  preproc=69079us infer=41065us
14:22:33.664   pt[132]: min=-338 max=430 avg_abs=87 | fifo=800 under=0 over=0 late=0 mdf_cb=4275 mdf_err=0
14:22:33.854 in=16128Hz out=16000Hz ring=1072 under=0 over=0 (dt=999999us) loglag=118145us
14:22:34.174   pt[133]: min=-436 max=326 avg_abs=87 | fifo=992 under=0 over=0 late=0 mdf_cb=4307 mdf_err=0
14:22:34.495 win   71 pos= 1090560  -49dBFS [###.................] rms=  110 peak=  436 seam=ok lag=333us
14:22:34.495   -> unknown         p=0.44  preproc=69014us infer=41097us
14:22:34.687   pt[134]: min=-372 max=430 avg_abs=96 | fifo=784 under=0 over=0 late=0 mdf_cb=4339 mdf_err=0
14:22:34.816 in=16128Hz out=16000Hz ring=1200 under=0 over=0 (dt=999999us) loglag=118145us
14:22:35.200   pt[135]: min=-500 max=418 avg_abs=103 | fifo=1232 under=0 over=0 late=0 mdf_cb=4372 mdf_err=0
14:22:35.456 win   72 pos= 1105920  -48dBFS [####................] rms=  126 peak=  500 seam=ok lag=336us
14:22:35.456   -> unknown         p=0.55  preproc=69084us infer=41069us
14:22:35.713   pt[136]: min=-370 max=382 avg_abs=100 | fifo=1024 under=0 over=0 late=0 mdf_cb=4404 mdf_err=0
14:22:35.840 in=15872Hz out=16000Hz ring=1072 under=0 over=0 (dt=999999us) loglag=118145us
14:22:36.226   pt[137]: min=-368 max=392 avg_abs=90 | fifo=1216 under=0 over=0 late=0 mdf_cb=4436 mdf_err=0
14:22:36.419 win   73 pos= 1121280  -49dBFS [###.................] rms=  121 peak=  392 seam=ok lag=335us
14:22:36.419   -> unknown         p=0.44  preproc=69089us infer=41089us
14:22:36.740   pt[138]: min=-424 max=390 avg_abs=103 | fifo=1008 under=0 over=0 late=0 mdf_cb=4468 mdf_err=0
14:22:36.868 in=16128Hz out=16400Hz ring=800 under=0 over=0 (dt=1000000us) loglag=118145us
14:22:37.254   pt[139]: min=-458 max=420 avg_abs=102 | fifo=1200 under=0 over=0 late=0 mdf_cb=4500 mdf_err=0
14:22:37.381 win   74 pos= 1136640  -48dBFS [####................] rms=  128 peak=  458 seam=ok lag=336us
14:22:37.381   -> unknown         p=0.55  preproc=69089us infer=41023us
14:22:37.766   pt[140]: min=-418 max=460 avg_abs=109 | fifo=992 under=0 over=0 late=0 mdf_cb=4532 mdf_err=0
14:22:37.830 in=16128Hz out=16000Hz ring=928 under=0 over=0 (dt=999999us) loglag=118145us
14:22:38.343   pt[141]: min=-468 max=416 avg_abs=120 | fifo=1184 under=0 over=0 late=0 mdf_cb=4564 mdf_err=0
14:22:38.343 win   75 pos= 1152000  -47dBFS [####................] rms=  142 peak=  468 seam=ok lag=336us
14:22:38.343   -> unknown         p=0.53  preproc=69107us infer=41022us
14:22:38.792   pt[142]: min=-490 max=632 avg_abs=121 | fifo=976 under=0 over=0 late=0 mdf_cb=4596 mdf_err=0
14:22:38.856 in=16128Hz out=16000Hz ring=1056 under=0 over=0 (dt=1000000us) loglag=118145us
14:22:39.303 win   76 pos= 1167360  -46dBFS [####................] rms=  164 peak=  632 seam=ok lag=339us
14:22:39.303   -> unknown         p=0.36  preproc=69031us infer=41082us
14:22:39.303   pt[143]: min=-550 max=628 avg_abs=142 | fifo=768 under=0 over=0 late=0 mdf_cb=4628 mdf_err=0
14:22:39.834   pt[144]: min=-536 max=442 avg_abs=115 | fifo=960 under=0 over=0 late=0 mdf_cb=4660 mdf_err=0
14:22:39.834 in=16128Hz out=16400Hz ring=784 under=0 over=0 (dt=999999us) loglag=118145us
14:22:40.236 win   77 pos= 1182720  -46dBFS [####................] rms=  155 peak=  610 seam=ok lag=336us
14:22:40.236   -> unknown         p=0.52  preproc=69077us infer=41044us
14:22:40.300   pt[145]: min=-610 max=546 avg_abs=134 | fifo=1008 under=0 over=0 late=0 mdf_cb=4693 mdf_err=0
14:22:40.816   pt[146]: min=-450 max=530 avg_abs=127 | fifo=1200 under=0 over=0 late=0 mdf_cb=4725 mdf_err=0
14:22:40.879 in=16128Hz out=16000Hz ring=912 under=0 over=0 (dt=999999us) loglag=118145us
14:22:41.201 win   78 pos= 1198080  -46dBFS [####................] rms=  157 peak=  530 seam=ok lag=334us
14:22:41.201   -> unknown         p=0.51  preproc=69086us infer=41133us
14:22:41.328   pt[147]: min=-486 max=512 avg_abs=128 | fifo=992 under=0 over=0 late=0 mdf_cb=4757 mdf_err=0
14:22:41.842   pt[148]: min=-458 max=360 avg_abs=106 | fifo=1184 under=0 over=0 late=0 mdf_cb=4789 mdf_err=0
14:22:41.905 in=16128Hz out=16000Hz ring=1040 under=0 over=0 (dt=1000000us) loglag=118145us
14:22:42.161 win   79 pos= 1213440  -47dBFS [####................] rms=  145 peak=  512 seam=ok lag=336us
14:22:42.161   -> clock_tick      p=0.74 (gated)  preproc=69083us infer=41069us
14:22:42.161 ====================================
14:22:42.161 ====================================
14:22:42.161 TAP TOTAL win=79
14:22:42.161 ====================================
14:22:42.161 ====================================
14:22:42.161 tap total: windows=80 (expected 80 from 1230848 samples) overrun=0 torn=0 skipped=0 seam ok=79 NG=0
14:22:42.166   tap lag max=340us (0 of them lower bounds) | tap write max=6963ns avg=5321ns (4808 calls)
14:22:42.166   audio under=0 over=0 late=0 | aed run=80 err=0 (last er=0)
14:22:42.179   preproc max=69110us avg=69075us | infer max=41133us avg=41047us
14:22:42.188   notify out=1 held=76 offlist=3 gated=12 lat max=112172us (0 lower bounds)
14:22:42.193   log sent=505 dropped=0 lag max=118145us
14:22:42.197   disp sent=0 dropped=0 max=0us avg=0us
14:22:42.202 ====================================
14:22:42.203 ====================================
14:22:42.401   pt[149]: min=-422 max=390 avg_abs=110 | fifo=976 under=0 over=0 late=0 mdf_cb=4821 mdf_err=0
14:22:42.915 in=16128Hz out=16000Hz ring=1168 under=0 over=0 (dt=1000000us) loglag=118145us
14:22:42.915   pt[150]: min=-378 max=616 avg_abs=103 | fifo=1168 under=0 over=0 late=0 mdf_cb=4853 mdf_err=0
14:22:43.107 win   80 pos= 1228800  -48dBFS [####................] rms=  137 peak=  616 seam=ok lag=336us
14:22:43.107   -> unknown         p=0.32  preproc=69092us infer=41063us
14:22:43.429   pt[151]: min=-382 max=458 avg_abs=104 | fifo=960 under=0 over=0 late=0 mdf_cb=4885 mdf_err=0
14:22:43.880 in=16128Hz out=16400Hz ring=896 under=0 over=0 (dt=1000000us) loglag=118145us
14:22:43.944   pt[152]: min=-474 max=482 avg_abs=110 | fifo=1152 under=0 over=0 late=0 mdf_cb=4917 mdf_err=0
14:22:44.072 win   81 pos= 1244160  -48dBFS [####................] rms=  133 peak=  482 seam=ok lag=337us
14:22:44.072   -> unknown         p=0.61  preproc=69016us infer=41076us
14:22:44.459   pt[153]: min=-482 max=376 avg_abs=103 | fifo=944 under=0 over=0 late=0 mdf_cb=4949 mdf_err=0
14:22:44.909 in=16128Hz out=16000Hz ring=1024 under=0 over=0 (dt=999999us) loglag=118145us
14:22:45.036   pt[154]: min=-464 max=426 avg_abs=101 | fifo=736 under=0 over=0 late=0 mdf_cb=4981 mdf_err=0
14:22:45.036 win   82 pos= 1259520  -48dBFS [####................] rms=  127 peak=  482 seam=ok lag=335us
14:22:45.036   -> clock_tick      p=0.77 (gated)  preproc=69122us infer=41073us
14:22:45.486   pt[155]: min=-456 max=508 avg_abs=119 | fifo=928 under=0 over=0 late=0 mdf_cb=5013 mdf_err=0
14:22:45.998 in=16128Hz out=16000Hz ring=1152 under=0 over=0 (dt=1000000us) loglag=118145us
14:22:45.998   pt[156]: min=-406 max=462 avg_abs=97 | fifo=976 under=0 over=0 late=0 mdf_cb=5046 mdf_err=0
14:22:45.998 win   83 pos= 1274880  -48dBFS [####................] rms=  134 peak=  508 seam=ok lag=337us
14:22:45.998   -> unknown         p=0.52  preproc=69085us infer=41136us
14:22:46.512   pt[157]: min=-406 max=328 avg_abs=101 | fifo=1168 under=0 over=0 late=0 mdf_cb=5078 mdf_err=0
14:22:46.962 in=16128Hz out=16000Hz ring=1280 under=0 over=0 (dt=999999us) loglag=118145us
14:22:46.962 win   84 pos= 1290240  -49dBFS [###.................] rms=  123 peak=  462 seam=ok lag=336us
14:22:46.962   -> unknown         p=0.34  preproc=69084us infer=41084us
14:22:46.962   pt[158]: min=-368 max=330 avg_abs=89 | fifo=960 under=0 over=0 late=0 mdf_cb=5110 mdf_err=0
14:22:47.478   pt[159]: min=-410 max=368 avg_abs=95 | fifo=1152 under=0 over=0 late=0 mdf_cb=5142 mdf_err=0
14:22:47.941 in=15872Hz out=16400Hz ring=752 under=0 over=0 (dt=1000000us) loglag=118145us
14:22:47.941 win   85 pos= 1305600  -49dBFS [###.................] rms=  121 peak=  416 seam=ok lag=338us
14:22:47.941   -> unknown         p=0.40  preproc=69087us infer=41084us
14:22:48.006   pt[160]: min=-396 max=416 avg_abs=98 | fifo=944 under=0 over=0 late=0 mdf_cb=5174 mdf_err=0
14:22:48.521   pt[161]: min=-398 max=416 avg_abs=94 | fifo=1136 under=0 over=0 late=0 mdf_cb=5206 mdf_err=0
14:22:48.908 win   86 pos= 1320960  -49dBFS [###.................] rms=  113 peak=  476 seam=ok lag=335us
14:22:48.908   -> unknown         p=0.51  preproc=69037us infer=41082us
14:22:48.908 in=16128Hz out=16000Hz ring=880 under=0 over=0 (dt=999999us) loglag=118145us
14:22:49.035   pt[162]: min=-356 max=476 avg_abs=80 | fifo=928 under=0 over=0 late=0 mdf_cb=5238 mdf_err=0
14:22:49.549   pt[163]: min=-468 max=542 avg_abs=101 | fifo=1120 under=0 over=0 late=0 mdf_cb=5270 mdf_err=0
14:22:49.870 win   87 pos= 1336320  -49dBFS [###.................] rms=  117 peak=  542 seam=ok lag=335us
14:22:49.870   -> unknown         p=0.41  preproc=69082us infer=41079us
14:22:49.937 in=16128Hz out=16000Hz ring=1008 under=0 over=0 (dt=999999us) loglag=118145us
14:22:50.063   pt[164]: min=-380 max=364 avg_abs=86 | fifo=912 under=0 over=0 late=0 mdf_cb=5302 mdf_err=0
14:22:50.576   pt[165]: min=-356 max=528 avg_abs=95 | fifo=1104 under=0 over=0 late=0 mdf_cb=5334 mdf_err=0
14:22:50.832 win   88 pos= 1351680  -49dBFS [###.................] rms=  117 peak=  528 seam=ok lag=335us
14:22:50.832   -> unknown         p=0.55  preproc=69076us infer=41147us
14:22:50.960 in=16128Hz out=16000Hz ring=1136 under=0 over=0 (dt=999999us) loglag=118145us
14:22:51.088   pt[166]: min=-390 max=436 avg_abs=98 | fifo=896 under=0 over=0 late=0 mdf_cb=5366 mdf_err=0
14:22:51.604   pt[167]: min=-420 max=454 avg_abs=99 | fifo=1088 under=0 over=0 late=0 mdf_cb=5398 mdf_err=0
14:22:51.733 win   89 pos= 1367040  -49dBFS [###.................] rms=  123 peak=  454 seam=ok lag=335us
14:22:51.739   -> unknown         p=0.44  preproc=69089us infer=41055us
14:22:51.743 ====================================
14:22:51.748 ====================================
14:22:51.750 TAP TOTAL win=89
14:22:51.752 ====================================
14:22:51.754 ====================================
14:22:51.758 tap total: windows=90 (expected 90 from 1384448 samples) overrun=0 torn=0 skipped=0 seam ok=89 NG=0
14:22:51.765   tap lag max=340us (0 of them lower bounds) | tap write max=6963ns avg=5321ns (5408 calls)
14:22:51.826   audio under=0 over=0 late=0 | aed run=90 err=0 (last er=0)
14:22:51.826   preproc max=69122us avg=69075us | infer max=41147us avg=41052us
14:22:51.826   notify out=1 held=86 offlist=3 gated=13 lat max=112172us (0 lower bounds)
14:22:51.826   log sent=567 dropped=0 lag max=118145us
14:22:51.826   disp sent=0 dropped=0 max=0us avg=0us
14:22:51.826 ====================================
14:22:51.826 ====================================
14:22:51.955 in=16128Hz out=16400Hz ring=864 under=0 over=0 (dt=1000000us) loglag=118145us
14:22:52.146   pt[168]: min=-394 max=384 avg_abs=91 | fifo=880 under=0 over=0 late=0 mdf_cb=5430 mdf_err=0
14:22:52.723   pt[169]: min=-368 max=406 avg_abs=91 | fifo=1072 under=0 over=0 late=0 mdf_cb=5462 mdf_err=0
14:22:52.723 win   90 pos= 1382400  -49dBFS [###.................] rms=  115 peak=  406 seam=ok lag=334us
14:22:52.723   -> unknown         p=0.41  preproc=69106us infer=41060us
14:22:52.978 in=16128Hz out=16000Hz ring=992 under=0 over=0 (dt=999999us) loglag=118145us
14:22:53.170   pt[170]: min=-410 max=364 avg_abs=91 | fifo=1120 under=0 over=0 late=0 mdf_cb=5495 mdf_err=0
14:22:53.684   pt[171]: min=-386 max=394 avg_abs=91 | fifo=1312 under=0 over=0 late=0 mdf_cb=5527 mdf_err=0
14:22:53.684 win   91 pos= 1397760  -49dBFS [###.................] rms=  115 peak=  410 seam=ok lag=333us
14:22:53.684   -> unknown         p=0.47  preproc=69025us infer=41085us
14:22:53.940 in=16128Hz out=16000Hz ring=1120 under=0 over=0 (dt=1000000us) loglag=118145us
14:22:54.198   pt[172]: min=-306 max=438 avg_abs=96 | fifo=1104 under=0 over=0 late=0 mdf_cb=5559 mdf_err=0
14:22:54.648 win   92 pos= 1413120  -49dBFS [###.................] rms=  120 peak=  438 seam=ok lag=337us
14:22:54.648   -> unknown         p=0.56  preproc=69087us infer=41065us
14:22:54.713   pt[173]: min=-426 max=390 avg_abs=99 | fifo=896 under=0 over=0 late=0 mdf_cb=5591 mdf_err=0
14:22:54.969 in=16128Hz out=16000Hz ring=1248 under=0 over=0 (dt=1000000us) loglag=118145us
14:22:55.226   pt[174]: min=-392 max=424 avg_abs=98 | fifo=1088 under=0 over=0 late=0 mdf_cb=5623 mdf_err=0
14:22:55.610 win   93 pos= 1428480  -49dBFS [###.................] rms=  122 peak=  458 seam=ok lag=337us
14:22:55.610   -> unknown         p=0.52  preproc=69082us infer=41070us
14:22:55.737   pt[175]: min=-448 max=458 avg_abs=91 | fifo=880 under=0 over=0 late=0 mdf_cb=5655 mdf_err=0
14:22:55.995 in=16128Hz out=16400Hz ring=976 under=0 over=0 (dt=999999us) loglag=118145us
14:22:56.252   pt[176]: min=-430 max=392 avg_abs=99 | fifo=1072 under=0 over=0 late=0 mdf_cb=5687 mdf_err=0
14:22:56.573 win   94 pos= 1443840  -49dBFS [###.................] rms=  117 peak=  448 seam=ok lag=335us
14:22:56.573   -> unknown         p=0.66  preproc=69077us infer=41079us
14:22:56.766   pt[177]: min=-436 max=416 avg_abs=88 | fifo=864 under=0 over=0 late=0 mdf_cb=5719 mdf_err=0
14:22:56.958 in=16128Hz out=16000Hz ring=1104 under=0 over=0 (dt=1000000us) loglag=118145us
14:22:57.279   pt[178]: min=-418 max=366 avg_abs=94 | fifo=1056 under=0 over=0 late=0 mdf_cb=5751 mdf_err=0
14:22:57.536 win   95 pos= 1459200  -49dBFS [###.................] rms=  118 peak=  436 seam=ok lag=337us
14:22:57.536   -> unknown         p=0.54  preproc=69087us infer=41064us
14:22:57.792   pt[179]: min=-396 max=404 avg_abs=99 | fifo=848 under=0 over=0 late=0 mdf_cb=5783 mdf_err=0
14:22:57.985 in=15872Hz out=16000Hz ring=976 under=0 over=0 (dt=999999us) loglag=118145us
14:22:58.307   pt[180]: min=-404 max=462 avg_abs=106 | fifo=1040 under=0 over=0 late=0 mdf_cb=5815 mdf_err=0
14:22:58.499 win   96 pos= 1474560  -48dBFS [####................] rms=  133 peak=  462 seam=ok lag=336us
14:22:58.499   -> unknown         p=0.48  preproc=69033us infer=41089us
14:22:58.820   pt[181]: min=-436 max=444 avg_abs=112 | fifo=832 under=0 over=0 late=0 mdf_cb=5847 mdf_err=0
14:22:58.965 in=16128Hz out=16000Hz ring=1104 under=0 over=0 (dt=999999us) loglag=118145us
14:22:59.286   pt[182]: min=-456 max=450 avg_abs=116 | fifo=1024 under=0 over=0 late=0 mdf_cb=5879 mdf_err=0
14:22:59.415 win   97 pos= 1489920  -48dBFS [####................] rms=  137 peak=  456 seam=ok lag=338us
14:22:59.421   -> clock_tick      p=0.73 (gated)  preproc=69082us infer=41076us
14:22:59.817   pt[183]: min=-442 max=356 avg_abs=100 | fifo=1072 under=0 over=0 late=0 mdf_cb=5912 mdf_err=0
14:23:00.010 in=16128Hz out=16400Hz ring=832 under=0 over=0 (dt=999999us) loglag=118145us
14:23:00.410   pt[184]: min=-486 max=426 avg_abs=119 | fifo=1264 under=0 over=0 late=0 mdf_cb=5944 mdf_err=0
14:23:00.410 win   98 pos= 1505280  -48dBFS [####................] rms=  137 peak=  486 seam=ok lag=334us
14:23:00.410   -> unknown         p=0.50  preproc=69110us infer=41080us
14:23:00.856   pt[185]: min=-374 max=370 avg_abs=98 | fifo=1056 under=0 over=0 late=0 mdf_cb=5976 mdf_err=0
14:23:00.985 in=16128Hz out=16000Hz ring=960 under=0 over=0 (dt=1000000us) loglag=118145us
14:23:01.371 win   99 pos= 1520640  -49dBFS [###.................] rms=  121 peak=  386 seam=ok lag=333us
14:23:01.371   -> unknown         p=0.57  preproc=69097us infer=41051us
14:23:01.371 ====================================
14:23:01.371 ====================================
14:23:01.371 TAP TOTAL win=99
14:23:01.371 ====================================
14:23:01.371 ====================================
14:23:01.371 tap total: windows=100 (expected 100 from 1538048 samples) overrun=0 torn=0 skipped=0 seam ok=99 NG=0
14:23:01.371   tap lag max=340us (0 of them lower bounds) | tap write max=6963ns avg=5320ns (6008 calls)
14:23:01.377   audio under=0 over=0 late=0 | aed run=100 err=0 (last er=0)
14:23:01.377   preproc max=69122us avg=69076us | infer max=41147us avg=41054us
14:23:01.387   notify out=1 held=96 offlist=3 gated=14 lat max=112172us (0 lower bounds)
14:23:01.394   log sent=629 dropped=0 lag max=118145us
14:23:01.394   disp sent=0 dropped=0 max=0us avg=0us
14:23:01.404 ====================================
14:23:01.407 ====================================
14:23:01.410   pt[186]: min=-368 max=386 avg_abs=94 | fifo=848 under=0 over=0 late=0 mdf_cb=6008 mdf_err=0
14:23:01.868   pt[187]: min=-396 max=420 avg_abs=101 | fifo=1040 under=0 over=0 late=0 mdf_cb=6040 mdf_err=0
14:23:01.996 in=16128Hz out=16000Hz ring=1088 under=0 over=0 (dt=1000000us) loglag=118145us
14:23:02.316 win  100 pos= 1536000  -49dBFS [###.................] rms=  122 peak=  490 seam=ok lag=335us
14:23:02.316   -> unknown         p=0.35  preproc=69089us infer=41062us
14:23:02.381   pt[188]: min=-388 max=490 avg_abs=85 | fifo=832 under=0 over=0 late=0 mdf_cb=6072 mdf_err=0
14:23:02.894   pt[189]: min=-400 max=368 avg_abs=99 | fifo=1024 under=0 over=0 late=0 mdf_cb=6104 mdf_err=0
14:23:03.022 in=16128Hz out=16000Hz ring=1216 under=0 over=0 (dt=999999us) loglag=118145us
14:23:03.293 win  101 pos= 1551360  -49dBFS [###.................] rms=  116 peak=  400 seam=ok lag=334us
14:23:03.293   -> unknown         p=0.43  preproc=69028us infer=41083us
14:23:03.422   pt[190]: min=-360 max=456 avg_abs=91 | fifo=816 under=0 over=0 late=0 mdf_cb=6136 mdf_err=0
14:23:03.937   pt[191]: min=-478 max=414 avg_abs=97 | fifo=1008 under=0 over=0 late=0 mdf_cb=6168 mdf_err=0
14:23:04.001 in=16128Hz out=16400Hz ring=944 under=0 over=0 (dt=999999us) loglag=118145us
14:23:04.258 win  102 pos= 1566720  -49dBFS [###.................] rms=  121 peak=  478 seam=ok lag=335us
14:23:04.258   -> unknown         p=0.49  preproc=69079us infer=41086us
14:23:04.450   pt[192]: min=-438 max=382 avg_abs=100 | fifo=800 under=0 over=0 late=0 mdf_cb=6200 mdf_err=0
14:23:04.964   pt[193]: min=-428 max=376 avg_abs=89 | fifo=992 under=0 over=0 late=0 mdf_cb=6232 mdf_err=0
14:23:05.028 in=16128Hz out=16000Hz ring=1072 under=0 over=0 (dt=1000000us) loglag=118145us
14:23:05.221 win  103 pos= 1582080  -49dBFS [###.................] rms=  120 peak=  444 seam=ok lag=335us
14:23:05.221   -> unknown         p=0.45  preproc=69091us infer=41045us
14:23:05.477   pt[194]: min=-338 max=444 avg_abs=93 | fifo=1040 under=0 over=0 late=0 mdf_cb=6265 mdf_err=0
14:23:06.007   pt[195]: min=-340 max=404 avg_abs=81 | fifo=1232 under=0 over=0 late=0 mdf_cb=6297 mdf_err=0
14:23:06.007 in=16128Hz out=16000Hz ring=1200 under=0 over=0 (dt=999999us) loglag=118145us
14:23:06.152 win  104 pos= 1597440  -50dBFS [###.................] rms=  109 peak=  426 seam=ok lag=334us
14:23:06.152   -> unknown         p=0.56  preproc=69083us infer=41027us
14:23:06.474   pt[196]: min=-374 max=400 avg_abs=98 | fifo=1024 under=0 over=0 late=0 mdf_cb=6329 mdf_err=0
14:23:07.129   pt[197]: min=-366 max=360 avg_abs=91 | fifo=1216 under=0 over=0 late=0 mdf_cb=6361 mdf_err=0
14:23:07.129 in=16128Hz out=16400Hz ring=928 under=0 over=0 (dt=1000000us) loglag=118145us
14:23:07.129 win  105 pos= 1612800  -49dBFS [###.................] rms=  119 peak=  400 seam=ok lag=335us
14:23:07.129   -> unknown         p=0.70  preproc=69107us infer=41036us
14:23:07.515   pt[198]: min=-364 max=416 avg_abs=98 | fifo=1008 under=0 over=0 late=0 mdf_cb=6393 mdf_err=0
14:23:08.093   pt[199]: min=-426 max=394 avg_abs=93 | fifo=1200 under=0 over=0 late=0 mdf_cb=6425 mdf_err=0
14:23:08.093 in=16128Hz out=16000Hz ring=1056 under=0 over=0 (dt=1000000us) loglag=118145us
14:23:08.093 win  106 pos= 1628160  -49dBFS [###.................] rms=  120 peak=  426 seam=ok lag=334us
14:23:08.093   -> unknown         p=0.59  preproc=69030us infer=41092us
14:23:08.543   pt[200]: min=-322 max=368 avg_abs=87 | fifo=992 under=0 over=0 late=0 mdf_cb=6457 mdf_err=0
14:23:09.057 win  107 pos= 1643520  -49dBFS [###.................] rms=  115 peak=  460 seam=ok lag=334us
14:23:09.057   -> unknown         p=0.50  preproc=69075us infer=41054us
14:23:09.057 in=16128Hz out=16000Hz ring=1184 under=0 over=0 (dt=999999us) loglag=118145us
14:23:09.057   pt[201]: min=-460 max=412 avg_abs=93 | fifo=784 under=0 over=0 late=0 mdf_cb=6489 mdf_err=0
14:23:09.572   pt[202]: min=-340 max=410 avg_abs=91 | fifo=976 under=0 over=0 late=0 mdf_cb=6521 mdf_err=0
14:23:10.020 win  108 pos= 1658880  -50dBFS [###.................] rms=  109 peak=  410 seam=ok lag=338us
14:23:10.020   -> unknown         p=0.43  preproc=69087us infer=41045us
14:23:10.084 in=15872Hz out=16000Hz ring=1056 under=0 over=0 (dt=999999us) loglag=118145us
14:23:10.084   pt[203]: min=-396 max=350 avg_abs=89 | fifo=768 under=0 over=0 late=0 mdf_cb=6553 mdf_err=0
14:23:10.598   pt[204]: min=-422 max=382 avg_abs=98 | fifo=960 under=0 over=0 late=0 mdf_cb=6585 mdf_err=0
14:23:10.979 win  109 pos= 1674240  -48dBFS [####................] rms=  125 peak=  424 seam=ok lag=338us
14:23:10.979   -> unknown         p=0.31  preproc=69087us infer=41069us
14:23:10.979 ====================================
14:23:10.979 ====================================
14:23:10.979 TAP TOTAL win=109
14:23:10.979 ====================================
14:23:10.979 ====================================
14:23:10.979 tap total: windows=110 (expected 110 from 1691648 samples) overrun=0 torn=0 skipped=0 seam ok=109 NG=0
14:23:10.979   tap lag max=340us (0 of them lower bounds) | tap write max=6963ns avg=5320ns (6608 calls)
14:23:10.979   audio under=0 over=0 late=0 | aed run=110 err=0 (last er=0)
14:23:10.984   preproc max=69122us avg=69076us | infer max=41147us avg=41054us
14:23:10.989   notify out=1 held=106 offlist=3 gated=14 lat max=112172us (0 lower bounds)
14:23:10.995   log sent=691 dropped=0 lag max=118145us
14:23:11.059   disp sent=0 dropped=0 max=0us avg=0us
14:23:11.059 ====================================
14:23:11.059 ====================================
14:23:11.059 in=16128Hz out=16400Hz ring=784 under=0 over=0 (dt=999999us) loglag=118145us
14:23:11.122   pt[205]: min=-424 max=404 avg_abs=95 | fifo=1008 under=0 over=0 late=0 mdf_cb=6618 mdf_err=0
14:23:11.647   pt[206]: min=-412 max=398 avg_abs=90 | fifo=1200 under=0 over=0 late=0 mdf_cb=6650 mdf_err=0
14:23:11.901 win  110 pos= 1689600  -49dBFS [###.................] rms=  113 peak=  412 seam=ok lag=335us
14:23:11.901   -> unknown         p=0.46  preproc=69090us infer=41023us
14:23:12.093 in=16128Hz out=16000Hz ring=912 under=0 over=0 (dt=1000000us) loglag=118145us
14:23:12.157   pt[207]: min=-334 max=430 avg_abs=94 | fifo=992 under=0 over=0 late=0 mdf_cb=6682 mdf_err=0
14:23:12.669   pt[208]: min=-448 max=400 avg_abs=97 | fifo=1184 under=0 over=0 late=0 mdf_cb=6714 mdf_err=0
14:23:12.862 win  111 pos= 1704960  -49dBFS [###.................] rms=  119 peak=  448 seam=ok lag=337us
14:23:12.862   -> sneezing        p=0.76 (gated)  preproc=69031us infer=41077us
14:23:13.119 in=16128Hz out=16000Hz ring=1040 under=0 over=0 (dt=1000000us) loglag=118145us
14:23:13.183   pt[209]: min=-364 max=386 avg_abs=94 | fifo=976 under=0 over=0 late=0 mdf_cb=6746 mdf_err=0
14:23:13.695   pt[210]: min=-428 max=442 avg_abs=102 | fifo=1168 under=0 over=0 late=0 mdf_cb=6778 mdf_err=0
14:23:13.823 win  112 pos= 1720320  -48dBFS [####................] rms=  125 peak=  442 seam=ok lag=337us
14:23:13.823   -> unknown         p=0.48  preproc=69079us infer=41095us
14:23:14.078 in=16128Hz out=16000Hz ring=1168 under=0 over=0 (dt=1000000us) loglag=118145us
14:23:14.208   pt[211]: min=-410 max=394 avg_abs=106 | fifo=960 under=0 over=0 late=0 mdf_cb=6810 mdf_err=0
14:23:14.781   pt[212]: min=-402 max=308 avg_abs=85 | fifo=1152 under=0 over=0 late=0 mdf_cb=6842 mdf_err=0
14:23:14.781 win  113 pos= 1735680  -49dBFS [###.................] rms=  121 peak=  410 seam=ok lag=336us
14:23:14.790   -> sneezing        p=0.77 (gated)  preproc=69097us infer=41103us
14:23:15.116 in=16128Hz out=16400Hz ring=896 under=0 over=0 (dt=999999us) loglag=118145us
14:23:15.260   pt[213]: min=-32768 max=32767 avg_abs=1463 | fifo=944 under=0 over=0 late=0 mdf_cb=6874 mdf_err=0
14:23:15.771   pt[214]: min=-32768 max=32767 avg_abs=2172 | fifo=1136 under=0 over=0 late=0 mdf_cb=6906 mdf_err=0
14:23:15.771 {"win":114,"cls":"dog","p":1.00,"lat_ms":112,"under":0,"over":0,"late":0}
14:23:15.771 win  114 pos= 1751040  -16dBFS [##############......] rms= 5057 peak=32768 seam=ok lag=338us
14:23:15.771   -> dog             p=1.00  preproc=69071us infer=41096us
14:23:15.771 lcd: win 114 -> DOG p=1.00 (30640 us after notify)
14:23:16.089 in=16128Hz out=16000Hz ring=1024 under=0 over=0 (dt=1000000us) loglag=118145us
14:23:16.281   pt[215]: min=-23504 max=30388 avg_abs=1995 | fifo=928 under=0 over=0 late=0 mdf_cb=6938 mdf_err=0
14:23:16.727 {"win":115,"cls":"dog","p":0.99,"lat_ms":112,"under":0,"over":0,"late":0}
14:23:16.727 win  115 pos= 1766400  -21dBFS [#############.......] rms= 3084 peak=30388 seam=ok lag=336us
14:23:16.727   -> dog             p=0.99  preproc=69081us infer=41084us
14:23:16.727 lcd: win 115 -> DOG p=0.99 (21688 us after notify)
14:23:16.791   pt[216]: min=-942 max=1028 avg_abs=207 | fifo=1120 under=0 over=0 late=0 mdf_cb=6970 mdf_err=0
14:23:17.098 in=16128Hz out=16000Hz ring=1152 under=0 over=0 (dt=1000000us) loglag=118145us
14:23:17.290   pt[217]: min=-646 max=680 avg_abs=135 | fifo=912 under=0 over=0 late=0 mdf_cb=7002 mdf_err=0
14:23:17.689 {"win":116,"cls":"unknown","p":0.61,"lat_ms":112,"under":0,"over":0,"late":0}
14:23:17.689 win  116 pos= 1781760  -45dBFS [#####...............] rms=  175 peak=  814 seam=ok lag=334us
14:23:17.689   -> unknown         p=0.61  preproc=69030us infer=41081us
14:23:17.816   pt[218]: min=-400 max=466 avg_abs=98 | fifo=960 under=0 over=0 late=0 mdf_cb=7035 mdf_err=0
14:23:18.135 in=16128Hz out=16000Hz ring=1280 under=0 over=0 (dt=999999us) loglag=118145us
14:23:18.326   pt[219]: min=-32768 max=32767 avg_abs=4575 | fifo=1152 under=0 over=0 late=0 mdf_cb=7067 mdf_err=0
14:23:18.645 {"win":117,"cls":"dog","p":0.99,"lat_ms":112,"under":0,"over":0,"late":0}
14:23:18.645 win  117 pos= 1797120  -11dBFS [################....] rms= 8783 peak=32768 seam=ok lag=334us
14:23:18.645   -> dog             p=0.99  preproc=69077us infer=41093us
14:23:18.645 lcd: win 117 -> DOG p=0.99 (21684 us after notify)
14:23:18.838   pt[220]: min=-32768 max=32767 avg_abs=4806 | fifo=944 under=0 over=0 late=0 mdf_cb=7099 mdf_err=0
14:23:19.157 in=16128Hz out=16400Hz ring=1008 under=0 over=0 (dt=1000000us) loglag=118145us
14:23:19.349   pt[221]: min=-3918 max=3642 avg_abs=427 | fifo=1136 under=0 over=0 late=0 mdf_cb=7131 mdf_err=0
14:23:19.620 {"win":118,"cls":"dog","p":1.00,"lat_ms":112,"under":0,"over":0,"late":0}
14:23:19.620 win  118 pos= 1812480  -18dBFS [##############......] rms= 4104 peak=32768 seam=ok lag=330us
14:23:19.620   -> dog             p=1.00  preproc=69101us infer=41089us
14:23:19.620 lcd: win 118 -> DOG p=1.00 (21683 us after notify)
14:23:19.876   pt[222]: min=-32768 max=32767 avg_abs=3809 | fifo=928 under=0 over=0 late=0 mdf_cb=7163 mdf_err=0
14:23:20.133 in=15872Hz out=16000Hz ring=880 under=0 over=0 (dt=1000000us) loglag=118145us
14:23:20.389   pt[223]: min=-1130 max=1238 avg_abs=116 | fifo=1120 under=0 over=0 late=0 mdf_cb=7195 mdf_err=0
14:23:20.580 {"win":119,"cls":"unknown","p":0.38,"lat_ms":112,"under":0,"over":0,"late":0}
14:23:20.580 win  119 pos= 1827840  -17dBFS [##############......] rms= 4707 peak=32768 seam=ok lag=333us
14:23:20.580   -> unknown         p=0.38  preproc=69083us infer=41087us
14:23:20.580 ====================================
14:23:20.580 ====================================
14:23:20.580 TAP TOTAL win=119
14:23:20.580 ====================================
14:23:20.580 ====================================
14:23:20.580 tap total: windows=120 (expected 120 from 1845248 samples) overrun=0 torn=0 skipped=0 seam ok=119 NG=0
14:23:20.580   tap lag max=340us (0 of them lower bounds) | tap write max=6963ns avg=5320ns (7208 calls)
14:23:20.589   audio under=0 over=0 late=0 | aed run=120 err=0 (last er=0)
14:23:20.595   preproc max=69122us avg=69075us | infer max=41147us avg=41057us
14:23:20.606   notify out=7 held=110 offlist=3 gated=16 lat max=112262us (0 lower bounds)
14:23:20.606   log sent=764 dropped=0 lag max=118145us
14:23:20.612   disp sent=4 dropped=0 max=30640us avg=23923us
14:23:20.677 ====================================
14:23:20.677 ====================================
14:23:20.868   pt[224]: min=-432 max=544 avg_abs=116 | fifo=912 under=0 over=0 late=0 mdf_cb=7227 mdf_err=0
14:23:21.126 in=16128Hz out=16000Hz ring=1008 under=0 over=0 (dt=999999us) loglag=118145us
14:23:21.384   pt[225]: min=-408 max=392 avg_abs=103 | fifo=1104 under=0 over=0 late=0 mdf_cb=7259 mdf_err=0
14:23:21.509 win  120 pos= 1843200  -47dBFS [####................] rms=  140 peak=  544 seam=ok lag=335us
14:23:21.509   -> unknown         p=0.52  preproc=69088us infer=41084us
14:23:21.894   pt[226]: min=-456 max=444 avg_abs=113 | fifo=896 under=0 over=0 late=0 mdf_cb=7291 mdf_err=0
14:23:22.149 in=16128Hz out=16000Hz ring=1136 under=0 over=0 (dt=999999us) loglag=118145us
14:23:22.472   pt[227]: min=-432 max=466 avg_abs=111 | fifo=1088 under=0 over=0 late=0 mdf_cb=7323 mdf_err=0
14:23:22.472 win  121 pos= 1858560  -47dBFS [####................] rms=  142 peak=  466 seam=ok lag=335us
14:23:22.472   -> unknown         p=0.65  preproc=69044us infer=41073us
14:23:22.921   pt[228]: min=-360 max=410 avg_abs=91 | fifo=880 under=0 over=0 late=0 mdf_cb=7355 mdf_err=0
14:23:23.178 in=16128Hz out=16400Hz ring=864 under=0 over=0 (dt=999999us) loglag=118145us
14:23:23.436   pt[229]: min=-488 max=404 avg_abs=113 | fifo=1072 under=0 over=0 late=0 mdf_cb=7387 mdf_err=0
14:23:23.436 win  122 pos= 1873920  -48dBFS [####................] rms=  125 peak=  488 seam=ok lag=333us
14:23:23.436   -> unknown         p=0.55  preproc=69068us infer=41083us
14:23:23.951   pt[230]: min=-438 max=500 avg_abs=111 | fifo=864 under=0 over=0 late=0 mdf_cb=7419 mdf_err=0
14:23:24.141 in=16128Hz out=16000Hz ring=992 under=0 over=0 (dt=999999us) loglag=118145us
14:23:24.399 win  123 pos= 1889280  -48dBFS [####................] rms=  137 peak=  500 seam=ok lag=334us
14:23:24.399   -> unknown         p=0.70  preproc=69082us infer=41114us
14:23:24.462   pt[231]: min=-398 max=364 avg_abs=101 | fifo=1312 under=0 over=0 late=0 mdf_cb=7452 mdf_err=0
14:23:24.975   pt[232]: min=-384 max=406 avg_abs=94 | fifo=1104 under=0 over=0 late=0 mdf_cb=7484 mdf_err=0
14:23:25.169 in=16128Hz out=16000Hz ring=1120 under=0 over=0 (dt=1000000us) loglag=118145us
14:23:25.360 win  124 pos= 1904640  -48dBFS [####................] rms=  127 peak=  498 seam=ok lag=339us
14:23:25.360   -> unknown         p=0.68  preproc=69092us infer=41056us
14:23:25.486   pt[233]: min=-412 max=498 avg_abs=114 | fifo=896 under=0 over=0 late=0 mdf_cb=7516 mdf_err=0
14:23:25.998   pt[234]: min=-570 max=502 avg_abs=112 | fifo=1088 under=0 over=0 late=0 mdf_cb=7548 mdf_err=0
14:23:26.191 in=16128Hz out=16000Hz ring=1248 under=0 over=0 (dt=999999us) loglag=118145us
14:23:26.318 win  125 pos= 1920000  -47dBFS [####................] rms=  140 peak=  570 seam=ok lag=337us
14:23:26.318   -> unknown         p=0.66  preproc=69093us infer=41051us
14:23:26.511   pt[235]: min=-458 max=336 avg_abs=106 | fifo=880 under=0 over=0 late=0 mdf_cb=7580 mdf_err=0
14:23:27.024   pt[236]: min=-418 max=332 avg_abs=88 | fifo=1072 under=0 over=0 late=0 mdf_cb=7612 mdf_err=0
14:23:27.297 in=16128Hz out=16400Hz ring=976 under=0 over=0 (dt=1000000us) loglag=118145us
14:23:27.297 win  126 pos= 1935360  -49dBFS [###.................] rms=  118 peak=  418 seam=ok lag=337us
14:23:27.297   -> unknown         p=0.37  preproc=69037us infer=41084us
14:23:27.553   pt[237]: min=-464 max=376 avg_abs=102 | fifo=864 under=0 over=0 late=0 mdf_cb=7644 mdf_err=0
14:23:28.069   pt[238]: min=-464 max=462 avg_abs=103 | fifo=1056 under=0 over=0 late=0 mdf_cb=7676 mdf_err=0
14:23:28.261 in=16128Hz out=16000Hz ring=1104 under=0 over=0 (dt=999999us) loglag=118145us
14:23:28.261 win  127 pos= 1950720  -48dBFS [####................] rms=  130 peak=  464 seam=ok lag=336us
14:23:28.261   -> unknown         p=0.47  preproc=69088us infer=41071us
14:23:28.584   pt[239]: min=-374 max=452 avg_abs=101 | fifo=848 under=0 over=0 late=0 mdf_cb=7708 mdf_err=0
14:23:29.099   pt[240]: min=-424 max=396 avg_abs=85 | fifo=1040 under=0 over=0 late=0 mdf_cb=7740 mdf_err=0
14:23:29.225 in=16128Hz out=16000Hz ring=1232 under=0 over=0 (dt=999999us) loglag=120673us
14:23:29.225 win  128 pos= 1966080  -49dBFS [###.................] rms=  118 peak=  452 seam=ok lag=380us
14:23:29.225   -> unknown         p=0.53  preproc=69011us infer=41073us
14:23:29.608   pt[241]: min=-432 max=420 avg_abs=100 | fifo=832 under=0 over=0 late=0 mdf_cb=7772 mdf_err=0
14:23:30.182   pt[242]: min=-19192 max=24884 avg_abs=1777 | fifo=1024 under=0 over=0 late=0 mdf_cb=7804 mdf_err=0
14:23:30.182 {"win":129,"cls":"crying_baby","p":0.85,"lat_ms":112,"under":0,"over":0,"late":0}
14:23:30.182 win  129 pos= 1981440  -25dBFS [###########.........] rms= 1920 peak=19192 seam=ok lag=337us
14:23:30.182   -> crying_baby     p=0.85  preproc=69099us infer=41057us
14:23:30.182 ====================================
14:23:30.182 ====================================
14:23:30.182 TAP TOTAL win=129
14:23:30.182 ====================================
14:23:30.182 ====================================
14:23:30.182 tap total: windows=130 (expected 130 from 1998848 samples) overrun=0 torn=0 skipped=0 seam ok=129 NG=0
14:23:30.246   tap lag max=380us (0 of them lower bounds) | tap write max=6963ns avg=5320ns (7808 calls)
14:23:30.246   audio under=0 over=0 late=0 | aed run=130 err=0 (last er=0)
14:23:30.246   preproc max=69122us avg=69075us | infer max=41147us avg=41058us
14:23:30.246   notify out=8 held=119 offlist=3 gated=16 lat max=112262us (0 lower bounds)
14:23:30.246   log sent=827 dropped=0 lag max=120673us
14:23:30.246   disp sent=5 dropped=0 max=30640us avg=23923us
14:23:30.246 ====================================
14:23:30.246 ====================================
14:23:30.246 in=15869Hz out=15997Hz ring=1104 under=0 over=0 (dt=1000173us) loglag=120673us
14:23:30.246 lcd: win 129 -> BABY p=0.85 (104034 us after notify)
14:23:30.635   pt[243]: min=-32768 max=32767 avg_abs=5687 | fifo=816 under=0 over=0 late=0 mdf_cb=7836 mdf_err=0
14:23:31.147 {"win":130,"cls":"unknown","p":0.56,"lat_ms":112,"under":0,"over":0,"late":0}
14:23:31.147 win  130 pos= 1996800  -15dBFS [###############.....] rms= 6134 peak=32768 seam=ok lag=333us
14:23:31.147   -> unknown         p=0.56  preproc=69091us infer=41075us
14:23:31.147   pt[244]: min=-17478 max=21012 avg_abs=2142 | fifo=864 under=0 over=0 late=0 mdf_cb=7869 mdf_err=0
14:23:31.210 in=16130Hz out=16402Hz ring=832 under=0 over=0 (dt=999826us) loglag=120673us
14:23:31.659   pt[245]: min=-27452 max=29262 avg_abs=4242 | fifo=1056 under=0 over=0 late=0 mdf_cb=7901 mdf_err=0
14:23:32.110 {"win":131,"cls":"crying_baby","p":1.00,"lat_ms":112,"under":0,"over":0,"late":0}
14:23:32.110 win  131 pos= 2012160  -17dBFS [##############......] rms= 4598 peak=29262 seam=ok lag=336us
14:23:32.110   -> crying_baby     p=1.00  preproc=69028us infer=41086us
14:23:32.110 lcd: win 131 -> BABY p=1.00 (22627 us after notify)
14:23:32.174   pt[246]: min=-17674 max=21594 avg_abs=1940 | fifo=1248 under=0 over=0 late=0 mdf_cb=7933 mdf_err=0
14:23:32.238 in=16128Hz out=16000Hz ring=960 under=0 over=0 (dt=1000000us) loglag=120673us
14:23:32.684   pt[247]: min=-24210 max=25970 avg_abs=3108 | fifo=1040 under=0 over=0 late=0 mdf_cb=7965 mdf_err=0
14:23:33.068 {"win":132,"cls":"crying_baby","p":1.00,"lat_ms":112,"under":0,"over":0,"late":0}
14:23:33.068 win  132 pos= 2027520  -17dBFS [##############......] rms= 4396 peak=32767 seam=ok lag=336us
14:23:33.068   -> crying_baby     p=1.00  preproc=69075us infer=41095us
14:23:33.068 lcd: win 132 -> BABY p=1.00 (22629 us after notify)
14:23:33.196   pt[248]: min=-32768 max=32767 avg_abs=5025 | fifo=1232 under=0 over=0 late=0 mdf_cb=7997 mdf_err=0
14:23:33.196 in=16128Hz out=16000Hz ring=1088 under=0 over=0 (dt=1000000us) loglag=120673us
14:23:33.725   pt[249]: min=-32518 max=32767 avg_abs=2936 | fifo=1024 under=0 over=0 late=0 mdf_cb=8029 mdf_err=0
14:23:33.981 {"win":133,"cls":"crying_baby","p":1.00,"lat_ms":112,"under":0,"over":0,"late":0}
14:23:33.983 win  133 pos= 2042880  -13dBFS [###############.....] rms= 7728 peak=32768 seam=ok lag=337us
14:23:33.993   -> crying_baby     p=1.00  preproc=69084us infer=41111us
14:23:34.061 lcd: win 133 -> BABY p=1.00 (22624 us after notify)
14:23:34.254 in=16128Hz out=16000Hz ring=1216 under=0 over=0 (dt=1000000us) loglag=120673us
14:23:34.254   pt[250]: min=-32768 max=32767 avg_abs=4379 | fifo=1216 under=0 over=0 late=0 mdf_cb=8061 mdf_err=0
14:23:34.763   pt[251]: min=-32768 max=32767 avg_abs=5836 | fifo=1008 under=0 over=0 late=0 mdf_cb=8093 mdf_err=0
14:23:34.956 {"win":134,"cls":"crying_baby","p":0.94,"lat_ms":112,"under":0,"over":0,"late":0}
14:23:34.956 win  134 pos= 2058240  -14dBFS [###############.....] rms= 6767 peak=32768 seam=ok lag=334us
14:23:34.956   -> crying_baby     p=0.94  preproc=69094us infer=41057us
14:23:35.018 lcd: win 134 -> BABY p=0.94 (22627 us after notify)
14:23:35.212 in=16128Hz out=16400Hz ring=944 under=0 over=0 (dt=999999us) loglag=120673us
14:23:35.291   pt[252]: min=-32768 max=32767 avg_abs=1969 | fifo=800 under=0 over=0 late=0 mdf_cb=8125 mdf_err=0
14:23:35.741   pt[253]: min=-518 max=354 avg_abs=111 | fifo=992 under=0 over=0 late=0 mdf_cb=8157 mdf_err=0
14:23:35.933 win  135 pos= 2073600  -29dBFS [##########..........] rms= 1164 peak=23968 seam=ok lag=334us
14:23:35.933   -> clock_tick      p=0.98  preproc=69078us infer=41044us
14:23:36.254 in=16128Hz out=16000Hz ring=1072 under=0 over=0 (dt=999999us) loglag=120673us
14:23:36.254   pt[254]: min=-362 max=408 avg_abs=99 | fifo=784 under=0 over=0 late=0 mdf_cb=8189 mdf_err=0
14:23:36.895   pt[255]: min=-500 max=390 avg_abs=118 | fifo=976 under=0 over=0 late=0 mdf_cb=8221 mdf_err=0
14:23:36.895 win  136 pos= 2088960  -48dBFS [####................] rms=  133 peak=  500 seam=ok lag=335us
14:23:36.895   -> unknown         p=0.57  preproc=69064us infer=41072us
14:23:37.217 in=16128Hz out=16000Hz ring=1200 under=0 over=0 (dt=999999us) loglag=120673us
14:23:37.280   pt[256]: min=-552 max=442 avg_abs=102 | fifo=1024 under=0 over=0 late=0 mdf_cb=8254 mdf_err=0
14:23:37.857   pt[257]: min=-632 max=512 avg_abs=124 | fifo=1216 under=0 over=0 late=0 mdf_cb=8286 mdf_err=0
14:23:37.857 win  137 pos= 2104320  -47dBFS [####................] rms=  143 peak=  632 seam=ok lag=334us
14:23:37.857   -> unknown         p=0.50  preproc=69072us infer=41063us
14:23:38.242 in=16128Hz out=16400Hz ring=928 under=0 over=0 (dt=1000000us) loglag=120673us
14:23:38.305   pt[258]: min=-550 max=466 avg_abs=112 | fifo=1008 under=0 over=0 late=0 mdf_cb=8318 mdf_err=0
14:23:38.834 win  138 pos= 2119680  -47dBFS [####................] rms=  139 peak=  550 seam=ok lag=332us
14:23:38.834   -> unknown         p=0.58  preproc=69088us infer=41084us
14:23:38.834   pt[259]: min=-454 max=448 avg_abs=114 | fifo=1200 under=0 over=0 late=0 mdf_cb=8350 mdf_err=0
14:23:39.283 in=16128Hz out=16000Hz ring=1056 under=0 over=0 (dt=999999us) loglag=120673us
14:23:39.347   pt[260]: min=-432 max=442 avg_abs=115 | fifo=992 under=0 over=0 late=0 mdf_cb=8382 mdf_err=0
14:23:39.794 win  139 pos= 2135040  -47dBFS [####................] rms=  142 peak=  448 seam=ok lag=333us
14:23:39.794   -> sneezing        p=0.75 (gated)  preproc=69081us infer=41012us
14:23:39.794 ====================================
14:23:39.794 ====================================
14:23:39.794 TAP TOTAL win=139
14:23:39.794 ====================================
14:23:39.794 ====================================
14:23:39.794 tap total: windows=140 (expected 140 from 2152448 samples) overrun=0 torn=0 skipped=0 seam ok=139 NG=0
14:23:39.794   tap lag max=380us (0 of them lower bounds) | tap write max=7100ns avg=5321ns (8408 calls)
14:23:39.794   audio under=0 over=0 late=0 | aed run=140 err=0 (last er=0)
14:23:39.794   preproc max=69122us avg=69075us | infer max=41147us avg=41059us
14:23:39.796   notify out=13 held=123 offlist=4 gated=17 lat max=112275us (0 lower bounds)
14:23:39.799   log sent=899 dropped=0 lag max=120673us
14:23:39.806   disp sent=9 dropped=0 max=104034us avg=32248us
14:23:39.810 ====================================
14:23:39.810 ====================================
14:23:39.875   pt[261]: min=-410 max=396 avg_abs=101 | fifo=1184 under=0 over=0 late=0 mdf_cb=8414 mdf_err=0
14:23:40.258 in=16128Hz out=16000Hz ring=1184 under=0 over=0 (dt=999999us) loglag=120673us
14:23:40.386   pt[262]: min=-434 max=392 avg_abs=105 | fifo=976 under=0 over=0 late=0 mdf_cb=8446 mdf_err=0
14:23:40.708 win  140 pos= 2150400  -48dBFS [####................] rms=  127 peak=  434 seam=ok lag=338us
14:23:40.708   -> unknown         p=0.37  preproc=69081us infer=41085us
14:23:40.901   pt[263]: min=-394 max=432 avg_abs=105 | fifo=1168 under=0 over=0 late=0 mdf_cb=8478 mdf_err=0
14:23:41.288 in=15872Hz out=16000Hz ring=1056 under=0 over=0 (dt=1000000us) loglag=120673us
14:23:41.416   pt[264]: min=-330 max=426 avg_abs=94 | fifo=960 under=0 over=0 late=0 mdf_cb=8510 mdf_err=0
14:23:41.673 win  141 pos= 2165760  -49dBFS [###.................] rms=  123 peak=  426 seam=ok lag=336us
14:23:41.673   -> sneezing        p=0.70 (gated)  preproc=69023us infer=41084us
14:23:41.929   pt[265]: min=-416 max=450 avg_abs=105 | fifo=752 under=0 over=0 late=0 mdf_cb=8542 mdf_err=0
14:23:42.250 in=16128Hz out=16400Hz ring=784 under=0 over=0 (dt=1000000us) loglag=120673us
14:23:42.442   pt[266]: min=-416 max=548 avg_abs=111 | fifo=944 under=0 over=0 late=0 mdf_cb=8574 mdf_err=0
14:23:42.633 win  142 pos= 2181120  -47dBFS [####................] rms=  138 peak=  548 seam=ok lag=339us
14:23:42.633   -> unknown         p=0.55  preproc=69085us infer=41063us
14:23:42.956   pt[267]: min=-552 max=430 avg_abs=101 | fifo=992 under=0 over=0 late=0 mdf_cb=8607 mdf_err=0
14:23:43.277 in=16128Hz out=16000Hz ring=912 under=0 over=0 (dt=999999us) loglag=120673us
14:23:43.470   pt[268]: min=-360 max=522 avg_abs=91 | fifo=1184 under=0 over=0 late=0 mdf_cb=8639 mdf_err=0
14:23:43.599 win  143 pos= 2196480  -49dBFS [###.................] rms=  120 peak=  552 seam=ok lag=337us
14:23:43.599   -> unknown         p=0.32  preproc=69088us infer=41093us
14:23:43.983   pt[269]: min=-416 max=446 avg_abs=117 | fifo=976 under=0 over=0 late=0 mdf_cb=8671 mdf_err=0
14:23:44.306 in=16128Hz out=16000Hz ring=1040 under=0 over=0 (dt=1000000us) loglag=120673us
14:23:44.563   pt[270]: min=-492 max=514 avg_abs=113 | fifo=1168 under=0 over=0 late=0 mdf_cb=8703 mdf_err=0
14:23:44.563 win  144 pos= 2211840  -47dBFS [####................] rms=  145 peak=  514 seam=ok lag=336us
14:23:44.563   -> unknown         p=0.58  preproc=69106us infer=41072us
14:23:45.012   pt[271]: min=-19656 max=16322 avg_abs=640 | fifo=960 under=0 over=0 late=0 mdf_cb=8735 mdf_err=0
14:23:45.332 in=16128Hz out=16000Hz ring=1168 under=0 over=0 (dt=999999us) loglag=120673us
14:23:45.522   pt[272]: min=-26148 max=27000 avg_abs=2513 | fifo=1152 under=0 over=0 late=0 mdf_cb=8767 mdf_err=0
14:23:45.522 win  145 pos= 2227200  -23dBFS [############........] rms= 2442 peak=27000 seam=ok lag=335us
14:23:45.522   -> unknown         p=0.48  preproc=69080us infer=41082us
14:23:46.031   pt[273]: min=-22976 max=22354 avg_abs=2425 | fifo=944 under=0 over=0 late=0 mdf_cb=8799 mdf_err=0
14:23:46.289 in=16128Hz out=16400Hz ring=896 under=0 over=0 (dt=999999us) loglag=120673us
14:23:46.479 win  146 pos= 2242560  -20dBFS [#############.......] rms= 3114 peak=22976 seam=ok lag=336us
14:23:46.479   -> unknown         p=0.35  preproc=69032us infer=41029us
14:23:46.543   pt[274]: min=-20446 max=21082 avg_abs=1844 | fifo=1136 under=0 over=0 late=0 mdf_cb=8831 mdf_err=0
14:23:47.056   pt[275]: min=-32768 max=32036 avg_abs=2609 | fifo=928 under=0 over=0 late=0 mdf_cb=8863 mdf_err=0
14:23:47.312 in=16128Hz out=16000Hz ring=1024 under=0 over=0 (dt=1000000us) loglag=120673us
14:23:47.439 win  147 pos= 2257920  -20dBFS [#############.......] rms= 3205 peak=32768 seam=ok lag=336us
14:23:47.439   -> unknown         p=0.51  preproc=69085us infer=41042us
14:23:47.568   pt[276]: min=-32768 max=32767 avg_abs=2301 | fifo=1120 under=0 over=0 late=0 mdf_cb=8895 mdf_err=0
14:23:48.077   pt[277]: min=-23766 max=20942 avg_abs=2185 | fifo=912 under=0 over=0 late=0 mdf_cb=8927 mdf_err=0
14:23:48.396 in=16128Hz out=16000Hz ring=1152 under=0 over=0 (dt=1000000us) loglag=120673us
14:23:48.396 win  148 pos= 2273280  -20dBFS [#############.......] rms= 3304 peak=32768 seam=ok lag=336us
14:23:48.396   -> unknown         p=0.60  preproc=69079us infer=41076us
14:23:48.603   pt[278]: min=-20442 max=19050 avg_abs=2096 | fifo=960 under=0 over=0 late=0 mdf_cb=8960 mdf_err=0
14:23:49.115   pt[279]: min=-20152 max=22656 avg_abs=2037 | fifo=1152 under=0 over=0 late=0 mdf_cb=8992 mdf_err=0
14:23:49.386 in=16128Hz out=16400Hz ring=880 under=0 over=0 (dt=999999us) loglag=120673us
14:23:49.386 win  149 pos= 2288640  -22dBFS [############........] rms= 2719 peak=22656 seam=ok lag=334us
14:23:49.386   -> chainsaw        p=0.93  preproc=69097us infer=41053us
14:23:49.386 ====================================
14:23:49.386 ====================================
14:23:49.386 TAP TOTAL win=149
14:23:49.386 ====================================
14:23:49.386 ====================================
14:23:49.386 tap total: windows=150 (expected 150 from 2306048 samples) overrun=0 torn=0 skipped=0 seam ok=149 NG=0
14:23:49.386   tap lag max=380us (0 of them lower bounds) | tap write max=7100ns avg=5320ns (9008 calls)
14:23:49.393   audio under=0 over=0 late=0 | aed run=150 err=0 (last er=0)
14:23:49.400   preproc max=69122us avg=69075us | infer max=41147us avg=41059us
14:23:49.402   notify out=13 held=132 offlist=5 gated=18 lat max=112275us (0 lower bounds)
14:23:49.465   log sent=962 dropped=0 lag max=120673us
14:23:49.465   disp sent=9 dropped=0 max=104034us avg=32248us
14:23:49.465 ====================================
14:23:49.465 ====================================
14:23:49.656   pt[280]: min=-17034 max=22496 avg_abs=2111 | fifo=944 under=0 over=0 late=0 mdf_cb=9024 mdf_err=0
14:23:50.119   pt[281]: min=-32768 max=32767 avg_abs=1706 | fifo=1136 under=0 over=0 late=0 mdf_cb=9056 mdf_err=0
14:23:50.326 win  150 pos= 2304000  -20dBFS [#############.......] rms= 3150 peak=32768 seam=ok lag=334us
14:23:50.326   -> unknown         p=0.69  preproc=69079us infer=41092us
14:23:50.326 in=16052Hz out=15924Hz ring=1008 under=0 over=0 (dt=1004723us) loglag=120673us
14:23:50.647   pt[282]: min=-424 max=378 avg_abs=101 | fifo=928 under=0 over=0 late=0 mdf_cb=9088 mdf_err=0
14:23:51.161   pt[283]: min=-420 max=482 avg_abs=111 | fifo=1120 under=0 over=0 late=0 mdf_cb=9120 mdf_err=0
14:23:51.289 win  151 pos= 2319360  -48dBFS [####................] rms=  138 peak=  482 seam=ok lag=378us
14:23:51.289   -> unknown         p=0.64  preproc=69027us infer=41086us
14:23:51.354 in=16204Hz out=16075Hz ring=1136 under=0 over=0 (dt=995275us) loglag=120789us
14:23:51.678   pt[284]: min=-446 max=318 avg_abs=102 | fifo=912 under=0 over=0 late=0 mdf_cb=9152 mdf_err=0
14:23:52.253   pt[285]: min=-444 max=384 avg_abs=96 | fifo=1104 under=0 over=0 late=0 mdf_cb=9184 mdf_err=0
14:23:52.253 win  152 pos= 2334720  -48dBFS [####................] rms=  125 peak=  446 seam=ok lag=334us
14:23:52.253   -> unknown         p=0.49  preproc=69103us infer=41026us
14:23:52.385 in=16128Hz out=16000Hz ring=1264 under=0 over=0 (dt=999999us) loglag=120789us
14:23:52.703   pt[286]: min=-1252 max=1288 avg_abs=115 | fifo=896 under=0 over=0 late=0 mdf_cb=9216 mdf_err=0
14:23:53.217 win  153 pos= 2350080  -47dBFS [####................] rms=  142 peak= 1288 seam=ok lag=334us
14:23:53.217   -> clock_tick      p=0.80  preproc=69077us infer=41066us
14:23:53.217   pt[287]: min=-492 max=464 avg_abs=106 | fifo=1088 under=0 over=0 late=0 mdf_cb=9248 mdf_err=0
14:23:53.345 in=16128Hz out=16400Hz ring=992 under=0 over=0 (dt=1000000us) loglag=120789us
14:23:53.730   pt[288]: min=-428 max=416 avg_abs=94 | fifo=1136 under=0 over=0 late=0 mdf_cb=9281 mdf_err=0
14:23:54.180 win  154 pos= 2365440  -48dBFS [####................] rms=  128 peak=  432 seam=ok lag=334us
14:23:54.180   -> unknown         p=0.34  preproc=69078us infer=41038us
14:23:54.244   pt[289]: min=-756 max=420 avg_abs=125 | fifo=928 under=0 over=0 late=0 mdf_cb=9313 mdf_err=0
14:23:54.373 in=16128Hz out=16000Hz ring=1120 under=0 over=0 (dt=1000000us) loglag=120789us
14:23:54.757   pt[290]: min=-506 max=446 avg_abs=118 | fifo=1120 under=0 over=0 late=0 mdf_cb=9345 mdf_err=0
14:23:55.144 win  155 pos= 2380800  -47dBFS [####................] rms=  154 peak=  756 seam=ok lag=334us
14:23:55.144   -> sneezing        p=0.84 (gated)  preproc=69087us infer=41037us
14:23:55.271   pt[291]: min=-456 max=478 avg_abs=116 | fifo=912 under=0 over=0 late=0 mdf_cb=9377 mdf_err=0
14:23:55.399 in=16128Hz out=16000Hz ring=1248 under=0 over=0 (dt=999999us) loglag=120789us
14:23:55.786   pt[292]: min=-456 max=458 avg_abs=114 | fifo=1104 under=0 over=0 late=0 mdf_cb=9409 mdf_err=0
14:23:56.123 win  156 pos= 2396160  -47dBFS [####................] rms=  146 peak=  516 seam=ok lag=337us
14:23:56.123   -> unknown         p=0.52  preproc=69021us infer=41052us
14:23:56.315   pt[293]: min=-452 max=516 avg_abs=124 | fifo=896 under=0 over=0 late=0 mdf_cb=9441 mdf_err=0
14:23:56.379 in=16128Hz out=16400Hz ring=976 under=0 over=0 (dt=1000000us) loglag=120789us
14:23:56.829   pt[294]: min=-424 max=432 avg_abs=106 | fifo=1088 under=0 over=0 late=0 mdf_cb=9473 mdf_err=0
14:23:57.024 win  157 pos= 2411520  -47dBFS [####................] rms=  143 peak=  458 seam=ok lag=338us
14:23:57.028   -> unknown         p=0.52  preproc=69086us infer=41041us
14:23:57.359   pt[295]: min=-446 max=426 avg_abs=113 | fifo=880 under=0 over=0 late=0 mdf_cb=9505 mdf_err=0
14:23:57.359 in=15872Hz out=16000Hz ring=848 under=0 over=0 (dt=999999us) loglag=120789us
14:23:57.873   pt[296]: min=-470 max=446 avg_abs=121 | fifo=1072 under=0 over=0 late=0 mdf_cb=9537 mdf_err=0
14:23:58.002 win  158 pos= 2426880  -47dBFS [####................] rms=  145 peak=  470 seam=ok lag=336us
14:23:58.002   -> unknown         p=0.63  preproc=69088us infer=41080us
14:23:58.386   pt[297]: min=-456 max=382 avg_abs=115 | fifo=1120 under=0 over=0 late=0 mdf_cb=9570 mdf_err=0
14:23:58.386 in=16128Hz out=16000Hz ring=976 under=0 over=0 (dt=1000000us) loglag=120789us
14:23:58.964   pt[298]: min=-476 max=468 avg_abs=108 | fifo=912 under=0 over=0 late=0 mdf_cb=9602 mdf_err=0
14:23:58.964 win  159 pos= 2442240  -47dBFS [####................] rms=  141 peak=  476 seam=ok lag=338us
14:23:58.964   -> unknown         p=0.51  preproc=69102us infer=41026us
14:23:58.964 ====================================
14:23:58.964 ====================================
14:23:58.970 TAP TOTAL win=159
14:23:58.970 ====================================
14:23:58.970 ====================================
14:23:58.970 tap total: windows=160 (expected 160 from 2459648 samples) overrun=0 torn=0 skipped=0 seam ok=159 NG=0
14:23:58.987   tap lag max=380us (0 of them lower bounds) | tap write max=7100ns avg=5320ns (9608 calls)
14:23:58.996   audio under=0 over=0 late=0 | aed run=160 err=0 (last er=0)
14:23:59.060   preproc max=69122us avg=69075us | infer max=41147us avg=41059us
14:23:59.060   notify out=13 held=141 offlist=6 gated=19 lat max=112275us (0 lower bounds)
14:23:59.060   log sent=1024 dropped=0 lag max=120789us
14:23:59.060   disp sent=9 dropped=0 max=104034us avg=32248us
14:23:59.060 ====================================
14:23:59.060 ====================================
14:23:59.381   pt[299]: min=-426 max=304 avg_abs=89 | fifo=1104 under=0 over=0 late=0 mdf_cb=9634 mdf_err=0
14:23:59.381 in=16128Hz out=16000Hz ring=1104 under=0 over=0 (dt=1000000us) loglag=120789us
14:23:59.955   pt[300]: min=-436 max=414 avg_abs=114 | fifo=896 under=0 over=0 late=0 mdf_cb=9666 mdf_err=0
14:23:59.955 win  160 pos= 2457600  -48dBFS [####................] rms=  129 peak=  436 seam=ok lag=335us
14:23:59.955   -> unknown         p=0.70  preproc=69085us infer=41103us
14:24:00.401 in=16128Hz out=16400Hz ring=832 under=0 over=0 (dt=999999us) loglag=120789us
14:24:00.401   pt[301]: min=-490 max=420 avg_abs=105 | fifo=1088 under=0 over=0 late=0 mdf_cb=9698 mdf_err=0
14:24:00.914 win  161 pos= 2472960  -28dBFS [##########..........] rms= 1243 peak=18792 seam=ok lag=336us
14:24:00.914   -> unknown         p=0.65  preproc=69016us infer=41084us
14:24:00.914   pt[302]: min=-32768 max=32767 avg_abs=2215 | fifo=880 under=0 over=0 late=0 mdf_cb=9730 mdf_err=0
14:24:01.432 in=16128Hz out=16000Hz ring=960 under=0 over=0 (dt=1000000us) loglag=120789us
14:24:01.432   pt[303]: min=-32768 max=32767 avg_abs=1956 | fifo=1072 under=0 over=0 late=0 mdf_cb=9762 mdf_err=0
14:24:01.879 {"win":162,"cls":"sneezing","p":0.98,"lat_ms":112,"under":0,"over":0,"late":0}
14:24:01.879 win  162 pos= 2488320  -17dBFS [##############......] rms= 4762 peak=32768 seam=ok lag=333us
14:24:01.879   -> sneezing        p=0.98  preproc=69083us infer=41055us
14:24:01.879 lcd: win 162 -> SNEEZE p=0.98 (22791 us after notify)
14:24:01.943   pt[304]: min=-474 max=404 avg_abs=106 | fifo=864 under=0 over=0 late=0 mdf_cb=9794 mdf_err=0
14:24:02.454 in=16128Hz out=16000Hz ring=1088 under=0 over=0 (dt=1000000us) loglag=120789us
14:24:02.454   pt[305]: min=-606 max=500 avg_abs=114 | fifo=1056 under=0 over=0 late=0 mdf_cb=9826 mdf_err=0
14:24:02.835 {"win":163,"cls":"unknown","p":0.32,"lat_ms":112,"under":0,"over":0,"late":0}
14:24:02.835 win  163 pos= 2503680  -47dBFS [####................] rms=  139 peak=  606 seam=ok lag=335us
14:24:02.835   -> unknown         p=0.32  preproc=69079us infer=41060us
14:24:02.962   pt[306]: min=-340 max=592 avg_abs=109 | fifo=848 under=0 over=0 late=0 mdf_cb=9858 mdf_err=0
14:24:03.424 in=16128Hz out=16400Hz ring=816 under=0 over=0 (dt=999999us) loglag=120789us
14:24:03.489   pt[307]: min=-518 max=482 avg_abs=96 | fifo=1296 under=0 over=0 late=0 mdf_cb=9891 mdf_err=0
14:24:03.745 win  164 pos= 2519040  -48dBFS [####................] rms=  126 peak=  592 seam=ok lag=335us
14:24:03.751   -> unknown         p=0.58  preproc=69102us infer=41066us
14:24:04.015   pt[308]: min=-388 max=398 avg_abs=93 | fifo=1088 under=0 over=0 late=0 mdf_cb=9923 mdf_err=0
14:24:04.460 in=16128Hz out=16000Hz ring=944 under=0 over=0 (dt=1000000us) loglag=120789us
14:24:04.523   pt[309]: min=-456 max=336 avg_abs=96 | fifo=1280 under=0 over=0 late=0 mdf_cb=9955 mdf_err=0
14:24:04.715 win  165 pos= 2534400  -49dBFS [###.................] rms=  123 peak=  456 seam=ok lag=336us
14:24:04.715   -> unknown         p=0.38  preproc=69072us infer=41051us
14:24:05.034   pt[310]: min=-394 max=394 avg_abs=105 | fifo=1072 under=0 over=0 late=0 mdf_cb=9987 mdf_err=0
14:24:05.418 in=16128Hz out=16000Hz ring=1072 under=0 over=0 (dt=999999us) loglag=120789us
14:24:05.545   pt[311]: min=-466 max=374 avg_abs=123 | fifo=864 under=0 over=0 late=0 mdf_cb=10019 mdf_err=0
14:24:05.673 win  166 pos= 2549760  -47dBFS [####................] rms=  142 peak=  466 seam=ok lag=333us
14:24:05.673   -> unknown         p=0.60  preproc=69040us infer=41101us
14:24:06.057   pt[312]: min=-400 max=434 avg_abs=106 | fifo=1056 under=0 over=0 late=0 mdf_cb=10051 mdf_err=0
14:24:06.441 in=16128Hz out=16000Hz ring=1200 under=0 over=0 (dt=1000000us) loglag=120789us
14:24:06.634   pt[313]: min=-550 max=498 avg_abs=119 | fifo=848 under=0 over=0 late=0 mdf_cb=10083 mdf_err=0
14:24:06.634 win  167 pos= 2565120  -47dBFS [####................] rms=  143 peak=  550 seam=ok lag=334us
14:24:06.640   -> unknown         p=0.37  preproc=69097us infer=41026us
14:24:07.099   pt[314]: min=-428 max=394 avg_abs=107 | fifo=1040 under=0 over=0 late=0 mdf_cb=10115 mdf_err=0
14:24:07.483 in=16128Hz out=16400Hz ring=928 under=0 over=0 (dt=999999us) loglag=120789us
14:24:07.611   pt[315]: min=-578 max=452 avg_abs=113 | fifo=832 under=0 over=0 late=0 mdf_cb=10147 mdf_err=0
14:24:07.611 win  168 pos= 2580480  -48dBFS [####................] rms=  137 peak=  578 seam=ok lag=336us
14:24:07.611   -> unknown         p=0.57  preproc=69086us infer=41076us
14:24:08.127   pt[316]: min=-408 max=452 avg_abs=100 | fifo=1024 under=0 over=0 late=0 mdf_cb=10179 mdf_err=0
14:24:08.591 in=16128Hz out=16000Hz ring=1056 under=0 over=0 (dt=1000000us) loglag=120789us
14:24:08.591 win  169 pos= 2595840  -49dBFS [###.................] rms=  123 peak=  452 seam=ok lag=336us
14:24:08.591   -> unknown         p=0.58  preproc=69083us infer=41025us
14:24:08.591 ====================================
14:24:08.591 ====================================
14:24:08.591 TAP TOTAL win=169
14:24:08.591 ====================================
14:24:08.591 ====================================
14:24:08.591 tap total: windows=170 (expected 170 from 2613248 samples) overrun=0 torn=0 skipped=0 seam ok=169 NG=0
14:24:08.591   tap lag max=380us (0 of them lower bounds) | tap write max=7100ns avg=5320ns (10208 calls)
14:24:08.591   audio under=0 over=0 late=0 | aed run=170 err=0 (last er=0)
14:24:08.591   preproc max=69122us avg=69075us | infer max=41147us avg=41059us
14:24:08.609   notify out=15 held=149 offlist=6 gated=19 lat max=112275us (0 lower bounds)
14:24:08.609   log sent=1089 dropped=0 lag max=120789us
14:24:08.620   disp sent=10 dropped=0 max=104034us avg=31302us
14:24:08.623 ====================================
14:24:08.627 ====================================
14:24:08.627   pt[317]: min=-366 max=366 avg_abs=91 | fifo=1072 under=0 over=0 late=0 mdf_cb=10212 mdf_err=0
14:24:09.152   pt[318]: min=-444 max=354 avg_abs=102 | fifo=1264 under=0 over=0 late=0 mdf_cb=10244 mdf_err=0
14:24:09.537 in=16128Hz out=16000Hz ring=1184 under=0 over=0 (dt=999999us) loglag=120789us
14:24:09.537 win  170 pos= 2611200  -49dBFS [###.................] rms=  117 peak=  444 seam=ok lag=335us
14:24:09.537   -> unknown         p=0.61  preproc=69094us infer=41005us
14:24:09.666   pt[319]: min=-318 max=364 avg_abs=84 | fifo=1056 under=0 over=0 late=0 mdf_cb=10276 mdf_err=0
14:24:10.195   pt[320]: min=-754 max=522 avg_abs=145 | fifo=1248 under=0 over=0 late=0 mdf_cb=10308 mdf_err=0
14:24:10.517 in=16128Hz out=16400Hz ring=912 under=0 over=0 (dt=1000000us) loglag=120789us
14:24:10.517 win  171 pos= 2626560  -46dBFS [####................] rms=  171 peak=  754 seam=ok lag=334us
14:24:10.517   -> unknown         p=0.48  preproc=69016us infer=41076us
14:24:10.710   pt[321]: min=-692 max=852 avg_abs=147 | fifo=1040 under=0 over=0 late=0 mdf_cb=10340 mdf_err=0
14:24:11.225   pt[322]: min=-690 max=474 avg_abs=134 | fifo=832 under=0 over=0 late=0 mdf_cb=10372 mdf_err=0
14:24:11.482 win  172 pos= 2641920  -46dBFS [####................] rms=  165 peak=  852 seam=ok lag=337us
14:24:11.482   -> sneezing        p=0.97 (gated)  preproc=69092us infer=41059us
14:24:11.482 in=16128Hz out=16000Hz ring=1040 under=0 over=0 (dt=999999us) loglag=120789us
14:24:11.739   pt[323]: min=-488 max=462 avg_abs=111 | fifo=1024 under=0 over=0 late=0 mdf_cb=10404 mdf_err=0
14:24:12.254   pt[324]: min=-508 max=468 avg_abs=130 | fifo=816 under=0 over=0 late=0 mdf_cb=10436 mdf_err=0
14:24:12.448 win  173 pos= 2657280  -47dBFS [####................] rms=  151 peak=  508 seam=ok lag=338us
14:24:12.448   -> unknown         p=0.34  preproc=69073us infer=41080us
14:24:12.527 in=16128Hz out=16000Hz ring=1168 under=0 over=0 (dt=1000000us) loglag=120789us
14:24:12.720   pt[325]: min=-590 max=462 avg_abs=109 | fifo=1008 under=0 over=0 late=0 mdf_cb=10468 mdf_err=0
14:24:13.233   pt[326]: min=-566 max=474 avg_abs=110 | fifo=800 under=0 over=0 late=0 mdf_cb=10500 mdf_err=0
14:24:13.360 win  174 pos= 2672640  -47dBFS [####................] rms=  139 peak=  590 seam=ok lag=336us
14:24:13.360   -> unknown         p=0.42  preproc=69088us infer=41076us
14:24:13.488 in=15872Hz out=16000Hz ring=1040 under=0 over=0 (dt=1000000us) loglag=120794us
14:24:13.745   pt[327]: min=-414 max=488 avg_abs=109 | fifo=992 under=0 over=0 late=0 mdf_cb=10532 mdf_err=0
14:24:14.322   pt[328]: min=-370 max=376 avg_abs=99 | fifo=1040 under=0 over=0 late=0 mdf_cb=10565 mdf_err=0
14:24:14.322 win  175 pos= 2688000  -48dBFS [####................] rms=  130 peak=  488 seam=ok lag=337us
14:24:14.322   -> unknown         p=0.43  preproc=69108us infer=41027us
14:24:14.514 in=16128Hz out=16400Hz ring=768 under=0 over=0 (dt=999999us) loglag=120794us
14:24:14.836   pt[329]: min=-444 max=468 avg_abs=113 | fifo=1232 under=0 over=0 late=0 mdf_cb=10597 mdf_err=0
14:24:15.287 win  176 pos= 2703360  -32dBFS [#########...........] rms=  784 peak=12610 seam=ok lag=335us
14:24:15.287   -> clock_tick      p=1.00  preproc=69026us infer=41033us
14:24:15.287   pt[330]: min=-13686 max=12400 avg_abs=592 | fifo=1024 under=0 over=0 late=0 mdf_cb=10629 mdf_err=0
14:24:15.493 in=16128Hz out=16000Hz ring=896 under=0 over=0 (dt=999999us) loglag=120794us
14:24:15.812   pt[331]: min=-12952 max=11616 avg_abs=439 | fifo=1216 under=0 over=0 late=0 mdf_cb=10661 mdf_err=0
14:24:16.259 win  177 pos= 2718720  -27dBFS [###########.........] rms= 1485 peak=17828 seam=ok lag=339us
14:24:16.259   -> clock_tick      p=1.00  preproc=69075us infer=41027us
14:24:16.322   pt[332]: min=-17828 max=16542 avg_abs=660 | fifo=1008 under=0 over=0 late=0 mdf_cb=10693 mdf_err=0
14:24:16.513 in=16128Hz out=16000Hz ring=1024 under=0 over=0 (dt=1000000us) loglag=120794us
14:24:16.831   pt[333]: min=-13156 max=16316 avg_abs=664 | fifo=800 under=0 over=0 late=0 mdf_cb=10725 mdf_err=0
14:24:17.211 win  178 pos= 2734080  -27dBFS [###########.........] rms= 1442 peak=16316 seam=ok lag=336us
14:24:17.211   -> clock_tick      p=1.00  preproc=69091us infer=41078us
14:24:17.355   pt[334]: min=-13406 max=15480 avg_abs=639 | fifo=992 under=0 over=0 late=0 mdf_cb=10757 mdf_err=0
14:24:17.546 in=16128Hz out=16400Hz ring=752 under=0 over=0 (dt=999999us) loglag=120794us
14:24:17.867   pt[335]: min=-19114 max=19398 avg_abs=506 | fifo=784 under=0 over=0 late=0 mdf_cb=10789 mdf_err=0
14:24:18.189 win  179 pos= 2749440  -27dBFS [###########.........] rms= 1534 peak=20752 seam=ok lag=336us
14:24:18.189   -> clock_tick      p=1.00  preproc=69084us infer=41012us
14:24:18.189 ====================================
14:24:18.189 ====================================
14:24:18.189 TAP TOTAL win=179
14:24:18.189 ====================================
14:24:18.189 ====================================
14:24:18.189 tap total: windows=180 (expected 180 from 2766848 samples) overrun=0 torn=0 skipped=0 seam ok=179 NG=0
14:24:18.189   tap lag max=380us (0 of them lower bounds) | tap write max=7100ns avg=5320ns (10808 calls)
14:24:18.191   audio under=0 over=0 late=0 | aed run=180 err=0 (last er=0)
14:24:18.196   preproc max=69122us avg=69075us | infer max=41147us avg=41059us
14:24:18.202   notify out=15 held=155 offlist=10 gated=20 lat max=112275us (0 lower bounds)
14:24:18.206   log sent=1151 dropped=0 lag max=120794us
14:24:18.206   disp sent=10 dropped=0 max=104034us avg=31302us
14:24:18.218 ====================================
14:24:18.219 ====================================
14:24:18.410   pt[336]: min=-20752 max=20456 avg_abs=770 | fifo=1232 under=0 over=0 late=0 mdf_cb=10822 mdf_err=0
14:24:18.539 in=16128Hz out=16000Hz ring=880 under=0 over=0 (dt=1000000us) loglag=120794us
14:24:18.924   pt[337]: min=-17568 max=15892 avg_abs=692 | fifo=1024 under=0 over=0 late=0 mdf_cb=10854 mdf_err=0
14:24:19.117 win  180 pos= 2764800  -27dBFS [###########.........] rms= 1524 peak=19254 seam=ok lag=336us
14:24:19.117   -> clock_tick      p=1.00  preproc=69090us infer=41031us
14:24:19.436   pt[338]: min=-17908 max=21654 avg_abs=556 | fifo=1216 under=0 over=0 late=0 mdf_cb=10886 mdf_err=0
14:24:19.563 in=16128Hz out=16000Hz ring=1008 under=0 over=0 (dt=1000000us) loglag=120794us
14:24:19.945   pt[339]: min=-18446 max=21784 avg_abs=606 | fifo=1008 under=0 over=0 late=0 mdf_cb=10918 mdf_err=0
14:24:20.074 win  181 pos= 2780160  -27dBFS [###########.........] rms= 1514 peak=21784 seam=ok lag=335us
14:24:20.074   -> clock_tick      p=1.00  preproc=69027us infer=41032us
14:24:20.458   pt[340]: min=-404 max=482 avg_abs=108 | fifo=1200 under=0 over=0 late=0 mdf_cb=10950 mdf_err=0
14:24:20.589 in=16128Hz out=16000Hz ring=1136 under=0 over=0 (dt=1000000us) loglag=120794us
14:24:21.038   pt[341]: min=-386 max=370 avg_abs=98 | fifo=992 under=0 over=0 late=0 mdf_cb=10982 mdf_err=0
14:24:21.038 win  182 pos= 2795520  -48dBFS [####................] rms=  132 peak=  482 seam=ok lag=333us
14:24:21.042   -> unknown         p=0.46  preproc=69108us infer=41027us
14:24:21.504   pt[342]: min=-462 max=368 avg_abs=106 | fifo=784 under=0 over=0 late=0 mdf_cb=11014 mdf_err=0
14:24:21.571 in=16128Hz out=16400Hz ring=864 under=0 over=0 (dt=999999us) loglag=120794us
14:24:22.017   pt[343]: min=-566 max=550 avg_abs=119 | fifo=976 under=0 over=0 late=0 mdf_cb=11046 mdf_err=0
14:24:22.017 win  183 pos= 2810880  -47dBFS [####................] rms=  141 peak=  566 seam=ok lag=335us
14:24:22.017   -> unknown         p=0.46  preproc=69084us infer=41088us
14:24:22.530   pt[344]: min=-482 max=384 avg_abs=104 | fifo=768 under=0 over=0 late=0 mdf_cb=11078 mdf_err=0
14:24:22.594 in=16128Hz out=16000Hz ring=992 under=0 over=0 (dt=999999us) loglag=120794us
14:24:22.979 win  184 pos= 2826240  -48dBFS [####................] rms=  130 peak=  498 seam=ok lag=334us
14:24:22.979   -> unknown         p=0.43  preproc=69079us infer=41022us
14:24:23.043   pt[345]: min=-466 max=346 avg_abs=102 | fifo=1216 under=0 over=0 late=0 mdf_cb=11111 mdf_err=0
14:24:23.557   pt[346]: min=-422 max=434 avg_abs=103 | fifo=1008 under=0 over=0 late=0 mdf_cb=11143 mdf_err=0
14:24:23.557 in=16128Hz out=16000Hz ring=1120 under=0 over=0 (dt=999999us) loglag=120794us
14:24:23.945 win  185 pos= 2841600  -48dBFS [####................] rms=  130 peak=  458 seam=ok lag=334us
14:24:23.945   -> unknown         p=0.51  preproc=69078us infer=41027us
14:24:24.071   pt[347]: min=-490 max=512 avg_abs=117 | fifo=1200 under=0 over=0 late=0 mdf_cb=11175 mdf_err=0
14:24:24.584   pt[348]: min=-472 max=396 avg_abs=103 | fifo=992 under=0 over=0 late=0 mdf_cb=11207 mdf_err=0
14:24:24.584 in=16128Hz out=16400Hz ring=848 under=0 over=0 (dt=1000000us) loglag=120794us
14:24:24.903 win  186 pos= 2856960  -48dBFS [####................] rms=  135 peak=  512 seam=ok lag=333us
14:24:24.903   -> unknown         p=0.64  preproc=69026us infer=41017us
14:24:25.097   pt[349]: min=-416 max=436 avg_abs=94 | fifo=1184 under=0 over=0 late=0 mdf_cb=11239 mdf_err=0
14:24:25.609 in=16128Hz out=16000Hz ring=976 under=0 over=0 (dt=1000000us) loglag=120794us
14:24:25.609   pt[350]: min=-486 max=592 avg_abs=126 | fifo=976 under=0 over=0 late=0 mdf_cb=11271 mdf_err=0
14:24:25.863 win  187 pos= 2872320  -47dBFS [####................] rms=  144 peak=  592 seam=ok lag=334us
14:24:25.863   -> unknown         p=0.47  preproc=69091us infer=41030us
14:24:26.117   pt[351]: min=-382 max=436 avg_abs=102 | fifo=768 under=0 over=0 late=0 mdf_cb=11303 mdf_err=0
14:24:26.628 in=16128Hz out=16000Hz ring=1104 under=0 over=0 (dt=1000000us) loglag=120794us
14:24:26.628   pt[352]: min=-408 max=474 avg_abs=113 | fifo=1216 under=0 over=0 late=0 mdf_cb=11336 mdf_err=0
14:24:26.821 win  188 pos= 2887680  -48dBFS [####................] rms=  134 peak=  474 seam=ok lag=338us
14:24:26.821   -> unknown         p=0.53  preproc=69078us infer=41073us
14:24:27.157   pt[353]: min=-434 max=428 avg_abs=116 | fifo=1008 under=0 over=0 late=0 mdf_cb=11368 mdf_err=0
14:24:27.606 in=16128Hz out=16400Hz ring=832 under=0 over=0 (dt=1000000us) loglag=120794us
14:24:27.671   pt[354]: min=-454 max=412 avg_abs=100 | fifo=1200 under=0 over=0 late=0 mdf_cb=11400 mdf_err=0
14:24:27.798 win  189 pos= 2903040  -48dBFS [####................] rms=  136 peak=  454 seam=ok lag=337us
14:24:27.798   -> unknown         p=0.42  preproc=69077us infer=41030us
14:24:27.798 ====================================
14:24:27.798 ====================================
14:24:27.798 TAP TOTAL win=189
14:24:27.798 ====================================
14:24:27.798 ====================================
14:24:27.798 tap total: windows=190 (expected 190 from 2920448 samples) overrun=0 torn=0 skipped=0 seam ok=189 NG=0
14:24:27.798   tap lag max=380us (0 of them lower bounds) | tap write max=7100ns avg=5320ns (11408 calls)
14:24:27.798   audio under=0 over=0 late=0 | aed run=190 err=0 (last er=0)
14:24:27.798   preproc max=69122us avg=69075us | infer max=41147us avg=41057us
14:24:27.802   notify out=15 held=163 offlist=12 gated=20 lat max=112275us (0 lower bounds)
14:24:27.812   log sent=1214 dropped=0 lag max=120794us
14:24:27.814   disp sent=10 dropped=0 max=104034us avg=31302us
14:24:27.814 ====================================
14:24:27.814 ====================================
14:24:28.199   pt[355]: min=-520 max=804 avg_abs=125 | fifo=992 under=0 over=0 late=0 mdf_cb=11432 mdf_err=0
14:24:28.649 in=16128Hz out=16000Hz ring=960 under=0 over=0 (dt=999999us) loglag=120794us
14:24:28.714   pt[356]: min=-434 max=534 avg_abs=116 | fifo=1184 under=0 over=0 late=0 mdf_cb=11464 mdf_err=0
14:24:28.718 win  190 pos= 2918400  -47dBFS [####................] rms=  153 peak=  804 seam=ok lag=336us
14:24:28.725   -> unknown         p=0.37  preproc=69111us infer=41030us
14:24:29.178   pt[357]: min=-596 max=478 avg_abs=130 | fifo=976 under=0 over=0 late=0 mdf_cb=11496 mdf_err=0
14:24:29.689 in=16128Hz out=16000Hz ring=1088 under=0 over=0 (dt=1000000us) loglag=120794us
14:24:29.689 win  191 pos= 2933760  -46dBFS [####................] rms=  164 peak=  654 seam=ok lag=338us
14:24:29.689   -> unknown         p=0.52  preproc=69042us infer=41027us
14:24:29.689   pt[358]: min=-490 max=654 avg_abs=119 | fifo=1024 under=0 over=0 late=0 mdf_cb=11529 mdf_err=0
14:24:30.200   pt[359]: min=-32768 max=32767 avg_abs=5449 | fifo=960 under=0 over=0 late=0 mdf_cb=11560 mdf_err=0
14:24:30.650 in=16128Hz out=16400Hz ring=816 under=0 over=0 (dt=1000000us) loglag=120794us
14:24:30.650 win  192 pos= 2949120  -10dBFS [################....] rms=10824 peak=32768 seam=ok lag=337us
14:24:30.650   -> clock_tick      p=0.93  preproc=69070us infer=41077us
14:24:30.714   pt[360]: min=-32768 max=32767 avg_abs=6494 | fifo=752 under=0 over=0 late=0 mdf_cb=11592 mdf_err=0
14:24:31.223   pt[361]: min=-32768 max=32767 avg_abs=3159 | fifo=1200 under=0 over=0 late=0 mdf_cb=11625 mdf_err=0
14:24:31.607 win  193 pos= 2964480  -11dBFS [################....] rms= 9626 peak=32768 seam=ok lag=338us
14:24:31.607   -> unknown         p=0.44  preproc=69075us infer=41045us
14:24:31.671 in=16128Hz out=16000Hz ring=944 under=0 over=0 (dt=999999us) loglag=120794us
14:24:31.735   pt[362]: min=-32768 max=32767 avg_abs=8989 | fifo=992 under=0 over=0 late=0 mdf_cb=11657 mdf_err=0
14:24:32.248   pt[363]: min=-32768 max=32767 avg_abs=4692 | fifo=1184 under=0 over=0 late=0 mdf_cb=11689 mdf_err=0
14:24:32.565 win  194 pos= 2979840  -11dBFS [################....] rms= 9039 peak=32768 seam=ok lag=334us
14:24:32.565   -> unknown         p=0.41  preproc=69092us infer=41057us
14:24:32.628 in=16128Hz out=16000Hz ring=1072 under=0 over=0 (dt=999999us) loglag=120794us
14:24:32.819   pt[364]: min=-32768 max=32767 avg_abs=3759 | fifo=976 under=0 over=0 late=0 mdf_cb=11721 mdf_err=0
14:24:33.331   pt[365]: min=-32768 max=32767 avg_abs=11375 | fifo=1168 under=0 over=0 late=0 mdf_cb=11753 mdf_err=0
14:24:33.523 win  195 pos= 2995200   -7dBFS [#################...] rms=14563 peak=32768 seam=ok lag=337us
14:24:33.523   -> unknown         p=0.55  preproc=69093us infer=41069us
14:24:33.651 in=16128Hz out=16000Hz ring=1200 under=0 over=0 (dt=999999us) loglag=120794us
14:24:33.843   pt[366]: min=-32768 max=32767 avg_abs=6099 | fifo=960 under=0 over=0 late=0 mdf_cb=11785 mdf_err=0
14:24:34.359   pt[367]: min=-32768 max=32767 avg_abs=8662 | fifo=1152 under=0 over=0 late=0 mdf_cb=11817 mdf_err=0
14:24:34.487 win  196 pos= 3010560   -9dBFS [#################...] rms=11272 peak=32768 seam=ok lag=337us
14:24:34.487   -> unknown         p=0.60  preproc=69033us infer=41087us
14:24:34.679 in=16128Hz out=16400Hz ring=928 under=0 over=0 (dt=999999us) loglag=120794us
14:24:34.870   pt[368]: min=-32768 max=32767 avg_abs=4934 | fifo=944 under=0 over=0 late=0 mdf_cb=11849 mdf_err=0
14:24:35.448   pt[369]: min=-474 max=402 avg_abs=108 | fifo=1136 under=0 over=0 late=0 mdf_cb=11881 mdf_err=0
14:24:35.448 win  197 pos= 3025920  -17dBFS [##############......] rms= 4877 peak=32768 seam=ok lag=334us
14:24:35.448   -> unknown         p=0.62  preproc=69097us infer=41077us
14:24:35.641 in=16128Hz out=16000Hz ring=1056 under=0 over=0 (dt=1000000us) loglag=120794us
14:24:35.897   pt[370]: min=-526 max=400 avg_abs=103 | fifo=928 under=0 over=0 late=0 mdf_cb=11913 mdf_err=0
14:24:36.407   pt[371]: min=-474 max=390 avg_abs=111 | fifo=720 under=0 over=0 late=0 mdf_cb=11945 mdf_err=0
14:24:36.407 win  198 pos= 3041280  -48dBFS [####................] rms=  135 peak=  526 seam=ok lag=333us
14:24:36.407   -> unknown         p=0.68  preproc=69084us infer=41073us
14:24:36.665 in=16128Hz out=16000Hz ring=1184 under=0 over=0 (dt=1000000us) loglag=120794us
14:24:36.920   pt[372]: min=-488 max=420 avg_abs=115 | fifo=1168 under=0 over=0 late=0 mdf_cb=11978 mdf_err=0
14:24:37.369 win  199 pos= 3056640  -48dBFS [####................] rms=  135 peak=  488 seam=ok lag=331us
14:24:37.369   -> unknown         p=0.40  preproc=69079us infer=41026us
14:24:37.369 ====================================
14:24:37.369 ====================================
14:24:37.369 TAP TOTAL win=199
14:24:37.369 ====================================
14:24:37.369 ====================================
14:24:37.377 tap total: windows=200 (expected 200 from 3074048 samples) overrun=0 torn=0 skipped=0 seam ok=199 NG=0
14:24:37.385   tap lag max=380us (0 of them lower bounds) | tap write max=7100ns avg=5320ns (12008 calls)
14:24:37.385   audio under=0 over=0 late=0 | aed run=200 err=0 (last er=0)
14:24:37.400   preproc max=69122us avg=69075us | infer max=41147us avg=41057us
14:24:37.406   notify out=15 held=172 offlist=13 gated=20 lat max=112275us (0 lower bounds)
14:24:37.414   log sent=1275 dropped=0 lag max=120794us
14:24:37.417   disp sent=10 dropped=0 max=104034us avg=31302us
14:24:37.417 ====================================
14:24:37.424 ====================================
14:24:37.424   pt[373]: min=-422 max=456 avg_abs=104 | fifo=960 under=0 over=0 late=0 mdf_cb=12010 mdf_err=0
14:24:37.688 in=16128Hz out=16000Hz ring=1312 under=0 over=0 (dt=999999us) loglag=120794us
14:24:37.944   pt[374]: min=-492 max=472 avg_abs=118 | fifo=1152 under=0 over=0 late=0 mdf_cb=12042 mdf_err=0
14:24:38.329 win  200 pos= 3072000  -47dBFS [####................] rms=  152 peak=  608 seam=ok lag=334us
14:24:38.329   -> unknown         p=0.66  preproc=69076us infer=41034us
14:24:38.458   pt[375]: min=-608 max=410 avg_abs=115 | fifo=944 under=0 over=0 late=0 mdf_cb=12074 mdf_err=0
14:24:38.715 in=16128Hz out=16400Hz ring=1040 under=0 over=0 (dt=1000000us) loglag=120794us
14:24:38.972   pt[376]: min=-434 max=384 avg_abs=111 | fifo=1136 under=0 over=0 late=0 mdf_cb=12106 mdf_err=0
14:24:39.294 win  201 pos= 3087360  -48dBFS [####................] rms=  130 peak=  476 seam=ok lag=333us
14:24:39.294   -> unknown         p=0.67  preproc=69019us infer=41066us
14:24:39.486   pt[377]: min=-476 max=340 avg_abs=97 | fifo=928 under=0 over=0 late=0 mdf_cb=12138 mdf_err=0
14:24:39.679 in=16128Hz out=16000Hz ring=1168 under=0 over=0 (dt=999999us) loglag=120794us
14:24:40.000   pt[378]: min=-404 max=436 avg_abs=95 | fifo=1120 under=0 over=0 late=0 mdf_cb=12170 mdf_err=0
14:24:40.256 win  202 pos= 3102720  -48dBFS [####................] rms=  123 peak=  458 seam=ok lag=332us
14:24:40.256   -> unknown         p=0.66  preproc=69093us infer=41038us
14:24:40.514   pt[379]: min=-438 max=406 avg_abs=101 | fifo=912 under=0 over=0 late=0 mdf_cb=12202 mdf_err=0
14:24:40.706 in=15872Hz out=16000Hz ring=1040 under=0 over=0 (dt=999999us) loglag=120794us
14:24:41.029   pt[380]: min=-508 max=402 avg_abs=109 | fifo=1104 under=0 over=0 late=0 mdf_cb=12234 mdf_err=0
14:24:41.220 win  203 pos= 3118080  -48dBFS [####................] rms=  130 peak=  508 seam=ok lag=334us
14:24:41.220   -> unknown         p=0.47  preproc=69080us infer=41023us
14:24:41.541   pt[381]: min=-392 max=376 avg_abs=100 | fifo=896 under=0 over=0 late=0 mdf_cb=12266 mdf_err=0
14:24:41.735 in=16128Hz out=16400Hz ring=768 under=0 over=0 (dt=999999us) loglag=120794us
14:24:42.054   pt[382]: min=-442 max=396 avg_abs=104 | fifo=944 under=0 over=0 late=0 mdf_cb=12299 mdf_err=0
14:24:42.183 win  204 pos= 3133440  -48dBFS [####................] rms=  128 peak=  442 seam=ok lag=338us
14:24:42.183   -> unknown         p=0.42  preproc=69094us infer=41042us
14:24:42.568   pt[383]: min=-376 max=428 avg_abs=111 | fifo=1136 under=0 over=0 late=0 mdf_cb=12331 mdf_err=0
14:24:42.697 in=16128Hz out=16000Hz ring=896 under=0 over=0 (dt=999999us) loglag=120794us
14:24:43.146   pt[384]: min=-362 max=418 avg_abs=91 | fifo=928 under=0 over=0 late=0 mdf_cb=12363 mdf_err=0
14:24:43.146 win  205 pos= 3148800  -48dBFS [####................] rms=  126 peak=  428 seam=ok lag=337us
14:24:43.146   -> unknown         p=0.67  preproc=69104us infer=41027us
14:24:43.599   pt[385]: min=-320 max=372 avg_abs=84 | fifo=1120 under=0 over=0 late=0 mdf_cb=12395 mdf_err=0
14:24:43.727 in=16128Hz out=16000Hz ring=1024 under=0 over=0 (dt=1000000us) loglag=120794us
14:24:44.111   pt[386]: min=-560 max=522 avg_abs=119 | fifo=912 under=0 over=0 late=0 mdf_cb=12427 mdf_err=0
14:24:44.111 win  206 pos= 3164160  -48dBFS [####................] rms=  129 peak=  522 seam=ok lag=336us
14:24:44.111   -> unknown         p=0.43  preproc=69035us infer=41073us
14:24:44.626   pt[387]: min=-466 max=450 avg_abs=108 | fifo=1104 under=0 over=0 late=0 mdf_cb=12459 mdf_err=0
14:24:44.752 in=16128Hz out=16000Hz ring=1152 under=0 over=0 (dt=999999us) loglag=120794us
14:24:45.072 win  207 pos= 3179520  -35dBFS [########............] rms=  572 peak=10642 seam=ok lag=337us
14:24:45.072   -> unknown         p=0.39  preproc=69089us infer=41042us
14:24:45.135   pt[388]: min=-16084 max=17154 avg_abs=1588 | fifo=896 under=0 over=0 late=0 mdf_cb=12491 mdf_err=0
14:24:45.647   pt[389]: min=-12752 max=14232 avg_abs=4220 | fifo=1088 under=0 over=0 late=0 mdf_cb=12523 mdf_err=0
14:24:45.711 in=16128Hz out=16400Hz ring=880 under=0 over=0 (dt=1000000us) loglag=120794us
14:24:46.047 {"win":208,"cls":"crying_baby","p":1.00,"lat_ms":112,"under":0,"over":0,"late":0}
14:24:46.047 win  208 pos= 3194880  -17dBFS [##############......] rms= 4659 peak=17154 seam=ok lag=337us
14:24:46.047   -> crying_baby     p=1.00  preproc=69096us infer=41097us
14:24:46.047 lcd: win 208 -> BABY p=1.00 (22624 us after notify)
14:24:46.175   pt[390]: min=-15708 max=15792 avg_abs=3053 | fifo=880 under=0 over=0 late=0 mdf_cb=12555 mdf_err=0
14:24:46.687   pt[391]: min=-13392 max=15826 avg_abs=4148 | fifo=1072 under=0 over=0 late=0 mdf_cb=12587 mdf_err=0
14:24:46.751 in=16128Hz out=16000Hz ring=1008 under=0 over=0 (dt=1000000us) loglag=120794us
14:24:47.002 {"win":209,"cls":"crying_baby","p":0.98,"lat_ms":112,"under":0,"over":0,"late":0}
14:24:47.002 win  209 pos= 3210240  -17dBFS [##############......] rms= 4567 peak=15826 seam=ok lag=336us
14:24:47.002   -> crying_baby     p=0.98  preproc=69086us infer=40990us
14:24:47.002 ====================================
14:24:47.002 ====================================
14:24:47.002 TAP TOTAL win=209
14:24:47.002 ====================================
14:24:47.002 ====================================
14:24:47.002 tap total: windows=210 (expected 210 from 3227648 samples) overrun=0 torn=0 skipped=0 seam ok=209 NG=0
14:24:47.002   tap lag max=380us (0 of them lower bounds) | tap write max=7100ns avg=5320ns (12608 calls)
14:24:47.002   audio under=0 over=0 late=0 | aed run=210 err=0 (last er=0)
14:24:47.010   preproc max=69122us avg=69075us | infer max=41147us avg=41057us
14:24:47.013   notify out=17 held=180 offlist=13 gated=20 lat max=112275us (0 lower bounds)
14:24:47.023   log sent=1341 dropped=0 lag max=120794us
14:24:47.023   disp sent=12 dropped=0 max=104034us avg=30513us
14:24:47.031 ====================================
14:24:47.034 ====================================
14:24:47.099 lcd: win 209 -> BABY p=0.98 (88597 us after notify)
14:24:47.163   pt[392]: min=-20050 max=20164 avg_abs=2786 | fifo=1120 under=0 over=0 late=0 mdf_cb=12620 mdf_err=0
14:24:47.674   pt[393]: min=-18318 max=21392 avg_abs=3259 | fifo=912 under=0 over=0 late=0 mdf_cb=12652 mdf_err=0
14:24:47.739 in=16128Hz out=16000Hz ring=1136 under=0 over=0 (dt=1000000us) loglag=120794us
14:24:47.931 {"win":210,"cls":"crying_baby","p":0.81,"lat_ms":112,"under":0,"over":0,"late":0}
14:24:47.931 win  210 pos= 3225600  -18dBFS [##############......] rms= 4362 peak=21392 seam=ok lag=333us
14:24:47.931   -> crying_baby     p=0.81  preproc=69093us infer=41076us
14:24:47.984 lcd: win 210 -> BABY p=0.81 (22628 us after notify)
14:24:48.174   pt[394]: min=-32768 max=32767 avg_abs=6485 | fifo=1104 under=0 over=0 late=0 mdf_cb=12684 mdf_err=0
14:24:48.685   pt[395]: min=-32768 max=32767 avg_abs=4820 | fifo=896 under=0 over=0 late=0 mdf_cb=12716 mdf_err=0
14:24:48.747 in=16128Hz out=16400Hz ring=864 under=0 over=0 (dt=1000000us) loglag=120794us
14:24:48.876 {"win":211,"cls":"crying_baby","p":0.95,"lat_ms":112,"under":0,"over":0,"late":0}
14:24:48.878 win  211 pos= 3240960  -12dBFS [################....] rms= 8382 peak=32768 seam=ok lag=334us
14:24:48.886   -> crying_baby     p=0.95  preproc=69032us infer=41038us
14:24:48.955 lcd: win 211 -> BABY p=0.95 (22624 us after notify)
14:24:49.212   pt[396]: min=-14532 max=9488 avg_abs=924 | fifo=1088 under=0 over=0 late=0 mdf_cb=12748 mdf_err=0
14:24:49.739   pt[397]: min=-5324 max=5442 avg_abs=510 | fifo=880 under=0 over=0 late=0 mdf_cb=12780 mdf_err=0
14:24:49.866 in=16128Hz out=16000Hz ring=992 under=0 over=0 (dt=1000000us) loglag=120990us
14:24:49.866 {"win":212,"cls":"crying_baby","p":0.77,"lat_ms":112,"under":0,"over":0,"late":0}
14:24:49.866 win  212 pos= 3256320  -31dBFS [#########...........] rms=  887 peak= 5442 seam=ok lag=337us
14:24:49.866   -> crying_baby     p=0.77  preproc=69085us infer=41081us
14:24:49.866 lcd: win 212 -> BABY p=0.77 (29601 us after notify)
14:24:50.252   pt[398]: min=-444 max=526 avg_abs=114 | fifo=1072 under=0 over=0 late=0 mdf_cb=12812 mdf_err=0
14:24:50.828   pt[399]: min=-370 max=400 avg_abs=100 | fifo=864 under=0 over=0 late=0 mdf_cb=12844 mdf_err=0
14:24:50.828 in=16128Hz out=16000Hz ring=1120 under=0 over=0 (dt=999999us) loglag=120990us
14:24:50.828 {"win":213,"cls":"unknown","p":0.92,"lat_ms":112,"under":0,"over":0,"late":0}
14:24:50.828 win  213 pos= 3271680  -48dBFS [####................] rms=  135 peak=  526 seam=ok lag=335us
14:24:50.828   -> sneezing        p=0.92 (gated)  preproc=69111us infer=41076us
14:24:51.279   pt[400]: min=-448 max=444 avg_abs=107 | fifo=1056 under=0 over=0 late=0 mdf_cb=12876 mdf_err=0
14:24:51.792 win  214 pos= 3287040  -48dBFS [####................] rms=  130 peak=  462 seam=ok lag=335us
14:24:51.792   -> unknown         p=0.58  preproc=69074us infer=41026us
14:24:51.792 in=16097Hz out=15969Hz ring=1248 under=0 over=0 (dt=1001885us) loglag=120990us
14:24:51.792   pt[401]: min=-462 max=428 avg_abs=97 | fifo=1104 under=0 over=0 late=0 mdf_cb=12909 mdf_err=0
14:24:52.303   pt[402]: min=-406 max=450 avg_abs=95 | fifo=896 under=0 over=0 late=0 mdf_cb=12941 mdf_err=0
14:24:52.753 win  215 pos= 3302400  -48dBFS [####................] rms=  124 peak=  476 seam=ok lag=334us
14:24:52.753   -> unknown         p=0.44  preproc=69079us infer=41026us
14:24:52.817 in=16158Hz out=16430Hz ring=976 under=0 over=0 (dt=998114us) loglag=120990us
14:24:52.817   pt[403]: min=-382 max=476 avg_abs=104 | fifo=1088 under=0 over=0 late=0 mdf_cb=12973 mdf_err=0
14:24:53.333   pt[404]: min=-344 max=458 avg_abs=95 | fifo=880 under=0 over=0 late=0 mdf_cb=13005 mdf_err=0
14:24:53.719 win  216 pos= 3317760  -48dBFS [####................] rms=  125 peak=  458 seam=ok lag=330us
14:24:53.719   -> unknown         p=0.51  preproc=69026us infer=41041us
14:24:53.783 in=16128Hz out=16000Hz ring=1104 under=0 over=0 (dt=999999us) loglag=120990us
14:24:53.846   pt[405]: min=-362 max=408 avg_abs=104 | fifo=1072 under=0 over=0 late=0 mdf_cb=13037 mdf_err=0
14:24:54.365   pt[406]: min=-492 max=458 avg_abs=115 | fifo=864 under=0 over=0 late=0 mdf_cb=13069 mdf_err=0
14:24:54.683 win  217 pos= 3333120  -47dBFS [####................] rms=  141 peak=  492 seam=ok lag=336us
14:24:54.683   -> unknown         p=0.58  preproc=69076us infer=41004us
14:24:54.811 in=16128Hz out=16400Hz ring=832 under=0 over=0 (dt=1000000us) loglag=120990us
14:24:54.875   pt[407]: min=-462 max=596 avg_abs=132 | fifo=1056 under=0 over=0 late=0 mdf_cb=13101 mdf_err=0
14:24:55.391   pt[408]: min=-398 max=386 avg_abs=108 | fifo=1104 under=0 over=0 late=0 mdf_cb=13134 mdf_err=0
14:24:55.647 win  218 pos= 3348480  -47dBFS [####................] rms=  146 peak=  596 seam=ok lag=332us
14:24:55.647   -> unknown         p=0.46  preproc=69088us infer=41054us
14:24:55.840 in=16128Hz out=16000Hz ring=960 under=0 over=0 (dt=999999us) loglag=120990us
14:24:55.904   pt[409]: min=-382 max=382 avg_abs=94 | fifo=1296 under=0 over=0 late=0 mdf_cb=13166 mdf_err=0
14:24:56.418   pt[410]: min=-310 max=540 avg_abs=107 | fifo=1088 under=0 over=0 late=0 mdf_cb=13198 mdf_err=0
14:24:56.609 win  219 pos= 3363840  -48dBFS [####................] rms=  126 peak=  540 seam=ok lag=334us
14:24:56.609   -> unknown         p=0.55  preproc=69077us infer=41023us
14:24:56.609 ====================================
14:24:56.609 ====================================
14:24:56.609 TAP TOTAL win=219
14:24:56.609 ====================================
14:24:56.609 ====================================
14:24:56.609 tap total: windows=220 (expected 220 from 3381248 samples) overrun=0 torn=0 skipped=0 seam ok=219 NG=0
14:24:56.609   tap lag max=380us (0 of them lower bounds) | tap write max=7105ns avg=5320ns (13208 calls)
14:24:56.609   audio under=0 over=0 late=0 | aed run=220 err=0 (last er=0)
14:24:56.609   preproc max=69122us avg=69075us | infer max=41147us avg=41056us
14:24:56.609   notify out=21 held=186 offlist=13 gated=21 lat max=112275us (0 lower bounds)
14:24:56.616   log sent=1411 dropped=0 lag max=120990us
14:24:56.616   disp sent=15 dropped=0 max=104034us avg=33273us
14:24:56.624 ====================================
14:24:56.624 ====================================
14:24:56.817 in=16128Hz out=16000Hz ring=1088 under=0 over=0 (dt=1000000us) loglag=120990us
14:24:56.946   pt[411]: min=-478 max=394 avg_abs=116 | fifo=880 under=0 over=0 late=0 mdf_cb=13230 mdf_err=0
14:24:57.525   pt[412]: min=-496 max=474 avg_abs=111 | fifo=1072 under=0 over=0 late=0 mdf_cb=13262 mdf_err=0
14:24:57.525 win  220 pos= 3379200  -47dBFS [####................] rms=  140 peak=  496 seam=ok lag=339us
14:24:57.529   -> unknown         p=0.49  preproc=69103us infer=41004us
14:24:57.847 in=16128Hz out=16000Hz ring=1216 under=0 over=0 (dt=1000000us) loglag=120990us
14:24:57.975   pt[413]: min=-518 max=430 avg_abs=118 | fifo=864 under=0 over=0 late=0 mdf_cb=13294 mdf_err=0
14:24:58.489   pt[414]: min=-380 max=472 avg_abs=101 | fifo=1056 under=0 over=0 late=0 mdf_cb=13326 mdf_err=0
14:24:58.489 win  221 pos= 3394560  -47dBFS [####................] rms=  139 peak=  518 seam=ok lag=337us
14:24:58.489   -> unknown         p=0.49  preproc=69016us infer=41071us
14:24:58.873 in=16128Hz out=16400Hz ring=944 under=0 over=0 (dt=1000000us) loglag=120990us
14:24:59.001   pt[415]: min=-442 max=450 avg_abs=116 | fifo=848 under=0 over=0 late=0 mdf_cb=13358 mdf_err=0
14:24:59.449 win  222 pos= 3409920  -47dBFS [####................] rms=  145 peak=  478 seam=ok lag=338us
14:24:59.449   -> unknown         p=0.50  preproc=69085us infer=41030us
14:24:59.512   pt[416]: min=-410 max=478 avg_abs=114 | fifo=1296 under=0 over=0 late=0 mdf_cb=13391 mdf_err=0
14:24:59.831 in=16128Hz out=16000Hz ring=1072 under=0 over=0 (dt=999999us) loglag=120990us
14:25:00.023   pt[417]: min=-1310 max=1000 avg_abs=133 | fifo=1088 under=0 over=0 late=0 mdf_cb=13423 mdf_err=0
14:25:00.409 win  223 pos= 3425280  -44dBFS [#####...............] rms=  202 peak= 1440 seam=ok lag=337us
14:25:00.409   -> unknown         p=0.54  preproc=69074us infer=41090us
14:25:00.536   pt[418]: min=-1316 max=1540 avg_abs=215 | fifo=1280 under=0 over=0 late=0 mdf_cb=13455 mdf_err=0
14:25:00.856 in=16128Hz out=16000Hz ring=1200 under=0 over=0 (dt=999999us) loglag=120990us
14:25:01.048   pt[419]: min=-15978 max=17024 avg_abs=440 | fifo=1072 under=0 over=0 late=0 mdf_cb=13487 mdf_err=0
14:25:01.368 win  224 pos= 3440640  -33dBFS [#########...........] rms=  732 peak=17024 seam=ok lag=338us
14:25:01.368   -> unknown         p=0.67  preproc=69083us infer=41030us
14:25:01.575   pt[420]: min=-898 max=1302 avg_abs=163 | fifo=864 under=0 over=0 late=0 mdf_cb=13519 mdf_err=0
14:25:01.897 in=16128Hz out=16400Hz ring=928 under=0 over=0 (dt=999999us) loglag=120990us
14:25:02.088   pt[421]: min=-2908 max=3278 avg_abs=194 | fifo=1056 under=0 over=0 late=0 mdf_cb=13551 mdf_err=0
14:25:02.345 win  225 pos= 3456000  -40dBFS [######..............] rms=  340 peak= 9532 seam=ok lag=336us
14:25:02.345   -> unknown         p=0.50  preproc=69075us infer=41070us
14:25:02.605   pt[422]: min=-9532 max=7722 avg_abs=201 | fifo=848 under=0 over=0 late=0 mdf_cb=13583 mdf_err=0
14:25:02.860 in=16128Hz out=16000Hz ring=1056 under=0 over=0 (dt=999999us) loglag=120990us
14:25:03.116   pt[423]: min=-794 max=1128 avg_abs=150 | fifo=1040 under=0 over=0 late=0 mdf_cb=13615 mdf_err=0
14:25:03.309 win  226 pos= 3471360  -44dBFS [#####...............] rms=  213 peak= 3058 seam=ok lag=334us
14:25:03.309   -> unknown         p=0.64  preproc=69026us infer=41061us
14:25:03.632   pt[424]: min=-2514 max=2840 avg_abs=200 | fifo=832 under=0 over=0 late=0 mdf_cb=13647 mdf_err=0
14:25:03.888 in=16128Hz out=16000Hz ring=1184 under=0 over=0 (dt=1000000us) loglag=120990us
14:25:04.143   pt[425]: min=-678 max=972 avg_abs=157 | fifo=1024 under=0 over=0 late=0 mdf_cb=13679 mdf_err=0
14:25:04.271 win  227 pos= 3486720  -42dBFS [######..............] rms=  260 peak= 2840 seam=ok lag=334us
14:25:04.271   -> crackling_fire  p=0.82  preproc=69077us infer=41017us
14:25:04.655   pt[426]: min=-1252 max=1706 avg_abs=172 | fifo=1072 under=0 over=0 late=0 mdf_cb=13712 mdf_err=0
14:25:04.914 in=16128Hz out=16400Hz ring=912 under=0 over=0 (dt=1000000us) loglag=120990us
14:25:05.250   pt[427]: min=-1088 max=882 avg_abs=141 | fifo=1264 under=0 over=0 late=0 mdf_cb=13744 mdf_err=0
14:25:05.250 win  228 pos= 3502080  -44dBFS [#####...............] rms=  204 peak= 1706 seam=ok lag=333us
14:25:05.250   -> clock_tick      p=0.81  preproc=69099us infer=41073us
14:25:05.698   pt[428]: min=-460 max=522 avg_abs=112 | fifo=1056 under=0 over=0 late=0 mdf_cb=13776 mdf_err=0
14:25:05.892 in=16128Hz out=16000Hz ring=1040 under=0 over=0 (dt=999999us) loglag=120990us
14:25:06.212 win  229 pos= 3517440  -47dBFS [####................] rms=  140 peak=  522 seam=ok lag=337us
14:25:06.212   -> unknown         p=0.44  preproc=69072us infer=41004us
14:25:06.212 ====================================
14:25:06.212 ====================================
14:25:06.212 TAP TOTAL win=229
14:25:06.212 ====================================
14:25:06.212 ====================================
14:25:06.212 tap total: windows=230 (expected 230 from 3534848 samples) overrun=0 torn=0 skipped=0 seam ok=229 NG=0
14:25:06.212   tap lag max=380us (0 of them lower bounds) | tap write max=7105ns avg=5320ns (13808 calls)
14:25:06.212   audio under=0 over=0 late=0 | aed run=230 err=0 (last er=0)
14:25:06.212   preproc max=69122us avg=69075us | infer max=41147us avg=41056us
14:25:06.212   notify out=21 held=194 offlist=15 gated=21 lat max=112275us (0 lower bounds)
14:25:06.219   log sent=1473 dropped=0 lag max=120990us
14:25:06.223   disp sent=15 dropped=0 max=104034us avg=33273us
14:25:06.225 ====================================
14:25:06.229 ====================================
14:25:06.231   pt[429]: min=-410 max=382 avg_abs=112 | fifo=848 under=0 over=0 late=0 mdf_cb=13808 mdf_err=0
14:25:06.679   pt[430]: min=-542 max=452 avg_abs=119 | fifo=1040 under=0 over=0 late=0 mdf_cb=13840 mdf_err=0
14:25:06.887 in=16128Hz out=16000Hz ring=1168 under=0 over=0 (dt=1000000us) loglag=120990us
14:25:07.144 win  230 pos= 3532800  -47dBFS [####................] rms=  147 peak=  542 seam=ok lag=335us
14:25:07.144   -> sneezing        p=0.71 (gated)  preproc=69084us infer=41037us
14:25:07.208   pt[431]: min=-502 max=420 avg_abs=113 | fifo=832 under=0 over=0 late=0 mdf_cb=13872 mdf_err=0
14:25:07.721   pt[432]: min=-470 max=592 avg_abs=126 | fifo=1024 under=0 over=0 late=0 mdf_cb=13904 mdf_err=0
14:25:07.917 in=16128Hz out=16000Hz ring=1296 under=0 over=0 (dt=1000000us) loglag=120990us
14:25:08.124 win  231 pos= 3548160  -46dBFS [####................] rms=  159 peak=  712 seam=ok lag=333us
14:25:08.124   -> sneezing        p=0.74 (gated)  preproc=69026us infer=41014us
14:25:08.252   pt[433]: min=-712 max=402 avg_abs=126 | fifo=1072 under=0 over=0 late=0 mdf_cb=13937 mdf_err=0
14:25:08.765   pt[434]: min=-386 max=458 avg_abs=112 | fifo=1264 under=0 over=0 late=0 mdf_cb=13969 mdf_err=0
14:25:08.893 in=16128Hz out=16400Hz ring=1024 under=0 over=0 (dt=1000000us) loglag=120990us
14:25:09.085 win  232 pos= 3563520  -47dBFS [####................] rms=  142 peak=  522 seam=ok lag=335us
14:25:09.085   -> unknown         p=0.55  preproc=69075us infer=41032us
14:25:09.278   pt[435]: min=-400 max=438 avg_abs=103 | fifo=1056 under=0 over=0 late=0 mdf_cb=14001 mdf_err=0
14:25:09.791   pt[436]: min=-418 max=398 avg_abs=107 | fifo=1248 under=0 over=0 late=0 mdf_cb=14033 mdf_err=0
14:25:10.048 in=16128Hz out=16000Hz ring=1152 under=0 over=0 (dt=1000000us) loglag=120990us
14:25:10.048 win  233 pos= 3578880  -48dBFS [####................] rms=  131 peak=  446 seam=ok lag=332us
14:25:10.048   -> unknown         p=0.44  preproc=69080us infer=41052us
14:25:10.294   pt[437]: min=-446 max=478 avg_abs=113 | fifo=1040 under=0 over=0 late=0 mdf_cb=14065 mdf_err=0
14:25:10.808   pt[438]: min=-392 max=424 avg_abs=106 | fifo=832 under=0 over=0 late=0 mdf_cb=14097 mdf_err=0
14:25:11.001 in=16128Hz out=16000Hz ring=1280 under=0 over=0 (dt=999999us) loglag=120990us
14:25:11.001 win  234 pos= 3594240  -48dBFS [####................] rms=  136 peak=  478 seam=ok lag=333us
14:25:11.001   -> unknown         p=0.56  preproc=69087us infer=41001us
14:25:11.337   pt[439]: min=-502 max=436 avg_abs=108 | fifo=1024 under=0 over=0 late=0 mdf_cb=14129 mdf_err=0
14:25:11.917   pt[440]: min=-496 max=422 avg_abs=120 | fifo=816 under=0 over=0 late=0 mdf_cb=14161 mdf_err=0
14:25:11.921 win  235 pos= 3609600  -47dBFS [####................] rms=  146 peak=  502 seam=ok lag=331us
14:25:11.932   -> unknown         p=0.38  preproc=69107us infer=41006us
14:25:11.937 in=16031Hz out=16301Hz ring=1008 under=0 over=0 (dt=1006014us) loglag=120990us
14:25:12.381   pt[441]: min=-366 max=402 avg_abs=91 | fifo=1264 under=0 over=0 late=0 mdf_cb=14194 mdf_err=0
14:25:12.898   pt[442]: min=-370 max=458 avg_abs=101 | fifo=1056 under=0 over=0 late=0 mdf_cb=14226 mdf_err=0
14:25:12.898 win  236 pos= 3624960  -49dBFS [###.................] rms=  120 peak=  458 seam=ok lag=337us
14:25:12.898   -> unknown         p=0.66  preproc=69035us infer=41090us
14:25:12.960 in=16225Hz out=16096Hz ring=1136 under=0 over=0 (dt=993985us) loglag=120990us
14:25:13.410   pt[443]: min=-396 max=454 avg_abs=99 | fifo=1248 under=0 over=0 late=0 mdf_cb=14258 mdf_err=0
14:25:13.859 win  237 pos= 3640320  -47dBFS [####................] rms=  139 peak=  560 seam=ok lag=338us
14:25:13.859   -> unknown         p=0.45  preproc=69079us infer=41027us
14:25:13.923   pt[444]: min=-560 max=554 avg_abs=129 | fifo=1040 under=0 over=0 late=0 mdf_cb=14290 mdf_err=0
14:25:13.988 in=16128Hz out=16000Hz ring=1264 under=0 over=0 (dt=999999us) loglag=120990us
14:25:14.437   pt[445]: min=-418 max=510 avg_abs=122 | fifo=832 under=0 over=0 late=0 mdf_cb=14322 mdf_err=0
14:25:14.820 win  238 pos= 3655680  -46dBFS [####................] rms=  158 peak=  510 seam=ok lag=336us
14:25:14.820   -> sneezing        p=0.83 (gated)  preproc=69084us infer=41062us
14:25:14.948   pt[446]: min=-456 max=454 avg_abs=124 | fifo=1024 under=0 over=0 late=0 mdf_cb=14354 mdf_err=0
14:25:14.948 in=16128Hz out=16400Hz ring=992 under=0 over=0 (dt=1000000us) loglag=120990us
14:25:15.463   pt[447]: min=-32768 max=32767 avg_abs=1696 | fifo=816 under=0 over=0 late=0 mdf_cb=14386 mdf_err=0
14:25:15.783 {"win":239,"cls":"sneezing","p":0.99,"lat_ms":112,"under":0,"over":0,"late":0}
14:25:15.783 win  239 pos= 3671040  -19dBFS [#############.......] rms= 3871 peak=32768 seam=ok lag=336us
14:25:15.783   -> sneezing        p=0.99  preproc=69085us infer=41064us
14:25:15.783 ====================================
14:25:15.783 ====================================
14:25:15.783 TAP TOTAL win=239
14:25:15.783 ====================================
14:25:15.788 ====================================
14:25:15.790 tap total: windows=240 (expected 240 from 3688448 samples) overrun=0 torn=0 skipped=0 seam ok=239 NG=0
14:25:15.863   tap lag max=380us (0 of them lower bounds) | tap write max=7105ns avg=5320ns (14408 calls)
14:25:15.863   audio under=0 over=0 late=0 | aed run=240 err=0 (last er=0)
14:25:15.863   preproc max=69122us avg=69075us | infer max=41147us avg=41055us
14:25:15.863   notify out=22 held=203 offlist=15 gated=24 lat max=112275us (0 lower bounds)
14:25:15.863   log sent=1536 dropped=0 lag max=120990us
14:25:15.863   disp sent=16 dropped=0 max=104034us avg=33273us
14:25:15.863 ====================================
14:25:15.863 ====================================
14:25:15.863 lcd: win 239 -> SNEEZE p=0.99 (88761 us after notify)
14:25:15.993   pt[448]: min=-26370 max=27890 avg_abs=1564 | fifo=1008 under=0 over=0 late=0 mdf_cb=14418 mdf_err=0
14:25:15.993 in=16128Hz out=16000Hz ring=1120 under=0 over=0 (dt=999999us) loglag=120990us
14:25:16.505   pt[449]: min=-1856 max=1718 avg_abs=222 | fifo=1056 under=0 over=0 late=0 mdf_cb=14451 mdf_err=0
14:25:16.761 {"win":240,"cls":"sneezing","p":0.76,"lat_ms":112,"under":0,"over":0,"late":0}
14:25:16.761 win  240 pos= 3686400  -37dBFS [#######.............] rms=  463 peak= 3790 seam=ok lag=334us
14:25:16.761   -> sneezing        p=0.76  preproc=69090us infer=41031us
14:25:16.761 lcd: win 240 -> SNEEZE p=0.76 (22792 us after notify)
14:25:17.017 in=16128Hz out=16000Hz ring=1248 under=0 over=0 (dt=1000000us) loglag=120990us
14:25:17.017   pt[450]: min=-3168 max=3790 avg_abs=323 | fifo=1248 under=0 over=0 late=0 mdf_cb=14483 mdf_err=0
14:25:17.528   pt[451]: min=-32768 max=32767 avg_abs=1506 | fifo=1040 under=0 over=0 late=0 mdf_cb=14515 mdf_err=0
14:25:17.720 win  241 pos= 3701760  -21dBFS [#############.......] rms= 3070 peak=32768 seam=ok lag=337us
14:25:17.720   -> clock_tick      p=0.80  preproc=69031us infer=41084us
14:25:17.978 in=16128Hz out=16400Hz ring=976 under=0 over=0 (dt=999999us) loglag=120990us
14:25:18.056   pt[452]: min=-6042 max=4502 avg_abs=371 | fifo=1232 under=0 over=0 late=0 mdf_cb=14547 mdf_err=0
14:25:18.505   pt[453]: min=-500 max=550 avg_abs=139 | fifo=1024 under=0 over=0 late=0 mdf_cb=14579 mdf_err=0
14:25:18.695 {"win":242,"cls":"sneezing","p":0.88,"lat_ms":112,"under":0,"over":0,"late":0}
14:25:18.695 win  242 pos= 3717120  -41dBFS [######..............] rms=  291 peak= 3670 seam=ok lag=334us
14:25:18.695   -> sneezing        p=0.88  preproc=69086us infer=41025us
14:25:18.695 lcd: win 242 -> SNEEZE p=0.88 (22791 us after notify)
14:25:19.015 in=16128Hz out=16000Hz ring=1104 under=0 over=0 (dt=1000000us) loglag=120990us
14:25:19.015   pt[454]: min=-510 max=460 avg_abs=108 | fifo=816 under=0 over=0 late=0 mdf_cb=14611 mdf_err=0
14:25:19.653   pt[455]: min=-576 max=468 avg_abs=118 | fifo=1008 under=0 over=0 late=0 mdf_cb=14643 mdf_err=0
14:25:19.653 {"win":243,"cls":"unknown","p":0.61,"lat_ms":112,"under":0,"over":0,"late":0}
14:25:19.653 win  243 pos= 3732480  -47dBFS [####................] rms=  143 peak=  576 seam=ok lag=335us
14:25:19.653   -> unknown         p=0.61  preproc=69109us infer=41077us
14:25:20.037 in=16128Hz out=16000Hz ring=1232 under=0 over=0 (dt=999999us) loglag=120990us
14:25:20.103   pt[456]: min=-466 max=414 avg_abs=122 | fifo=800 under=0 over=0 late=0 mdf_cb=14675 mdf_err=0
14:25:20.616   pt[457]: min=-570 max=456 avg_abs=104 | fifo=1248 under=0 over=0 late=0 mdf_cb=14708 mdf_err=0
14:25:20.616 win  244 pos= 3747840  -47dBFS [####................] rms=  141 peak=  570 seam=ok lag=336us
14:25:20.616   -> sneezing        p=0.76 (gated)  preproc=69080us infer=41049us
14:25:21.001 in=16128Hz out=16400Hz ring=960 under=0 over=0 (dt=1000000us) loglag=120990us
14:25:21.128   pt[458]: min=-492 max=424 avg_abs=114 | fifo=1040 under=0 over=0 late=0 mdf_cb=14740 mdf_err=0
14:25:21.576 win  245 pos= 3763200  -47dBFS [####................] rms=  151 peak=  570 seam=ok lag=335us
14:25:21.576   -> unknown         p=0.50  preproc=69071us infer=41029us
14:25:21.641   pt[459]: min=-500 max=468 avg_abs=118 | fifo=1232 under=0 over=0 late=0 mdf_cb=14772 mdf_err=0
14:25:22.025 in=16128Hz out=16000Hz ring=1088 under=0 over=0 (dt=999999us) loglag=120990us
14:25:22.153   pt[460]: min=-436 max=536 avg_abs=118 | fifo=1024 under=0 over=0 late=0 mdf_cb=14804 mdf_err=0
14:25:22.537 win  246 pos= 3778560  -47dBFS [####................] rms=  141 peak=  536 seam=ok lag=332us
14:25:22.537   -> unknown         p=0.57  preproc=69032us infer=41085us
14:25:22.666   pt[461]: min=-450 max=446 avg_abs=105 | fifo=1216 under=0 over=0 late=0 mdf_cb=14836 mdf_err=0
14:25:23.053 in=15872Hz out=16000Hz ring=960 under=0 over=0 (dt=1000000us) loglag=120990us
14:25:23.180   pt[462]: min=-562 max=422 avg_abs=118 | fifo=1008 under=0 over=0 late=0 mdf_cb=14868 mdf_err=0
14:25:23.438 win  247 pos= 3793920  -47dBFS [####................] rms=  141 peak=  562 seam=ok lag=334us
14:25:23.444   -> unknown         p=0.54  preproc=69080us infer=41054us
14:25:23.645   pt[463]: min=-390 max=428 avg_abs=112 | fifo=800 under=0 over=0 late=0 mdf_cb=14900 mdf_err=0
14:25:24.031 in=16128Hz out=16000Hz ring=1088 under=0 over=0 (dt=999999us) loglag=120990us
14:25:24.159   pt[464]: min=-404 max=380 avg_abs=100 | fifo=992 under=0 over=0 late=0 mdf_cb=14932 mdf_err=0
14:25:24.417 win  248 pos= 3809280  -48dBFS [####................] rms=  135 peak=  480 seam=ok lag=334us
14:25:24.417   -> unknown         p=0.52  preproc=69083us infer=41044us
14:25:24.672   pt[465]: min=-480 max=452 avg_abs=109 | fifo=784 under=0 over=0 late=0 mdf_cb=14964 mdf_err=0
14:25:25.057 in=16128Hz out=16400Hz ring=816 under=0 over=0 (dt=1000000us) loglag=120990us
14:25:25.185   pt[466]: min=-444 max=448 avg_abs=121 | fifo=976 under=0 over=0 late=0 mdf_cb=14996 mdf_err=0
14:25:25.375 win  249 pos= 3824640  -47dBFS [####................] rms=  141 peak=  452 seam=ok lag=334us
14:25:25.375   -> unknown         p=0.28  preproc=69076us infer=41061us
14:25:25.375 ====================================
14:25:25.375 ====================================
14:25:25.375 TAP TOTAL win=249
14:25:25.375 ====================================
14:25:25.382 ====================================
14:25:25.384 tap total: windows=250 (expected 250 from 3842048 samples) overrun=0 torn=0 skipped=0 seam ok=249 NG=0
14:25:25.394   tap lag max=380us (0 of them lower bounds) | tap write max=7105ns avg=5320ns (15008 calls)
14:25:25.470   audio under=0 over=0 late=0 | aed run=250 err=0 (last er=0)
14:25:25.470   preproc max=69122us avg=69075us | infer max=41147us avg=41055us
14:25:25.470   notify out=25 held=209 offlist=16 gated=25 lat max=112275us (0 lower bounds)
14:25:25.470   log sent=1605 dropped=0 lag max=120990us
14:25:25.470   disp sent=18 dropped=0 max=104034us avg=35191us
14:25:25.470 ====================================
14:25:25.470 ====================================
14:25:25.726   pt[467]: min=-574 max=492 avg_abs=127 | fifo=1024 under=0 over=0 late=0 mdf_cb=15029 mdf_err=0
14:25:26.047 in=16128Hz out=16000Hz ring=944 under=0 over=0 (dt=999999us) loglag=120990us
14:25:26.367   pt[468]: min=-466 max=406 avg_abs=106 | fifo=1216 under=0 over=0 late=0 mdf_cb=15061 mdf_err=0
14:25:26.367 win  250 pos= 3840000  -47dBFS [####................] rms=  150 peak=  574 seam=ok lag=335us
14:25:26.367   -> sneezing        p=0.72 (gated)  preproc=69104us infer=41038us
14:25:26.751   pt[469]: min=-378 max=404 avg_abs=98 | fifo=1008 under=0 over=0 late=0 mdf_cb=15093 mdf_err=0
14:25:27.072 in=16128Hz out=16000Hz ring=1072 under=0 over=0 (dt=1000000us) loglag=120990us
14:25:27.328   pt[470]: min=-548 max=456 avg_abs=119 | fifo=1200 under=0 over=0 late=0 mdf_cb=15125 mdf_err=0
14:25:27.328 win  251 pos= 3855360  -48dBFS [####................] rms=  138 peak=  548 seam=ok lag=335us
14:25:27.328   -> unknown         p=0.63  preproc=69054us infer=41074us
14:25:27.779   pt[471]: min=-420 max=362 avg_abs=97 | fifo=992 under=0 over=0 late=0 mdf_cb=15157 mdf_err=0
14:25:28.099 in=16128Hz out=16400Hz ring=800 under=0 over=0 (dt=999999us) loglag=120990us
14:25:28.292 win  252 pos= 3870720  -48dBFS [####................] rms=  125 peak=  442 seam=ok lag=338us
14:25:28.292   -> unknown         p=0.66  preproc=69082us infer=41025us
14:25:28.292   pt[472]: min=-408 max=528 avg_abs=109 | fifo=784 under=0 over=0 late=0 mdf_cb=15189 mdf_err=0
14:25:28.807   pt[473]: min=-452 max=424 avg_abs=111 | fifo=976 under=0 over=0 late=0 mdf_cb=15221 mdf_err=0
14:25:29.066 in=16128Hz out=16000Hz ring=928 under=0 over=0 (dt=1000000us) loglag=120990us
14:25:29.258 win  253 pos= 3886080  -48dBFS [####................] rms=  138 peak=  528 seam=ok lag=339us
14:25:29.258   -> unknown         p=0.60  preproc=69082us infer=41085us
14:25:29.322   pt[474]: min=-484 max=394 avg_abs=107 | fifo=768 under=0 over=0 late=0 mdf_cb=15253 mdf_err=0
14:25:29.834   pt[475]: min=-432 max=438 avg_abs=104 | fifo=1216 under=0 over=0 late=0 mdf_cb=15286 mdf_err=0
14:25:30.219 in=16128Hz out=16000Hz ring=1056 under=0 over=0 (dt=1000000us) loglag=120990us
14:25:30.219 win  254 pos= 3901440  -48dBFS [####................] rms=  136 peak=  578 seam=ok lag=335us
14:25:30.219   -> unknown         p=0.57  preproc=69090us infer=41086us
14:25:30.346   pt[476]: min=-32768 max=32767 avg_abs=1166 | fifo=1008 under=0 over=0 late=0 mdf_cb=15318 mdf_err=0
14:25:30.860   pt[477]: min=-32768 max=32767 avg_abs=2223 | fifo=1200 under=0 over=0 late=0 mdf_cb=15350 mdf_err=0
14:25:31.118 in=16128Hz out=16400Hz ring=784 under=0 over=0 (dt=999999us) loglag=120990us
14:25:31.124 win  255 pos= 3916800  -18dBFS [##############......] rms= 4233 peak=32768 seam=ok lag=343us
14:25:31.134   -> clock_tick      p=0.97  preproc=69084us infer=41026us
14:25:31.404   pt[478]: min=-32768 max=32767 avg_abs=1526 | fifo=992 under=0 over=0 late=0 mdf_cb=15382 mdf_err=0
14:25:31.914   pt[479]: min=-32768 max=32767 avg_abs=1921 | fifo=1184 under=0 over=0 late=0 mdf_cb=15414 mdf_err=0
14:25:32.106 in=16128Hz out=16000Hz ring=912 under=0 over=0 (dt=999999us) loglag=120990us
14:25:32.106 win  256 pos= 3932160  -17dBFS [##############......] rms= 4593 peak=32768 seam=ok lag=335us
14:25:32.106   -> clock_tick      p=0.95  preproc=69043us infer=41071us
14:25:32.426   pt[480]: min=-32768 max=32767 avg_abs=2177 | fifo=976 under=0 over=0 late=0 mdf_cb=15446 mdf_err=0
14:25:32.941   pt[481]: min=-32768 max=32767 avg_abs=2064 | fifo=768 under=0 over=0 late=0 mdf_cb=15478 mdf_err=0
14:25:33.069 win  257 pos= 3947520  -18dBFS [##############......] rms= 4360 peak=32768 seam=ok lag=337us
14:25:33.069   -> clock_tick      p=0.97  preproc=69075us infer=41021us
14:25:33.132 in=16128Hz out=16000Hz ring=1040 under=0 over=0 (dt=999999us) loglag=120990us
14:25:33.457   pt[482]: min=-32768 max=32767 avg_abs=1349 | fifo=960 under=0 over=0 late=0 mdf_cb=15510 mdf_err=0
14:25:34.033   pt[483]: min=-32768 max=32767 avg_abs=2171 | fifo=752 under=0 over=0 late=0 mdf_cb=15542 mdf_err=0
14:25:34.033 win  258 pos= 3962880  -18dBFS [##############......] rms= 4073 peak=32768 seam=ok lag=339us
14:25:34.033   -> clock_tick      p=0.94  preproc=69119us infer=41050us
14:25:34.098 in=16128Hz out=16000Hz ring=1168 under=0 over=0 (dt=1000000us) loglag=120990us
14:25:34.488   pt[484]: min=-32768 max=32767 avg_abs=2098 | fifo=1200 under=0 over=0 late=0 mdf_cb=15575 mdf_err=0
14:25:35.000   pt[485]: min=-32768 max=32767 avg_abs=1270 | fifo=992 under=0 over=0 late=0 mdf_cb=15607 mdf_err=0
14:25:35.000 win  259 pos= 3978240  -18dBFS [##############......] rms= 4272 peak=32768 seam=ok lag=337us
14:25:35.000   -> clock_tick      p=1.00  preproc=69074us infer=41044us
14:25:35.000 ====================================
14:25:35.000 ====================================
14:25:35.000 TAP TOTAL win=259
14:25:35.000 ====================================
14:25:35.000 ====================================
14:25:35.000 tap total: windows=260 (expected 260 from 3995648 samples) overrun=0 torn=0 skipped=0 seam ok=259 NG=0
14:25:35.000   tap lag max=380us (0 of them lower bounds) | tap write max=7403ns avg=5321ns (15608 calls)
14:25:35.008   audio under=0 over=0 late=0 | aed run=260 err=0 (last er=0)
14:25:35.019   preproc max=69122us avg=69075us | infer max=41147us avg=41055us
14:25:35.019   notify out=25 held=214 offlist=21 gated=26 lat max=112275us (0 lower bounds)
14:25:35.031   log sent=1667 dropped=0 lag max=120990us
14:25:35.037   disp sent=18 dropped=0 max=104034us avg=35191us
14:25:35.037 ====================================
14:25:35.044 ====================================
14:25:35.109 in=16128Hz out=16400Hz ring=896 under=0 over=0 (dt=1000000us) loglag=120990us
14:25:35.494   pt[486]: min=-372 max=364 avg_abs=101 | fifo=1184 under=0 over=0 late=0 mdf_cb=15639 mdf_err=0
14:25:35.944 win  260 pos= 3993600  -48dBFS [####................] rms=  128 peak=  414 seam=ok lag=336us
14:25:35.944   -> unknown         p=0.67  preproc=69084us infer=41029us
14:25:36.007   pt[487]: min=-414 max=358 avg_abs=109 | fifo=976 under=0 over=0 late=0 mdf_cb=15671 mdf_err=0
14:25:36.135 in=16128Hz out=16000Hz ring=1024 under=0 over=0 (dt=999999us) loglag=120990us
14:25:36.521   pt[488]: min=-448 max=552 avg_abs=104 | fifo=1168 under=0 over=0 late=0 mdf_cb=15703 mdf_err=0
14:25:36.909 win  261 pos= 4008960  -47dBFS [####................] rms=  143 peak=  552 seam=ok lag=336us
14:25:36.909   -> unknown         p=0.40  preproc=69028us infer=41028us
14:25:37.051   pt[489]: min=-484 max=406 avg_abs=114 | fifo=960 under=0 over=0 late=0 mdf_cb=15735 mdf_err=0
14:25:37.116 in=16128Hz out=16000Hz ring=1152 under=0 over=0 (dt=999999us) loglag=120990us
14:25:37.566   pt[490]: min=-394 max=430 avg_abs=96 | fifo=1152 under=0 over=0 late=0 mdf_cb=15767 mdf_err=0
14:25:37.887 win  262 pos= 4024320  -48dBFS [####................] rms=  126 peak=  476 seam=ok lag=335us
14:25:37.887   -> unknown         p=0.53  preproc=69084us infer=41038us
14:25:38.080   pt[491]: min=-448 max=426 avg_abs=95 | fifo=944 under=0 over=0 late=0 mdf_cb=15799 mdf_err=0
14:25:38.146 in=16128Hz out=16400Hz ring=880 under=0 over=0 (dt=999999us) loglag=120990us
14:25:38.592   pt[492]: min=-366 max=430 avg_abs=112 | fifo=992 under=0 over=0 late=0 mdf_cb=15832 mdf_err=0
14:25:38.848 win  263 pos= 4039680  -48dBFS [####................] rms=  128 peak=  444 seam=ok lag=336us
14:25:38.848   -> unknown         p=0.52  preproc=69095us infer=41075us
14:25:39.104   pt[493]: min=-370 max=444 avg_abs=100 | fifo=1184 under=0 over=0 late=0 mdf_cb=15864 mdf_err=0
14:25:39.169 in=16128Hz out=16000Hz ring=1008 under=0 over=0 (dt=999999us) loglag=120990us
14:25:39.619   pt[494]: min=-374 max=342 avg_abs=95 | fifo=976 under=0 over=0 late=0 mdf_cb=15896 mdf_err=0
14:25:39.813 win  264 pos= 4055040  -49dBFS [###.................] rms=  119 peak=  408 seam=ok lag=334us
14:25:39.813   -> unknown         p=0.48  preproc=69086us infer=41067us
14:25:40.132   pt[495]: min=-408 max=342 avg_abs=91 | fifo=1168 under=0 over=0 late=0 mdf_cb=15928 mdf_err=0
14:25:40.197 in=16128Hz out=16000Hz ring=1136 under=0 over=0 (dt=1000000us) loglag=120990us
14:25:40.647   pt[496]: min=-458 max=370 avg_abs=89 | fifo=960 under=0 over=0 late=0 mdf_cb=15960 mdf_err=0
14:25:40.775 win  265 pos= 4070400  -49dBFS [###.................] rms=  112 peak=  458 seam=ok lag=333us
14:25:40.775   -> unknown         p=0.55  preproc=69074us infer=41037us
14:25:41.158   pt[497]: min=-1300 max=1418 avg_abs=132 | fifo=1152 under=0 over=0 late=0 mdf_cb=15992 mdf_err=0
14:25:41.158 in=16128Hz out=16400Hz ring=864 under=0 over=0 (dt=1000000us) loglag=120990us
14:25:41.737   pt[498]: min=-384 max=408 avg_abs=99 | fifo=944 under=0 over=0 late=0 mdf_cb=16024 mdf_err=0
14:25:41.737 win  266 pos= 4085760  -46dBFS [####................] rms=  166 peak= 1418 seam=ok lag=334us
14:25:41.737   -> unknown         p=0.61  preproc=69040us infer=41043us
14:25:42.186   pt[499]: min=-330 max=348 avg_abs=85 | fifo=736 under=0 over=0 late=0 mdf_cb=16056 mdf_err=0
14:25:42.186 in=16128Hz out=16000Hz ring=992 under=0 over=0 (dt=999999us) loglag=120990us
14:25:42.699 win  267 pos= 4101120  -49dBFS [###.................] rms=  111 peak=  386 seam=ok lag=332us
14:25:42.699   -> unknown         p=0.66  preproc=69074us infer=41041us
14:25:42.699   pt[500]: min=-386 max=356 avg_abs=96 | fifo=928 under=0 over=0 late=0 mdf_cb=16088 mdf_err=0
14:25:43.212 in=16128Hz out=16000Hz ring=1120 under=0 over=0 (dt=999999us) loglag=120990us
14:25:43.212   pt[501]: min=-362 max=362 avg_abs=92 | fifo=976 under=0 over=0 late=0 mdf_cb=16121 mdf_err=0
14:25:43.663 win  268 pos= 4116480  -49dBFS [###.................] rms=  119 peak=  384 seam=ok lag=339us
14:25:43.663   -> unknown         p=0.62  preproc=69082us infer=41073us
14:25:43.730   pt[502]: min=-432 max=384 avg_abs=98 | fifo=1168 under=0 over=0 late=0 mdf_cb=16153 mdf_err=0
14:25:44.193 in=16128Hz out=16000Hz ring=1248 under=0 over=0 (dt=1000000us) loglag=120990us
14:25:44.193   pt[503]: min=-394 max=432 avg_abs=104 | fifo=960 under=0 over=0 late=0 mdf_cb=16185 mdf_err=0
14:25:44.594 win  269 pos= 4131840  -48dBFS [####................] rms=  130 peak=  432 seam=ok lag=337us
14:25:44.594   -> unknown         p=0.53  preproc=69081us infer=41003us
14:25:44.594 ====================================
14:25:44.594 ====================================
14:25:44.594 TAP TOTAL win=269
14:25:44.594 ====================================
14:25:44.594 ====================================
14:25:44.594 tap total: windows=270 (expected 270 from 4149248 samples) overrun=0 torn=0 skipped=0 seam ok=269 NG=0
14:25:44.596   tap lag max=380us (0 of them lower bounds) | tap write max=7403ns avg=5321ns (16208 calls)
14:25:44.605   audio under=0 over=0 late=0 | aed run=270 err=0 (last er=0)
14:25:44.609   preproc max=69122us avg=69075us | infer max=41147us avg=41054us
14:25:44.609   notify out=25 held=224 offlist=21 gated=26 lat max=112275us (0 lower bounds)
14:25:44.625   log sent=1729 dropped=0 lag max=120990us
14:25:44.626   disp sent=18 dropped=0 max=104034us avg=35191us
14:25:44.626 ====================================
14:25:44.626 ====================================
14:25:44.770   pt[504]: min=-370 max=386 avg_abs=101 | fifo=1152 under=0 over=0 late=0 mdf_cb=16217 mdf_err=0
14:25:45.218 in=16128Hz out=16400Hz ring=976 under=0 over=0 (dt=1000000us) loglag=120990us
14:25:45.282   pt[505]: min=-394 max=516 avg_abs=105 | fifo=944 under=0 over=0 late=0 mdf_cb=16249 mdf_err=0
14:25:45.537 win  270 pos= 4147200  -48dBFS [####................] rms=  128 peak=  516 seam=ok lag=335us
14:25:45.537   -> unknown         p=0.46  preproc=69079us infer=41040us
14:25:45.793   pt[506]: min=-388 max=486 avg_abs=99 | fifo=1136 under=0 over=0 late=0 mdf_cb=16281 mdf_err=0
14:25:46.181 in=16128Hz out=16000Hz ring=1104 under=0 over=0 (dt=999999us) loglag=120990us
14:25:46.260   pt[507]: min=-426 max=358 avg_abs=99 | fifo=928 under=0 over=0 late=0 mdf_cb=16313 mdf_err=0
14:25:46.517 win  271 pos= 4162560  -48dBFS [####................] rms=  127 peak=  426 seam=ok lag=336us
14:25:46.517   -> unknown         p=0.65  preproc=69029us infer=41063us
14:25:46.774   pt[508]: min=-424 max=398 avg_abs=106 | fifo=1120 under=0 over=0 late=0 mdf_cb=16345 mdf_err=0
14:25:47.226 in=16128Hz out=16000Hz ring=1232 under=0 over=0 (dt=999999us) loglag=120990us
14:25:47.290   pt[509]: min=-508 max=482 avg_abs=119 | fifo=912 under=0 over=0 late=0 mdf_cb=16377 mdf_err=0
14:25:47.498 win  272 pos= 4177920  -47dBFS [####................] rms=  141 peak=  508 seam=ok lag=335us
14:25:47.498   -> unknown         p=0.36  preproc=69072us infer=41027us
14:25:47.818   pt[510]: min=-392 max=376 avg_abs=97 | fifo=960 under=0 over=0 late=0 mdf_cb=16410 mdf_err=0
14:25:48.220 in=16128Hz out=16400Hz ring=960 under=0 over=0 (dt=1000000us) loglag=120990us
14:25:48.413   pt[511]: min=-456 max=398 avg_abs=99 | fifo=1152 under=0 over=0 late=0 mdf_cb=16442 mdf_err=0
14:25:48.413 win  273 pos= 4193280  -49dBFS [###.................] rms=  123 peak=  456 seam=ok lag=336us
14:25:48.417   -> unknown         p=0.58  preproc=69105us infer=41051us
14:25:48.883   pt[512]: min=-520 max=408 avg_abs=102 | fifo=944 under=0 over=0 late=0 mdf_cb=16474 mdf_err=0
14:25:49.205 in=16128Hz out=16000Hz ring=1088 under=0 over=0 (dt=999999us) loglag=120990us
14:25:49.396   pt[513]: min=-360 max=398 avg_abs=93 | fifo=1136 under=0 over=0 late=0 mdf_cb=16506 mdf_err=0
14:25:49.396 win  274 pos= 4208640  -48dBFS [####................] rms=  124 peak=  520 seam=ok lag=335us
14:25:49.396   -> unknown         p=0.54  preproc=69077us infer=41024us
14:25:49.911   pt[514]: min=-380 max=430 avg_abs=96 | fifo=928 under=0 over=0 late=0 mdf_cb=16538 mdf_err=0
14:25:50.364 in=16128Hz out=16000Hz ring=1216 under=0 over=0 (dt=1000000us) loglag=120990us
14:25:50.364 win  275 pos= 4224000  -48dBFS [####................] rms=  131 peak=  500 seam=ok lag=336us
14:25:50.364   -> unknown         p=0.54  preproc=69079us infer=41030us
14:25:50.364   pt[515]: min=-500 max=564 avg_abs=117 | fifo=1120 under=0 over=0 late=0 mdf_cb=16570 mdf_err=0
14:25:50.893   pt[516]: min=-590 max=406 avg_abs=114 | fifo=912 under=0 over=0 late=0 mdf_cb=16602 mdf_err=0
14:25:51.341 in=16128Hz out=16400Hz ring=944 under=0 over=0 (dt=999999us) loglag=120990us
14:25:51.341 win  276 pos= 4239360  -47dBFS [####................] rms=  144 peak=  590 seam=ok lag=335us
14:25:51.341   -> clock_tick      p=0.75 (gated)  preproc=69024us infer=41078us
14:25:51.405   pt[517]: min=-486 max=482 avg_abs=112 | fifo=704 under=0 over=0 late=0 mdf_cb=16634 mdf_err=0
14:25:51.919   pt[518]: min=-32768 max=32767 avg_abs=790 | fifo=1152 under=0 over=0 late=0 mdf_cb=16667 mdf_err=0
14:25:52.243 in=16128Hz out=16000Hz ring=1072 under=0 over=0 (dt=1000000us) loglag=120990us
14:25:52.247 win  277 pos= 4254720  -25dBFS [###########.........] rms= 1796 peak=32768 seam=ok lag=333us
14:25:52.257   -> clock_tick      p=0.80  preproc=69084us infer=41014us
14:25:52.468   pt[519]: min=-32768 max=28608 avg_abs=459 | fifo=944 under=0 over=0 late=0 mdf_cb=16699 mdf_err=0
14:25:52.978   pt[520]: min=-566 max=708 avg_abs=184 | fifo=1136 under=0 over=0 late=0 mdf_cb=16731 mdf_err=0
14:25:53.235 win  278 pos= 4270080  -28dBFS [##########..........] rms= 1318 peak=32768 seam=ok lag=335us
14:25:53.235   -> clock_tick      p=0.98  preproc=69092us infer=41032us
14:25:53.237 in=16128Hz out=16000Hz ring=1200 under=0 over=0 (dt=999999us) loglag=120990us
14:25:53.491   pt[521]: min=-32768 max=32767 avg_abs=292 | fifo=928 under=0 over=0 late=0 mdf_cb=16763 mdf_err=0
14:25:54.007   pt[522]: min=-32768 max=32767 avg_abs=1489 | fifo=1120 under=0 over=0 late=0 mdf_cb=16795 mdf_err=0
14:25:54.198 win  279 pos= 4285440  -18dBFS [##############......] rms= 4048 peak=32768 seam=ok lag=335us
14:25:54.198   -> clock_tick      p=0.98  preproc=69078us infer=41015us
14:25:54.198 ====================================
14:25:54.198 ====================================
14:25:54.198 TAP TOTAL win=279
14:25:54.198 ====================================
14:25:54.198 ====================================
14:25:54.198 tap total: windows=280 (expected 280 from 4302848 samples) overrun=0 torn=0 skipped=0 seam ok=279 NG=0
14:25:54.198   tap lag max=380us (0 of them lower bounds) | tap write max=7490ns avg=5321ns (16808 calls)
14:25:54.261   audio under=0 over=0 late=0 | aed run=280 err=0 (last er=0)
14:25:54.261   preproc max=69122us avg=69075us | infer max=41147us avg=41054us
14:25:54.261   notify out=25 held=231 offlist=24 gated=27 lat max=112275us (0 lower bounds)
14:25:54.261   log sent=1791 dropped=0 lag max=120990us
14:25:54.261   disp sent=18 dropped=0 max=104034us avg=35191us
14:25:54.261 ====================================
14:25:54.261 ====================================
14:25:54.261 in=16128Hz out=16400Hz ring=928 under=0 over=0 (dt=1000000us) loglag=120990us
14:25:54.519   pt[523]: min=-32768 max=32767 avg_abs=848 | fifo=912 under=0 over=0 late=0 mdf_cb=16827 mdf_err=0
14:25:55.032   pt[524]: min=-490 max=586 avg_abs=133 | fifo=1104 under=0 over=0 late=0 mdf_cb=16859 mdf_err=0
14:25:55.160 win  280 pos= 4300800  -42dBFS [######..............] rms=  275 peak= 2872 seam=ok lag=334us
14:25:55.160   -> unknown         p=0.56  preproc=69080us infer=41002us
14:25:55.290 in=16128Hz out=16000Hz ring=1056 under=0 over=0 (dt=999999us) loglag=120990us
14:25:55.544   pt[525]: min=-690 max=518 avg_abs=124 | fifo=896 under=0 over=0 late=0 mdf_cb=16891 mdf_err=0
14:25:56.122   pt[526]: min=-32768 max=32767 avg_abs=962 | fifo=1344 under=0 over=0 late=0 mdf_cb=16924 mdf_err=0
14:25:56.122 win  281 pos= 4316160  -23dBFS [############........] rms= 2272 peak=32768 seam=ok lag=333us
14:25:56.122   -> unknown         p=0.58  preproc=69045us infer=41039us
14:25:56.313 in=16128Hz out=16000Hz ring=1184 under=0 over=0 (dt=1000000us) loglag=120990us
14:25:56.569   pt[527]: min=-32768 max=30998 avg_abs=708 | fifo=1136 under=0 over=0 late=0 mdf_cb=16956 mdf_err=0
14:25:57.085 win  282 pos= 4331520  -24dBFS [############........] rms= 1970 peak=32768 seam=ok lag=335us
14:25:57.085   -> clock_tick      p=0.97  preproc=69083us infer=41008us
14:25:57.085   pt[528]: min=-524 max=522 avg_abs=128 | fifo=928 under=0 over=0 late=0 mdf_cb=16988 mdf_err=0
14:25:57.277 in=16128Hz out=16000Hz ring=912 under=0 over=0 (dt=999999us) loglag=120990us
14:25:57.597   pt[529]: min=-664 max=548 avg_abs=138 | fifo=1120 under=0 over=0 late=0 mdf_cb=17020 mdf_err=0
14:25:58.051 win  283 pos= 4346880  -46dBFS [####................] rms=  159 peak=  664 seam=ok lag=335us
14:25:58.051   -> unknown         p=0.30  preproc=69074us infer=41017us
14:25:58.113   pt[530]: min=-516 max=444 avg_abs=108 | fifo=912 under=0 over=0 late=0 mdf_cb=17052 mdf_err=0
14:25:58.307 in=16128Hz out=16400Hz ring=1040 under=0 over=0 (dt=1000000us) loglag=120990us
14:25:58.627   pt[531]: min=-464 max=398 avg_abs=117 | fifo=1104 under=0 over=0 late=0 mdf_cb=17084 mdf_err=0
14:25:59.013 win  284 pos= 4362240  -47dBFS [####................] rms=  138 peak=  516 seam=ok lag=340us
14:25:59.013   -> unknown         p=0.57  preproc=69075us infer=41080us
14:25:59.142   pt[532]: min=-412 max=374 avg_abs=91 | fifo=896 under=0 over=0 late=0 mdf_cb=17116 mdf_err=0
14:25:59.335 in=16128Hz out=16000Hz ring=1168 under=0 over=0 (dt=999999us) loglag=120990us
14:25:59.655   pt[533]: min=-540 max=640 avg_abs=141 | fifo=1088 under=0 over=0 late=0 mdf_cb=17148 mdf_err=0
14:25:59.977 win  285 pos= 4377600  -44dBFS [#####...............] rms=  195 peak=  802 seam=ok lag=338us
14:25:59.977   -> sneezing        p=0.78 (gated)  preproc=69083us infer=41053us
14:26:00.169   pt[534]: min=-528 max=802 avg_abs=167 | fifo=880 under=0 over=0 late=0 mdf_cb=17180 mdf_err=0
14:26:00.296 in=15872Hz out=16000Hz ring=1040 under=0 over=0 (dt=999999us) loglag=120990us
14:26:00.681   pt[535]: min=-460 max=648 avg_abs=122 | fifo=1328 under=0 over=0 late=0 mdf_cb=17213 mdf_err=0
14:26:00.938 win  286 pos= 4392960  -17dBFS [##############......] rms= 4667 peak=32768 seam=ok lag=334us
14:26:00.938   -> crackling_fire  p=0.91  preproc=69041us infer=41085us
14:26:01.195   pt[536]: min=-32768 max=32767 avg_abs=2455 | fifo=1120 under=0 over=0 late=0 mdf_cb=17245 mdf_err=0
14:26:01.324 in=16128Hz out=16400Hz ring=768 under=0 over=0 (dt=1000000us) loglag=120990us
14:26:01.709   pt[537]: min=-556 max=380 avg_abs=114 | fifo=912 under=0 over=0 late=0 mdf_cb=17277 mdf_err=0
14:26:01.917 win  287 pos= 4408320  -34dBFS [########............] rms=  631 peak= 9642 seam=ok lag=339us
14:26:01.917   -> clock_tick      p=0.82  preproc=69083us infer=41042us
14:26:02.239   pt[538]: min=-480 max=484 avg_abs=113 | fifo=1104 under=0 over=0 late=0 mdf_cb=17309 mdf_err=0
14:26:02.366 in=16128Hz out=16000Hz ring=896 under=0 over=0 (dt=1000000us) loglag=120990us
14:26:02.815   pt[539]: min=-484 max=342 avg_abs=104 | fifo=896 under=0 over=0 late=0 mdf_cb=17341 mdf_err=0
14:26:02.815 win  288 pos= 4423680  -48dBFS [####................] rms=  138 peak=  484 seam=ok lag=337us
14:26:02.826   -> unknown         p=0.39  preproc=69109us infer=41072us
14:26:03.218   pt[540]: min=-422 max=400 avg_abs=96 | fifo=1088 under=0 over=0 late=0 mdf_cb=17373 mdf_err=0
14:26:03.348 in=16128Hz out=16000Hz ring=1024 under=0 over=0 (dt=999999us) loglag=120990us
14:26:03.794   pt[541]: min=-486 max=732 avg_abs=160 | fifo=880 under=0 over=0 late=0 mdf_cb=17405 mdf_err=0
14:26:03.794 win  289 pos= 4439040  -48dBFS [####................] rms=  135 peak=  486 seam=ok lag=334us
14:26:03.794   -> unknown         p=0.65  preproc=69072us infer=41051us
14:26:03.794 ====================================
14:26:03.794 ====================================
14:26:03.794 TAP TOTAL win=289
14:26:03.794 ====================================
14:26:03.794 ====================================
14:26:03.799 tap total: windows=290 (expected 290 from 4456448 samples) overrun=0 torn=0 skipped=0 seam ok=289 NG=0
14:26:03.810   tap lag max=380us (0 of them lower bounds) | tap write max=7490ns avg=5321ns (17408 calls)
14:26:03.817   audio under=0 over=0 late=0 | aed run=290 err=0 (last er=0)
14:26:03.817   preproc max=69122us avg=69075us | infer max=41147us avg=41053us
14:26:03.828   notify out=25 held=238 offlist=27 gated=28 lat max=112275us (0 lower bounds)
14:26:03.835   log sent=1854 dropped=0 lag max=120990us
14:26:03.838   disp sent=18 dropped=0 max=104034us avg=35191us
14:26:03.841 ====================================
14:26:03.848 ====================================
14:26:04.291   pt[542]: min=-32768 max=32767 avg_abs=1081 | fifo=1072 under=0 over=0 late=0 mdf_cb=17437 mdf_err=0
14:26:04.356 in=16128Hz out=16400Hz ring=752 under=0 over=0 (dt=1000000us) loglag=120990us
14:26:04.741 win  290 pos= 4454400  -22dBFS [############........] rms= 2565 peak=32768 seam=ok lag=334us
14:26:04.741   -> crackling_fire  p=0.89  preproc=69078us infer=41030us
14:26:04.805   pt[543]: min=-376 max=342 avg_abs=90 | fifo=864 under=0 over=0 late=0 mdf_cb=17469 mdf_err=0
14:26:05.322   pt[544]: min=-402 max=398 avg_abs=96 | fifo=1312 under=0 over=0 late=0 mdf_cb=17502 mdf_err=0
14:26:05.386 in=16128Hz out=16000Hz ring=880 under=0 over=0 (dt=999999us) loglag=120990us
14:26:05.705 win  291 pos= 4469760  -49dBFS [###.................] rms=  120 peak=  402 seam=ok lag=337us
14:26:05.705   -> unknown         p=0.50  preproc=69024us infer=41026us
14:26:05.834   pt[545]: min=-352 max=348 avg_abs=94 | fifo=1104 under=0 over=0 late=0 mdf_cb=17534 mdf_err=0
14:26:06.349   pt[546]: min=-432 max=436 avg_abs=93 | fifo=896 under=0 over=0 late=0 mdf_cb=17566 mdf_err=0
14:26:06.349 in=16128Hz out=16000Hz ring=1008 under=0 over=0 (dt=999999us) loglag=120990us
14:26:06.671 win  292 pos= 4485120  -49dBFS [###.................] rms=  122 peak=  436 seam=ok lag=337us
14:26:06.671   -> clock_tick      p=0.71 (gated)  preproc=69086us infer=40999us
14:26:06.864   pt[547]: min=-362 max=508 avg_abs=122 | fifo=1088 under=0 over=0 late=0 mdf_cb=17598 mdf_err=0
14:26:07.378   pt[548]: min=-32768 max=32767 avg_abs=963 | fifo=880 under=0 over=0 late=0 mdf_cb=17630 mdf_err=0
14:26:07.378 in=16128Hz out=16400Hz ring=736 under=0 over=0 (dt=1000000us) loglag=120990us
14:26:07.634 win  293 pos= 4500480  -23dBFS [############........] rms= 2271 peak=32768 seam=ok lag=336us
14:26:07.634   -> clock_tick      p=0.82  preproc=69079us infer=41078us
14:26:07.892   pt[549]: min=-372 max=660 avg_abs=145 | fifo=1072 under=0 over=0 late=0 mdf_cb=17662 mdf_err=0
14:26:08.405 in=16128Hz out=16000Hz ring=864 under=0 over=0 (dt=999999us) loglag=120990us
14:26:08.405   pt[550]: min=-520 max=694 avg_abs=195 | fifo=864 under=0 over=0 late=0 mdf_cb=17694 mdf_err=0
14:26:08.599 win  294 pos= 4515840  -43dBFS [#####...............] rms=  223 peak=  694 seam=ok lag=333us
14:26:08.599   -> unknown         p=0.67  preproc=69091us infer=41030us
14:26:08.919   pt[551]: min=-460 max=390 avg_abs=118 | fifo=1056 under=0 over=0 late=0 mdf_cb=17726 mdf_err=0
14:26:09.366 in=16128Hz out=16000Hz ring=992 under=0 over=0 (dt=1000000us) loglag=120990us
14:26:09.431   pt[552]: min=-408 max=394 avg_abs=103 | fifo=1104 under=0 over=0 late=0 mdf_cb=17759 mdf_err=0
14:26:09.559 win  295 pos= 4531200  -48dBFS [####................] rms=  132 peak=  460 seam=ok lag=335us
14:26:09.559   -> unknown         p=0.50  preproc=69081us infer=41032us
14:26:09.943   pt[553]: min=-406 max=452 avg_abs=102 | fifo=1296 under=0 over=0 late=0 mdf_cb=17791 mdf_err=0
14:26:10.397 in=16128Hz out=16000Hz ring=1120 under=0 over=0 (dt=999999us) loglag=120990us
14:26:10.524   pt[554]: min=-32768 max=32767 avg_abs=856 | fifo=1088 under=0 over=0 late=0 mdf_cb=17823 mdf_err=0
14:26:10.524 win  296 pos= 4546560  -24dBFS [############........] rms= 2156 peak=32768 seam=ok lag=335us
14:26:10.524   -> unknown         p=0.48  preproc=69051us infer=41029us
14:26:10.969   pt[555]: min=-600 max=1062 avg_abs=186 | fifo=880 under=0 over=0 late=0 mdf_cb=17855 mdf_err=0
14:26:11.482 in=16128Hz out=16400Hz ring=848 under=0 over=0 (dt=1000000us) loglag=120990us
14:26:11.482   pt[556]: min=-2246 max=1972 avg_abs=573 | fifo=1072 under=0 over=0 late=0 mdf_cb=17887 mdf_err=0
14:26:11.482 win  297 pos= 4561920  -36dBFS [########............] rms=  534 peak= 2246 seam=ok lag=334us
14:26:11.482   -> unknown         p=0.40  preproc=69083us infer=41024us
14:26:11.998   pt[557]: min=-1248 max=928 avg_abs=254 | fifo=864 under=0 over=0 late=0 mdf_cb=17919 mdf_err=0
14:26:12.448 in=16128Hz out=16000Hz ring=976 under=0 over=0 (dt=999999us) loglag=120990us
14:26:12.448 win  298 pos= 4577280  -40dBFS [######..............] rms=  335 peak= 1248 seam=ok lag=335us
14:26:12.448   -> unknown         p=0.54  preproc=69080us infer=41074us
14:26:12.512   pt[558]: min=-556 max=740 avg_abs=129 | fifo=1056 under=0 over=0 late=0 mdf_cb=17951 mdf_err=0
14:26:13.026   pt[559]: min=-544 max=674 avg_abs=97 | fifo=848 under=0 over=0 late=0 mdf_cb=17983 mdf_err=0
14:26:13.412 win  299 pos= 4592640  -48dBFS [####................] rms=  126 peak=  674 seam=ok lag=330us
14:26:13.412   -> unknown         p=0.56  preproc=69077us infer=41081us
14:26:13.412 ====================================
14:26:13.412 ====================================
14:26:13.412 TAP TOTAL win=299
14:26:13.412 ====================================
14:26:13.412 ====================================
14:26:13.412 tap total: windows=300 (expected 300 from 4610048 samples) overrun=0 torn=0 skipped=0 seam ok=299 NG=0
14:26:13.412   tap lag max=380us (0 of them lower bounds) | tap write max=7490ns avg=5321ns (18008 calls)
14:26:13.412   audio under=0 over=0 late=0 | aed run=300 err=0 (last er=0)
14:26:13.417   preproc max=69122us avg=69075us | infer max=41147us avg=41053us
14:26:13.417   notify out=25 held=246 offlist=29 gated=29 lat max=112275us (0 lower bounds)
14:26:13.427   log sent=1915 dropped=0 lag max=120990us
14:26:13.433   disp sent=18 dropped=0 max=104034us avg=35191us
14:26:13.433 ====================================
14:26:13.441 ====================================
14:26:13.444 in=16122Hz out=15994Hz ring=1104 under=0 over=0 (dt=1000331us) loglag=120990us
14:26:13.524   pt[560]: min=-464 max=456 avg_abs=92 | fifo=1040 under=0 over=0 late=0 mdf_cb=18015 mdf_err=0
14:26:14.053   pt[561]: min=-956 max=688 avg_abs=83 | fifo=1088 under=0 over=0 late=0 mdf_cb=18048 mdf_err=0
14:26:14.375 win  300 pos= 4608000  -48dBFS [####................] rms=  123 peak=  956 seam=ok lag=338us
14:26:14.375   -> crackling_fire  p=0.91 (gated)  preproc=69087us infer=41027us
14:26:14.439 in=16133Hz out=16405Hz ring=832 under=0 over=0 (dt=999668us) loglag=120990us
14:26:14.568   pt[562]: min=-372 max=464 avg_abs=98 | fifo=1280 under=0 over=0 late=0 mdf_cb=18080 mdf_err=0
14:26:15.083   pt[563]: min=-15790 max=17954 avg_abs=677 | fifo=1072 under=0 over=0 late=0 mdf_cb=18112 mdf_err=0
14:26:15.292 win  301 pos= 4623360  -29dBFS [##########..........] rms= 1129 peak=17954 seam=ok lag=335us
14:26:15.292   -> unknown         p=0.59  preproc=69027us infer=41028us
14:26:15.420 in=16128Hz out=16000Hz ring=960 under=0 over=0 (dt=1000000us) loglag=120990us
14:26:15.550   pt[564]: min=-32768 max=32767 avg_abs=1133 | fifo=864 under=0 over=0 late=0 mdf_cb=18144 mdf_err=0
14:26:16.066   pt[565]: min=-23960 max=24872 avg_abs=1058 | fifo=1056 under=0 over=0 late=0 mdf_cb=18176 mdf_err=0
14:26:16.259 win  302 pos= 4638720  -24dBFS [############........] rms= 2112 peak=32768 seam=ok lag=335us
14:26:16.259   -> crackling_fire  p=0.99  preproc=69093us infer=41032us
14:26:16.450 in=16128Hz out=16000Hz ring=1088 under=0 over=0 (dt=1000000us) loglag=120990us
14:26:16.579   pt[566]: min=-18750 max=16734 avg_abs=786 | fifo=848 under=0 over=0 late=0 mdf_cb=18208 mdf_err=0
14:26:17.093   pt[567]: min=-6366 max=7014 avg_abs=680 | fifo=1040 under=0 over=0 late=0 mdf_cb=18240 mdf_err=0
14:26:17.222 win  303 pos= 4654080  -30dBFS [##########..........] rms= 1051 peak=16314 seam=ok lag=380us
14:26:17.222   -> crackling_fire  p=0.96  preproc=69023us infer=41008us
14:26:17.480 in=16128Hz out=16400Hz ring=816 under=0 over=0 (dt=1000000us) loglag=120990us
14:26:17.608   pt[568]: min=-11192 max=16992 avg_abs=661 | fifo=832 under=0 over=0 late=0 mdf_cb=18272 mdf_err=0
14:26:18.184   pt[569]: min=-7650 max=8800 avg_abs=727 | fifo=1280 under=0 over=0 late=0 mdf_cb=18305 mdf_err=0
14:26:18.184 win  304 pos= 4669440  -30dBFS [##########..........] rms= 1036 peak=16992 seam=ok lag=336us
14:26:18.184   -> unknown         p=0.59  preproc=69110us infer=41072us
14:26:18.439 in=16128Hz out=16000Hz ring=944 under=0 over=0 (dt=1000000us) loglag=120990us
14:26:18.632   pt[570]: min=-11356 max=14996 avg_abs=613 | fifo=1072 under=0 over=0 late=0 mdf_cb=18337 mdf_err=0
14:26:19.162 win  305 pos= 4684800  -31dBFS [#########...........] rms=  971 peak=18174 seam=ok lag=336us
14:26:19.162   -> unknown         p=0.36  preproc=69070us infer=41028us
14:26:19.162   pt[571]: min=-11676 max=18174 avg_abs=420 | fifo=1264 under=0 over=0 late=0 mdf_cb=18369 mdf_err=0
14:26:19.500 in=16128Hz out=16000Hz ring=1072 under=0 over=0 (dt=1000000us) loglag=120990us
14:26:19.693   pt[572]: min=-1744 max=1730 avg_abs=156 | fifo=1056 under=0 over=0 late=0 mdf_cb=18401 mdf_err=0
14:26:20.140 win  306 pos= 4700160  -42dBFS [######..............] rms=  272 peak= 3692 seam=ok lag=333us
14:26:20.140   -> crackling_fire  p=0.96  preproc=69031us infer=41074us
14:26:20.204   pt[573]: min=-3692 max=2870 avg_abs=155 | fifo=848 under=0 over=0 late=0 mdf_cb=18433 mdf_err=0
14:26:20.462 in=16128Hz out=16000Hz ring=1200 under=0 over=0 (dt=1000000us) loglag=120990us
14:26:20.719   pt[574]: min=-7570 max=6242 avg_abs=257 | fifo=1040 under=0 over=0 late=0 mdf_cb=18465 mdf_err=0
14:26:21.102 win  307 pos= 4715520  -35dBFS [########............] rms=  580 peak= 7570 seam=ok lag=336us
14:26:21.102   -> crackling_fire  p=0.96  preproc=69086us infer=41025us
14:26:21.231   pt[575]: min=-9466 max=9486 avg_abs=652 | fifo=832 under=0 over=0 late=0 mdf_cb=18497 mdf_err=0
14:26:21.488 in=16128Hz out=16400Hz ring=928 under=0 over=0 (dt=999999us) loglag=120990us
14:26:21.745   pt[576]: min=-8134 max=8734 avg_abs=458 | fifo=1024 under=0 over=0 late=0 mdf_cb=18529 mdf_err=0
14:26:22.067 win  308 pos= 4730880  -32dBFS [#########...........] rms=  871 peak= 9486 seam=ok lag=335us
14:26:22.067   -> rain            p=0.88  preproc=69088us infer=41073us
14:26:22.260   pt[577]: min=-6550 max=5556 avg_abs=626 | fifo=1072 under=0 over=0 late=0 mdf_cb=18562 mdf_err=0
14:26:22.515 in=16128Hz out=16000Hz ring=1056 under=0 over=0 (dt=1000000us) loglag=120990us
14:26:22.773   pt[578]: min=-14656 max=11038 avg_abs=250 | fifo=1264 under=0 over=0 late=0 mdf_cb=18594 mdf_err=0
14:26:22.968 win  309 pos= 4746240  -35dBFS [########............] rms=  602 peak=14656 seam=ok lag=335us
14:26:22.975   -> crackling_fire  p=1.00  preproc=69075us infer=41021us
14:26:22.979 ====================================
14:26:22.984 ====================================
14:26:22.987 TAP TOTAL win=309
14:26:22.987 ====================================
14:26:22.987 ====================================
14:26:22.987 tap total: windows=310 (expected 310 from 4763648 samples) overrun=0 torn=0 skipped=0 seam ok=309 NG=0
14:26:23.001   tap lag max=380us (0 of them lower bounds) | tap write max=7490ns avg=5321ns (18608 calls)
14:26:23.013   audio under=0 over=0 late=0 | aed run=310 err=0 (last er=0)
14:26:23.016   preproc max=69122us avg=69074us | infer max=41147us avg=41052us
14:26:23.016   notify out=25 held=250 offlist=35 gated=30 lat max=112275us (0 lower bounds)
14:26:23.029   log sent=1978 dropped=0 lag max=120990us
14:26:23.034   disp sent=18 dropped=0 max=104034us avg=35191us
14:26:23.034 ====================================
14:26:23.042 ====================================
14:26:23.304   pt[579]: min=-1808 max=2340 avg_abs=155 | fifo=1056 under=0 over=0 late=0 mdf_cb=18626 mdf_err=0
14:26:23.495 in=16128Hz out=16000Hz ring=1184 under=0 over=0 (dt=1000000us) loglag=120990us
14:26:23.816   pt[580]: min=-2668 max=3170 avg_abs=171 | fifo=1248 under=0 over=0 late=0 mdf_cb=18658 mdf_err=0
14:26:23.945 win  310 pos= 4761600  -42dBFS [######..............] rms=  250 peak= 3170 seam=ok lag=336us
14:26:23.945   -> crackling_fire  p=1.00  preproc=69092us infer=41026us
14:26:24.329   pt[581]: min=-1868 max=1120 avg_abs=130 | fifo=1040 under=0 over=0 late=0 mdf_cb=18690 mdf_err=0
14:26:24.522 in=16128Hz out=16400Hz ring=912 under=0 over=0 (dt=999999us) loglag=120990us
14:26:24.907   pt[582]: min=-484 max=458 avg_abs=109 | fifo=832 under=0 over=0 late=0 mdf_cb=18722 mdf_err=0
14:26:24.907 win  311 pos= 4776960  -47dBFS [####................] rms=  152 peak= 1868 seam=ok lag=335us
14:26:24.907   -> crackling_fire  p=0.90  preproc=69051us infer=41078us
14:26:25.355   pt[583]: min=-472 max=420 avg_abs=126 | fifo=1024 under=0 over=0 late=0 mdf_cb=18754 mdf_err=0
14:26:25.486 in=16128Hz out=16000Hz ring=1040 under=0 over=0 (dt=1000000us) loglag=120990us
14:26:25.871   pt[584]: min=-476 max=378 avg_abs=108 | fifo=816 under=0 over=0 late=0 mdf_cb=18786 mdf_err=0
14:26:25.871 win  312 pos= 4792320  -47dBFS [####................] rms=  149 peak=  476 seam=ok lag=334us
14:26:25.871   -> sneezing        p=0.75 (gated)  preproc=69081us infer=41002us
14:26:26.385   pt[585]: min=-468 max=344 avg_abs=109 | fifo=1008 under=0 over=0 late=0 mdf_cb=18818 mdf_err=0
14:26:26.513 in=16128Hz out=16000Hz ring=1168 under=0 over=0 (dt=999999us) loglag=120990us
14:26:26.835 win  313 pos= 4807680  -48dBFS [####................] rms=  132 peak=  468 seam=ok lag=333us
14:26:26.835   -> unknown         p=0.70  preproc=69080us infer=41039us
14:26:26.901   pt[586]: min=-502 max=438 avg_abs=102 | fifo=1056 under=0 over=0 late=0 mdf_cb=18851 mdf_err=0
14:26:27.413   pt[587]: min=-872 max=642 avg_abs=105 | fifo=1248 under=0 over=0 late=0 mdf_cb=18883 mdf_err=0
14:26:27.542 in=16128Hz out=16400Hz ring=896 under=0 over=0 (dt=1000000us) loglag=120990us
14:26:27.799 win  314 pos= 4823040  -47dBFS [####................] rms=  140 peak=  872 seam=ok lag=332us
14:26:27.799   -> unknown         p=0.44  preproc=69086us infer=41076us
14:26:27.927   pt[588]: min=-468 max=404 avg_abs=103 | fifo=1040 under=0 over=0 late=0 mdf_cb=18915 mdf_err=0
14:26:28.442   pt[589]: min=-408 max=330 avg_abs=89 | fifo=832 under=0 over=0 late=0 mdf_cb=18947 mdf_err=0
14:26:28.571 in=16128Hz out=16000Hz ring=1024 under=0 over=0 (dt=999999us) loglag=120990us
14:26:28.782 win  315 pos= 4838400  -49dBFS [###.................] rms=  111 peak=  408 seam=ok lag=334us
14:26:28.782   -> unknown         p=0.52  preproc=69084us infer=41023us
14:26:28.973   pt[590]: min=-374 max=308 avg_abs=78 | fifo=1024 under=0 over=0 late=0 mdf_cb=18979 mdf_err=0
14:26:29.437   pt[591]: min=-688 max=466 avg_abs=97 | fifo=816 under=0 over=0 late=0 mdf_cb=19011 mdf_err=0
14:26:29.566 in=16128Hz out=16000Hz ring=1152 under=0 over=0 (dt=1000000us) loglag=120990us
14:26:29.694 win  316 pos= 4853760  -49dBFS [###.................] rms=  113 peak=  688 seam=ok lag=338us
14:26:29.696   -> unknown         p=0.43  preproc=69031us infer=41026us
14:26:29.967   pt[592]: min=-410 max=366 avg_abs=90 | fifo=1008 under=0 over=0 late=0 mdf_cb=19043 mdf_err=0
14:26:30.483   pt[593]: min=-486 max=554 avg_abs=110 | fifo=1056 under=0 over=0 late=0 mdf_cb=19076 mdf_err=0
14:26:30.547 in=16128Hz out=16400Hz ring=880 under=0 over=0 (dt=1000000us) loglag=120990us
14:26:30.674 win  317 pos= 4869120  -48dBFS [####................] rms=  129 peak=  554 seam=ok lag=338us
14:26:30.674   -> unknown         p=0.67  preproc=69070us infer=41030us
14:26:30.994   pt[594]: min=-32768 max=32767 avg_abs=4016 | fifo=1248 under=0 over=0 late=0 mdf_cb=19108 mdf_err=0
14:26:31.508   pt[595]: min=-32768 max=32767 avg_abs=14545 | fifo=1040 under=0 over=0 late=0 mdf_cb=19140 mdf_err=0
14:26:31.637 in=16128Hz out=16000Hz ring=1008 under=0 over=0 (dt=1000000us) loglag=120990us
14:26:31.637 win  318 pos= 4884480   -6dBFS [##################..] rms=15551 peak=32768 seam=ok lag=334us
14:26:31.637   -> unknown         p=0.56  preproc=69087us infer=41073us
14:26:32.023   pt[596]: min=-13402 max=12622 avg_abs=580 | fifo=832 under=0 over=0 late=0 mdf_cb=19172 mdf_err=0
14:26:32.600   pt[597]: min=-2386 max=1512 avg_abs=201 | fifo=1024 under=0 over=0 late=0 mdf_cb=19204 mdf_err=0
14:26:32.600 in=16128Hz out=16000Hz ring=1136 under=0 over=0 (dt=1000000us) loglag=120990us
14:26:32.600 {"win":319,"cls":"sneezing","p":0.77,"lat_ms":112,"under":0,"over":0,"late":0}
14:26:32.600 win  319 pos= 4899840  -29dBFS [##########..........] rms= 1105 peak=13402 seam=ok lag=337us
14:26:32.600   -> sneezing        p=0.77  preproc=69105us infer=41075us
14:26:32.600 ====================================
14:26:32.600 ====================================
14:26:32.600 TAP TOTAL win=319
14:26:32.613 ====================================
14:26:32.616 ====================================
14:26:32.616 tap total: windows=320 (expected 320 from 4917248 samples) overrun=0 torn=0 skipped=0 seam ok=319 NG=0
14:26:32.629   tap lag max=380us (0 of them lower bounds) | tap write max=7490ns avg=5320ns (19208 calls)
14:26:32.632   audio under=0 over=0 late=0 | aed run=320 err=0 (last er=0)
14:26:32.641   preproc max=69122us avg=69074us | infer max=41147us avg=41052us
14:26:32.648   notify out=26 held=257 offlist=37 gated=31 lat max=112275us (0 lower bounds)
14:26:32.654   log sent=2042 dropped=0 lag max=120990us
14:26:32.654   disp sent=19 dropped=0 max=104034us avg=35191us
14:26:32.727 ====================================
14:26:32.727 ====================================
14:26:32.727 lcd: win 319 -> SNEEZE p=0.77 (104594 us after notify)
14:26:33.047   pt[598]: min=-3656 max=3292 avg_abs=485 | fifo=816 under=0 over=0 late=0 mdf_cb=19236 mdf_err=0
14:26:33.559 {"win":320,"cls":"unknown","p":0.26,"lat_ms":112,"under":0,"over":0,"late":0}
14:26:33.559 win  320 pos= 4915200   -9dBFS [#################...] rms=12156 peak=32768 seam=ok lag=334us
14:26:33.559   -> unknown         p=0.26  preproc=69085us infer=41004us
14:26:33.559   pt[599]: min=-32768 max=32767 avg_abs=15294 | fifo=1264 under=0 over=0 late=0 mdf_cb=19269 mdf_err=0
14:26:33.559 in=16015Hz out=16285Hz ring=864 under=0 over=0 (dt=1007007us) loglag=120990us
14:26:34.074   pt[600]: min=-32768 max=32767 avg_abs=12271 | fifo=800 under=0 over=0 late=0 mdf_cb=19300 mdf_err=0
14:26:34.524 win  321 pos= 4930560   -6dBFS [##################..] rms=15726 peak=32768 seam=ok lag=335us
14:26:34.524   -> unknown         p=0.64  preproc=69012us infer=41043us
14:26:34.588 in=16241Hz out=16112Hz ring=992 under=0 over=0 (dt=992991us) loglag=120990us
14:26:34.588   pt[601]: min=-904 max=1006 avg_abs=276 | fifo=1248 under=0 over=0 late=0 mdf_cb=19333 mdf_err=0
14:26:35.103   pt[602]: min=-1440 max=2810 avg_abs=512 | fifo=1040 under=0 over=0 late=0 mdf_cb=19365 mdf_err=0
14:26:35.488 win  322 pos= 4945920  -34dBFS [########............] rms=  620 peak= 2810 seam=ok lag=335us
14:26:35.488   -> unknown         p=0.56  preproc=69085us infer=41004us
14:26:35.615 in=16128Hz out=16000Hz ring=1120 under=0 over=0 (dt=1000000us) loglag=120990us
14:26:35.615   pt[603]: min=-1006 max=870 avg_abs=339 | fifo=1232 under=0 over=0 late=0 mdf_cb=19397 mdf_err=0
14:26:36.129   pt[604]: min=-588 max=562 avg_abs=169 | fifo=1024 under=0 over=0 late=0 mdf_cb=19429 mdf_err=0
14:26:36.453 win  323 pos= 4961280  -42dBFS [######..............] rms=  269 peak=  848 seam=ok lag=332us
14:26:36.453   -> unknown         p=0.30  preproc=69091us infer=41073us
14:26:36.580 in=16128Hz out=16400Hz ring=848 under=0 over=0 (dt=1000000us) loglag=120990us
14:26:36.644   pt[605]: min=-2048 max=2284 avg_abs=201 | fifo=816 under=0 over=0 late=0 mdf_cb=19461 mdf_err=0
14:26:37.158   pt[606]: min=-1798 max=2526 avg_abs=308 | fifo=1008 under=0 over=0 late=0 mdf_cb=19493 mdf_err=0
14:26:37.415 win  324 pos= 4976640  -14dBFS [###############.....] rms= 6575 peak=32768 seam=ok lag=337us
14:26:37.415   -> unknown         p=0.54  preproc=69093us infer=41079us
14:26:37.623 in=16128Hz out=16000Hz ring=976 under=0 over=0 (dt=999999us) loglag=120990us
14:26:37.686   pt[607]: min=-32768 max=32767 avg_abs=17439 | fifo=800 under=0 over=0 late=0 mdf_cb=19525 mdf_err=0
14:26:38.202   pt[608]: min=-32768 max=32767 avg_abs=10001 | fifo=1248 under=0 over=0 late=0 mdf_cb=19558 mdf_err=0
14:26:38.331 win  325 pos= 4992000   -5dBFS [##################..] rms=18249 peak=32768 seam=ok lag=334us
14:26:38.337   -> clock_tick      p=0.99  preproc=69081us infer=41038us
14:26:38.601 in=16128Hz out=16000Hz ring=1104 under=0 over=0 (dt=1000000us) loglag=120990us
14:26:38.729   pt[609]: min=-2288 max=1272 avg_abs=190 | fifo=1040 under=0 over=0 late=0 mdf_cb=19590 mdf_err=0
14:26:39.308   pt[610]: min=-466 max=498 avg_abs=150 | fifo=1232 under=0 over=0 late=0 mdf_cb=19622 mdf_err=0
14:26:39.308 {"win":326,"cls":"sneezing","p":0.88,"lat_ms":112,"under":0,"over":0,"late":0}
14:26:39.308 win  326 pos= 5007360  -44dBFS [#####...............] rms=  202 peak= 1106 seam=ok lag=332us
14:26:39.310   -> sneezing        p=0.88  preproc=69051us infer=41047us
14:26:39.371 lcd: win 326 -> SNEEZE p=0.88 (31407 us after notify)
14:26:39.629 in=16128Hz out=16000Hz ring=1232 under=0 over=0 (dt=1000000us) loglag=120990us
14:26:39.756   pt[611]: min=-432 max=794 avg_abs=153 | fifo=1024 under=0 over=0 late=0 mdf_cb=19654 mdf_err=0
14:26:40.271   pt[612]: min=-476 max=476 avg_abs=133 | fifo=1216 under=0 over=0 late=0 mdf_cb=19686 mdf_err=0
14:26:40.271 {"win":327,"cls":"unknown","p":0.48,"lat_ms":112,"under":0,"over":0,"late":0}
14:26:40.271 win  327 pos= 5022720  -45dBFS [#####...............] rms=  187 peak=  794 seam=ok lag=334us
14:26:40.273   -> unknown         p=0.48  preproc=69081us infer=41018us
14:26:40.609 in=16128Hz out=16400Hz ring=960 under=0 over=0 (dt=999999us) loglag=120990us
14:26:40.801   pt[613]: min=-686 max=542 avg_abs=116 | fifo=1008 under=0 over=0 late=0 mdf_cb=19718 mdf_err=0
14:26:41.251 win  328 pos= 5038080  -47dBFS [####................] rms=  139 peak=  686 seam=ok lag=335us
14:26:41.251   -> sneezing        p=0.74 (gated)  preproc=69077us infer=41083us
14:26:41.314   pt[614]: min=-392 max=418 avg_abs=101 | fifo=800 under=0 over=0 late=0 mdf_cb=19750 mdf_err=0
14:26:41.636 in=16128Hz out=16000Hz ring=1088 under=0 over=0 (dt=1000000us) loglag=120990us
14:26:41.829   pt[615]: min=-398 max=466 avg_abs=112 | fifo=992 under=0 over=0 late=0 mdf_cb=19782 mdf_err=0
14:26:42.212 win  329 pos= 5053440  -46dBFS [####................] rms=  163 peak=  716 seam=ok lag=335us
14:26:42.212   -> unknown         p=0.66  preproc=69086us infer=41028us
14:26:42.212 ====================================
14:26:42.212 ====================================
14:26:42.212 TAP TOTAL win=329
14:26:42.212 ====================================
14:26:42.212 ====================================
14:26:42.212 tap total: windows=330 (expected 330 from 5070848 samples) overrun=0 torn=0 skipped=0 seam ok=329 NG=0
14:26:42.212   tap lag max=380us (0 of them lower bounds) | tap write max=7490ns avg=5321ns (19808 calls)
14:26:42.212   audio under=0 over=0 late=0 | aed run=330 err=0 (last er=0)
14:26:42.221   preproc max=69122us avg=69074us | infer max=41147us avg=41052us
14:26:42.221   notify out=29 held=263 offlist=38 gated=32 lat max=112275us (0 lower bounds)
14:26:42.232   log sent=2108 dropped=0 lag max=120990us
14:26:42.232   disp sent=20 dropped=0 max=104594us avg=38472us
14:26:42.232 ====================================
14:26:42.246 ====================================
14:26:42.308   pt[616]: min=-716 max=578 avg_abs=148 | fifo=1040 under=0 over=0 late=0 mdf_cb=19815 mdf_err=0
14:26:42.628 in=16128Hz out=16000Hz ring=1216 under=0 over=0 (dt=999999us) loglag=120990us
14:26:42.819   pt[617]: min=-562 max=394 avg_abs=95 | fifo=1232 under=0 over=0 late=0 mdf_cb=19847 mdf_err=0
14:26:43.140 win  330 pos= 5068800  -48dBFS [####................] rms=  129 peak=  578 seam=ok lag=331us
14:26:43.140   -> clock_tick      p=0.70 (gated)  preproc=69094us infer=41027us
14:26:43.332   pt[618]: min=-940 max=826 avg_abs=135 | fifo=1024 under=0 over=0 late=0 mdf_cb=19879 mdf_err=0
14:26:43.653 in=16128Hz out=16400Hz ring=944 under=0 over=0 (dt=999999us) loglag=120990us
14:26:43.846   pt[619]: min=-434 max=410 avg_abs=101 | fifo=1216 under=0 over=0 late=0 mdf_cb=19911 mdf_err=0
14:26:44.103 win  331 pos= 5084160  -47dBFS [####................] rms=  154 peak=  940 seam=ok lag=333us
14:26:44.103   -> unknown         p=0.51  preproc=69023us infer=41078us
14:26:44.359   pt[620]: min=-320 max=424 avg_abs=88 | fifo=1008 under=0 over=0 late=0 mdf_cb=19943 mdf_err=0
14:26:44.684 in=16128Hz out=16000Hz ring=1072 under=0 over=0 (dt=999999us) loglag=120990us
14:26:44.876   pt[621]: min=-32768 max=31514 avg_abs=513 | fifo=800 under=0 over=0 late=0 mdf_cb=19975 mdf_err=0
14:26:45.069 win  332 pos= 5099520  -27dBFS [###########.........] rms= 1443 peak=32768 seam=ok lag=337us
14:26:45.069   -> clock_tick      p=0.99  preproc=69082us infer=41034us
14:26:45.406   pt[622]: min=-32768 max=32767 avg_abs=1266 | fifo=992 under=0 over=0 late=0 mdf_cb=20007 mdf_err=0
14:26:45.664 in=16128Hz out=16000Hz ring=1200 under=0 over=0 (dt=1000000us) loglag=120990us
14:26:45.920   pt[623]: min=-32768 max=32767 avg_abs=1982 | fifo=784 under=0 over=0 late=0 mdf_cb=20039 mdf_err=0
14:26:46.048 win  333 pos= 5114880  -19dBFS [#############.......] rms= 3614 peak=32768 seam=ok lag=335us
14:26:46.048   -> clock_tick      p=0.88  preproc=69083us infer=41058us
14:26:46.434   pt[624]: min=-5036 max=6162 avg_abs=169 | fifo=976 under=0 over=0 late=0 mdf_cb=20071 mdf_err=0
14:26:46.706 in=16128Hz out=16400Hz ring=928 under=0 over=0 (dt=999999us) loglag=120990us
14:26:47.027   pt[625]: min=-1282 max=1930 avg_abs=120 | fifo=1024 under=0 over=0 late=0 mdf_cb=20104 mdf_err=0
14:26:47.027 win  334 pos= 5130240  -39dBFS [#######.............] rms=  371 peak= 6162 seam=ok lag=336us
14:26:47.027   -> unknown         p=0.55  preproc=69114us infer=41071us
14:26:47.479   pt[626]: min=-326 max=504 avg_abs=93 | fifo=1216 under=0 over=0 late=0 mdf_cb=20136 mdf_err=0
14:26:47.685 in=16128Hz out=16000Hz ring=1056 under=0 over=0 (dt=1000000us) loglag=120990us
14:26:47.942 win  335 pos= 5145600  -33dBFS [#########...........] rms=  715 peak=15598 seam=ok lag=335us
14:26:47.942   -> clock_tick      p=0.72  preproc=69078us infer=41037us
14:26:47.944   pt[627]: min=-15598 max=13520 avg_abs=378 | fifo=1008 under=0 over=0 late=0 mdf_cb=20168 mdf_err=0
14:26:48.471   pt[628]: min=-21412 max=14636 avg_abs=1925 | fifo=1200 under=0 over=0 late=0 mdf_cb=20200 mdf_err=0
14:26:48.727 in=16128Hz out=16000Hz ring=1184 under=0 over=0 (dt=999999us) loglag=120990us
14:26:48.919 win  336 pos= 5160960  -24dBFS [############........] rms= 2121 peak=21412 seam=ok lag=336us
14:26:48.919   -> unknown         p=0.27  preproc=69034us infer=41081us
14:26:48.983   pt[629]: min=-5022 max=6050 avg_abs=546 | fifo=992 under=0 over=0 late=0 mdf_cb=20232 mdf_err=0
14:26:49.495   pt[630]: min=-416 max=430 avg_abs=101 | fifo=1184 under=0 over=0 late=0 mdf_cb=20264 mdf_err=0
14:26:49.686 in=16128Hz out=16400Hz ring=912 under=0 over=0 (dt=1000000us) loglag=120990us
14:26:49.879 {"win":337,"cls":"sneezing","p":0.77,"lat_ms":112,"under":0,"over":0,"late":0}
14:26:49.879 win  337 pos= 5176320  -45dBFS [#####...............] rms=  177 peak= 1492 seam=ok lag=339us
14:26:49.879   -> sneezing        p=0.77  preproc=69065us infer=41036us
14:26:49.879 lcd: win 337 -> SNEEZE p=0.77 (22791 us after notify)
14:26:50.008   pt[631]: min=-9918 max=9112 avg_abs=918 | fifo=976 under=0 over=0 late=0 mdf_cb=20296 mdf_err=0
14:26:50.522   pt[632]: min=-8520 max=11322 avg_abs=1374 | fifo=768 under=0 over=0 late=0 mdf_cb=20328 mdf_err=0
14:26:50.732 in=16128Hz out=16000Hz ring=1040 under=0 over=0 (dt=1000000us) loglag=120990us
14:26:50.858 win  338 pos= 5191680  -25dBFS [###########.........] rms= 1880 peak=12160 seam=ok lag=335us
14:26:50.858   -> clock_tick      p=0.99  preproc=69089us infer=41103us
14:26:51.051   pt[633]: min=-12160 max=11526 avg_abs=214 | fifo=960 under=0 over=0 late=0 mdf_cb=20360 mdf_err=0
14:26:51.565   pt[634]: min=-6368 max=4460 avg_abs=296 | fifo=1008 under=0 over=0 late=0 mdf_cb=20393 mdf_err=0
14:26:51.821 in=16128Hz out=16000Hz ring=1168 under=0 over=0 (dt=1000000us) loglag=120990us
14:26:51.821 win  339 pos= 5207040  -33dBFS [#########...........] rms=  727 peak= 6532 seam=ok lag=336us
14:26:51.821   -> unknown         p=0.43  preproc=69098us infer=41023us
14:26:51.821 ====================================
14:26:51.821 ====================================
14:26:51.821 TAP TOTAL win=339
14:26:51.821 ====================================
14:26:51.821 ====================================
14:26:51.821 tap total: windows=340 (expected 340 from 5224448 samples) overrun=0 torn=0 skipped=0 seam ok=339 NG=0
14:26:51.821   tap lag max=380us (0 of them lower bounds) | tap write max=7490ns avg=5321ns (20408 calls)
14:26:51.821   audio under=0 over=0 late=0 | aed run=340 err=0 (last er=0)
14:26:51.821   preproc max=69122us avg=69074us | infer max=41147us avg=41052us
14:26:51.821   notify out=30 held=268 offlist=42 gated=33 lat max=112275us (0 lower bounds)
14:26:51.901   log sent=2173 dropped=0 lag max=120990us
14:26:51.901   disp sent=21 dropped=0 max=104594us avg=37725us
14:26:51.901 ====================================
14:26:51.901 ====================================
14:26:52.093   pt[635]: min=-10162 max=8900 avg_abs=1544 | fifo=1200 under=0 over=0 late=0 mdf_cb=20425 mdf_err=0
14:26:52.608   pt[636]: min=-2174 max=2522 avg_abs=207 | fifo=992 under=0 over=0 late=0 mdf_cb=20457 mdf_err=0
14:26:52.737 in=16128Hz out=16000Hz ring=1296 under=0 over=0 (dt=1000000us) loglag=120990us
14:26:52.739 win  340 pos= 5222400  -27dBFS [###########.........] rms= 1386 peak=10162 seam=ok lag=336us
14:26:52.743   -> unknown         p=0.59  preproc=69087us infer=41034us
14:26:53.075   pt[637]: min=-422 max=452 avg_abs=107 | fifo=1184 under=0 over=0 late=0 mdf_cb=20489 mdf_err=0
14:26:53.716   pt[638]: min=-390 max=400 avg_abs=93 | fifo=976 under=0 over=0 late=0 mdf_cb=20521 mdf_err=0
14:26:53.716 win  341 pos= 5237760  -48dBFS [####................] rms=  128 peak=  452 seam=ok lag=334us
14:26:53.716   -> unknown         p=0.39  preproc=69057us infer=41088us
14:26:53.716 in=15861Hz out=15989Hz ring=1168 under=0 over=0 (dt=1000643us) loglag=120990us
14:26:54.103   pt[639]: min=-6220 max=6586 avg_abs=602 | fifo=1168 under=0 over=0 late=0 mdf_cb=20553 mdf_err=0
14:26:54.698   pt[640]: min=-5712 max=6742 avg_abs=970 | fifo=960 under=0 over=0 late=0 mdf_cb=20585 mdf_err=0
14:26:54.698 win  342 pos= 5253120  -29dBFS [##########..........] rms= 1189 peak= 6742 seam=ok lag=333us
14:26:54.698   -> unknown         p=0.35  preproc=69080us infer=41007us
14:26:54.762 in=16394Hz out=16410Hz ring=1152 under=0 over=0 (dt=999355us) loglag=120990us
14:26:55.148   pt[641]: min=-2158 max=2112 avg_abs=195 | fifo=752 under=0 over=0 late=0 mdf_cb=20617 mdf_err=0
14:26:55.663 win  343 pos= 5268480  -41dBFS [######..............] rms=  304 peak= 2874 seam=ok lag=335us
14:26:55.663   -> unknown         p=0.62  preproc=69079us infer=41092us
14:26:55.663   pt[642]: min=-864 max=784 avg_abs=114 | fifo=944 under=0 over=0 late=0 mdf_cb=20649 mdf_err=0
14:26:55.727 in=15872Hz out=16000Hz ring=1024 under=0 over=0 (dt=999999us) loglag=120990us
14:26:56.191   pt[643]: min=-3442 max=5422 avg_abs=445 | fifo=992 under=0 over=0 late=0 mdf_cb=20682 mdf_err=0
14:26:56.577 win  344 pos= 5283840  -36dBFS [########............] rms=  501 peak= 5422 seam=ok lag=335us
14:26:56.580   -> unknown         p=0.28  preproc=69081us infer=41004us
14:26:56.706   pt[644]: min=-610 max=850 avg_abs=117 | fifo=1184 under=0 over=0 late=0 mdf_cb=20714 mdf_err=0
14:26:56.769 in=16128Hz out=16400Hz ring=752 under=0 over=0 (dt=1000000us) loglag=120990us
14:26:57.217   pt[645]: min=-372 max=570 avg_abs=97 | fifo=976 under=0 over=0 late=0 mdf_cb=20746 mdf_err=0
14:26:57.538 win  345 pos= 5299200  -49dBFS [###.................] rms=  123 peak=  570 seam=ok lag=331us
14:26:57.541   -> unknown         p=0.35  preproc=69076us infer=41036us
14:26:57.746   pt[646]: min=-456 max=392 avg_abs=100 | fifo=1168 under=0 over=0 late=0 mdf_cb=20778 mdf_err=0
14:26:57.746 in=16128Hz out=16000Hz ring=880 under=0 over=0 (dt=999999us) loglag=120990us
14:26:58.260   pt[647]: min=-398 max=460 avg_abs=97 | fifo=960 under=0 over=0 late=0 mdf_cb=20810 mdf_err=0
14:26:58.516 win  346 pos= 5314560  -49dBFS [###.................] rms=  122 peak=  460 seam=ok lag=333us
14:26:58.516   -> unknown         p=0.37  preproc=69033us infer=41080us
14:26:58.773   pt[648]: min=-362 max=368 avg_abs=84 | fifo=1152 under=0 over=0 late=0 mdf_cb=20842 mdf_err=0
14:26:58.773 in=16128Hz out=16000Hz ring=1008 under=0 over=0 (dt=1000000us) loglag=120990us
14:26:59.287   pt[649]: min=-676 max=392 avg_abs=157 | fifo=944 under=0 over=0 late=0 mdf_cb=20874 mdf_err=0
14:26:59.479 win  347 pos= 5329920  -46dBFS [####................] rms=  173 peak=  676 seam=ok lag=335us
14:26:59.479   -> unknown         p=0.62  preproc=69073us infer=41039us
14:26:59.799 in=16128Hz out=16400Hz ring=736 under=0 over=0 (dt=1000000us) loglag=120990us
14:26:59.799   pt[650]: min=-426 max=562 avg_abs=135 | fifo=736 under=0 over=0 late=0 mdf_cb=20906 mdf_err=0
14:27:00.312   pt[651]: min=-504 max=676 avg_abs=156 | fifo=1184 under=0 over=0 late=0 mdf_cb=20939 mdf_err=0
14:27:00.438 win  348 pos= 5345280  -45dBFS [#####...............] rms=  186 peak=  676 seam=ok lag=339us
14:27:00.438   -> unknown         p=0.64  preproc=69082us infer=41074us
14:27:00.824 in=16128Hz out=16000Hz ring=864 under=0 over=0 (dt=1000000us) loglag=120990us
14:27:00.824   pt[652]: min=-454 max=434 avg_abs=115 | fifo=976 under=0 over=0 late=0 mdf_cb=20971 mdf_err=0
14:27:01.401   pt[653]: min=-32768 max=32767 avg_abs=2518 | fifo=1168 under=0 over=0 late=0 mdf_cb=21003 mdf_err=0
14:27:01.401 win  349 pos= 5360640  -16dBFS [##############......] rms= 5246 peak=32768 seam=ok lag=336us
14:27:01.401   -> unknown         p=0.61  preproc=69098us infer=40984us
14:27:01.401 ====================================
14:27:01.401 ====================================
14:27:01.402 TAP TOTAL win=349
14:27:01.404 ====================================
14:27:01.404 ====================================
14:27:01.409 tap total: windows=350 (expected 350 from 5378048 samples) overrun=0 torn=0 skipped=0 seam ok=349 NG=0
14:27:01.464   tap lag max=380us (0 of them lower bounds) | tap write max=7490ns avg=5321ns (21008 calls)
14:27:01.464   audio under=0 over=0 late=0 | aed run=350 err=0 (last er=0)
14:27:01.464   preproc max=69122us avg=69074us | infer max=41147us avg=41052us
14:27:01.464   notify out=30 held=278 offlist=42 gated=33 lat max=112275us (0 lower bounds)
14:27:01.464   log sent=2235 dropped=0 lag max=120990us
14:27:01.464   disp sent=21 dropped=0 max=104594us avg=37725us
14:27:01.464 ====================================
14:27:01.464 ====================================
14:27:01.785 in=16128Hz out=16000Hz ring=992 under=0 over=0 (dt=999999us) loglag=120990us
14:27:01.849   pt[654]: min=-2004 max=1266 avg_abs=163 | fifo=960 under=0 over=0 late=0 mdf_cb=21035 mdf_err=0
14:27:02.363   pt[655]: min=-484 max=392 avg_abs=121 | fifo=1152 under=0 over=0 late=0 mdf_cb=21067 mdf_err=0
14:27:02.363 win  350 pos= 5376000  -41dBFS [######..............] rms=  308 peak= 3456 seam=ok lag=335us
14:27:02.363   -> clock_tick      p=0.87  preproc=69091us infer=41033us
14:27:02.815 in=16128Hz out=16400Hz ring=720 under=0 over=0 (dt=1000000us) loglag=120990us
14:27:02.877   pt[656]: min=-450 max=312 avg_abs=98 | fifo=944 under=0 over=0 late=0 mdf_cb=21099 mdf_err=0
14:27:03.342 win  351 pos= 5391360  -48dBFS [####................] rms=  130 peak=  512 seam=ok lag=338us
14:27:03.342   -> unknown         p=0.57  preproc=69015us infer=41078us
14:27:03.405   pt[657]: min=-512 max=360 avg_abs=97 | fifo=1136 under=0 over=0 late=0 mdf_cb=21131 mdf_err=0
14:27:03.792 in=16128Hz out=16000Hz ring=848 under=0 over=0 (dt=999999us) loglag=120990us
14:27:03.920   pt[658]: min=-444 max=386 avg_abs=114 | fifo=928 under=0 over=0 late=0 mdf_cb=21163 mdf_err=0
14:27:04.304 win  352 pos= 5406720  -48dBFS [####................] rms=  138 peak=  516 seam=ok lag=335us
14:27:04.304   -> unknown         p=0.43  preproc=69083us infer=41041us
14:27:04.432   pt[659]: min=-454 max=616 avg_abs=113 | fifo=976 under=0 over=0 late=0 mdf_cb=21196 mdf_err=0
14:27:04.813 in=16128Hz out=16000Hz ring=976 under=0 over=0 (dt=1000000us) loglag=120990us
14:27:04.940   pt[660]: min=-378 max=430 avg_abs=109 | fifo=1168 under=0 over=0 late=0 mdf_cb=21228 mdf_err=0
14:27:05.260 win  353 pos= 5422080  -47dBFS [####................] rms=  139 peak=  616 seam=ok lag=337us
14:27:05.260   -> unknown         p=0.48  preproc=69088us infer=41064us
14:27:05.453   pt[661]: min=-32768 max=32767 avg_abs=2007 | fifo=960 under=0 over=0 late=0 mdf_cb=21260 mdf_err=0
14:27:05.836 in=16128Hz out=16000Hz ring=1104 under=0 over=0 (dt=1000000us) loglag=120990us
14:27:05.964   pt[662]: min=-32768 max=32767 avg_abs=1332 | fifo=1152 under=0 over=0 late=0 mdf_cb=21292 mdf_err=0
14:27:06.220 win  354 pos= 5437440  -15dBFS [###############.....] rms= 6105 peak=32768 seam=ok lag=336us
14:27:06.220   -> unknown         p=0.30  preproc=69100us infer=41076us
14:27:06.476   pt[663]: min=-364 max=392 avg_abs=96 | fifo=944 under=0 over=0 late=0 mdf_cb=21324 mdf_err=0
14:27:06.862 in=16128Hz out=16400Hz ring=832 under=0 over=0 (dt=1000000us) loglag=120990us
14:27:06.992   pt[664]: min=-448 max=400 avg_abs=92 | fifo=1136 under=0 over=0 late=0 mdf_cb=21356 mdf_err=0
14:27:07.136 win  355 pos= 5452800  -49dBFS [###.................] rms=  118 peak=  448 seam=ok lag=338us
14:27:07.142   -> unknown         p=0.36  preproc=69086us infer=41009us
14:27:07.519   pt[665]: min=-524 max=570 avg_abs=126 | fifo=928 under=0 over=0 late=0 mdf_cb=21388 mdf_err=0
14:27:07.839 in=16128Hz out=16000Hz ring=960 under=0 over=0 (dt=999999us) loglag=120990us
14:27:08.033   pt[666]: min=-404 max=462 avg_abs=112 | fifo=720 under=0 over=0 late=0 mdf_cb=21420 mdf_err=0
14:27:08.162 win  356 pos= 5468160  -47dBFS [####................] rms=  150 peak=  570 seam=ok lag=336us
14:27:08.162   -> sneezing        p=0.75 (gated)  preproc=69077us infer=41077us
14:27:08.546   pt[667]: min=-512 max=402 avg_abs=110 | fifo=1168 under=0 over=0 late=0 mdf_cb=21453 mdf_err=0
14:27:08.867 in=16128Hz out=16000Hz ring=1088 under=0 over=0 (dt=999999us) loglag=120990us
14:27:09.059   pt[668]: min=-502 max=526 avg_abs=123 | fifo=960 under=0 over=0 late=0 mdf_cb=21485 mdf_err=0
14:27:09.063 win  357 pos= 5483520  -47dBFS [####................] rms=  146 peak=  526 seam=ok lag=335us
14:27:09.072   -> unknown         p=0.64  preproc=69102us infer=41014us
14:27:09.524   pt[669]: min=-434 max=386 avg_abs=100 | fifo=1152 under=0 over=0 late=0 mdf_cb=21517 mdf_err=0
14:27:09.858 in=16128Hz out=16400Hz ring=816 under=0 over=0 (dt=999999us) loglag=120990us
14:27:10.050 win  358 pos= 5498880  -16dBFS [##############......] rms= 5484 peak=32768 seam=ok lag=335us
14:27:10.050   -> unknown         p=0.43  preproc=69089us infer=41078us
14:27:10.050   pt[670]: min=-32768 max=32767 avg_abs=2712 | fifo=944 under=0 over=0 late=0 mdf_cb=21549 mdf_err=0
14:27:10.571   pt[671]: min=-694 max=798 avg_abs=113 | fifo=1136 under=0 over=0 late=0 mdf_cb=21581 mdf_err=0
14:27:10.891 in=16128Hz out=16000Hz ring=944 under=0 over=0 (dt=1000000us) loglag=120990us
14:27:11.019 win  359 pos= 5514240  -34dBFS [########............] rms=  673 peak= 8668 seam=ok lag=334us
14:27:11.019   -> clock_tick      p=0.94  preproc=69087us infer=41075us
14:27:11.019 ====================================
14:27:11.019 ====================================
14:27:11.019 TAP TOTAL win=359
14:27:11.019 ====================================
14:27:11.019 ====================================
14:27:11.019 tap total: windows=360 (expected 360 from 5531648 samples) overrun=0 torn=0 skipped=0 seam ok=359 NG=0
14:27:11.019   tap lag max=380us (0 of them lower bounds) | tap write max=7490ns avg=5321ns (21608 calls)
14:27:11.019   audio under=0 over=0 late=0 | aed run=360 err=0 (last er=0)
14:27:11.019   preproc max=69122us avg=69075us | infer max=41147us avg=41052us
14:27:11.032   notify out=30 held=286 offlist=44 gated=34 lat max=112275us (0 lower bounds)
14:27:11.036   log sent=2297 dropped=0 lag max=120990us
14:27:11.036   disp sent=21 dropped=0 max=104594us avg=37725us
14:27:11.045 ====================================
14:27:11.051 ====================================
14:27:11.114   pt[672]: min=-442 max=404 avg_abs=101 | fifo=928 under=0 over=0 late=0 mdf_cb=21613 mdf_err=0
14:27:11.628   pt[673]: min=-498 max=502 avg_abs=114 | fifo=1120 under=0 over=0 late=0 mdf_cb=21645 mdf_err=0
14:27:11.979 in=16128Hz out=16000Hz ring=1072 under=0 over=0 (dt=1000000us) loglag=120990us
14:27:11.979 win  360 pos= 5529600  -47dBFS [####................] rms=  143 peak=  502 seam=ok lag=335us
14:27:11.979   -> unknown         p=0.48  preproc=69077us infer=41022us
14:27:12.109   pt[674]: min=-392 max=482 avg_abs=109 | fifo=1168 under=0 over=0 late=0 mdf_cb=21678 mdf_err=0
14:27:12.621   pt[675]: min=-366 max=404 avg_abs=92 | fifo=960 under=0 over=0 late=0 mdf_cb=21710 mdf_err=0
14:27:12.942 in=16128Hz out=16400Hz ring=800 under=0 over=0 (dt=1000000us) loglag=120990us
14:27:12.942 win  361 pos= 5544960  -49dBFS [###.................] rms=  113 peak=  404 seam=ok lag=335us
14:27:12.942   -> unknown         p=0.53  preproc=69019us infer=41039us
14:27:13.134   pt[676]: min=-346 max=446 avg_abs=78 | fifo=1152 under=0 over=0 late=0 mdf_cb=21742 mdf_err=0
14:27:13.648   pt[677]: min=-2454 max=2972 avg_abs=188 | fifo=944 under=0 over=0 late=0 mdf_cb=21774 mdf_err=0
14:27:13.905 win  362 pos= 5560320  -42dBFS [######..............] rms=  247 peak= 2972 seam=ok lag=333us
14:27:13.905   -> unknown         p=0.69  preproc=69089us infer=41004us
14:27:13.905 in=16117Hz out=15989Hz ring=928 under=0 over=0 (dt=1000647us) loglag=120990us
14:27:14.161   pt[678]: min=-3548 max=2060 avg_abs=171 | fifo=1136 under=0 over=0 late=0 mdf_cb=21806 mdf_err=0
14:27:14.677   pt[679]: min=-864 max=786 avg_abs=119 | fifo=928 under=0 over=0 late=0 mdf_cb=21838 mdf_err=0
14:27:14.871 win  363 pos= 5575680  -44dBFS [#####...............] rms=  212 peak= 3548 seam=ok lag=334us
14:27:14.871   -> unknown         p=0.57  preproc=69088us infer=41070us
14:27:14.935 in=16138Hz out=16010Hz ring=1056 under=0 over=0 (dt=999351us) loglag=120990us
14:27:15.191   pt[680]: min=-394 max=376 avg_abs=96 | fifo=1120 under=0 over=0 late=0 mdf_cb=21870 mdf_err=0
14:27:15.834   pt[681]: min=-32768 max=32767 avg_abs=1599 | fifo=912 under=0 over=0 late=0 mdf_cb=21902 mdf_err=0
14:27:15.834 win  364 pos= 5591040  -20dBFS [#############.......] rms= 3343 peak=32768 seam=ok lag=339us
14:27:15.834   -> clock_tick      p=0.98  preproc=69106us infer=41075us
14:27:15.897 in=16128Hz out=16400Hz ring=784 under=0 over=0 (dt=1000000us) loglag=120990us
14:27:16.219   pt[682]: min=-32768 max=32767 avg_abs=914 | fifo=960 under=0 over=0 late=0 mdf_cb=21935 mdf_err=0
14:27:16.797   pt[683]: min=-498 max=666 avg_abs=117 | fifo=1152 under=0 over=0 late=0 mdf_cb=21967 mdf_err=0
14:27:16.797 win  365 pos= 5606400  -22dBFS [############........] rms= 2523 peak=32768 seam=ok lag=337us
14:27:16.797   -> clock_tick      p=0.89  preproc=69077us infer=41032us
14:27:16.926 in=16128Hz out=16000Hz ring=912 under=0 over=0 (dt=999999us) loglag=120990us
14:27:17.260   pt[684]: min=-434 max=384 avg_abs=94 | fifo=944 under=0 over=0 late=0 mdf_cb=21999 mdf_err=0
14:27:17.709 win  366 pos= 5621760  -49dBFS [###.................] rms=  116 peak=  448 seam=ok lag=337us
14:27:17.709   -> unknown         p=0.60  preproc=69031us infer=41056us
14:27:17.773   pt[685]: min=-330 max=384 avg_abs=85 | fifo=1136 under=0 over=0 late=0 mdf_cb=22031 mdf_err=0
14:27:17.903 in=16128Hz out=16000Hz ring=1040 under=0 over=0 (dt=1000000us) loglag=120990us
14:27:18.286   pt[686]: min=-412 max=492 avg_abs=103 | fifo=928 under=0 over=0 late=0 mdf_cb=22063 mdf_err=0
14:27:18.672 win  367 pos= 5637120  -22dBFS [############........] rms= 2494 peak=32768 seam=ok lag=336us
14:27:18.672   -> clock_tick      p=0.80  preproc=69085us infer=41008us
14:27:18.800   pt[687]: min=-32768 max=32767 avg_abs=1495 | fifo=1120 under=0 over=0 late=0 mdf_cb=22095 mdf_err=0
14:27:18.928 in=16128Hz out=16400Hz ring=768 under=0 over=0 (dt=999999us) loglag=120990us
14:27:19.312   pt[688]: min=-32768 max=32767 avg_abs=822 | fifo=912 under=0 over=0 late=0 mdf_cb=22127 mdf_err=0
14:27:19.634 win  368 pos= 5652480  -21dBFS [#############.......] rms= 2948 peak=32768 seam=ok lag=336us
14:27:19.634   -> clock_tick      p=0.87  preproc=69083us infer=41089us
14:27:19.810   pt[689]: min=-838 max=624 avg_abs=147 | fifo=704 under=0 over=0 late=0 mdf_cb=22159 mdf_err=0
14:27:19.937 in=16128Hz out=16000Hz ring=896 under=0 over=0 (dt=1000000us) loglag=120990us
14:27:20.324   pt[690]: min=-466 max=450 avg_abs=119 | fifo=1152 under=0 over=0 late=0 mdf_cb=22192 mdf_err=0
14:27:20.594 win  369 pos= 5667840  -46dBFS [####................] rms=  161 peak=  838 seam=ok lag=338us
14:27:20.594   -> unknown         p=0.35  preproc=69084us infer=41076us
14:27:20.594 ====================================
14:27:20.594 ====================================
14:27:20.597 TAP TOTAL win=369
14:27:20.599 ====================================
14:27:20.602 ====================================
14:27:20.605 tap total: windows=370 (expected 370 from 5685248 samples) overrun=0 torn=0 skipped=0 seam ok=369 NG=0
14:27:20.612   tap lag max=380us (0 of them lower bounds) | tap write max=7490ns avg=5320ns (22208 calls)
14:27:20.620   audio under=0 over=0 late=0 | aed run=370 err=0 (last er=0)
14:27:20.688   preproc max=69122us avg=69075us | infer max=41147us avg=41052us
14:27:20.688   notify out=30 held=292 offlist=48 gated=34 lat max=112275us (0 lower bounds)
14:27:20.688   log sent=2359 dropped=0 lag max=120990us
14:27:20.688   disp sent=21 dropped=0 max=104594us avg=37725us
14:27:20.688 ====================================
14:27:20.688 ====================================
14:27:20.882   pt[691]: min=-472 max=344 avg_abs=100 | fifo=944 under=0 over=0 late=0 mdf_cb=22224 mdf_err=0
14:27:20.946 in=16128Hz out=16000Hz ring=1024 under=0 over=0 (dt=999999us) loglag=120990us
14:27:21.394   pt[692]: min=-32768 max=32767 avg_abs=874 | fifo=1136 under=0 over=0 late=0 mdf_cb=22256 mdf_err=0
14:27:21.587 win  370 pos= 5683200  -22dBFS [############........] rms= 2661 peak=32768 seam=ok lag=335us
14:27:21.587   -> clock_tick      p=0.86  preproc=69095us infer=41006us
14:27:21.909   pt[693]: min=-32768 max=32767 avg_abs=1365 | fifo=928 under=0 over=0 late=0 mdf_cb=22288 mdf_err=0
14:27:21.972 in=16128Hz out=16400Hz ring=752 under=0 over=0 (dt=1000000us) loglag=120990us
14:27:22.423   pt[694]: min=-6426 max=3570 avg_abs=230 | fifo=1120 under=0 over=0 late=0 mdf_cb=22320 mdf_err=0
14:27:22.552 win  371 pos= 5698560  -21dBFS [#############.......] rms= 3037 peak=32768 seam=ok lag=380us
14:27:22.552   -> clock_tick      p=0.98  preproc=69089us infer=41098us
14:27:22.939   pt[695]: min=-456 max=386 avg_abs=100 | fifo=912 under=0 over=0 late=0 mdf_cb=22352 mdf_err=0
14:27:23.003 in=16128Hz out=16000Hz ring=880 under=0 over=0 (dt=999999us) loglag=121130us
14:27:23.514   pt[696]: min=-352 max=420 avg_abs=96 | fifo=1104 under=0 over=0 late=0 mdf_cb=22384 mdf_err=0
14:27:23.514 win  372 pos= 5713920  -48dBFS [####................] rms=  123 peak=  456 seam=ok lag=336us
14:27:23.514   -> unknown         p=0.68  preproc=69111us infer=41025us
14:27:23.964   pt[697]: min=-478 max=432 avg_abs=106 | fifo=1152 under=0 over=0 late=0 mdf_cb=22417 mdf_err=0
14:27:23.964 in=16128Hz out=16000Hz ring=1008 under=0 over=0 (dt=1000000us) loglag=121130us
14:27:24.476 win  373 pos= 5729280  -23dBFS [############........] rms= 2416 peak=32768 seam=ok lag=336us
14:27:24.476   -> clock_tick      p=0.90  preproc=69078us infer=41075us
14:27:24.476   pt[698]: min=-32768 max=32767 avg_abs=1536 | fifo=944 under=0 over=0 late=0 mdf_cb=22449 mdf_err=0
14:27:24.992   pt[699]: min=-32768 max=32767 avg_abs=869 | fifo=1136 under=0 over=0 late=0 mdf_cb=22481 mdf_err=0
14:27:24.992 in=16384Hz out=16400Hz ring=992 under=0 over=0 (dt=1000000us) loglag=121130us
14:27:25.440 win  374 pos= 5744640  -21dBFS [#############.......] rms= 3019 peak=32768 seam=ok lag=333us
14:27:25.440   -> clock_tick      p=0.92  preproc=69089us infer=41034us
14:27:25.506   pt[700]: min=-546 max=490 avg_abs=128 | fifo=928 under=0 over=0 late=0 mdf_cb=22513 mdf_err=0
14:27:26.018 in=16128Hz out=16000Hz ring=1120 under=0 over=0 (dt=999999us) loglag=121130us
14:27:26.018   pt[701]: min=-494 max=598 avg_abs=182 | fifo=1120 under=0 over=0 late=0 mdf_cb=22545 mdf_err=0
14:27:26.340 win  375 pos= 5760000  -45dBFS [#####...............] rms=  189 peak=  598 seam=ok lag=334us
14:27:26.346   -> sneezing        p=0.80 (gated)  preproc=69084us infer=41001us
14:27:26.530   pt[702]: min=-568 max=370 avg_abs=110 | fifo=912 under=0 over=0 late=0 mdf_cb=22577 mdf_err=0
14:27:26.976 in=15872Hz out=16000Hz ring=992 under=0 over=0 (dt=1000000us) loglag=121130us
14:27:27.056   pt[703]: min=-388 max=366 avg_abs=94 | fifo=1104 under=0 over=0 late=0 mdf_cb=22609 mdf_err=0
14:27:27.312 win  376 pos= 5775360  -49dBFS [###.................] rms=  122 peak=  568 seam=ok lag=335us
14:27:27.312   -> unknown         p=0.51  preproc=69037us infer=41038us
14:27:27.569   pt[704]: min=-496 max=372 avg_abs=87 | fifo=896 under=0 over=0 late=0 mdf_cb=22641 mdf_err=0
14:27:28.019 in=16128Hz out=16400Hz ring=720 under=0 over=0 (dt=999999us) loglag=121130us
14:27:28.083   pt[705]: min=-418 max=348 avg_abs=91 | fifo=944 under=0 over=0 late=0 mdf_cb=22674 mdf_err=0
14:27:28.276 win  377 pos= 5790720  -49dBFS [###.................] rms=  112 peak=  496 seam=ok lag=335us
14:27:28.276   -> unknown         p=0.35  preproc=69089us infer=41018us
14:27:28.597   pt[706]: min=-400 max=432 avg_abs=93 | fifo=1136 under=0 over=0 late=0 mdf_cb=22706 mdf_err=0
14:27:29.048 in=16128Hz out=16000Hz ring=848 under=0 over=0 (dt=1000000us) loglag=121130us
14:27:29.110   pt[707]: min=-584 max=284 avg_abs=124 | fifo=928 under=0 over=0 late=0 mdf_cb=22738 mdf_err=0
14:27:29.238 win  378 pos= 5806080  -47dBFS [####................] rms=  142 peak=  584 seam=ok lag=336us
14:27:29.238   -> unknown         p=0.45  preproc=69081us infer=41063us
14:27:29.622   pt[708]: min=-380 max=344 avg_abs=92 | fifo=1120 under=0 over=0 late=0 mdf_cb=22770 mdf_err=0
14:27:30.007 in=16128Hz out=16000Hz ring=976 under=0 over=0 (dt=1000000us) loglag=121130us
14:27:30.198   pt[709]: min=-462 max=1036 avg_abs=181 | fifo=912 under=0 over=0 late=0 mdf_cb=22802 mdf_err=0
14:27:30.198 win  379 pos= 5821440  -45dBFS [#####...............] rms=  175 peak=  992 seam=ok lag=332us
14:27:30.198   -> unknown         p=0.52  preproc=69095us infer=41067us
14:27:30.198 ====================================
14:27:30.203 ====================================
14:27:30.207 TAP TOTAL win=379
14:27:30.207 ====================================
14:27:30.212 ====================================
14:27:30.215 tap total: windows=380 (expected 380 from 5838848 samples) overrun=0 torn=0 skipped=0 seam ok=379 NG=0
14:27:30.219   tap lag max=380us (0 of them lower bounds) | tap write max=7490ns avg=5321ns (22808 calls)
14:27:30.233   audio under=0 over=0 late=0 | aed run=380 err=0 (last er=0)
14:27:30.233   preproc max=69122us avg=69075us | infer max=41147us avg=41051us
14:27:30.233   notify out=30 held=298 offlist=52 gated=35 lat max=112275us (0 lower bounds)
14:27:30.251   log sent=2422 dropped=0 lag max=121130us
14:27:30.251   disp sent=21 dropped=0 max=104594us avg=37725us
14:27:30.257 ====================================
14:27:30.262 ====================================
14:27:30.647   pt[710]: min=-32768 max=32767 avg_abs=1862 | fifo=1104 under=0 over=0 late=0 mdf_cb=22834 mdf_err=0
14:27:31.036 in=16128Hz out=16400Hz ring=704 under=0 over=0 (dt=999999us) loglag=121130us
14:27:31.164   pt[711]: min=-470 max=322 avg_abs=123 | fifo=896 under=0 over=0 late=0 mdf_cb=22866 mdf_err=0
14:27:31.164 win  380 pos= 5836800  -19dBFS [#############.......] rms= 3727 peak=32768 seam=ok lag=338us
14:27:31.164   -> crackling_fire  p=0.97  preproc=69094us infer=41027us
14:27:31.679   pt[712]: min=-550 max=1004 avg_abs=139 | fifo=944 under=0 over=0 late=0 mdf_cb=22899 mdf_err=0
14:27:32.129 in=16384Hz out=16000Hz ring=1088 under=0 over=0 (dt=1000000us) loglag=121130us
14:27:32.129 win  381 pos= 5852160  -39dBFS [#######.............] rms=  359 peak= 6456 seam=ok lag=336us
14:27:32.129   -> unknown         p=0.67  preproc=69034us infer=41081us
14:27:32.195   pt[713]: min=-6296 max=6456 avg_abs=252 | fifo=1136 under=0 over=0 late=0 mdf_cb=22931 mdf_err=0
14:27:32.708   pt[714]: min=-400 max=358 avg_abs=104 | fifo=928 under=0 over=0 late=0 mdf_cb=22963 mdf_err=0
14:27:33.093 in=16128Hz out=16000Hz ring=1216 under=0 over=0 (dt=1000000us) loglag=121130us
14:27:33.093 win  382 pos= 5867520  -47dBFS [####................] rms=  139 peak=  844 seam=ok lag=337us
14:27:33.093   -> unknown         p=0.57  preproc=69079us infer=41025us
14:27:33.222   pt[715]: min=-844 max=1322 avg_abs=143 | fifo=1120 under=0 over=0 late=0 mdf_cb=22995 mdf_err=0
14:27:33.736   pt[716]: min=-544 max=548 avg_abs=130 | fifo=912 under=0 over=0 late=0 mdf_cb=23027 mdf_err=0
14:27:34.073 {"win":383,"cls":"sneezing","p":0.72,"lat_ms":112,"under":0,"over":0,"late":0}
14:27:34.073 win  383 pos= 5882880  -45dBFS [#####...............] rms=  178 peak= 1322 seam=ok lag=336us
14:27:34.073   -> sneezing        p=0.72  preproc=69094us infer=41062us
14:27:34.073 in=16062Hz out=16333Hz ring=944 under=0 over=0 (dt=1004081us) loglag=121130us
14:27:34.073 lcd: win 383 -> SNEEZE p=0.72 (29702 us after notify)
14:27:34.264   pt[717]: min=-462 max=458 avg_abs=106 | fifo=1104 under=0 over=0 late=0 mdf_cb=23059 mdf_err=0
14:27:34.773   pt[718]: min=-596 max=520 avg_abs=132 | fifo=1152 under=0 over=0 late=0 mdf_cb=23092 mdf_err=0
14:27:35.027 {"win":384,"cls":"unknown","p":0.43,"lat_ms":112,"under":0,"over":0,"late":0}
14:27:35.027 win  384 pos= 5898240  -46dBFS [####................] rms=  158 peak=  604 seam=ok lag=336us
14:27:35.027   -> unknown         p=0.43  preproc=69085us infer=41078us
14:27:35.092 in=16194Hz out=16065Hz ring=1072 under=0 over=0 (dt=995916us) loglag=121130us
14:27:35.285   pt[719]: min=-604 max=518 avg_abs=122 | fifo=944 under=0 over=0 late=0 mdf_cb=23124 mdf_err=0
14:27:35.799   pt[720]: min=-432 max=526 avg_abs=119 | fifo=1136 under=0 over=0 late=0 mdf_cb=23156 mdf_err=0
14:27:35.994 win  385 pos= 5913600  -46dBFS [####................] rms=  156 peak=  604 seam=ok lag=337us
14:27:35.994   -> unknown         p=0.47  preproc=69074us infer=41029us
14:27:36.059 in=16128Hz out=16000Hz ring=1200 under=0 over=0 (dt=1000000us) loglag=121130us
14:27:36.314   pt[721]: min=-568 max=490 avg_abs=109 | fifo=928 under=0 over=0 late=0 mdf_cb=23188 mdf_err=0
14:27:36.827   pt[722]: min=-522 max=516 avg_abs=112 | fifo=1120 under=0 over=0 late=0 mdf_cb=23220 mdf_err=0
14:27:36.955 win  386 pos= 5928960  -47dBFS [####................] rms=  144 peak=  568 seam=ok lag=377us
14:27:36.955   -> unknown         p=0.35  preproc=69085us infer=41118us
14:27:37.083 in=16128Hz out=16400Hz ring=928 under=0 over=0 (dt=999999us) loglag=121130us
14:27:37.339   pt[723]: min=-504 max=552 avg_abs=139 | fifo=912 under=0 over=0 late=0 mdf_cb=23252 mdf_err=0
14:27:37.919   pt[724]: min=-394 max=442 avg_abs=117 | fifo=1104 under=0 over=0 late=0 mdf_cb=23284 mdf_err=0
14:27:37.919 win  387 pos= 5944320  -46dBFS [####................] rms=  159 peak=  552 seam=ok lag=333us
14:27:37.919   -> unknown         p=0.56  preproc=69112us infer=41017us
14:27:38.111 in=16128Hz out=16000Hz ring=1056 under=0 over=0 (dt=1000000us) loglag=121130us
14:27:38.368   pt[725]: min=-460 max=428 avg_abs=111 | fifo=896 under=0 over=0 late=0 mdf_cb=23316 mdf_err=0
14:27:38.881 win  388 pos= 5959680  -47dBFS [####................] rms=  154 peak=  596 seam=ok lag=333us
14:27:38.881   -> unknown         p=0.44  preproc=69084us infer=41093us
14:27:38.881   pt[726]: min=-596 max=534 avg_abs=135 | fifo=944 under=0 over=0 late=0 mdf_cb=23349 mdf_err=0
14:27:39.091 in=16128Hz out=16000Hz ring=1184 under=0 over=0 (dt=1000000us) loglag=121130us
14:27:39.410   pt[727]: min=-752 max=926 avg_abs=159 | fifo=1136 under=0 over=0 late=0 mdf_cb=23381 mdf_err=0
14:27:39.797 win  389 pos= 5975040  -45dBFS [#####...............] rms=  182 peak=  926 seam=ok lag=336us
14:27:39.797   -> unknown         p=0.48  preproc=69076us infer=41014us
14:27:39.797 ====================================
14:27:39.797 ====================================
14:27:39.799 TAP TOTAL win=389
14:27:39.799 ====================================
14:27:39.805 ====================================
14:27:39.808 tap total: windows=390 (expected 390 from 5992448 samples) overrun=0 torn=0 skipped=0 seam ok=389 NG=0
14:27:39.875   tap lag max=380us (0 of them lower bounds) | tap write max=7490ns avg=5321ns (23408 calls)
14:27:39.875   audio under=0 over=0 late=0 | aed run=390 err=0 (last er=0)
14:27:39.875   preproc max=69122us avg=69075us | infer max=41147us avg=41051us
14:27:39.875   notify out=32 held=305 offlist=53 gated=35 lat max=112275us (0 lower bounds)
14:27:39.875   log sent=2486 dropped=0 lag max=121130us
14:27:39.875   disp sent=22 dropped=0 max=104594us avg=37360us
14:27:39.875 ====================================
14:27:39.875 ====================================
14:27:39.875   pt[728]: min=-464 max=692 avg_abs=106 | fifo=928 under=0 over=0 late=0 mdf_cb=23413 mdf_err=0
14:27:40.133 in=16128Hz out=16400Hz ring=912 under=0 over=0 (dt=999999us) loglag=121130us
14:27:40.390   pt[729]: min=-358 max=454 avg_abs=97 | fifo=1120 under=0 over=0 late=0 mdf_cb=23445 mdf_err=0
14:27:40.775 win  390 pos= 5990400  -48dBFS [####................] rms=  125 peak=  454 seam=ok lag=336us
14:27:40.775   -> unknown         p=0.66  preproc=69093us infer=41037us
14:27:40.903   pt[730]: min=-438 max=434 avg_abs=101 | fifo=912 under=0 over=0 late=0 mdf_cb=23477 mdf_err=0
14:27:41.095 in=16128Hz out=16000Hz ring=1040 under=0 over=0 (dt=1000000us) loglag=121130us
14:27:41.417   pt[731]: min=-416 max=370 avg_abs=89 | fifo=1104 under=0 over=0 late=0 mdf_cb=23509 mdf_err=0
14:27:41.738 win  391 pos= 6005760  -49dBFS [###.................] rms=  115 peak=  464 seam=ok lag=333us
14:27:41.738   -> unknown         p=0.59  preproc=69029us infer=41028us
14:27:41.929   pt[732]: min=-4348 max=5390 avg_abs=199 | fifo=896 under=0 over=0 late=0 mdf_cb=23541 mdf_err=0
14:27:42.121 in=16128Hz out=16000Hz ring=1168 under=0 over=0 (dt=1000000us) loglag=121130us
14:27:42.441   pt[733]: min=-14344 max=12854 avg_abs=704 | fifo=1088 under=0 over=0 late=0 mdf_cb=23573 mdf_err=0
14:27:42.698 win  392 pos= 6021120  -32dBFS [#########...........] rms=  830 peak=14344 seam=ok lag=335us
14:27:42.698   -> crackling_fire  p=0.98  preproc=69082us infer=41027us
14:27:42.955   pt[734]: min=-6744 max=8376 avg_abs=549 | fifo=1136 under=0 over=0 late=0 mdf_cb=23606 mdf_err=0
14:27:43.147 in=16128Hz out=16000Hz ring=1296 under=0 over=0 (dt=999999us) loglag=121130us
14:27:43.469   pt[735]: min=-3678 max=4074 avg_abs=522 | fifo=928 under=0 over=0 late=0 mdf_cb=23638 mdf_err=0
14:27:43.661 win  393 pos= 6036480  -33dBFS [#########...........] rms=  762 peak= 7730 seam=ok lag=335us
14:27:43.661   -> rain            p=0.97  preproc=69073us infer=41070us
14:27:43.982   pt[736]: min=-3800 max=3400 avg_abs=411 | fifo=1120 under=0 over=0 late=0 mdf_cb=23670 mdf_err=0
14:27:44.174 in=16128Hz out=16400Hz ring=1024 under=0 over=0 (dt=999999us) loglag=121130us
14:27:44.623   pt[737]: min=-1030 max=1158 avg_abs=199 | fifo=912 under=0 over=0 late=0 mdf_cb=23702 mdf_err=0
14:27:44.623 win  394 pos= 6051840  -38dBFS [#######.............] rms=  407 peak= 3800 seam=ok lag=334us
14:27:44.623   -> crackling_fire  p=0.96  preproc=69114us infer=41087us
14:27:45.009   pt[738]: min=-458 max=418 avg_abs=107 | fifo=1104 under=0 over=0 late=0 mdf_cb=23734 mdf_err=0
14:27:45.137 in=16128Hz out=16000Hz ring=1152 under=0 over=0 (dt=1000000us) loglag=121130us
14:27:45.585   pt[739]: min=-558 max=468 avg_abs=102 | fifo=896 under=0 over=0 late=0 mdf_cb=23766 mdf_err=0
14:27:45.585 win  395 pos= 6067200  -48dBFS [####................] rms=  131 peak=  558 seam=ok lag=336us
14:27:45.585   -> crackling_fire  p=0.78 (gated)  preproc=69075us infer=41038us
14:27:46.035   pt[740]: min=-1262 max=1564 avg_abs=106 | fifo=1088 under=0 over=0 late=0 mdf_cb=23798 mdf_err=0
14:27:46.180 in=16128Hz out=16000Hz ring=1280 under=0 over=0 (dt=999999us) loglag=121130us
14:27:46.503 win  396 pos= 6082560  -47dBFS [####................] rms=  141 peak= 1564 seam=ok lag=338us
14:27:46.507   -> crackling_fire  p=1.00  preproc=69032us infer=41042us
14:27:46.582   pt[741]: min=-826 max=714 avg_abs=98 | fifo=880 under=0 over=0 late=0 mdf_cb=23830 mdf_err=0
14:27:47.096   pt[742]: min=-362 max=360 avg_abs=88 | fifo=1328 under=0 over=0 late=0 mdf_cb=23863 mdf_err=0
14:27:47.160 in=16128Hz out=16400Hz ring=1008 under=0 over=0 (dt=1000000us) loglag=121130us
14:27:47.483 win  397 pos= 6097920  -49dBFS [###.................] rms=  116 peak=  434 seam=ok lag=338us
14:27:47.483   -> unknown         p=0.45  preproc=69077us infer=41019us
14:27:47.612   pt[743]: min=-478 max=582 avg_abs=106 | fifo=1120 under=0 over=0 late=0 mdf_cb=23895 mdf_err=0
14:27:48.123   pt[744]: min=-7612 max=6960 avg_abs=357 | fifo=912 under=0 over=0 late=0 mdf_cb=23927 mdf_err=0
14:27:48.186 in=16128Hz out=16000Hz ring=1136 under=0 over=0 (dt=999999us) loglag=121130us
14:27:48.444 win  398 pos= 6113280  -35dBFS [########............] rms=  557 peak= 7612 seam=ok lag=336us
14:27:48.444   -> crackling_fire  p=0.88  preproc=69089us infer=41039us
14:27:48.638   pt[745]: min=-7820 max=5490 avg_abs=536 | fifo=1104 under=0 over=0 late=0 mdf_cb=23959 mdf_err=0
14:27:49.152   pt[746]: min=-7448 max=6834 avg_abs=474 | fifo=896 under=0 over=0 late=0 mdf_cb=23991 mdf_err=0
14:27:49.215 in=16128Hz out=16000Hz ring=1264 under=0 over=0 (dt=999999us) loglag=121130us
14:27:49.409 win  399 pos= 6128640  -34dBFS [########............] rms=  692 peak= 7820 seam=ok lag=337us
14:27:49.409   -> unknown         p=0.57  preproc=69098us infer=41083us
14:27:49.409 ====================================
14:27:49.409 ====================================
14:27:49.409 TAP TOTAL win=399
14:27:49.409 ====================================
14:27:49.409 ====================================
14:27:49.409 tap total: windows=400 (expected 400 from 6146048 samples) overrun=0 torn=0 skipped=0 seam ok=399 NG=0
14:27:49.419   tap lag max=380us (0 of them lower bounds) | tap write max=7490ns avg=5321ns (24008 calls)
14:27:49.427   audio under=0 over=0 late=0 | aed run=400 err=0 (last er=0)
14:27:49.433   preproc max=69122us avg=69075us | infer max=41147us avg=41051us
14:27:49.439   notify out=32 held=310 offlist=58 gated=36 lat max=112275us (0 lower bounds)
14:27:49.446   log sent=2549 dropped=0 lag max=121130us
14:27:49.446   disp sent=22 dropped=0 max=104594us avg=37360us
14:27:49.519 ====================================
14:27:49.519 ====================================
14:27:49.647   pt[747]: min=-4746 max=4364 avg_abs=482 | fifo=1088 under=0 over=0 late=0 mdf_cb=24023 mdf_err=0
14:27:50.161   pt[748]: min=-1398 max=1158 avg_abs=119 | fifo=880 under=0 over=0 late=0 mdf_cb=24055 mdf_err=0
14:27:50.224 in=16128Hz out=16400Hz ring=992 under=0 over=0 (dt=1000000us) loglag=121130us
14:27:50.352 win  400 pos= 6144000  -37dBFS [#######.............] rms=  455 peak= 4618 seam=ok lag=337us
14:27:50.352   -> crackling_fire  p=0.94  preproc=69082us infer=41037us
14:27:50.673   pt[749]: min=-616 max=692 avg_abs=109 | fifo=1072 under=0 over=0 late=0 mdf_cb=24087 mdf_err=0
14:27:51.187 in=16128Hz out=16000Hz ring=1120 under=0 over=0 (dt=999999us) loglag=121130us
14:27:51.187   pt[750]: min=-2516 max=2380 avg_abs=136 | fifo=1120 under=0 over=0 late=0 mdf_cb=24120 mdf_err=0
14:27:51.314 win  401 pos= 6159360  -46dBFS [####................] rms=  169 peak= 2516 seam=ok lag=379us
14:27:51.314   -> crackling_fire  p=0.95  preproc=69040us infer=41098us
14:27:51.699   pt[751]: min=-4608 max=9226 avg_abs=166 | fifo=912 under=0 over=0 late=0 mdf_cb=24152 mdf_err=0
14:27:52.279 in=16128Hz out=16000Hz ring=1248 under=0 over=0 (dt=1000000us) loglag=127989us
14:27:52.279   pt[752]: min=-4824 max=5010 avg_abs=170 | fifo=1104 under=0 over=0 late=0 mdf_cb=24184 mdf_err=0
14:27:52.279 win  402 pos= 6174720  -42dBFS [######..............] rms=  256 peak= 9226 seam=ok lag=334us
14:27:52.285   -> crackling_fire  p=0.95  preproc=69105us infer=41037us
14:27:52.727   pt[753]: min=-3620 max=4856 avg_abs=159 | fifo=896 under=0 over=0 late=0 mdf_cb=24216 mdf_err=0
14:27:53.243 in=16128Hz out=16400Hz ring=976 under=0 over=0 (dt=1000000us) loglag=127989us
14:27:53.243 win  403 pos= 6190080  -38dBFS [#######.............] rms=  400 peak= 8442 seam=ok lag=334us
14:27:53.243   -> crackling_fire  p=1.00  preproc=69084us infer=41075us
14:27:53.243   pt[754]: min=-7834 max=8442 avg_abs=338 | fifo=944 under=0 over=0 late=0 mdf_cb=24249 mdf_err=0
14:27:53.774   pt[755]: min=-3008 max=3186 avg_abs=309 | fifo=880 under=0 over=0 late=0 mdf_cb=24280 mdf_err=0
14:27:54.225 win  404 pos= 6205440  -37dBFS [#######.............] rms=  490 peak= 5108 seam=ok lag=332us
14:27:54.225   -> unknown         p=0.55  preproc=69086us infer=41037us
14:27:54.225 in=16128Hz out=16000Hz ring=1104 under=0 over=0 (dt=999998us) loglag=127989us
14:27:54.289   pt[756]: min=-4670 max=5108 avg_abs=371 | fifo=1072 under=0 over=0 late=0 mdf_cb=24312 mdf_err=0
14:27:54.804   pt[757]: min=-8058 max=6182 avg_abs=367 | fifo=864 under=0 over=0 late=0 mdf_cb=24344 mdf_err=0
14:27:55.190 win  405 pos= 6220800  -36dBFS [########............] rms=  524 peak= 8058 seam=ok lag=336us
14:27:55.190   -> unknown         p=0.58  preproc=69080us infer=41002us
14:27:55.254 in=16128Hz out=16000Hz ring=1232 under=0 over=0 (dt=1000000us) loglag=127989us
14:27:55.320   pt[758]: min=-4916 max=4136 avg_abs=405 | fifo=1312 under=0 over=0 late=0 mdf_cb=24377 mdf_err=0
14:27:55.833   pt[759]: min=-570 max=588 avg_abs=122 | fifo=1104 under=0 over=0 late=0 mdf_cb=24409 mdf_err=0
14:27:56.153 win  406 pos= 6236160  -40dBFS [######..............] rms=  332 peak= 4916 seam=ok lag=334us
14:27:56.153   -> crackling_fire  p=0.86  preproc=69034us infer=41052us
14:27:56.217 in=16128Hz out=16400Hz ring=960 under=0 over=0 (dt=999999us) loglag=127989us
14:27:56.345   pt[760]: min=-988 max=744 avg_abs=111 | fifo=896 under=0 over=0 late=0 mdf_cb=24441 mdf_err=0
14:27:56.858   pt[761]: min=-476 max=434 avg_abs=97 | fifo=1088 under=0 over=0 late=0 mdf_cb=24473 mdf_err=0
14:27:57.117 win  407 pos= 6251520  -48dBFS [####................] rms=  132 peak=  988 seam=ok lag=335us
14:27:57.117   -> unknown         p=0.58  preproc=69092us infer=41037us
14:27:57.245 in=16128Hz out=16000Hz ring=1088 under=0 over=0 (dt=999999us) loglag=127989us
14:27:57.372   pt[762]: min=-544 max=828 avg_abs=92 | fifo=880 under=0 over=0 late=0 mdf_cb=24505 mdf_err=0
14:27:57.887   pt[763]: min=-390 max=532 avg_abs=90 | fifo=1072 under=0 over=0 late=0 mdf_cb=24537 mdf_err=0
14:27:58.079 win  408 pos= 6266880  -49dBFS [###.................] rms=  120 peak=  532 seam=ok lag=335us
14:27:58.079   -> unknown         p=0.37  preproc=69071us infer=41026us
14:27:58.271 in=16128Hz out=16000Hz ring=1216 under=0 over=0 (dt=1000000us) loglag=127989us
14:27:58.400   pt[764]: min=-550 max=456 avg_abs=107 | fifo=864 under=0 over=0 late=0 mdf_cb=24569 mdf_err=0
14:27:59.042   pt[765]: min=-388 max=446 avg_abs=101 | fifo=1056 under=0 over=0 late=0 mdf_cb=24601 mdf_err=0
14:27:59.042 win  409 pos= 6282240  -48dBFS [####................] rms=  129 peak=  550 seam=ok lag=334us
14:27:59.042   -> clock_tick      p=0.82 (gated)  preproc=69113us infer=41031us
14:27:59.042 ====================================
14:27:59.042 ====================================
14:27:59.042 TAP TOTAL win=409
14:27:59.042 ====================================
14:27:59.042 ====================================
14:27:59.042 tap total: windows=410 (expected 410 from 6299648 samples) overrun=0 torn=0 skipped=0 seam ok=409 NG=0
14:27:59.042   tap lag max=380us (0 of them lower bounds) | tap write max=7490ns avg=5321ns (24608 calls)
14:27:59.042   audio under=0 over=0 late=0 | aed run=410 err=0 (last er=0)
14:27:59.042   preproc max=69122us avg=69075us | infer max=41147us avg=41051us
14:27:59.049   notify out=32 held=315 offlist=63 gated=37 lat max=112275us (0 lower bounds)
14:27:59.052   log sent=2611 dropped=0 lag max=127989us
14:27:59.060   disp sent=22 dropped=0 max=104594us avg=37360us
14:27:59.064 ====================================
14:27:59.069 ====================================
14:27:59.251 in=16128Hz out=16000Hz ring=1344 under=0 over=0 (dt=1000000us) loglag=127989us
14:27:59.442   pt[766]: min=-640 max=688 avg_abs=111 | fifo=1104 under=0 over=0 late=0 mdf_cb=24634 mdf_err=0
14:27:59.955   pt[767]: min=-446 max=434 avg_abs=95 | fifo=1296 under=0 over=0 late=0 mdf_cb=24666 mdf_err=0
14:27:59.955 win  410 pos= 6297600  -47dBFS [####................] rms=  140 peak=  688 seam=ok lag=334us
14:27:59.959   -> unknown         p=0.51  preproc=69087us infer=41038us
14:28:00.275 in=16128Hz out=16400Hz ring=1072 under=0 over=0 (dt=1000000us) loglag=127989us
14:28:00.467   pt[768]: min=-698 max=416 avg_abs=93 | fifo=1088 under=0 over=0 late=0 mdf_cb=24698 mdf_err=0
14:28:00.917 win  411 pos= 6312960  -13dBFS [###############.....] rms= 7035 peak=32768 seam=ok lag=334us
14:28:00.917   -> unknown         p=0.40  preproc=69031us infer=41037us
14:28:00.980   pt[769]: min=-32768 max=32767 avg_abs=7954 | fifo=880 under=0 over=0 late=0 mdf_cb=24730 mdf_err=0
14:28:01.300 in=16128Hz out=16000Hz ring=1200 under=0 over=0 (dt=999999us) loglag=127989us
14:28:01.492   pt[770]: min=-32768 max=32767 avg_abs=6710 | fifo=1072 under=0 over=0 late=0 mdf_cb=24762 mdf_err=0
14:28:01.879 win  412 pos= 6328320   -9dBFS [#################...] rms=11109 peak=32768 seam=ok lag=338us
14:28:01.879   -> unknown         p=0.32  preproc=69086us infer=41027us
14:28:02.006   pt[771]: min=-1946 max=1254 avg_abs=131 | fifo=864 under=0 over=0 late=0 mdf_cb=24794 mdf_err=0
14:28:02.265 in=15872Hz out=16000Hz ring=1072 under=0 over=0 (dt=999999us) loglag=127989us
14:28:02.522   pt[772]: min=-1072 max=828 avg_abs=187 | fifo=1056 under=0 over=0 late=0 mdf_cb=24826 mdf_err=0
14:28:02.843 {"win":413,"cls":"sneezing","p":0.93,"lat_ms":112,"under":0,"over":0,"late":0}
14:28:02.843 win  413 pos= 6343680  -43dBFS [#####...............] rms=  219 peak= 1946 seam=ok lag=337us
14:28:02.843   -> sneezing        p=0.93  preproc=69068us infer=41045us
14:28:02.906 lcd: win 413 -> SNEEZE p=0.93 (22793 us after notify)
14:28:03.035   pt[773]: min=-640 max=566 avg_abs=131 | fifo=848 under=0 over=0 late=0 mdf_cb=24858 mdf_err=0
14:28:03.293 in=16128Hz out=16400Hz ring=800 under=0 over=0 (dt=1000000us) loglag=127989us
14:28:03.550   pt[774]: min=-384 max=382 avg_abs=99 | fifo=1296 under=0 over=0 late=0 mdf_cb=24891 mdf_err=0
14:28:03.805 {"win":414,"cls":"unknown","p":0.68,"lat_ms":112,"under":0,"over":0,"late":0}
14:28:03.805 win  414 pos= 6359040  -10dBFS [################....] rms=10188 peak=32768 seam=ok lag=335us
14:28:03.805   -> unknown         p=0.68  preproc=69078us infer=41039us
14:28:04.060   pt[775]: min=-32768 max=32767 avg_abs=15844 | fifo=1088 under=0 over=0 late=0 mdf_cb=24923 mdf_err=0
14:28:04.317 in=16128Hz out=16000Hz ring=928 under=0 over=0 (dt=999999us) loglag=127989us
14:28:04.574   pt[776]: min=-32768 max=32767 avg_abs=7188 | fifo=1280 under=0 over=0 late=0 mdf_cb=24955 mdf_err=0
14:28:04.768 {"win":415,"cls":"sneezing","p":0.81,"lat_ms":112,"under":0,"over":0,"late":0}
14:28:04.768 win  415 pos= 6374400   -7dBFS [#################...] rms=13952 peak=32768 seam=ok lag=337us
14:28:04.768   -> sneezing        p=0.81  preproc=69085us infer=41028us
14:28:04.768 lcd: win 415 -> SNEEZE p=0.81 (22791 us after notify)
14:28:05.105   pt[777]: min=-442 max=420 avg_abs=100 | fifo=1072 under=0 over=0 late=0 mdf_cb=24987 mdf_err=0
14:28:05.297 in=16128Hz out=16000Hz ring=1056 under=0 over=0 (dt=1000000us) loglag=127989us
14:28:05.617   pt[778]: min=-464 max=492 avg_abs=126 | fifo=864 under=0 over=0 late=0 mdf_cb=25019 mdf_err=0
14:28:05.744 {"win":416,"cls":"unknown","p":0.35,"lat_ms":112,"under":0,"over":0,"late":0}
14:28:05.744 win  416 pos= 6389760  -47dBFS [####................] rms=  141 peak=  492 seam=ok lag=334us
14:28:05.744   -> unknown         p=0.35  preproc=69029us infer=41086us
14:28:06.130   pt[779]: min=-538 max=612 avg_abs=156 | fifo=1056 under=0 over=0 late=0 mdf_cb=25051 mdf_err=0
14:28:06.323 in=16128Hz out=16400Hz ring=784 under=0 over=0 (dt=999999us) loglag=127989us
14:28:06.709   pt[780]: min=-510 max=1030 avg_abs=251 | fifo=848 under=0 over=0 late=0 mdf_cb=25083 mdf_err=0
14:28:06.709 win  417 pos= 6405120  -42dBFS [######..............] rms=  271 peak= 1030 seam=ok lag=337us
14:28:06.709   -> unknown         p=0.62  preproc=69103us infer=41032us
14:28:07.159   pt[781]: min=-656 max=486 avg_abs=163 | fifo=1040 under=0 over=0 late=0 mdf_cb=25115 mdf_err=0
14:28:07.350 in=16128Hz out=16000Hz ring=912 under=0 over=0 (dt=1000000us) loglag=127989us
14:28:07.671   pt[782]: min=-438 max=534 avg_abs=116 | fifo=832 under=0 over=0 late=0 mdf_cb=25147 mdf_err=0
14:28:07.671 win  418 pos= 6420480  -45dBFS [#####...............] rms=  175 peak=  656 seam=ok lag=337us
14:28:07.671   -> unknown         p=0.41  preproc=69070us infer=41075us
14:28:08.184   pt[783]: min=-424 max=378 avg_abs=92 | fifo=1280 under=0 over=0 late=0 mdf_cb=25180 mdf_err=0
14:28:08.313 in=16128Hz out=16000Hz ring=1040 under=0 over=0 (dt=999999us) loglag=127989us
14:28:08.634 win  419 pos= 6435840  -49dBFS [###.................] rms=  121 peak=  534 seam=ok lag=335us
14:28:08.634   -> unknown         p=0.37  preproc=69076us infer=41024us
14:28:08.634 ====================================
14:28:08.634 ====================================
14:28:08.634 TAP TOTAL win=419
14:28:08.634 ====================================
14:28:08.634 ====================================
14:28:08.634 tap total: windows=420 (expected 420 from 6453248 samples) overrun=0 torn=0 skipped=0 seam ok=419 NG=0
14:28:08.634   tap lag max=380us (0 of them lower bounds) | tap write max=7490ns avg=5321ns (25208 calls)
14:28:08.634   audio under=0 over=0 late=0 | aed run=420 err=0 (last er=0)
14:28:08.634   preproc max=69122us avg=69075us | infer max=41147us avg=41051us
14:28:08.639   notify out=36 held=321 offlist=63 gated=37 lat max=112275us (0 lower bounds)
14:28:08.650   log sent=2679 dropped=0 lag max=127989us
14:28:08.650   disp sent=24 dropped=0 max=104594us avg=36146us
14:28:08.656 ====================================
14:28:08.656 ====================================
14:28:08.656   pt[784]: min=-386 max=320 avg_abs=88 | fifo=1072 under=0 over=0 late=0 mdf_cb=25212 mdf_err=0
14:28:09.180   pt[785]: min=-442 max=386 avg_abs=98 | fifo=1264 under=0 over=0 late=0 mdf_cb=25244 mdf_err=0
14:28:09.374 in=16128Hz out=16400Hz ring=768 under=0 over=0 (dt=999999us) loglag=127989us
14:28:09.565 win  420 pos= 6451200  -49dBFS [###.................] rms=  120 peak=  442 seam=ok lag=336us
14:28:09.565   -> unknown         p=0.53  preproc=69083us infer=41030us
14:28:09.693   pt[786]: min=-450 max=466 avg_abs=98 | fifo=1056 under=0 over=0 late=0 mdf_cb=25276 mdf_err=0
14:28:10.208   pt[787]: min=-350 max=352 avg_abs=84 | fifo=848 under=0 over=0 late=0 mdf_cb=25308 mdf_err=0
14:28:10.336 in=16128Hz out=16000Hz ring=896 under=0 over=0 (dt=1000000us) loglag=127989us
14:28:10.529 win  421 pos= 6466560  -49dBFS [###.................] rms=  112 peak=  466 seam=ok lag=334us
14:28:10.529   -> unknown         p=0.33  preproc=69029us infer=41026us
14:28:10.720   pt[788]: min=-398 max=450 avg_abs=98 | fifo=1040 under=0 over=0 late=0 mdf_cb=25340 mdf_err=0
14:28:11.243   pt[789]: min=-470 max=404 avg_abs=100 | fifo=832 under=0 over=0 late=0 mdf_cb=25372 mdf_err=0
14:28:11.372 in=16128Hz out=16000Hz ring=1024 under=0 over=0 (dt=999999us) loglag=127989us
14:28:11.500 win  422 pos= 6481920  -48dBFS [####................] rms=  127 peak=  470 seam=ok lag=335us
14:28:11.500   -> unknown         p=0.55  preproc=69086us infer=41001us
14:28:11.757   pt[790]: min=-334 max=464 avg_abs=93 | fifo=1024 under=0 over=0 late=0 mdf_cb=25404 mdf_err=0
14:28:12.272   pt[791]: min=-442 max=410 avg_abs=93 | fifo=1072 under=0 over=0 late=0 mdf_cb=25437 mdf_err=0
14:28:12.465 in=16128Hz out=16400Hz ring=752 under=0 over=0 (dt=1000000us) loglag=127989us
14:28:12.465 win  423 pos= 6497280  -49dBFS [###.................] rms=  117 peak=  464 seam=ok lag=336us
14:28:12.465   -> unknown         p=0.52  preproc=69096us infer=41075us
14:28:12.788   pt[792]: min=-334 max=380 avg_abs=93 | fifo=1264 under=0 over=0 late=0 mdf_cb=25469 mdf_err=0
14:28:13.428   pt[793]: min=-402 max=454 avg_abs=89 | fifo=1056 under=0 over=0 late=0 mdf_cb=25501 mdf_err=0
14:28:13.428 in=16128Hz out=16000Hz ring=880 under=0 over=0 (dt=1000000us) loglag=127989us
14:28:13.428 win  424 pos= 6512640  -49dBFS [###.................] rms=  116 peak=  454 seam=ok lag=336us
14:28:13.428   -> unknown         p=0.36  preproc=69113us infer=41074us
14:28:13.814   pt[794]: min=-448 max=514 avg_abs=103 | fifo=848 under=0 over=0 late=0 mdf_cb=25533 mdf_err=0
14:28:14.392   pt[795]: min=-368 max=344 avg_abs=85 | fifo=1040 under=0 over=0 late=0 mdf_cb=25565 mdf_err=0
14:28:14.392 win  425 pos= 6528000  -49dBFS [###.................] rms=  119 peak=  514 seam=ok lag=332us
14:28:14.392   -> unknown         p=0.50  preproc=69070us infer=41027us
14:28:14.392 in=16050Hz out=15923Hz ring=1008 under=0 over=0 (dt=1004801us) loglag=127989us
14:28:14.841   pt[796]: min=-368 max=390 avg_abs=84 | fifo=832 under=0 over=0 late=0 mdf_cb=25597 mdf_err=0
14:28:15.355 win  426 pos= 6543360  -25dBFS [###########.........] rms= 1850 peak=15716 seam=ok lag=329us
14:28:15.355   -> unknown         p=0.61  preproc=69020us infer=41031us
14:28:15.355   pt[797]: min=-21410 max=16756 avg_abs=2361 | fifo=1024 under=0 over=0 late=0 mdf_cb=25629 mdf_err=0
14:28:15.419 in=16205Hz out=16077Hz ring=1136 under=0 over=0 (dt=995196us) loglag=127989us
14:28:15.869   pt[798]: min=-9180 max=8392 avg_abs=261 | fifo=1072 under=0 over=0 late=0 mdf_cb=25662 mdf_err=0
14:28:16.318 win  427 pos= 6558720  -25dBFS [###########.........] rms= 1945 peak=21410 seam=ok lag=333us
14:28:16.318   -> unknown         p=0.60  preproc=69081us infer=41030us
14:28:16.382   pt[799]: min=-470 max=360 avg_abs=90 | fifo=1264 under=0 over=0 late=0 mdf_cb=25694 mdf_err=0
14:28:16.382 in=16128Hz out=16400Hz ring=864 under=0 over=0 (dt=1000000us) loglag=127989us
14:28:16.895   pt[800]: min=-234 max=600 avg_abs=120 | fifo=1056 under=0 over=0 late=0 mdf_cb=25726 mdf_err=0
14:28:17.280 win  428 pos= 6574080  -47dBFS [####................] rms=  151 peak=  896 seam=ok lag=338us
14:28:17.280   -> unknown         p=0.48  preproc=69093us infer=41090us
14:28:17.408 in=16128Hz out=16000Hz ring=992 under=0 over=0 (dt=999999us) loglag=127989us
14:28:17.408   pt[801]: min=-32768 max=32767 avg_abs=543 | fifo=848 under=0 over=0 late=0 mdf_cb=25758 mdf_err=0
14:28:17.923   pt[802]: min=-21722 max=26294 avg_abs=754 | fifo=1040 under=0 over=0 late=0 mdf_cb=25790 mdf_err=0
14:28:18.245 win  429 pos= 6589440  -20dBFS [#############.......] rms= 3245 peak=32768 seam=ok lag=338us
14:28:18.245   -> unknown         p=0.50  preproc=69090us infer=41069us
14:28:18.245 ====================================
14:28:18.245 ====================================
14:28:18.245 TAP TOTAL win=429
14:28:18.245 ====================================
14:28:18.245 ====================================
14:28:18.245 tap total: windows=430 (expected 430 from 6606848 samples) overrun=0 torn=0 skipped=0 seam ok=429 NG=0
14:28:18.245   tap lag max=380us (0 of them lower bounds) | tap write max=7490ns avg=5321ns (25808 calls)
14:28:18.245   audio under=0 over=0 late=0 | aed run=430 err=0 (last er=0)
14:28:18.245   preproc max=69122us avg=69075us | infer max=41147us avg=41051us
14:28:18.245   notify out=36 held=331 offlist=63 gated=37 lat max=112275us (0 lower bounds)
14:28:18.245   log sent=2741 dropped=0 lag max=127989us
14:28:18.253   disp sent=24 dropped=0 max=104594us avg=36146us
14:28:18.260 ====================================
14:28:18.260 ====================================
14:28:18.389 in=16128Hz out=16000Hz ring=1120 under=0 over=0 (dt=1000000us) loglag=127989us
14:28:18.453   pt[803]: min=-29346 max=27004 avg_abs=3576 | fifo=832 under=0 over=0 late=0 mdf_cb=25822 mdf_err=0
14:28:18.969   pt[804]: min=-5782 max=3974 avg_abs=322 | fifo=1024 under=0 over=0 late=0 mdf_cb=25854 mdf_err=0
14:28:19.161 win  430 pos= 6604800  -20dBFS [#############.......] rms= 3107 peak=29346 seam=ok lag=336us
14:28:19.161   -> unknown         p=0.53  preproc=69086us infer=41042us
14:28:19.418 in=16128Hz out=16400Hz ring=848 under=0 over=0 (dt=1000000us) loglag=127989us
14:28:19.483   pt[805]: min=-600 max=778 avg_abs=121 | fifo=816 under=0 over=0 late=0 mdf_cb=25886 mdf_err=0
14:28:19.999   pt[806]: min=-17368 max=18744 avg_abs=2550 | fifo=1264 under=0 over=0 late=0 mdf_cb=25919 mdf_err=0
14:28:20.127 win  431 pos= 6620160  -21dBFS [#############.......] rms= 2781 peak=18744 seam=ok lag=337us
14:28:20.127   -> unknown         p=0.30  preproc=69033us infer=41064us
14:28:20.450 in=16128Hz out=16000Hz ring=976 under=0 over=0 (dt=999999us) loglag=127989us
14:28:20.513   pt[807]: min=-17070 max=14504 avg_abs=1495 | fifo=1056 under=0 over=0 late=0 mdf_cb=25951 mdf_err=0
14:28:21.089   pt[808]: min=-478 max=286 avg_abs=120 | fifo=1248 under=0 over=0 late=0 mdf_cb=25983 mdf_err=0
14:28:21.089 win  432 pos= 6635520  -25dBFS [###########.........] rms= 1824 peak=17070 seam=ok lag=337us
14:28:21.089   -> unknown         p=0.57  preproc=69104us infer=41029us
14:28:21.475 in=16128Hz out=16000Hz ring=1104 under=0 over=0 (dt=1000000us) loglag=127989us
14:28:21.539   pt[809]: min=-378 max=372 avg_abs=100 | fifo=1040 under=0 over=0 late=0 mdf_cb=26015 mdf_err=0
14:28:22.055   pt[810]: min=-13816 max=14302 avg_abs=816 | fifo=832 under=0 over=0 late=0 mdf_cb=26047 mdf_err=0
14:28:22.055 win  433 pos= 6650880  -36dBFS [########............] rms=  508 peak= 6316 seam=ok lag=336us
14:28:22.055   -> unknown         p=0.48  preproc=69078us infer=41069us
14:28:22.441 in=16128Hz out=16400Hz ring=832 under=0 over=0 (dt=999999us) loglag=127989us
14:28:22.571   pt[811]: min=-32768 max=32767 avg_abs=2311 | fifo=1024 under=0 over=0 late=0 mdf_cb=26079 mdf_err=0
14:28:23.021 win  434 pos= 6666240  -20dBFS [#############.......] rms= 3146 peak=32768 seam=ok lag=336us
14:28:23.021   -> unknown         p=0.55  preproc=69080us infer=41065us
14:28:23.085   pt[812]: min=-722 max=476 avg_abs=96 | fifo=816 under=0 over=0 late=0 mdf_cb=26111 mdf_err=0
14:28:23.469 in=16128Hz out=16000Hz ring=960 under=0 over=0 (dt=1000000us) loglag=127989us
14:28:23.598   pt[813]: min=-1588 max=1580 avg_abs=122 | fifo=1264 under=0 over=0 late=0 mdf_cb=26144 mdf_err=0
14:28:23.983 win  435 pos= 6681600  -31dBFS [#########...........] rms=  873 peak=12758 seam=ok lag=337us
14:28:23.983   -> unknown         p=0.50  preproc=69086us infer=41025us
14:28:24.111   pt[814]: min=-32768 max=19494 avg_abs=2524 | fifo=1056 under=0 over=0 late=0 mdf_cb=26176 mdf_err=0
14:28:24.497 in=16128Hz out=16000Hz ring=1088 under=0 over=0 (dt=999999us) loglag=127989us
14:28:24.625   pt[815]: min=-16280 max=16472 avg_abs=1064 | fifo=1248 under=0 over=0 late=0 mdf_cb=26208 mdf_err=0
14:28:24.945 win  436 pos= 6696960  -20dBFS [#############.......] rms= 3178 peak=32768 seam=ok lag=336us
14:28:24.945   -> clock_tick      p=0.75  preproc=69030us infer=41026us
14:28:25.137   pt[816]: min=-506 max=382 avg_abs=93 | fifo=1040 under=0 over=0 late=0 mdf_cb=26240 mdf_err=0
14:28:25.458 in=16128Hz out=16400Hz ring=816 under=0 over=0 (dt=1000000us) loglag=127989us
14:28:25.651   pt[817]: min=-10718 max=11122 avg_abs=1257 | fifo=832 under=0 over=0 late=0 mdf_cb=26272 mdf_err=0
14:28:25.908 win  437 pos= 6712320  -25dBFS [###########.........] rms= 1759 peak=11122 seam=ok lag=334us
14:28:25.908   -> chainsaw        p=0.71  preproc=69084us infer=41016us
14:28:26.164   pt[818]: min=-10638 max=9500 avg_abs=622 | fifo=1024 under=0 over=0 late=0 mdf_cb=26304 mdf_err=0
14:28:26.486 in=16128Hz out=16000Hz ring=944 under=0 over=0 (dt=999999us) loglag=127989us
14:28:26.679   pt[819]: min=-664 max=356 avg_abs=115 | fifo=816 under=0 over=0 late=0 mdf_cb=26336 mdf_err=0
14:28:26.871 win  438 pos= 6727680  -45dBFS [#####...............] rms=  180 peak= 1868 seam=ok lag=335us
14:28:26.871   -> unknown         p=0.70  preproc=69092us infer=41014us
14:28:27.192   pt[820]: min=-424 max=516 avg_abs=122 | fifo=1008 under=0 over=0 late=0 mdf_cb=26368 mdf_err=0
14:28:27.512 in=16128Hz out=16000Hz ring=1072 under=0 over=0 (dt=1000000us) loglag=127989us
14:28:27.831   pt[821]: min=-420 max=452 avg_abs=110 | fifo=1056 under=0 over=0 late=0 mdf_cb=26401 mdf_err=0
14:28:27.831 win  439 pos= 6743040  -47dBFS [####................] rms=  144 peak=  516 seam=ok lag=335us
14:28:27.831   -> unknown         p=0.38  preproc=69084us infer=41074us
14:28:27.831 ====================================
14:28:27.831 ====================================
14:28:27.831 TAP TOTAL win=439
14:28:27.831 ====================================
14:28:27.831 ====================================
14:28:27.831 tap total: windows=440 (expected 440 from 6760448 samples) overrun=0 torn=0 skipped=0 seam ok=439 NG=0
14:28:27.831   tap lag max=380us (0 of them lower bounds) | tap write max=7490ns avg=5321ns (26408 calls)
14:28:27.831   audio under=0 over=0 late=0 | aed run=440 err=0 (last er=0)
14:28:27.847   preproc max=69122us avg=69075us | infer max=41147us avg=41051us
14:28:27.847   notify out=36 held=339 offlist=65 gated=37 lat max=112275us (0 lower bounds)
14:28:27.847   log sent=2804 dropped=0 lag max=127989us
14:28:27.863   disp sent=24 dropped=0 max=104594us avg=36146us
14:28:27.869 ====================================
14:28:27.873 ====================================
14:28:28.200   pt[822]: min=-478 max=478 avg_abs=111 | fifo=1248 under=0 over=0 late=0 mdf_cb=26433 mdf_err=0
14:28:28.521 in=16128Hz out=16400Hz ring=800 under=0 over=0 (dt=999999us) loglag=127989us
14:28:28.780   pt[823]: min=-514 max=444 avg_abs=106 | fifo=1040 under=0 over=0 late=0 mdf_cb=26465 mdf_err=0
14:28:28.780 win  440 pos= 6758400  -48dBFS [####................] rms=  135 peak=  514 seam=ok lag=335us
14:28:28.780   -> unknown         p=0.38  preproc=69113us infer=41040us
14:28:29.230   pt[824]: min=-470 max=480 avg_abs=102 | fifo=1232 under=0 over=0 late=0 mdf_cb=26497 mdf_err=0
14:28:29.485 in=16128Hz out=16000Hz ring=928 under=0 over=0 (dt=999999us) loglag=127989us
14:28:29.743 win  441 pos= 6773760  -48dBFS [####................] rms=  132 peak=  480 seam=ok lag=335us
14:28:29.743   -> unknown         p=0.44  preproc=69018us infer=41060us
14:28:29.743   pt[825]: min=-464 max=466 avg_abs=106 | fifo=1024 under=0 over=0 late=0 mdf_cb=26529 mdf_err=0
14:28:30.257   pt[826]: min=-578 max=272 avg_abs=97 | fifo=816 under=0 over=0 late=0 mdf_cb=26561 mdf_err=0
14:28:30.515 in=16128Hz out=16000Hz ring=1056 under=0 over=0 (dt=1000000us) loglag=127989us
14:28:30.707 win  442 pos= 6789120  -48dBFS [####................] rms=  126 peak=  578 seam=ok lag=336us
14:28:30.707   -> unknown         p=0.49  preproc=69078us infer=41031us
14:28:30.771   pt[827]: min=-416 max=468 avg_abs=92 | fifo=1008 under=0 over=0 late=0 mdf_cb=26593 mdf_err=0
14:28:31.285   pt[828]: min=-32768 max=32767 avg_abs=2952 | fifo=800 under=0 over=0 late=0 mdf_cb=26625 mdf_err=0
14:28:31.543 in=16128Hz out=16400Hz ring=784 under=0 over=0 (dt=1000000us) loglag=127989us
14:28:31.670 win  443 pos= 6804480  -15dBFS [###############.....] rms= 5845 peak=32768 seam=ok lag=334us
14:28:31.670   -> unknown         p=0.42  preproc=69083us infer=41073us
14:28:31.799   pt[829]: min=-806 max=788 avg_abs=131 | fifo=992 under=0 over=0 late=0 mdf_cb=26657 mdf_err=0
14:28:32.315   pt[830]: min=-526 max=432 avg_abs=116 | fifo=1040 under=0 over=0 late=0 mdf_cb=26690 mdf_err=0
14:28:32.635 in=16128Hz out=16000Hz ring=912 under=0 over=0 (dt=999999us) loglag=127989us
14:28:32.635 win  444 pos= 6819840  -47dBFS [####................] rms=  149 peak=  542 seam=ok lag=337us
14:28:32.635   -> unknown         p=0.31  preproc=69088us infer=41029us
14:28:32.829   pt[831]: min=-434 max=476 avg_abs=113 | fifo=1232 under=0 over=0 late=0 mdf_cb=26722 mdf_err=0
14:28:33.343   pt[832]: min=-412 max=434 avg_abs=102 | fifo=1024 under=0 over=0 late=0 mdf_cb=26754 mdf_err=0
14:28:33.599 in=16128Hz out=16000Hz ring=1040 under=0 over=0 (dt=1000000us) loglag=127989us
14:28:33.599 win  445 pos= 6835200  -48dBFS [####................] rms=  133 peak=  476 seam=ok lag=337us
14:28:33.599   -> unknown         p=0.37  preproc=69096us infer=41065us
14:28:33.858   pt[833]: min=-2330 max=744 avg_abs=116 | fifo=1216 under=0 over=0 late=0 mdf_cb=26786 mdf_err=0
14:28:34.374   pt[834]: min=-472 max=372 avg_abs=106 | fifo=1008 under=0 over=0 late=0 mdf_cb=26818 mdf_err=0
14:28:34.566 win  446 pos= 6850560  -47dBFS [####................] rms=  148 peak= 2330 seam=ok lag=337us
14:28:34.566   -> unknown         p=0.54  preproc=69032us infer=41026us
14:28:34.566 in=16120Hz out=15992Hz ring=1168 under=0 over=0 (dt=1000454us) loglag=127989us
14:28:34.886   pt[835]: min=-482 max=366 avg_abs=103 | fifo=800 under=0 over=0 late=0 mdf_cb=26850 mdf_err=0
14:28:35.530   pt[836]: min=-470 max=588 avg_abs=131 | fifo=992 under=0 over=0 late=0 mdf_cb=26882 mdf_err=0
14:28:35.530 win  447 pos= 6865920  -47dBFS [####................] rms=  149 peak=  588 seam=ok lag=337us
14:28:35.530   -> unknown         p=0.42  preproc=69097us infer=41027us
14:28:35.530 in=16135Hz out=16407Hz ring=896 under=0 over=0 (dt=999544us) loglag=127989us
14:28:35.916   pt[837]: min=-924 max=718 avg_abs=143 | fifo=784 under=0 over=0 late=0 mdf_cb=26914 mdf_err=0
14:28:36.432   pt[838]: min=-384 max=386 avg_abs=94 | fifo=976 under=0 over=0 late=0 mdf_cb=26946 mdf_err=0
14:28:36.438 win  448 pos= 6881280  -46dBFS [####................] rms=  159 peak=  924 seam=ok lag=335us
14:28:36.447   -> unknown         p=0.57  preproc=69076us infer=41076us
14:28:36.575 in=16128Hz out=16000Hz ring=1024 under=0 over=0 (dt=999999us) loglag=127989us
14:28:36.959   pt[839]: min=-350 max=492 avg_abs=89 | fifo=1024 under=0 over=0 late=0 mdf_cb=26979 mdf_err=0
14:28:37.408 win  449 pos= 6896640  -49dBFS [###.................] rms=  118 peak=  492 seam=ok lag=336us
14:28:37.408   -> unknown         p=0.36  preproc=69075us infer=41021us
14:28:37.408 ====================================
14:28:37.408 ====================================
14:28:37.410 TAP TOTAL win=449
14:28:37.412 ====================================
14:28:37.412 ====================================
14:28:37.417 tap total: windows=450 (expected 450 from 6914048 samples) overrun=0 torn=0 skipped=0 seam ok=449 NG=0
14:28:37.424   tap lag max=380us (0 of them lower bounds) | tap write max=7490ns avg=5321ns (27008 calls)
14:28:37.424   audio under=0 over=0 late=0 | aed run=450 err=0 (last er=0)
14:28:37.442   preproc max=69122us avg=69075us | infer max=41147us avg=41050us
14:28:37.442   notify out=36 held=349 offlist=65 gated=37 lat max=112275us (0 lower bounds)
14:28:37.442   log sent=2865 dropped=0 lag max=127989us
14:28:37.457   disp sent=24 dropped=0 max=104594us avg=36146us
14:28:37.459 ====================================
14:28:37.465 ====================================
14:28:37.465   pt[840]: min=-408 max=424 avg_abs=105 | fifo=1216 under=0 over=0 late=0 mdf_cb=27011 mdf_err=0
14:28:37.600 in=16128Hz out=16000Hz ring=1152 under=0 over=0 (dt=1000000us) loglag=127989us
14:28:37.986   pt[841]: min=-406 max=420 avg_abs=98 | fifo=1008 under=0 over=0 late=0 mdf_cb=27043 mdf_err=0
14:28:38.371 win  450 pos= 6912000  -48dBFS [####................] rms=  126 peak=  420 seam=ok lag=335us
14:28:38.371   -> unknown         p=0.60  preproc=69096us infer=41027us
14:28:38.500   pt[842]: min=-404 max=390 avg_abs=98 | fifo=1200 under=0 over=0 late=0 mdf_cb=27075 mdf_err=0
14:28:38.564 in=16128Hz out=16400Hz ring=880 under=0 over=0 (dt=999999us) loglag=127989us
14:28:39.014   pt[843]: min=-450 max=408 avg_abs=107 | fifo=992 under=0 over=0 late=0 mdf_cb=27107 mdf_err=0
14:28:39.337 win  451 pos= 6927360  -48dBFS [####................] rms=  129 peak=  486 seam=ok lag=334us
14:28:39.337   -> unknown         p=0.42  preproc=69024us infer=41060us
14:28:39.530   pt[844]: min=-356 max=486 avg_abs=95 | fifo=784 under=0 over=0 late=0 mdf_cb=27139 mdf_err=0
14:28:39.594 in=16128Hz out=16000Hz ring=1008 under=0 over=0 (dt=1000000us) loglag=127989us
14:28:40.044   pt[845]: min=-378 max=380 avg_abs=89 | fifo=976 under=0 over=0 late=0 mdf_cb=27171 mdf_err=0
14:28:40.298 win  452 pos= 6942720  -49dBFS [###.................] rms=  119 peak=  442 seam=ok lag=336us
14:28:40.298   -> unknown         p=0.45  preproc=69082us infer=41024us
14:28:40.556   pt[846]: min=-388 max=470 avg_abs=110 | fifo=768 under=0 over=0 late=0 mdf_cb=27203 mdf_err=0
14:28:40.620 in=16128Hz out=16000Hz ring=1136 under=0 over=0 (dt=999999us) loglag=127989us
14:28:41.070   pt[847]: min=-370 max=426 avg_abs=102 | fifo=1216 under=0 over=0 late=0 mdf_cb=27236 mdf_err=0
14:28:41.262 win  453 pos= 6958080  -48dBFS [####................] rms=  131 peak=  470 seam=ok lag=336us
14:28:41.262   -> unknown         p=0.59  preproc=69070us infer=41055us
14:28:41.582   pt[848]: min=-386 max=384 avg_abs=95 | fifo=1008 under=0 over=0 late=0 mdf_cb=27268 mdf_err=0
14:28:41.582 in=16128Hz out=16400Hz ring=864 under=0 over=0 (dt=1000000us) loglag=127989us
14:28:42.096   pt[849]: min=-420 max=384 avg_abs=95 | fifo=1200 under=0 over=0 late=0 mdf_cb=27300 mdf_err=0
14:28:42.224 win  454 pos= 6973440  -49dBFS [###.................] rms=  118 peak=  420 seam=ok lag=333us
14:28:42.224   -> unknown         p=0.66  preproc=69084us infer=41057us
14:28:42.610 in=16128Hz out=16000Hz ring=992 under=0 over=0 (dt=1000000us) loglag=127989us
14:28:42.610   pt[850]: min=-406 max=452 avg_abs=116 | fifo=992 under=0 over=0 late=0 mdf_cb=27332 mdf_err=0
14:28:43.185   pt[851]: min=-346 max=410 avg_abs=102 | fifo=1184 under=0 over=0 late=0 mdf_cb=27364 mdf_err=0
14:28:43.185 win  455 pos= 6988800  -48dBFS [####................] rms=  134 peak=  452 seam=ok lag=335us
14:28:43.185   -> unknown         p=0.49  preproc=69105us infer=41005us
14:28:43.634 in=16128Hz out=16000Hz ring=1120 under=0 over=0 (dt=1000000us) loglag=127989us
14:28:43.634   pt[852]: min=-474 max=444 avg_abs=102 | fifo=976 under=0 over=0 late=0 mdf_cb=27396 mdf_err=0
14:28:44.148 win  456 pos= 7004160  -48dBFS [####................] rms=  138 peak=  490 seam=ok lag=337us
14:28:44.148   -> unknown         p=0.37  preproc=69028us infer=41031us
14:28:44.148   pt[853]: min=-438 max=490 avg_abs=117 | fifo=768 under=0 over=0 late=0 mdf_cb=27428 mdf_err=0
14:28:44.614 in=16128Hz out=16000Hz ring=1248 under=0 over=0 (dt=999999us) loglag=127989us
14:28:44.678   pt[854]: min=-374 max=360 avg_abs=102 | fifo=960 under=0 over=0 late=0 mdf_cb=27460 mdf_err=0
14:28:45.128 win  457 pos= 7019520  -48dBFS [####................] rms=  124 peak=  414 seam=ok lag=332us
14:28:45.128   -> unknown         p=0.48  preproc=69078us infer=41023us
14:28:45.193   pt[855]: min=-394 max=414 avg_abs=91 | fifo=752 under=0 over=0 late=0 mdf_cb=27492 mdf_err=0
14:28:45.645 in=16128Hz out=16400Hz ring=976 under=0 over=0 (dt=999999us) loglag=127989us
14:28:45.709   pt[856]: min=-372 max=398 avg_abs=93 | fifo=1200 under=0 over=0 late=0 mdf_cb=27525 mdf_err=0
14:28:46.033 win  458 pos= 7034880  -50dBFS [###.................] rms=  109 peak=  398 seam=ok lag=335us
14:28:46.039   -> unknown         p=0.45  preproc=69073us infer=41086us
14:28:46.175   pt[857]: min=-388 max=402 avg_abs=92 | fifo=992 under=0 over=0 late=0 mdf_cb=27557 mdf_err=0
14:28:46.638 in=16128Hz out=16000Hz ring=1104 under=0 over=0 (dt=999999us) loglag=127989us
14:28:46.703   pt[858]: min=-444 max=392 avg_abs=100 | fifo=1184 under=0 over=0 late=0 mdf_cb=27589 mdf_err=0
14:28:47.023 win  459 pos= 7050240  -48dBFS [####................] rms=  132 peak=  450 seam=ok lag=329us
14:28:47.023   -> unknown         p=0.56  preproc=69066us infer=41033us
14:28:47.023 ====================================
14:28:47.023 ====================================
14:28:47.023 TAP TOTAL win=459
14:28:47.023 ====================================
14:28:47.023 ====================================
14:28:47.023 tap total: windows=460 (expected 460 from 7067648 samples) overrun=0 torn=0 skipped=0 seam ok=459 NG=0
14:28:47.028   tap lag max=380us (0 of them lower bounds) | tap write max=7490ns avg=5321ns (27608 calls)
14:28:47.103   audio under=0 over=0 late=0 | aed run=460 err=0 (last er=0)
14:28:47.103   preproc max=69122us avg=69075us | infer max=41147us avg=41050us
14:28:47.103   notify out=36 held=359 offlist=65 gated=37 lat max=112275us (0 lower bounds)
14:28:47.103   log sent=2928 dropped=0 lag max=127989us
14:28:47.103   disp sent=24 dropped=0 max=104594us avg=36146us
14:28:47.103 ====================================
14:28:47.103 ====================================
14:28:47.230   pt[859]: min=-442 max=458 avg_abs=118 | fifo=976 under=0 over=0 late=0 mdf_cb=27621 mdf_err=0
14:28:47.677 in=16128Hz out=16000Hz ring=1232 under=0 over=0 (dt=1000000us) loglag=127989us
14:28:47.741   pt[860]: min=-986 max=1134 avg_abs=225 | fifo=1168 under=0 over=0 late=0 mdf_cb=27653 mdf_err=0
14:28:47.996 win  460 pos= 7065600  -43dBFS [#####...............] rms=  233 peak= 1134 seam=ok lag=338us
14:28:47.996   -> unknown         p=0.50  preproc=69094us infer=41040us
14:28:48.250   pt[861]: min=-2204 max=1638 avg_abs=149 | fifo=960 under=0 over=0 late=0 mdf_cb=27685 mdf_err=0
14:28:48.634 in=16128Hz out=16400Hz ring=960 under=0 over=0 (dt=999999us) loglag=127989us
14:28:48.778   pt[862]: min=-736 max=758 avg_abs=175 | fifo=752 under=0 over=0 late=0 mdf_cb=27717 mdf_err=0
14:28:48.970 win  461 pos= 7080960  -44dBFS [#####...............] rms=  213 peak= 2204 seam=ok lag=337us
14:28:48.970   -> clock_tick      p=0.78  preproc=69024us infer=41024us
14:28:49.289   pt[863]: min=-1884 max=1268 avg_abs=112 | fifo=944 under=0 over=0 late=0 mdf_cb=27749 mdf_err=0
14:28:49.671 in=16128Hz out=16000Hz ring=1088 under=0 over=0 (dt=1000000us) loglag=127989us
14:28:49.924   pt[864]: min=-506 max=594 avg_abs=114 | fifo=992 under=0 over=0 late=0 mdf_cb=27782 mdf_err=0
14:28:49.924 win  462 pos= 7096320  -47dBFS [####................] rms=  145 peak= 1884 seam=ok lag=336us
14:28:49.924   -> clock_tick      p=0.80  preproc=69109us infer=40996us
14:28:50.305   pt[865]: min=-552 max=442 avg_abs=100 | fifo=1184 under=0 over=0 late=0 mdf_cb=27814 mdf_err=0
14:28:50.688 in=16128Hz out=16000Hz ring=1216 under=0 over=0 (dt=999999us) loglag=127989us
14:28:50.880   pt[866]: min=-324 max=408 avg_abs=92 | fifo=976 under=0 over=0 late=0 mdf_cb=27846 mdf_err=0
14:28:50.880 win  463 pos= 7111680  -48dBFS [####................] rms=  123 peak=  552 seam=ok lag=335us
14:28:50.880   -> unknown         p=0.36  preproc=69092us infer=41084us
14:28:51.327   pt[867]: min=-534 max=424 avg_abs=115 | fifo=1168 under=0 over=0 late=0 mdf_cb=27878 mdf_err=0
14:28:51.710 in=16128Hz out=16400Hz ring=944 under=0 over=0 (dt=1000000us) loglag=127989us
14:28:51.839 win  464 pos= 7127040  -48dBFS [####................] rms=  136 peak=  534 seam=ok lag=335us
14:28:51.839   -> unknown         p=0.40  preproc=69088us infer=41057us
14:28:51.839   pt[868]: min=-436 max=420 avg_abs=105 | fifo=960 under=0 over=0 late=0 mdf_cb=27910 mdf_err=0
14:28:52.350   pt[869]: min=-458 max=476 avg_abs=118 | fifo=1152 under=0 over=0 late=0 mdf_cb=27942 mdf_err=0
14:28:52.795 in=16128Hz out=16000Hz ring=1072 under=0 over=0 (dt=1000000us) loglag=127989us
14:28:52.795 win  465 pos= 7142400  -48dBFS [####................] rms=  134 peak=  476 seam=ok lag=336us
14:28:52.795   -> unknown         p=0.62  preproc=69078us infer=41001us
14:28:52.922   pt[870]: min=-440 max=356 avg_abs=92 | fifo=944 under=0 over=0 late=0 mdf_cb=27974 mdf_err=0
14:28:53.433   pt[871]: min=-484 max=404 avg_abs=101 | fifo=736 under=0 over=0 late=0 mdf_cb=28006 mdf_err=0
14:28:53.753 in=16128Hz out=16000Hz ring=1200 under=0 over=0 (dt=999999us) loglag=127989us
14:28:53.753 win  466 pos= 7157760  -48dBFS [####................] rms=  123 peak=  484 seam=ok lag=336us
14:28:53.753   -> unknown         p=0.54  preproc=69044us infer=41026us
14:28:53.946   pt[872]: min=-360 max=386 avg_abs=90 | fifo=1184 under=0 over=0 late=0 mdf_cb=28039 mdf_err=0
14:28:54.457   pt[873]: min=-406 max=418 avg_abs=111 | fifo=976 under=0 over=0 late=0 mdf_cb=28071 mdf_err=0
14:28:54.713 win  467 pos= 7173120  -48dBFS [####................] rms=  132 peak=  418 seam=ok lag=337us
14:28:54.713   -> unknown         p=0.53  preproc=69087us infer=41027us
14:28:54.713 in=16043Hz out=15915Hz ring=1328 under=0 over=0 (dt=1005286us) loglag=127989us
14:28:54.969   pt[874]: min=-508 max=488 avg_abs=118 | fifo=1168 under=0 over=0 late=0 mdf_cb=28103 mdf_err=0
14:28:55.479   pt[875]: min=-458 max=456 avg_abs=127 | fifo=960 under=0 over=0 late=0 mdf_cb=28135 mdf_err=0
14:28:55.669 win  468 pos= 7188480  -47dBFS [####................] rms=  155 peak=  972 seam=ok lag=335us
14:28:55.669   -> unknown         p=0.43  preproc=69078us infer=41075us
14:28:55.733 in=16213Hz out=16487Hz ring=1056 under=0 over=0 (dt=994712us) loglag=127989us
14:28:55.990   pt[876]: min=-1402 max=1302 avg_abs=146 | fifo=1152 under=0 over=0 late=0 mdf_cb=28167 mdf_err=0
14:28:56.504   pt[877]: min=-636 max=502 avg_abs=135 | fifo=944 under=0 over=0 late=0 mdf_cb=28199 mdf_err=0
14:28:56.632 win  469 pos= 7203840  -45dBFS [#####...............] rms=  187 peak= 1402 seam=ok lag=335us
14:28:56.632   -> clock_tick      p=0.94  preproc=69083us infer=41041us
14:28:56.632 ====================================
14:28:56.632 ====================================
14:28:56.632 TAP TOTAL win=469
14:28:56.632 ====================================
14:28:56.632 ====================================
14:28:56.632 tap total: windows=470 (expected 470 from 7221248 samples) overrun=0 torn=0 skipped=0 seam ok=469 NG=0
14:28:56.632   tap lag max=380us (0 of them lower bounds) | tap write max=7490ns avg=5321ns (28208 calls)
14:28:56.632   audio under=0 over=0 late=0 | aed run=470 err=0 (last er=0)
14:28:56.632   preproc max=69122us avg=69075us | infer max=41147us avg=41050us
14:28:56.711   notify out=36 held=366 offlist=68 gated=37 lat max=112275us (0 lower bounds)
14:28:56.711   log sent=2990 dropped=0 lag max=127989us
14:28:56.711   disp sent=24 dropped=0 max=104594us avg=36146us
14:28:56.711 ====================================
14:28:56.711 ====================================
14:28:56.711 in=16128Hz out=16000Hz ring=1184 under=0 over=0 (dt=999999us) loglag=127989us
14:28:57.032   pt[878]: min=-1784 max=1374 avg_abs=177 | fifo=992 under=0 over=0 late=0 mdf_cb=28232 mdf_err=0
14:28:57.611   pt[879]: min=-454 max=610 avg_abs=122 | fifo=1184 under=0 over=0 late=0 mdf_cb=28264 mdf_err=0
14:28:57.611 win  470 pos= 7219200  -44dBFS [#####...............] rms=  200 peak= 1784 seam=ok lag=333us
14:28:57.611   -> clock_tick      p=0.90  preproc=69107us infer=41030us
14:28:57.729 in=16128Hz out=16400Hz ring=912 under=0 over=0 (dt=1000000us) loglag=127989us
14:28:58.047   pt[880]: min=-2520 max=1714 avg_abs=154 | fifo=976 under=0 over=0 late=0 mdf_cb=28296 mdf_err=0
14:28:58.560 win  471 pos= 7234560  -44dBFS [#####...............] rms=  198 peak= 2520 seam=ok lag=335us
14:28:58.560   -> unknown         p=0.59  preproc=69028us infer=41073us
14:28:58.560   pt[881]: min=-2070 max=1480 avg_abs=140 | fifo=1168 under=0 over=0 late=0 mdf_cb=28328 mdf_err=0
14:28:58.755 in=16128Hz out=16000Hz ring=1040 under=0 over=0 (dt=1000000us) loglag=127989us
14:28:59.061   pt[882]: min=-572 max=646 avg_abs=142 | fifo=960 under=0 over=0 late=0 mdf_cb=28360 mdf_err=0
14:28:59.498 win  472 pos= 7249920  -46dBFS [####................] rms=  173 peak=  700 seam=ok lag=334us
14:28:59.498   -> unknown         p=0.42  preproc=69090us infer=41033us
14:28:59.569   pt[883]: min=-480 max=510 avg_abs=118 | fifo=752 under=0 over=0 late=0 mdf_cb=28392 mdf_err=0
14:28:59.760 in=16128Hz out=16000Hz ring=1168 under=0 over=0 (dt=1000000us) loglag=127989us
14:29:00.074   pt[884]: min=-2646 max=1478 avg_abs=120 | fifo=944 under=0 over=0 late=0 mdf_cb=28424 mdf_err=0
14:29:00.440 win  473 pos= 7265280  -46dBFS [####................] rms=  166 peak= 2646 seam=ok lag=333us
14:29:00.443   -> clock_tick      p=0.92  preproc=69073us infer=41078us
14:29:00.645   pt[885]: min=-632 max=666 avg_abs=121 | fifo=992 under=0 over=0 late=0 mdf_cb=28457 mdf_err=0
14:29:00.771 in=16128Hz out=16400Hz ring=896 under=0 over=0 (dt=999999us) loglag=127989us
14:29:01.143   pt[886]: min=-444 max=430 avg_abs=99 | fifo=1184 under=0 over=0 late=0 mdf_cb=28489 mdf_err=0
14:29:01.408 win  474 pos= 7280640  -48dBFS [####................] rms=  127 peak=  474 seam=ok lag=332us
14:29:01.408   -> unknown         p=0.58  preproc=69084us infer=41073us
14:29:01.609   pt[887]: min=-2410 max=1320 avg_abs=113 | fifo=976 under=0 over=0 late=0 mdf_cb=28521 mdf_err=0
14:29:01.739 in=16128Hz out=16000Hz ring=1024 under=0 over=0 (dt=1000000us) loglag=127989us
14:29:02.122   pt[888]: min=-570 max=454 avg_abs=109 | fifo=1168 under=0 over=0 late=0 mdf_cb=28553 mdf_err=0
14:29:02.373 win  475 pos= 7296000  -46dBFS [####................] rms=  161 peak= 2410 seam=ok lag=334us
14:29:02.373   -> clock_tick      p=0.98  preproc=69086us infer=41036us
14:29:02.697   pt[889]: min=-550 max=476 avg_abs=124 | fifo=960 under=0 over=0 late=0 mdf_cb=28585 mdf_err=0
14:29:02.761 in=16128Hz out=16000Hz ring=1152 under=0 over=0 (dt=1000000us) loglag=127989us
14:29:03.151   pt[890]: min=-346 max=436 avg_abs=98 | fifo=752 under=0 over=0 late=0 mdf_cb=28617 mdf_err=0
14:29:03.355 win  476 pos= 7311360  -48dBFS [####................] rms=  134 peak=  550 seam=ok lag=337us
14:29:03.355   -> unknown         p=0.56  preproc=69028us infer=41036us
14:29:03.674   pt[891]: min=-358 max=380 avg_abs=96 | fifo=944 under=0 over=0 late=0 mdf_cb=28649 mdf_err=0
14:29:03.802 in=16128Hz out=16400Hz ring=880 under=0 over=0 (dt=999999us) loglag=127989us
14:29:04.314   pt[892]: min=-440 max=384 avg_abs=96 | fifo=992 under=0 over=0 late=0 mdf_cb=28682 mdf_err=0
14:29:04.314 win  477 pos= 7326720  -49dBFS [###.................] rms=  121 peak=  440 seam=ok lag=337us
14:29:04.314   -> unknown         p=0.60  preproc=69104us infer=41025us
14:29:04.698   pt[893]: min=-450 max=402 avg_abs=106 | fifo=1184 under=0 over=0 late=0 mdf_cb=28714 mdf_err=0
14:29:04.765 in=16128Hz out=16000Hz ring=1008 under=0 over=0 (dt=999999us) loglag=127989us
14:29:05.283   pt[894]: min=-482 max=394 avg_abs=99 | fifo=976 under=0 over=0 late=0 mdf_cb=28746 mdf_err=0
14:29:05.283 win  478 pos= 7342080  -48dBFS [####................] rms=  131 peak=  482 seam=ok lag=337us
14:29:05.283   -> unknown         p=0.58  preproc=69086us infer=41109us
14:29:05.723   pt[895]: min=-432 max=336 avg_abs=98 | fifo=1168 under=0 over=0 late=0 mdf_cb=28778 mdf_err=0
14:29:05.797 in=16128Hz out=16000Hz ring=1136 under=0 over=0 (dt=999999us) loglag=127989us
14:29:06.252 win  479 pos= 7357440  -49dBFS [###.................] rms=  122 peak=  464 seam=ok lag=335us
14:29:06.252   -> unknown         p=0.45  preproc=69087us infer=41065us
14:29:06.252 ====================================
14:29:06.252 ====================================
14:29:06.252 TAP TOTAL win=479
14:29:06.252 ====================================
14:29:06.252 ====================================
14:29:06.252 tap total: windows=480 (expected 480 from 7374848 samples) overrun=0 torn=0 skipped=0 seam ok=479 NG=0
14:29:06.252   tap lag max=380us (0 of them lower bounds) | tap write max=7490ns avg=5321ns (28808 calls)
14:29:06.252   audio under=0 over=0 late=0 | aed run=480 err=0 (last er=0)
14:29:06.252   preproc max=69122us avg=69075us | infer max=41147us avg=41050us
14:29:06.252   notify out=36 held=373 offlist=71 gated=37 lat max=112275us (0 lower bounds)
14:29:06.259   log sent=3052 dropped=0 lag max=127989us
14:29:06.263   disp sent=24 dropped=0 max=104594us avg=36146us
14:29:06.268 ====================================
14:29:06.269 ====================================
14:29:06.272   pt[896]: min=-2652 max=1396 avg_abs=112 | fifo=960 under=0 over=0 late=0 mdf_cb=28810 mdf_err=0
14:29:06.792   pt[897]: min=-430 max=718 avg_abs=103 | fifo=752 under=0 over=0 late=0 mdf_cb=28842 mdf_err=0
14:29:06.792 in=16128Hz out=16400Hz ring=864 under=0 over=0 (dt=999999us) loglag=127989us
14:29:07.168 win  480 pos= 7372800  -46dBFS [####................] rms=  173 peak= 2652 seam=ok lag=335us
14:29:07.168   -> crackling_fire  p=0.72  preproc=69079us infer=41029us
14:29:07.294   pt[898]: min=-2636 max=1426 avg_abs=116 | fifo=944 under=0 over=0 late=0 mdf_cb=28874 mdf_err=0
14:29:07.816   pt[899]: min=-1706 max=1698 avg_abs=125 | fifo=992 under=0 over=0 late=0 mdf_cb=28907 mdf_err=0
14:29:07.816 in=16128Hz out=16000Hz ring=992 under=0 over=0 (dt=1000000us) loglag=127989us
14:29:08.133 win  481 pos= 7388160  -45dBFS [#####...............] rms=  184 peak= 1706 seam=ok lag=336us
14:29:08.133   -> unknown         p=0.54  preproc=69034us infer=41024us
14:29:08.324   pt[900]: min=-1220 max=884 avg_abs=143 | fifo=1184 under=0 over=0 late=0 mdf_cb=28939 mdf_err=0
14:29:08.837 in=16128Hz out=16000Hz ring=1120 under=0 over=0 (dt=1000000us) loglag=127989us
14:29:08.837   pt[901]: min=-646 max=778 avg_abs=99 | fifo=976 under=0 over=0 late=0 mdf_cb=28971 mdf_err=0
14:29:09.090 win  482 pos= 7403520  -48dBFS [####................] rms=  137 peak=  778 seam=ok lag=335us
14:29:09.090   -> clock_tick      p=0.71 (gated)  preproc=69097us infer=41040us
14:29:09.348   pt[902]: min=-718 max=556 avg_abs=119 | fifo=1168 under=0 over=0 late=0 mdf_cb=29003 mdf_err=0
14:29:09.852 in=16128Hz out=16400Hz ring=848 under=0 over=0 (dt=1000000us) loglag=127989us
14:29:09.852   pt[903]: min=-1680 max=678 avg_abs=142 | fifo=960 under=0 over=0 late=0 mdf_cb=29035 mdf_err=0
14:29:10.044 win  483 pos= 7418880  -46dBFS [####................] rms=  173 peak= 1680 seam=ok lag=337us
14:29:10.044   -> unknown         p=0.53  preproc=69089us infer=41076us
14:29:10.366   pt[904]: min=-596 max=474 avg_abs=113 | fifo=1152 under=0 over=0 late=0 mdf_cb=29067 mdf_err=0
14:29:10.857 in=16128Hz out=16000Hz ring=976 under=0 over=0 (dt=999999us) loglag=127989us
14:29:10.923   pt[905]: min=-2408 max=1430 avg_abs=118 | fifo=944 under=0 over=0 late=0 mdf_cb=29099 mdf_err=0
14:29:11.047 win  484 pos= 7434240  -46dBFS [####................] rms=  158 peak= 2408 seam=ok lag=333us
14:29:11.047   -> clock_tick      p=0.71  preproc=69079us infer=41026us
14:29:11.423   pt[906]: min=-678 max=604 avg_abs=122 | fifo=736 under=0 over=0 late=0 mdf_cb=29131 mdf_err=0
14:29:11.868 in=16128Hz out=16000Hz ring=1104 under=0 over=0 (dt=999999us) loglag=127989us
14:29:12.015   pt[907]: min=-476 max=472 avg_abs=113 | fifo=1184 under=0 over=0 late=0 mdf_cb=29164 mdf_err=0
14:29:12.015 win  485 pos= 7449600  -47dBFS [####................] rms=  153 peak=  678 seam=ok lag=334us
14:29:12.015   -> unknown         p=0.69  preproc=69100us infer=40999us
14:29:12.456   pt[908]: min=-410 max=392 avg_abs=100 | fifo=976 under=0 over=0 late=0 mdf_cb=29196 mdf_err=0
14:29:12.956 in=16128Hz out=16400Hz ring=832 under=0 over=0 (dt=1000000us) loglag=127989us
14:29:12.956 win  486 pos= 7464960  -47dBFS [####................] rms=  151 peak= 2870 seam=ok lag=333us
14:29:12.956   -> clock_tick      p=0.85  preproc=69023us infer=41084us
14:29:12.956   pt[909]: min=-2870 max=1602 avg_abs=114 | fifo=1168 under=0 over=0 late=0 mdf_cb=29228 mdf_err=0
14:29:13.456   pt[910]: min=-438 max=362 avg_abs=94 | fifo=960 under=0 over=0 late=0 mdf_cb=29260 mdf_err=0
14:29:13.892 in=16128Hz out=16000Hz ring=960 under=0 over=0 (dt=1000000us) loglag=127989us
14:29:13.892 win  487 pos= 7480320  -48dBFS [####................] rms=  125 peak=  500 seam=ok lag=334us
14:29:13.892   -> unknown         p=0.61  preproc=69093us infer=41019us
14:29:13.955   pt[911]: min=-402 max=500 avg_abs=102 | fifo=1152 under=0 over=0 late=0 mdf_cb=29292 mdf_err=0
14:29:14.478   pt[912]: min=-322 max=422 avg_abs=86 | fifo=944 under=0 over=0 late=0 mdf_cb=29324 mdf_err=0
14:29:14.852 win  488 pos= 7495680  -49dBFS [###.................] rms=  115 peak=  424 seam=ok lag=335us
14:29:14.852   -> unknown         p=0.47  preproc=69087us infer=41086us
14:29:14.852 in=16113Hz out=15986Hz ring=1088 under=0 over=0 (dt=1000872us) loglag=127989us
14:29:14.981   pt[913]: min=-384 max=424 avg_abs=104 | fifo=1136 under=0 over=0 late=0 mdf_cb=29356 mdf_err=0
14:29:15.544   pt[914]: min=-356 max=448 avg_abs=102 | fifo=928 under=0 over=0 late=0 mdf_cb=29388 mdf_err=0
14:29:15.857 win  489 pos= 7511040  -48dBFS [####................] rms=  126 peak=  448 seam=ok lag=334us
14:29:15.857   -> clock_tick      p=0.70 (gated)  preproc=69078us infer=41030us
14:29:15.857 ====================================
14:29:15.857 ====================================
14:29:15.857 TAP TOTAL win=489
14:29:15.857 ====================================
14:29:15.857 ====================================
14:29:15.857 tap total: windows=490 (expected 490 from 7528448 samples) overrun=0 torn=0 skipped=0 seam ok=489 NG=0
14:29:15.857   tap lag max=380us (0 of them lower bounds) | tap write max=7490ns avg=5321ns (29408 calls)
14:29:15.857   audio under=0 over=0 late=0 | aed run=490 err=0 (last er=0)
14:29:15.857   preproc max=69122us avg=69075us | infer max=41147us avg=41050us
14:29:15.857   notify out=36 held=380 offlist=74 gated=39 lat max=112275us (0 lower bounds)
14:29:15.859   log sent=3114 dropped=0 lag max=127989us
14:29:15.864   disp sent=24 dropped=0 max=104594us avg=36146us
14:29:15.868 ====================================
14:29:15.872 ====================================
14:29:15.872 in=16091Hz out=15963Hz ring=1216 under=0 over=0 (dt=1002284us) loglag=127989us
14:29:16.061   pt[915]: min=-476 max=438 avg_abs=106 | fifo=720 under=0 over=0 late=0 mdf_cb=29420 mdf_err=0
14:29:16.566   pt[916]: min=-494 max=442 avg_abs=108 | fifo=1168 under=0 over=0 late=0 mdf_cb=29453 mdf_err=0
14:29:16.757 win  490 pos= 7526400  -48dBFS [####................] rms=  138 peak=  494 seam=ok lag=332us
14:29:16.764   -> clock_tick      p=0.88 (gated)  preproc=69089us infer=41030us
14:29:16.889 in=16179Hz out=16451Hz ring=944 under=0 over=0 (dt=996841us) loglag=127989us
14:29:17.076   pt[917]: min=-408 max=468 avg_abs=111 | fifo=960 under=0 over=0 late=0 mdf_cb=29485 mdf_err=0
14:29:17.547   pt[918]: min=-446 max=540 avg_abs=115 | fifo=1152 under=0 over=0 late=0 mdf_cb=29517 mdf_err=0
14:29:17.738 win  491 pos= 7541760  -47dBFS [####................] rms=  140 peak=  540 seam=ok lag=333us
14:29:17.738   -> unknown         p=0.50  preproc=69033us infer=41049us
14:29:17.931 in=16128Hz out=16000Hz ring=1072 under=0 over=0 (dt=999999us) loglag=127989us
14:29:18.110   pt[919]: min=-2488 max=1872 avg_abs=169 | fifo=944 under=0 over=0 late=0 mdf_cb=29549 mdf_err=0
14:29:18.679   pt[920]: min=-582 max=554 avg_abs=134 | fifo=1136 under=0 over=0 late=0 mdf_cb=29581 mdf_err=0
14:29:18.681 win  492 pos= 7557120  -44dBFS [#####...............] rms=  217 peak= 2488 seam=ok lag=338us
14:29:18.692   -> unknown         p=0.40  preproc=69106us infer=41039us
14:29:18.880 in=16128Hz out=16000Hz ring=1200 under=0 over=0 (dt=999999us) loglag=127989us
