01:15:52.759 
01:15:52.759 
01:15:52.759 microT-Kernel Version 3.00
01:15:52.759 
01:15:57.150 
01:15:57.150 [FAULT] vector table installed
01:15:57.150   VTOR     : 0x34080C00 -> 0x34097400
01:15:57.150   entries  : 256 (defined 211)
01:15:57.150   replaced : 184 (unhandled IRQ 179, fault exc 5)
01:15:57.150 [TRACE] CYCCNT=OK SystemCoreClock=600000000Hz (600 cyc/us) LAR_unlock=not-required
01:15:57.150 CONFIG: B prio-invert (INFER_PRIO_INVERT=1 INFER_SLOW_X=1 task_infer pri 3)
01:15:57.150 Start User-main program.
01:15:57.150 extflash init (MX66UW1G45G, XSPI2, DTR-OPI) fixes: VDDIO3_1V8=1 XSPIM=1 XSPIPHY=1 IC3=1
01:15:57.150 --- XSPI2 regs (before init) ---
01:15:57.150   PWR SVMCR3   =0x04101310  VDDIO3SV=1 VDDIO3RDY=0 VDDIO3VRSEL=1(1=1.8V) VDDIO3VMEN=0
01:15:57.161   RCC AHB5ENR  =0x00003020  XSPI2EN=1 XSPIMEN=1
01:15:57.161   RCC AHB5RSTSR=0x00000000  XSPI2RST=0 XSPIMRST=0 (1=in reset)
01:15:57.162   RCC AHB4ENR  =0x0004e0df  GPIONEN=1
01:15:57.190   RCC CCIPR6   =0x00000000  XSPI2SEL=0 (0=HCLK 1=CLKP 2=IC3 3=IC4)
01:15:57.190   RCC MISCENR  =0x00000040  XSPIPHYCOMPEN=0
01:15:57.190   RCC MISCRSTSR=0x00000000  XSPIPHY2RST=0 (1=in reset)
01:15:57.190   RCC IC3CFGR  =0x00000000  DIVENSR=0x00000000
01:15:57.190   HCLK=200000000 Hz  XSPI2 kernel clock=200000000 Hz
01:15:57.190   XSPIM CR     =0x00000010  MUXEN=0 MODE=0 CSSEL_OVR_EN=1 OVR_O2=0 REQ2ACK=0
01:15:57.197   XSPI2 CR     =0x10000301  EN=1 FMODE=1 CSSEL=0 MSEL=0 NOPREF=0
01:15:57.203   XSPI2 DCR1   =0x011a0000  DCR2=0x00000003 (PRESCALER=3)  DCR3=0x00000000  DCR4=0x00000000
01:15:57.211   XSPI2 SR     =0x00000020  BUSY=1 TCF=0 TEF=0 FTF=0 FLEVEL=0
01:15:57.216   XSPI2 CCR    =0x01002101  TCR=0x00000008  IR=0x0000005a  DLR=0x00000007
01:15:57.223   XSPI2 CALFCR =0x00000000  CALMR=0x00000000  CALSOR=0x00000000  CALSIR=0x00000000
01:15:57.230   GPION MODER  =0x03aaeaaa  OTYPER=0x00000000  OSPEEDR=0x00ff3fff  PUPDR=0x00000000
01:15:57.238   GPION AFR0   =0x09999999  AFR1=0x00009999  IDR=0x00000a29
01:15:57.243   GPION SECCFGR=0x00001fff  PRIVCFGR=0x00001fff  DELAYR0=0x00000000 DELAYR1=0x00000000  ADVCFGR0=0x00000000 ADVCFGR1=0x00000000
01:15:57.254 --- end ---
01:15:57.255   kernel clock: IC3 = PLL1 1200000000 Hz / 6
01:15:57.259   [ OK ] XSPI2 clock/reset/GPIO
01:15:57.262   [ OK ] HAL_XSPI_Init
01:15:57.264   XSPI2 kernel clock 200000000 Hz / (prescaler 3 + 1) = SCLK 50000000 Hz
01:15:57.271 --- XSPI2 regs (after HAL_XSPI_Init) ---
01:15:57.274   PWR SVMCR3   =0x04101310  VDDIO3SV=1 VDDIO3RDY=0 VDDIO3VRSEL=1(1=1.8V) VDDIO3VMEN=0
01:15:57.282   RCC AHB5ENR  =0x00003020  XSPI2EN=1 XSPIMEN=1
01:15:57.286   RCC AHB5RSTSR=0x00000000  XSPI2RST=0 XSPIMRST=0 (1=in reset)
01:15:57.293   RCC AHB4ENR  =0x0004e0df  GPIONEN=1
01:15:57.296   RCC CCIPR6   =0x00000020  XSPI2SEL=2 (0=HCLK 1=CLKP 2=IC3 3=IC4)
01:15:57.302   RCC MISCENR  =0x00000048  XSPIPHYCOMPEN=1
01:15:57.305   RCC MISCRSTSR=0x00000000  XSPIPHY2RST=0 (1=in reset)
01:15:57.310   RCC IC3CFGR  =0x00050000  DIVENSR=0x00000000
01:15:57.314   HCLK=200000000 Hz  XSPI2 kernel clock=200000000 Hz
01:15:57.319   XSPIM CR     =0x00000010  MUXEN=0 MODE=0 CSSEL_OVR_EN=1 OVR_O2=0 REQ2ACK=0
01:15:57.326   XSPI2 CR     =0x00000001  EN=1 FMODE=0 CSSEL=0 MSEL=0 NOPREF=0
01:15:57.332   XSPI2 DCR1   =0x011a0100  DCR2=0x00000003 (PRESCALER=3)  DCR3=0x00000000  DCR4=0x00000000
01:15:57.341   XSPI2 SR     =0x00000004  BUSY=0 TCF=0 TEF=0 FTF=1 FLEVEL=0
01:15:57.346   XSPI2 CCR    =0x00000000  TCR=0x00000000  IR=0x00000000  DLR=0x00000000
01:15:57.353   XSPI2 CALFCR =0x00000000  CALMR=0x00000000  CALSOR=0x00000000  CALSIR=0x00000000
01:15:57.360   GPION MODER  =0x03aaeaaa  OTYPER=0x00000000  OSPEEDR=0x00ff3fff  PUPDR=0x00000005
01:15:57.368   GPION AFR0   =0x09999999  AFR1=0x00009999  IDR=0x00000f7d
01:15:57.373   GPION SECCFGR=0x00001fff  PRIVCFGR=0x00001fff  DELAYR0=0x00000000 DELAYR1=0x00000000  ADVCFGR0=0x00000000 ADVCFGR1=0x00000000
01:15:57.384 --- end ---
01:15:57.386   [ OK ] Reset memory (SPI, STR-OPI, DTR-OPI)
01:15:57.513   [ OK ] Ready (SPI)
01:15:57.513   [ OK ] Read ID (SPI)
01:15:57.513   JEDEC ID: c2 81 3b
01:15:57.513   [ OK ] Manufacturer = Macronix (0xC2)
01:15:57.513   [ OK ] Enter DTR-OPI (CR2: 20 dummy cycles, DOPI)
01:15:57.575   [ OK ] Ready (DTR-OPI)
01:15:57.575   [ OK ] Verify CR2 = DOPI
01:15:57.575   [ OK ] Memory-mapped mode
01:15:57.575 extflash mapped at 0x70000000
01:15:57.575 extflash_init: ret=0
01:15:57.575 
01:15:57.575 [probe] reading 64B @ 0x70180000 ...
01:15:57.575 [probe] OK (no fault, D-cache was on)
01:15:57.575 70180000: f3 02 e9 fc ed 03 0d df ff 03 00 fe ff 00 fe 00
01:15:57.579 70180010: 02 01 f2 fb 00 00 fd 02 ff 06 1a 00 f6 01 01 08
01:15:57.585 70180020: 01 ff fb fa 03 00 02 f8 04 fe f5 0c 12 1b 19 e2
01:15:57.590 70180030: f9 06 02 fc f3 d6 12 f8 00 ff fe ff 00 00 01 ff
01:15:57.595 [probe] FNV-1a 0x568e47bd (expect 0x568e47bd) MATCH
01:15:57.601 npu hw init (AXISRAM3-6, NPU, CACHEAXI, RIF)
01:15:57.604   CPU cache: CCR.DC=1 CCR.IC=1  MSCR=0x0000300a (DCACTIVE=1 ICACTIVE=1 FORCEWT=0)
01:15:57.611   MPU: CTRL=0x00000007 (ENABLE=1 PRIVDEFENA=1) MAIR0=0x004f4f44 MAIR1=0x00000000, enabled regions:
01:15:57.620     region 0: 0x34080f40-0x34080fdf AttrIndx=0
01:15:57.625   RCC CFGR1=0x33330000 (SYSSWS=3, 3=IC2/IC6/IC11)  DIVENR=0x000084e7  IC6CFGR=0x00030000  IC11CFGR=0x00020000
01:15:57.635   IC6  (NPU)    : EN=1 src=PLL1 (1200000000 Hz) / 4 = 300000000 Hz
01:15:57.640   IC11 (NPU RAM): EN=1 src=PLL1 (1200000000 Hz) / 3 = 400000000 Hz
01:15:57.646   [ OK ] NPU clocks enabled by FSBL (SYSSWS=IC2/IC6/IC11, IC6EN, IC11EN)
01:15:57.652   RCC MEMENR 0x000013f0 -> 0x000017ff (AXISRAM2-6EN=11111 CACHEAXIRAMEN=1)
01:15:57.660   [ OK ] memory clocks (AXISRAM2-6, CACHEAXIRAM)
01:15:57.663   RAMCFG AXISRAM2 CR 0x00000000 -> 0x00000000 (already powered)
01:15:57.669   RAMCFG AXISRAM3 CR 0x00100000 -> 0x00000000 (was shut down)
01:15:57.675   RAMCFG AXISRAM4 CR 0x00100000 -> 0x00000000 (was shut down)
01:15:57.681   RAMCFG AXISRAM5 CR 0x00100000 -> 0x00000000 (was shut down)
01:15:57.686   RAMCFG AXISRAM6 CR 0x00100000 -> 0x00000000 (was shut down)
01:15:57.766   [ OK ] AXISRAM2-6 power on (RAMCFG SRAMSD=0)
01:15:57.766   [ram] testing AXISRAM3-6 heads 0x34200000..0x34350000 (D-cache off, interrupts masked) ...
01:15:57.766   [ram] AXISRAM3 @ 0x34200000: MATCH (0 mismatches in 64 words x 2 patterns)
01:15:57.766   [ram] AXISRAM4 @ 0x34270000: MATCH (0 mismatches in 64 words x 2 patterns)
01:15:57.766   [ram] AXISRAM5 @ 0x342e0000: MATCH (0 mismatches in 64 words x 2 patterns)
01:15:57.766   [ram] AXISRAM6 @ 0x34350000: MATCH (0 mismatches in 64 words x 2 patterns)
01:15:57.766   [ OK ] AXISRAM3-6 pattern write/read
01:15:57.766   before: AHB5ENR NPUEN=0 CACHEAXIEN=0  AHB5RSTR NPURST=0 CACHEAXIRST=0
01:15:57.766   [ OK ] NPU clock on, reset released
01:15:57.766   CACHEAXI after reset: SR=0x00000002 (BUSYF=0) after 1 us
01:15:57.766   CACHEAXI CR1=0x00000001 SR=0x00000002
01:15:57.770   [ OK ] NPU cache (CACHEAXI) enabled
01:15:57.772   locks: RIMC_CR.GLOCK=0 RISC_CR.GLOCK=0 RISC RLOCK(NPU)=0
01:15:57.778   RIMC_ATTR1 0x00000000 -> 0x00000310 (MCID=1 MSEC=1 MPRIV=1)
01:15:57.784   RISC_SECCFGR3 0x00000000 -> 0x00000400  RISC_PRIVCFGR3 0x00000000 -> 0x00000400 (NPU = bit10)
01:15:57.794   [ OK ] RIMC: NPU master = CID1, secure, privileged
01:15:57.797   [ OK ] RISC: NPU registers = secure, privileged only
01:15:57.802   [npu] reading ATON CLKCTRL VERSION @ 0x580e0004 ...
01:15:57.807   [npu] no fault. VERSION=0x01b4121f after 1 reads (TYPE=0x1f MAJOR=1 MINOR=2 AGATES=4 BGATES=0x1b) expect 0x01b4121f -> MATCH
01:15:57.819   [ OK ] NPU register read (TYPE/MAJOR/MINOR as ll_aton expects)
01:15:57.824   RISAF (expect all 0 = default filtering, secure+privileged pass):
01:15:57.830   RISAF2  AXISRAM1   : CR=0x00000000 IASR=0x00000000 BREN(region bits)=0x000
01:15:57.837   RISAF3  AXISRAM2   : CR=0x00000000 IASR=0x00000000 BREN(region bits)=0x000
01:15:57.843   RISAF4  NPU MST0   : CR=0x00000000 IASR=0x00000000 BREN(region bits)=0x000
01:15:57.851   RISAF5  NPU MST1   : CR=0x00000000 IASR=0x00000000 BREN(region bits)=0x000
01:15:57.858   RISAF6  AXISRAM3-6 : CR=0x00000000 IASR=0x00000000 BREN(region bits)=0x000
01:15:57.865   RISAF12 XSPI2 flash: CR=0x00000000 IASR=0x00000000 BREN(region bits)=0x000
01:15:57.871 npu hw ready (clk=1 mem=1 ram=1 npu=1 cache=1 rif=1 id=1)
01:15:57.876 npu_hw_init: ret=0
01:15:57.878 tap_ring_init: ret=0
01:15:57.880 notify: 4 target classes (dog crying_baby ...), OOD threshold p>0.50
01:15:57.886 notify: peak gate off (NOTIFY_GATE_PEAK_DBFS=-99)
01:15:57.890 notify_init: ret=0
01:15:57.893 lcd_task_start: ret=0
01:15:57.969 preproc_init: ret=0 (mel LUT 461 coefs, expected 461)
01:15:57.969 npu rt init (ll_aton atonn-v1.1.3-262-g7cc65410, model yamnet_1024_64x96_tl_qdq_int8_OE_3_3_1)
01:15:57.969   stai_runtime_init: rc=0x0
01:15:57.969   [ OK ] stai_runtime_init
01:15:57.969   NVIC IRQ 53 (NPU0): enabled=0 pending=0
01:15:57.969   [ OK ] NPU interrupt disabled (polling only)
01:15:57.969   stai_network_init: rc=0x0 (context 56 B)
01:15:57.969   [ OK ] stai_network_init
01:15:57.969   [ OK ] stai_network_get_info
01:15:57.969   c_model=network (2026-03-30 12:19:29), runtime 1.1.3, tool 4.0.0, macc=0, nodes=101
01:15:57.969   n_inputs=1 n_outputs=1 n_activations=39 n_weights=0
01:15:57.969   [ OK ] stai_network_get_inputs/outputs
01:15:57.969   input  "Input_0_out_0" @ 0x34350000: 6144 B, format=0x00840440, shape=1x64x96x1, scale=30530542 e-9, zero_point=33
01:15:57.969   output "Softmax_102_out_0" @ 0x34350410: 40 B, format=0x00821040, shape=1x10
01:15:57.969   [ OK ] input buffer 32B aligned
01:15:57.971 npu rt ready (inference timeout 100000 us)
01:15:57.974 npu_rt_init: ret=0
01:15:57.976 npu random-input test (reference only, not a pass/fail criterion): seed=2026
01:15:58.062   input in RAM before inference: 0 of 6144 bytes differ from aed_test_input
01:15:58.062   inference: 41378 us
01:15:58.062    # class              npu    ort  ort_noopt  (x1e-4)
01:15:58.062    0 chainsaw            24     44     23
01:15:58.062    1 clock_tick        4174   2648   3153
01:15:58.062    2 crackling_fire      17     16      9
01:15:58.062    3 crying_baby          3      3      1
01:15:58.062    4 dog                  1      1      1
01:15:58.062    5 helicopter        5309   6929   6488
01:15:58.062    6 rain               247    157    187
01:15:58.065    7 rooster            120    109     76
01:15:58.069    8 sea_waves           95     81     56
01:15:58.073    9 sneezing            10     10      6
01:15:58.077   top1: 5 helicopter (5309 x1e-4)
01:15:58.079   max |npu - ort| = 1620, max |npu - ort_noopt| = 1179 (x1e-4)
01:15:58.085   input buffer head @ 0x34350000:
01:15:58.088     expected (source input)  : 2a 79 92 5a 84 2c 4e ad 3f cc 43 86 e7 d9 51 23
01:15:58.096     before inference (RAM)   : 2a 79 92 5a 84 2c 4e ad 3f cc 43 86 e7 d9 51 23
01:15:58.103     after inference (cache)  : c3 19 bd a3 8f 1d ea de da b4 80 80 80 80 80 87
01:15:58.110     after inference (RAM)    : c3 19 bd a3 8f 1d ea de da b4 80 80 80 80 80 87
01:15:58.116   random input: top1 matches PC, output NOT within 500 x1e-4 of a PC reference (reference only)
01:15:58.189 npu logits (reference only; int8 softmax input captured just before epoch 30 @ 0x34350000):
01:15:58.189   [npu] epoch callback installed: before run=1, after run=0
01:15:58.189   [npu] epoch callback calls recorded: 0
01:15:58.189   not captured (er=0, captured=0)
01:15:58.189 ====================================
01:15:58.191 ====================================
01:15:58.194 NPU SELFTEST
01:15:58.195 ====================================
01:15:58.198 ====================================
01:15:58.202 npu clip test: SKIP (AED_USE_TEST_CLIPS=0 to save code space; the preproc test judges 2 clips instead)
01:15:58.211 npu selftest NOT JUDGED
01:15:58.213 ====================================
01:15:58.216 ====================================
01:15:58.219 npu repeat x10 (same input):
01:15:58.297   [ 1]  40734 us, max diff vs first = 0 x1e-4 (bit-identical)
01:15:58.360   [ 2]  40728 us, max diff vs first = 0 x1e-4 (bit-identical)
01:15:58.360   [ 3]  40727 us, max diff vs first = 0 x1e-4 (bit-identical)
01:15:58.439   [ 4]  40734 us, max diff vs first = 0 x1e-4 (bit-identical)
01:15:58.517   [ 5]  40749 us, max diff vs first = 0 x1e-4 (bit-identical)
01:15:58.517   [ 6]  40725 us, max diff vs first = 0 x1e-4 (bit-identical)
01:15:58.587   [ 7]  40736 us, max diff vs first = 0 x1e-4 (bit-identical)
01:15:58.590   [ 8]  40731 us, max diff vs first = 0 x1e-4 (bit-identical)
01:15:58.658   [ 9]  40742 us, max diff vs first = 0 x1e-4 (bit-identical)
01:15:58.720   [10]  40726 us, max diff vs first = 0 x1e-4 (bit-identical)
01:15:58.720   inference time: min=40725 mean=40733 max=40749 us (10 of 10 runs OK)
01:15:58.720 infer_task_start: ret=0
01:15:58.720 WM8904 Device ID = 0x8904
01:15:58.720 WM8904 init (headphone, 16kHz) start
01:15:58.720   [ OK ] SW Reset
01:15:58.720   [ OK ] Clock: CLK_SYS_ENA
01:15:58.720   [ OK ] Bias control (ISEL)
01:15:58.720   [ OK ] VMID control (enable)
01:15:58.720 lcd: pixel clock 25000000 Hz (PLL4 -> IC16, MX_LTDC_Clock_Init st=0)
01:15:58.722 lcd: 800x480, total 812x492 -> refresh 62.57 Hz
01:15:58.725 lcd: rif RIMC_ATTR10 0x00000000 -> 0x00000310 (MCID=1 MSEC=1 MPRIV=1)
01:15:58.731 lcd: rif RISC reg3 bit7 (LTDCL1) SEC 0 -> 1, PRIV 0 -> 1
01:15:58.736 lcd: rif RISAF6.IASR 0x00000000 -> 0x00000000 (cleared before enabling LTDC)
01:15:58.743 lcd: [ OK ] gpio + panel power (PQ3 on, PQ6 backlight, PG13 DE)
01:15:58.749 lcd: [ OK ] ltdc init (hs=4 hbp=4 hfp=4 vs=4 vbp=4 vfp=4)
01:15:58.754 lcd: [ OK ] layer0 L8 + CLUT 16 colors, framebuffer 0x34200000 (384000 B)
01:15:58.761 lcd_init: ret=0
01:15:58.814 lcd: [ OK ] idle "READY" (class band y=192 h=96 scale 4, beat at 8,8)
01:15:58.814   [ OK ] VMID control (settle)
01:15:58.816   [ OK ] Bias control (BIAS_EN)
01:15:58.819   [ OK ] Mic bias enable
01:15:58.821   [ OK ] Power mgmt0 (input disable)
01:15:58.825   [ OK ] Power mgmt2 (HP PGA enable)
01:15:58.829   [ OK ] Clock: CLK_DSP_ENA
01:15:58.831   [ OK ] Power mgmt6 (DAC/ADC enable)
01:15:58.835   [ OK ] Digital mic disable
01:15:58.837   [ OK ] GPIO1 control (default)
01:15:58.869   [ OK ] DRC0 (disabled)
01:15:58.869   [ OK ] Analog ADC0 (OSR128)
01:15:58.869   [ OK ] DAC digital1 (muted)
01:15:58.869   [ OK ] Audio interface0 (ADC src)
01:15:58.869   [ OK ] Audio interface1 (16b/I2S)
01:15:58.869   [ OK ] Clock rates1 (16kHz)
01:15:58.869   [ OK ] HP volume (left)
01:15:58.869   [ OK ] HP volume (right)
01:15:58.869   [ OK ] ADC digital volume (muted)
01:15:58.869   [ OK ] Charge pump enable
01:15:58.869   [ OK ] Analog HP (enable)
01:15:58.872   [ OK ] Analog HP (enable delay)
01:15:58.875   [ OK ] DC servo (channel enable)
01:15:58.877   [ OK ] DC servo (startup trigger)
01:15:59.002   [ OK ] DC servo (startup wait)
01:15:59.002   [ OK ] Analog HP (output enable)
01:15:59.002   [ OK ] Analog HP (remove short)
01:15:59.002   [ OK ] Class W (dynamic power)
01:15:59.002 WM8904 init (headphone, 16kHz) done
01:15:59.002 SAI1 peripheral init OK (kerclk=24571428 mckdiv=12 -> Fs=7998Hz)
01:15:59.002 MDF1 (PDM mic) init OK (step=6)
01:15:59.002 WM8904 DAC unmute OK
01:15:59.002 SAI1 DMA start OK (440Hz sine, output path check)
01:16:00.047 MDF1 acquisition start OK
01:16:00.110 Passthrough ACTIVE (mic -> headphone, prefill=1280 samples, mdf_cb=5)
01:16:00.110 Speak into the onboard mics; you should hear it and avg_abs should rise.
01:16:00.579   pt[0]: min=-5740 max=27860 avg_abs=118 | fifo=1072 under=0 over=0 late=0 mdf_cb=37 mdf_err=0
01:16:01.105 {"win":0,"cls":"unknown","p":0.39,"lat_ms":112,"under":0,"over":0,"late":0}
01:16:01.105 win    0 pos=       0  -40dBFS [######..............] rms=  319 peak=27860 seam=- lag=331us
01:16:01.105   -> unknown         p=0.39  preproc=68632us infer=41003us
01:16:01.105 in=14624Hz out=14970Hz ring=928 under=0 over=2 (dt=1015317us) loglag=67001us
01:16:01.105   pt[1]: min=-390 max=338 avg_abs=100 | fifo=1184 under=0 over=2 late=2 mdf_cb=64 mdf_err=0
01:16:01.666   pt[2]: min=-422 max=378 avg_abs=100 | fifo=976 under=0 over=2 late=2 mdf_cb=96 mdf_err=0
01:16:02.121 in=14670Hz out=14879Hz ring=976 under=0 over=2 (dt=994681us) loglag=67001us
01:16:02.121 {"win":1,"cls":"sneezing","p":0.64,"lat_ms":112,"under":0,"over":2,"late":2}
01:16:02.126 win    1 pos=   15360  -48dBFS [####................] rms=  126 peak=  428 seam=ok lag=333us
01:16:02.135   -> sneezing        p=0.64  preproc=68632us infer=40992us
01:16:02.139   pt[3]: min=-428 max=380 avg_abs=100 | fifo=288 under=0 over=4 late=4 mdf_cb=123 mdf_err=0
01:16:02.153 lcd: win 1 -> SNEEZE p=0.64 (37791 us after notify)
01:16:02.654   pt[4]: min=-402 max=478 avg_abs=111 | fifo=480 under=0 over=4 late=4 mdf_cb=155 mdf_err=0
01:16:03.162 in=15360Hz out=15600Hz ring=736 under=0 over=4 (dt=999999us) loglag=67001us
01:16:03.162 {"win":2,"cls":"sneezing","p":0.73,"lat_ms":112,"under":0,"over":4,"late":4}
01:16:03.162 win    2 pos=   30720  -47dBFS [####................] rms=  143 peak=  530 seam=ok lag=332us
01:16:03.168   -> sneezing        p=0.73  preproc=68642us infer=40991us
01:16:03.180   pt[5]: min=-530 max=472 avg_abs=114 | fifo=448 under=0 over=6 late=6 mdf_cb=183 mdf_err=0
01:16:03.242 lcd: win 2 -> SNEEZE p=0.73 (37745 us after notify)
01:16:03.686   pt[6]: min=-468 max=382 avg_abs=85 | fifo=384 under=0 over=6 late=6 mdf_cb=214 mdf_err=0
01:16:04.245 in=15360Hz out=15600Hz ring=496 under=0 over=6 (dt=1000000us) loglag=67001us
01:16:04.245 {"win":3,"cls":"unknown","p":0.37,"lat_ms":112,"under":0,"over":6,"late":6}
01:16:04.245 win    3 pos=   46080  -49dBFS [###.................] rms=  112 peak=  468 seam=ok lag=332us
01:16:04.245   -> unknown         p=0.37  preproc=68628us infer=40983us
01:16:04.245   pt[7]: min=-382 max=340 avg_abs=91 | fifo=208 under=0 over=8 late=8 mdf_cb=243 mdf_err=0
01:16:04.701   pt[8]: min=-368 max=372 avg_abs=84 | fifo=160 under=5 over=8 late=8 mdf_cb=274 mdf_err=0
01:16:05.150 in=15360Hz out=15600Hz ring=416 under=5 over=8 (dt=999999us) loglag=93191us
01:16:05.268 {"win":4,"cls":"crackling_fire","p":0.57,"lat_ms":112,"under":5,"over":8,"late":8}
01:16:05.268 win    4 pos=   61440  -50dBFS [###.................] rms=  106 peak=  398 seam=ok lag=331us
01:16:05.268   -> crackling_fire  p=0.57  preproc=68630us infer=40975us
01:16:05.268   pt[9]: min=-398 max=532 avg_abs=91 | fifo=0 under=6 over=10 late=10 mdf_cb=303 mdf_err=0
01:16:05.268 lcd: win 4 -> FIRE p=0.57 (30918 us after notify)
01:16:05.768   pt[10]: min=-414 max=378 avg_abs=102 | fifo=400 under=10 over=10 late=10 mdf_cb=334 mdf_err=0
01:16:06.143 in=14848Hz out=15600Hz ring=144 under=10 over=10 (dt=1000000us) loglag=93191us
01:16:06.335 {"win":5,"cls":"crackling_fire","p":0.80,"lat_ms":112,"under":10,"over":10,"late":10}
01:16:06.335 win    5 pos=   76800  -48dBFS [####................] rms=  133 peak=  532 seam=ok lag=334us
01:16:06.335   -> crackling_fire  p=0.80  preproc=68632us infer=40954us
01:16:06.335   pt[11]: min=-480 max=360 avg_abs=110 | fifo=224 under=10 over=12 late=12 mdf_cb=363 mdf_err=0
01:16:06.335 lcd: win 5 -> FIRE p=0.80 (31681 us after notify)
01:16:06.831   pt[12]: min=-342 max=366 avg_abs=75 | fifo=496 under=12 over=12 late=12 mdf_cb=395 mdf_err=0
01:16:07.159 in=14848Hz out=14800Hz ring=272 under=12 over=12 (dt=999999us) loglag=93191us
01:16:07.345 {"win":6,"cls":"crackling_fire","p":0.70,"lat_ms":112,"under":12,"over":12,"late":12}
01:16:07.345 win    6 pos=   92160  -50dBFS [###.................] rms=  102 peak=  442 seam=ok lag=332us
01:16:07.345   -> crackling_fire  p=0.70  preproc=68620us infer=40979us
01:16:07.345   pt[13]: min=-374 max=330 avg_abs=80 | fifo=64 under=12 over=14 late=14 mdf_cb=423 mdf_err=0
01:16:07.345 lcd: win 6 -> FIRE p=0.70 (31544 us after notify)
01:16:07.853   pt[14]: min=-432 max=388 avg_abs=98 | fifo=80 under=14 over=14 late=14 mdf_cb=454 mdf_err=0
01:16:08.159 in=14848Hz out=15200Hz ring=400 under=14 over=14 (dt=999999us) loglag=93191us
01:16:08.376 {"win":7,"cls":"crackling_fire","p":0.63,"lat_ms":112,"under":14,"over":14,"late":14}
01:16:08.376 win    7 pos=  107520  -46dBFS [####................] rms=  169 peak= 1970 seam=ok lag=332us
01:16:08.376   -> crackling_fire  p=0.63  preproc=68627us infer=40964us
01:16:08.376   pt[15]: min=-1970 max=1368 avg_abs=123 | fifo=304 under=14 over=16 late=16 mdf_cb=483 mdf_err=0
01:16:08.444 lcd: win 7 -> FIRE p=0.63 (31856 us after notify)
01:16:08.878   pt[16]: min=-608 max=660 avg_abs=114 | fifo=320 under=17 over=16 late=16 mdf_cb=514 mdf_err=0
01:16:09.194 in=14848Hz out=14800Hz ring=528 under=17 over=16 (dt=1000000us) loglag=93191us
01:16:09.444 {"win":8,"cls":"unknown","p":0.40,"lat_ms":112,"under":17,"over":16,"late":16}
01:16:09.444 win    8 pos=  122880  -46dBFS [####................] rms=  170 peak= 1970 seam=ok lag=331us
01:16:09.444   -> unknown         p=0.40  preproc=68623us infer=40987us
01:16:09.444   pt[17]: min=-482 max=490 avg_abs=96 | fifo=144 under=17 over=18 late=18 mdf_cb=543 mdf_err=0
01:16:09.943   pt[18]: min=-398 max=608 avg_abs=83 | fifo=160 under=22 over=18 late=18 mdf_cb=574 mdf_err=0
01:16:10.084 #trace begin clk=600000000Hz entries=4096 span_us=9852156 stop=ring-full
01:16:10.085 t_us,id,arg
01:16:10.085 0,3,23
01:16:10.085 1,5,4
01:16:10.085 43,6,4
01:16:10.085 443,2,9
01:16:10.085 444,5,2
01:16:10.085 490,13,10
01:16:10.092 496,14,10
01:16:10.094 496,6,2
01:16:10.094 16324,1,10
01:16:10.095 16326,5,1
01:16:10.096 16372,13,11
01:16:10.097 16377,14,11
01:16:10.098 16377,6,1
01:16:10.099 24812,4,23
01:16:10.100 24813,5,8
01:16:10.101 24856,6,8
01:16:10.159 32203,2,11
01:16:10.159 32204,5,2
01:16:10.159 32250,13,12
01:16:10.159 32255,14,12
01:16:10.159 32256,6,2
01:16:10.159 48079,1,12
01:16:10.159 48080,5,1
01:16:10.159 48126,13,13
01:16:10.159 48131,14,13
01:16:10.159 48132,6,1
01:16:10.159 49620,3,24
01:16:10.159 49621,5,4
01:16:10.159 49663,6,4
01:16:10.159 63953,2,13
01:16:10.159 63954,5,2
01:16:10.159 63999,13,14
01:16:10.159 64005,14,14
01:16:10.159 64005,6,2
01:16:10.159 74425,4,24
01:16:10.159 74426,5,8
01:16:10.159 74468,6,8
01:16:10.159 79826,1,14
01:16:10.159 79828,5,1
01:16:10.159 79873,13,15
01:16:10.159 79879,14,15
01:16:10.159 79879,6,1
01:16:10.159 95706,2,15
01:16:10.167 95707,5,2
01:16:10.167 95753,13,16
01:16:10.167 95759,14,16
01:16:10.167 95759,6,2
01:16:10.167 99235,3,25
01:16:10.226 99236,5,4
01:16:10.226 99278,6,4
01:16:10.226 111588,1,16
01:16:10.226 111589,5,1
01:16:10.226 111637,13,17
01:16:10.226 111643,14,17
01:16:10.226 111643,6,1
01:16:10.226 124049,4,25
01:16:10.226 124051,5,8
01:16:10.226 124093,6,8
01:16:10.226 127473,2,17
01:16:10.226 127474,5,2
01:16:10.226 127520,13,18
01:16:10.226 127526,14,18
01:16:10.226 127526,6,2
01:16:10.226 143351,1,18
01:16:10.226 143353,5,1
01:16:10.226 143398,13,19
01:16:10.226 143404,14,19
01:16:10.226 143404,6,1
01:16:10.226 148865,3,26
01:16:10.226 148866,5,4
01:16:10.226 148908,6,4
01:16:10.226 159232,2,19
01:16:10.226 159233,5,2
01:16:10.226 159279,13,20
01:16:10.226 159285,14,20
01:16:10.226 159285,6,2
01:16:10.226 173681,4,26
01:16:10.226 173682,5,8
01:16:10.226 173724,6,8
01:16:10.226 175115,1,20
01:16:10.285 175117,5,1
01:16:10.285 175162,13,21
01:16:10.285 175168,14,21
01:16:10.285 175168,6,1
01:16:10.285 190993,2,21
01:16:10.285 190994,5,2
01:16:10.285 191040,13,22
01:16:10.285 191045,14,22
01:16:10.285 191046,6,2
01:16:10.285 198494,3,27
01:16:10.285 198496,5,4
01:16:10.285 198538,6,4
01:16:10.285 206881,1,22
01:16:10.285 206882,5,1
01:16:10.285 206928,13,23
01:16:10.285 206933,14,23
01:16:10.285 206934,6,1
01:16:10.285 222764,2,23
01:16:10.285 222765,5,2
01:16:10.285 222811,13,24
01:16:10.285 222817,14,24
01:16:10.285 222817,6,2
01:16:10.285 223313,4,27
01:16:10.285 223315,5,8
01:16:10.285 223357,6,8
01:16:10.285 238644,1,24
01:16:10.285 238645,5,1
01:16:10.285 238691,13,25
01:16:10.285 238696,14,25
01:16:10.285 238697,6,1
01:16:10.285 248125,3,28
01:16:10.285 248127,5,4
01:16:10.352 248168,6,4
01:16:10.352 254525,2,25
01:16:10.352 254527,5,2
01:16:10.352 254572,13,26
01:16:10.352 254578,14,26
01:16:10.352 254578,6,2
01:16:10.352 270414,1,26
01:16:10.352 270415,5,1
01:16:10.352 270461,13,27
01:16:10.352 270466,14,27
01:16:10.352 270467,6,1
01:16:10.352 272948,4,28
01:16:10.352 272949,5,8
01:16:10.352 272991,6,8
01:16:10.352 286302,2,27
01:16:10.352 286303,5,2
01:16:10.476 286349,13,28
01:16:10.476 286355,14,28
01:16:10.476 286355,6,2
01:16:10.476 297776,3,29
01:16:10.476 297778,5,4
01:16:10.476 297820,6,4
01:16:10.476 302189,1,28
01:16:10.476 302190,5,1
01:16:10.476 302236,13,29
01:16:10.476 302241,14,29
01:16:10.476 302242,6,1
01:16:10.476 318066,2,29
01:16:10.476 318067,5,2
01:16:10.476 318113,13,30
01:16:10.476 318118,14,30
01:16:10.476 318119,6,2
01:16:10.476 322584,4,29
01:16:10.476 322585,5,8
01:16:10.476 322627,6,8
01:16:10.476 333941,1,30
01:16:10.476 333943,5,1
01:16:10.480 333988,13,31
01:16:10.480 333994,14,31
01:16:10.480 333994,6,1
01:16:10.481 347398,3,30
01:16:10.482 347399,5,4
01:16:10.483 347442,6,4
01:16:10.485 349826,2,31
01:16:10.485 349827,5,2
01:16:10.485 349873,13,32
01:16:10.485 349879,14,32
01:16:10.485 349879,6,2
01:16:10.551 365704,1,32
01:16:10.551 365706,5,1
01:16:10.551 365751,13,33
01:16:10.551 365757,14,33
01:16:10.551 365757,6,1
01:16:10.551 372209,4,30
01:16:10.551 372210,5,8
01:16:10.551 372252,6,8
01:16:10.551 381575,2,33
01:16:10.551 381576,5,2
01:16:10.551 381623,13,34
01:16:10.551 381629,14,34
01:16:10.551 381630,6,2
01:16:10.551 397006,3,31
01:16:10.551 397008,5,4
01:16:10.551 397050,6,4
01:16:10.551 397450,1,34
01:16:10.551 397451,5,1
01:16:10.551 397497,13,35
01:16:10.551 397502,14,35
01:16:10.551 397503,6,1
01:16:10.551 413328,2,35
01:16:10.551 413329,5,2
01:16:10.551 413375,13,36
01:16:10.551 413380,14,36
01:16:10.551 413381,6,2
01:16:10.551 421811,4,31
01:16:10.551 421812,5,8
01:16:10.551 421854,6,8
01:16:10.551 429194,1,36
01:16:10.551 429195,5,1
01:16:10.551 429240,13,37
01:16:10.619 429246,14,37
01:16:10.619 429246,6,1
01:16:10.619 445065,2,37
01:16:10.619 445067,5,2
01:16:10.619 445113,13,38
01:16:10.619 445119,14,38
01:16:10.619 445119,6,2
01:16:10.619 446607,3,32
01:16:10.619 446608,5,4
01:16:10.619 446650,6,4
01:16:10.619 460938,1,38
01:16:10.619 460940,5,1
01:16:10.619 460985,13,39
01:16:10.619 460991,14,39
01:16:10.619 460991,6,1
01:16:10.619 471400,4,32
01:16:10.619 471401,5,8
01:16:10.619 471443,6,8
01:16:10.619 476802,2,39
01:16:10.619 476803,5,2
01:16:10.619 476849,13,40
01:16:10.619 476854,14,40
01:16:10.619 476855,6,2
01:16:10.619 492670,1,40
01:16:10.619 492671,5,1
01:16:10.619 492717,13,41
01:16:10.619 492722,14,41
01:16:10.619 492723,6,1
01:16:10.619 496195,3,33
01:16:10.619 496197,5,4
01:16:10.619 496239,6,4
01:16:10.619 508544,2,41
01:16:10.626 508545,5,2
01:16:10.626 508591,13,42
01:16:10.626 508596,14,42
01:16:10.626 508596,6,2
01:16:10.626 521004,4,33
01:16:10.626 521005,5,8
01:16:10.626 521047,6,8
01:16:10.626 524425,1,42
01:16:10.626 524427,5,1
01:16:10.626 524472,13,43
01:16:10.635 524478,14,43
01:16:10.635 524478,6,1
01:16:10.636 540292,2,43
01:16:10.637 540293,5,2
01:16:10.638 540339,13,44
01:16:10.640 540345,14,44
01:16:10.719 540345,6,2
01:16:10.719 545801,3,34
01:16:10.719 545802,5,4
01:16:10.719 545844,6,4
01:16:10.719 556157,1,44
01:16:10.719 556158,5,1
01:16:10.719 556204,13,45
01:16:10.719 556210,14,45
01:16:10.719 556210,6,1
01:16:10.719 570593,4,34
01:16:10.719 570595,5,8
01:16:10.719 570637,6,8
01:16:10.719 572028,2,45
01:16:10.719 572029,5,2
01:16:10.719 572075,13,46
01:16:10.719 572081,14,46
01:16:10.719 572081,6,2
01:16:10.719 587895,1,46
01:16:10.719 587897,5,1
01:16:10.719 587942,13,47
01:16:10.719 587948,14,47
01:16:10.719 587948,6,1
01:16:10.719 595389,3,35
01:16:10.719 595390,5,4
01:16:10.719 595433,6,4
01:16:10.719 603770,2,47
01:16:10.719 603771,5,2
01:16:10.719 603817,13,48
01:16:10.719 603823,14,48
01:16:10.719 603823,6,2
01:16:10.719 619648,1,48
01:16:10.719 619649,5,1
01:16:10.724 619695,13,49
01:16:10.724 619701,14,49
01:16:10.724 619701,6,1
01:16:10.724 620197,4,35
01:16:10.724 620198,5,8
01:16:10.724 620241,6,8
01:16:10.724 635528,2,49
01:16:10.724 635529,5,2
01:16:10.724 635575,13,50
01:16:10.724 635581,14,50
01:16:10.727 635581,6,2
01:16:10.727 645014,3,36
01:16:10.727 645015,5,4
01:16:10.727 645058,6,4
01:16:10.727 651407,1,50
01:16:10.727 651408,5,1
01:16:10.785 651454,13,51
01:16:10.785 651459,14,51
01:16:10.785 651460,6,1
01:16:10.785 667279,2,51
01:16:10.785 667280,5,2
01:16:10.785 667326,13,52
01:16:10.785 667332,14,52
01:16:10.785 667332,6,2
01:16:10.785 669813,4,36
01:16:10.785 669814,5,8
01:16:10.785 669857,6,8
01:16:10.785 683153,1,52
01:16:10.785 683154,5,1
01:16:10.785 683200,13,53
01:16:10.785 683206,14,53
01:16:10.785 683206,6,1
01:16:10.785 694612,3,37
01:16:10.785 694614,5,4
01:16:10.785 694656,6,4
01:16:10.785 699021,2,53
01:16:10.785 699022,5,2
01:16:10.785 699068,13,54
01:16:10.785 699074,14,54
01:16:10.785 699074,6,2
01:16:10.785 714888,1,54
01:16:10.785 714889,5,1
01:16:10.785 714935,13,55
01:16:10.785 714941,14,55
01:16:10.785 714941,6,1
01:16:10.785 719402,4,37
01:16:10.785 719404,5,8
01:16:10.785 719445,6,8
01:16:10.852 730758,2,55
01:16:10.852 730759,5,2
01:16:10.852 730805,13,56
01:16:10.852 730810,14,56
01:16:10.852 730811,6,2
01:16:10.852 744205,3,38
01:16:10.852 744206,5,4
01:16:10.852 744248,6,4
01:16:10.852 746632,1,56
01:16:10.852 746633,5,1
01:16:10.852 746679,13,57
01:16:10.852 746685,14,57
01:16:10.852 746685,6,1
01:16:10.852 762499,2,57
01:16:10.852 762501,5,2
01:16:10.852 762546,13,58
01:16:10.852 762552,14,58
01:16:10.852 762552,6,2
01:16:10.852 768997,4,38
01:16:10.852 768998,5,8
01:16:10.852 769040,6,8
01:16:10.852 778366,1,58
01:16:10.852 778368,5,1
01:16:10.852 778413,13,59
01:16:10.852 778419,14,59
01:16:10.852 778419,6,1
01:16:10.852 793792,3,39
01:16:10.852 793794,5,4
01:16:10.852 793836,6,4
01:16:10.852 794235,2,59
01:16:10.852 794237,5,2
01:16:10.852 794282,13,60
01:16:10.909 794288,14,60
01:16:10.909 794288,6,2
01:16:10.909 810110,1,60
01:16:10.909 810111,5,1
01:16:10.909 810157,13,61
01:16:10.909 810495,16,0
01:16:10.909 818594,4,39
01:16:10.909 825979,2,61
01:16:10.909 841858,1,62
01:16:10.909 843400,3,40
01:16:10.909 857739,2,63
01:16:10.909 868214,4,40
01:16:10.909 873622,1,64
01:16:10.909 880826,9,13
01:16:10.909 889502,2,65
01:16:10.909 893031,3,41
01:16:10.909 905384,1,66
01:16:10.909 917856,4,41
01:16:10.909 921280,2,67
01:16:10.909 921829,10,13
01:16:10.909 921875,15,0
01:16:10.909 921876,14,61
01:16:10.909 921876,6,1
01:16:10.909 921878,5,15
01:16:10.909 921878,8,0
01:16:10.909 921878,8,1
01:16:10.909 921924,13,62
01:16:10.909 921930,14,62
01:16:10.909 921976,13,63
01:16:10.909 921982,14,63
01:16:10.909 922067,6,15
01:16:10.909 942166,1,68
01:16:10.977 942168,5,1
01:16:10.977 942214,13,64
01:16:10.977 942220,14,64
01:16:10.977 942220,6,1
01:16:10.977 942684,3,42
01:16:10.977 942686,5,4
01:16:10.977 942729,6,4
01:16:10.977 957235,2,69
01:16:10.977 957237,5,2
01:16:10.977 957283,13,65
01:16:10.977 957289,14,65
01:16:10.977 957289,6,2
01:16:10.977 967506,4,42
01:16:10.977 967507,5,8
01:16:10.977 967550,6,8
01:16:10.977 968940,1,70
01:16:10.977 968941,5,1
01:16:10.977 968987,13,66
01:16:10.977 968993,14,66
01:16:10.977 968993,6,1
01:16:10.977 984816,2,71
01:16:10.977 984817,5,2
01:16:10.977 984863,13,67
01:16:10.977 984869,14,67
01:16:10.977 984869,6,2
01:16:10.977 992306,3,43
01:16:10.977 992308,5,4
01:16:10.977 992350,6,4
01:16:10.977 1000682,1,72
01:16:10.977 1000684,5,1
01:16:10.977 1000729,13,68
01:16:10.977 1000735,14,68
01:16:11.035 1000735,6,1
01:16:11.035 1016546,2,73
01:16:11.035 1016548,5,2
01:16:11.035 1016593,13,69
01:16:11.035 1016599,14,69
01:16:11.035 1016599,6,2
01:16:11.035 1017095,4,43
01:16:11.035 1017096,5,8
01:16:11.035 1017138,6,8
01:16:11.035 1032415,1,74
01:16:11.035 1032416,5,1
01:16:11.035 1032462,13,70
01:16:11.035 1032468,14,70
01:16:11.035 1032468,6,1
01:16:11.035 1041889,3,44
01:16:11.035 1041890,5,4
01:16:11.035 1041932,6,4
01:16:11.035 1048284,2,75
01:16:11.035 1048285,5,2
01:16:11.035 1048331,13,71
01:16:11.035 1048337,14,71
01:16:11.035 1048337,6,2
01:16:11.035 1064160,1,76
01:16:11.035 1064162,5,1
01:16:11.035 1064207,13,72
01:16:11.035 1064213,14,72
01:16:11.035 1064213,6,1
01:16:11.035 1066695,4,44
01:16:11.035 1066696,5,8
01:16:11.035 1066739,6,8
01:16:11.035 1080044,2,77
01:16:11.035 1080045,5,2
01:16:11.109 1080091,13,73
01:16:11.109 1080097,14,73
01:16:11.109 1080097,6,2
01:16:11.109 1091510,3,45
01:16:11.109 1091511,5,4
01:16:11.109 1091553,6,4
01:16:11.109 1095922,1,78
01:16:11.109 1095923,5,1
01:16:11.109 1095969,13,74
01:16:11.109 1095975,14,74
01:16:11.109 1095975,6,1
01:16:11.109 1111796,2,79
01:16:11.109 1111798,5,2
01:16:11.109 1111843,13,75
01:16:11.109 1111849,14,75
01:16:11.109 1111849,6,2
01:16:11.109 1116314,4,45
01:16:11.109 1116316,5,8
01:16:11.109 1116357,6,8
01:16:11.109 1127675,1,80
01:16:11.109 1127677,5,1
01:16:11.109 1127722,13,76
01:16:11.109 1127728,14,76
01:16:11.109 1127728,6,1
01:16:11.109 1141132,3,46
01:16:11.109 1141134,5,4
01:16:11.109 1141176,6,4
01:16:11.109 1143561,2,81
01:16:11.109 1143562,5,2
01:16:11.109 1143608,13,77
01:16:11.109 1143614,14,77
01:16:11.109 1143614,6,2
01:16:11.109 1159442,1,82
01:16:11.109 1159444,5,1
01:16:11.109 1159489,13,78
01:16:11.109 1159495,14,78
01:16:11.109 1159495,6,1
01:16:11.109 1165946,4,46
01:16:11.109 1165947,5,8
01:16:11.109 1165989,6,8
01:16:11.109 1175319,2,83
01:16:11.118 1175320,5,2
01:16:11.118 1175366,13,79
01:16:11.119 1175372,14,79
01:16:11.121 1175372,6,2
01:16:11.122 1190750,3,47
01:16:11.123 1190751,5,4
01:16:11.125 1190793,6,4
01:16:11.193 1191193,1,84
01:16:11.193 1191194,5,1
01:16:11.193 1191240,13,80
01:16:11.193 1191245,14,80
01:16:11.193 1191245,6,1
01:16:11.193 1207071,2,85
01:16:11.193 1207072,5,2
01:16:11.193 1207118,13,81
01:16:11.193 1207124,14,81
01:16:11.193 1207124,6,2
01:16:11.193 1215559,4,47
01:16:11.193 1215560,5,8
01:16:11.193 1215602,6,8
01:16:11.193 1222946,1,86
01:16:11.193 1222947,5,1
01:16:11.193 1222993,13,82
01:16:11.193 1222998,14,82
01:16:11.193 1222999,6,1
01:16:11.193 1238820,2,87
01:16:11.193 1238822,5,2
01:16:11.193 1238867,13,83
01:16:11.193 1238873,14,83
01:16:11.193 1238873,6,2
01:16:11.193 1240361,3,48
01:16:11.193 1240362,5,4
01:16:11.193 1240404,6,4
01:16:11.193 1254691,1,88
01:16:11.193 1254692,5,1
01:16:11.193 1254738,13,84
01:16:11.193 1254743,14,84
01:16:11.193 1254744,6,1
01:16:11.193 1265160,4,48
01:16:11.199 1265161,5,8
01:16:11.199 1265203,6,8
01:16:11.200 1270561,2,89
01:16:11.201 1270562,5,2
01:16:11.202 1270608,13,85
01:16:11.203 1270613,14,85
01:16:11.205 1270613,6,2
01:16:11.206 1286435,1,90
01:16:11.207 1286436,5,1
01:16:11.208 1286482,13,86
01:16:11.209 1286487,14,86
01:16:11.209 1286488,6,1
01:16:11.209 1289961,3,49
01:16:11.209 1289962,5,4
01:16:11.209 1290004,6,4
01:16:11.209 1302317,2,91
01:16:11.276 1302318,5,2
01:16:11.276 1302364,13,87
01:16:11.276 1302369,14,87
01:16:11.276 1302370,6,2
01:16:11.276 1314777,4,49
01:16:11.276 1314779,5,8
01:16:11.276 1314821,6,8
01:16:11.276 1318198,1,92
01:16:11.276 1318199,5,1
01:16:11.276 1318245,13,88
01:16:11.276 1318250,14,88
01:16:11.276 1318251,6,1
01:16:11.276 1334080,2,93
01:16:11.276 1334081,5,2
01:16:11.276 1334127,13,89
01:16:11.276 1334133,14,89
01:16:11.276 1334133,6,2
01:16:11.276 1339592,3,50
01:16:11.276 1339593,5,4
01:16:11.276 1339635,6,4
01:16:11.276 1349964,1,94
01:16:11.276 1349966,5,1
01:16:11.276 1350011,13,90
01:16:11.276 1350017,14,90
01:16:11.276 1350017,6,1
01:16:11.276 1364406,4,50
01:16:11.276 1364407,5,8
01:16:11.276 1364449,6,8
01:16:11.276 1365841,2,95
01:16:11.276 1365843,5,2
01:16:11.276 1365888,13,91
01:16:11.276 1365894,14,91
01:16:11.351 1365894,6,2
01:16:11.351 1381712,1,96
01:16:11.351 1381713,5,1
01:16:11.351 1381759,13,92
01:16:11.351 1381765,14,92
01:16:11.351 1381765,6,1
01:16:11.351 1389207,3,51
01:16:11.351 1389208,5,4
01:16:11.351 1389250,6,4
01:16:11.351 1397589,2,97
01:16:11.351 1397590,5,2
01:16:11.351 1397636,13,93
01:16:11.351 1397641,14,93
01:16:11.351 1397642,6,2
01:16:11.351 1413463,1,98
01:16:11.351 1413465,5,1
01:16:11.351 1413510,13,94
01:16:11.351 1413516,14,94
01:16:11.351 1413516,6,1
01:16:11.351 1414013,4,51
01:16:11.351 1414014,5,8
01:16:11.351 1414056,6,8
01:16:11.351 1429341,2,99
01:16:11.351 1429342,5,2
01:16:11.351 1429388,13,95
01:16:11.351 1429393,14,95
01:16:11.351 1429394,6,2
01:16:11.351 1438825,3,52
01:16:11.351 1438827,5,4
01:16:11.351 1438869,6,4
01:16:11.351 1445223,1,100
01:16:11.351 1445224,5,1
01:16:11.351 1445270,13,96
01:16:11.351 1445275,14,96
01:16:11.351 1445276,6,1
01:16:11.351 1461107,2,101
01:16:11.351 1461108,5,2
01:16:11.351 1461154,13,97
01:16:11.351 1461160,14,97
01:16:11.351 1461160,6,2
01:16:11.359 1463641,4,52
01:16:11.360 1463643,5,8
01:16:11.360 1463685,6,8
01:16:11.494 1476978,1,102
01:16:11.494 1476979,5,1
01:16:11.494 1477025,13,98
01:16:11.494 1477031,14,98
01:16:11.494 1477031,6,1
01:16:11.551 1488438,3,53
01:16:11.551 1488439,5,4
01:16:11.551 1488481,6,4
01:16:11.551 1492850,2,103
01:16:11.551 1492851,5,2
01:16:11.551 1492897,13,99
01:16:11.551 1492903,14,99
01:16:11.551 1492903,6,2
01:16:11.551 1508721,1,104
01:16:11.551 1508723,5,1
01:16:11.551 1508768,13,100
01:16:11.551 1508774,14,100
01:16:11.551 1508774,6,1
01:16:11.551 1513239,4,53
01:16:11.551 1513241,5,8
01:16:11.551 1513283,6,8
01:16:11.551 1524597,2,105
01:16:11.551 1524598,5,2
01:16:11.551 1524644,13,101
01:16:11.551 1524650,14,101
01:16:11.551 1524650,6,2
01:16:11.551 1538046,3,54
01:16:11.551 1538048,5,4
01:16:11.551 1538089,6,4
01:16:11.551 1540473,1,106
01:16:11.551 1540475,5,1
01:16:11.551 1540520,13,102
01:16:11.551 1540526,14,102
01:16:11.551 1540526,6,1
01:16:11.551 1556345,2,107
01:16:11.551 1556346,5,2
01:16:11.551 1556392,13,103
01:16:11.619 1556398,14,103
01:16:11.619 1556398,6,2
01:16:11.619 1562847,4,54
01:16:11.619 1562848,5,8
01:16:11.619 1562890,6,8
01:16:11.619 1572215,1,108
01:16:11.619 1572216,5,1
01:16:11.619 1572262,13,104
01:16:11.619 1572267,14,104
01:16:11.619 1572268,6,1
01:16:11.619 1587642,3,55
01:16:11.619 1587643,5,4
01:16:11.619 1587685,6,4
01:16:11.619 1588085,2,109
01:16:11.619 1588086,5,2
01:16:11.619 1588132,13,105
01:16:11.619 1588137,14,105
01:16:11.619 1588138,6,2
01:16:11.619 1603955,1,110
01:16:11.619 1603956,5,1
01:16:11.619 1604001,13,106
01:16:11.619 1604007,14,106
01:16:11.619 1604007,6,1
01:16:11.619 1612433,4,55
01:16:11.619 1612434,5,8
01:16:11.619 1612476,6,8
01:16:11.619 1619810,2,111
01:16:11.619 1619811,5,2
01:16:11.619 1619857,13,107
01:16:11.619 1619863,14,107
01:16:11.619 1619863,6,2
01:16:11.624 1635665,1,112
01:16:11.677 1635667,5,1
01:16:11.677 1635712,13,108
01:16:11.677 1635718,14,108
01:16:11.677 1635718,6,1
01:16:11.677 1637204,3,56
01:16:11.677 1637205,5,4
01:16:11.677 1637247,6,4
01:16:11.677 1651521,2,113
01:16:11.677 1651522,5,2
01:16:11.677 1651568,13,109
01:16:11.677 1651574,14,109
01:16:11.677 1651574,6,2
01:16:11.677 1661986,4,56
01:16:11.677 1661987,5,8
01:16:11.677 1662029,6,8
01:16:11.677 1667387,1,114
01:16:11.677 1667389,5,1
01:16:11.677 1667434,13,110
01:16:11.677 1667440,14,110
01:16:11.677 1667440,6,1
01:16:11.680 1683254,2,115
01:16:11.680 1683255,5,2
01:16:11.680 1683301,13,111
01:16:11.680 1683307,14,111
01:16:11.681 1683307,6,2
01:16:11.683 1686778,3,57
01:16:11.685 1686780,5,4
01:16:11.685 1686823,6,4
01:16:11.685 1699126,1,116
01:16:11.685 1699127,5,1
01:16:11.685 1699173,13,112
01:16:11.685 1699178,14,112
01:16:11.751 1699179,6,1
01:16:11.751 1711578,4,57
01:16:11.751 1711579,5,8
01:16:11.751 1711623,6,8
01:16:11.751 1714997,2,117
01:16:11.751 1714999,5,2
01:16:11.751 1715044,13,113
01:16:11.751 1715050,14,113
01:16:11.751 1715050,6,2
01:16:11.751 1730856,1,118
01:16:11.751 1730857,5,1
01:16:11.751 1730903,13,114
01:16:11.751 1730908,14,114
01:16:11.751 1730909,6,1
01:16:11.751 1736360,3,58
01:16:11.751 1736361,5,4
01:16:11.751 1736404,6,4
01:16:11.751 1746717,2,119
01:16:11.751 1746719,5,2
01:16:11.751 1746764,13,115
01:16:11.751 1746770,14,115
01:16:11.751 1746770,6,2
01:16:11.751 1761145,4,58
01:16:11.751 1761147,5,8
01:16:11.751 1761188,6,8
01:16:11.751 1762581,1,120
01:16:11.751 1762582,5,1
01:16:11.751 1762628,13,116
01:16:11.751 1762634,14,116
01:16:11.751 1762634,6,1
01:16:11.760 1778455,2,121
01:16:11.760 1778457,5,2
01:16:11.818 1778502,13,117
01:16:11.818 1778508,14,117
01:16:11.818 1778508,6,2
01:16:11.818 1785950,3,59
01:16:11.818 1785952,5,4
01:16:11.818 1785993,6,4
01:16:11.818 1794329,1,122
01:16:11.818 1794330,5,1
01:16:11.818 1794376,13,118
01:16:11.818 1794381,14,118
01:16:11.818 1794382,6,1
01:16:11.818 1810198,2,123
01:16:11.818 1810199,5,2
01:16:11.818 1810245,13,119
01:16:11.818 1810250,14,119
01:16:11.818 1810251,6,2
01:16:11.877 1810747,4,59
01:16:11.877 1810748,5,8
01:16:11.877 1810790,6,8
01:16:11.877 1826074,1,124
01:16:11.877 1826075,5,1
01:16:11.877 1826121,13,120
01:16:11.877 1826127,14,120
01:16:11.877 1826127,6,1
01:16:11.877 1835550,3,60
01:16:11.877 1835552,5,4
01:16:11.877 1835594,6,4
01:16:11.877 1841943,2,125
01:16:11.877 1841944,5,2
01:16:11.877 1841990,13,121
01:16:11.877 1842329,16,1
01:16:11.877 1857819,1,126
01:16:11.877 1860355,4,60
01:16:11.877 1873694,2,127
01:16:11.877 1885154,3,61
01:16:11.877 1889567,1,128
01:16:11.877 1905430,2,129
01:16:11.877 1909945,4,61
01:16:11.877 1912668,9,14
01:16:11.877 1921295,1,130
01:16:11.877 1934732,3,62
01:16:11.877 1937159,2,131
01:16:11.877 1953038,1,132
01:16:11.877 1953659,10,14
01:16:11.877 1953708,15,1
01:16:11.877 1953708,14,121
01:16:11.877 1953709,6,2
01:16:11.877 1953710,5,15
01:16:11.951 1953711,8,0
01:16:11.951 1953711,8,1
01:16:11.951 1953757,13,122
01:16:11.951 1953763,14,122
01:16:11.951 1953809,13,123
01:16:11.951 1953814,14,123
01:16:11.951 1953899,6,15
01:16:11.951 1959589,4,62
01:16:11.951 1959590,5,8
01:16:11.951 1959633,6,8
01:16:11.951 1975730,2,133
01:16:11.951 1975732,5,2
01:16:11.951 1975779,13,124
01:16:11.951 1975785,14,124
01:16:11.951 1975785,6,2
01:16:11.951 1989153,1,134
01:16:11.951 1989155,3,63
01:16:11.951 1989156,5,1
01:16:11.951 1989201,13,125
01:16:11.951 1989207,14,125
01:16:11.951 1989207,6,1
01:16:11.951 1989208,5,4
01:16:11.951 1989250,6,4
01:16:11.951 2000661,2,135
01:16:11.951 2000663,5,2
01:16:11.951 2000710,13,126
01:16:11.951 2000716,14,126
01:16:11.951 2000716,6,2
01:16:11.951 2009149,4,63
01:16:11.951 2009150,5,8
01:16:11.951 2009193,6,8
01:16:11.951 2016539,1,136
01:16:12.017 2016540,5,1
01:16:12.017 2016586,13,127
01:16:12.017 2016591,14,127
01:16:12.017 2016592,6,1
01:16:12.017 2032414,2,137
01:16:12.017 2032416,5,2
01:16:12.017 2032461,13,128
01:16:12.017 2032467,14,128
01:16:12.017 2032467,6,2
01:16:12.017 2033956,3,64
01:16:12.017 2033957,5,4
01:16:12.017 2033999,6,4
01:16:12.017 2048281,1,138
01:16:12.017 2048282,5,1
01:16:12.017 2048328,13,129
01:16:12.017 2048333,14,129
01:16:12.017 2048334,6,1
01:16:12.017 2058752,4,64
01:16:12.017 2058753,5,8
01:16:12.017 2058795,6,8
01:16:12.017 2064154,2,139
01:16:12.017 2064155,5,2
01:16:12.017 2064201,13,130
01:16:12.017 2064206,14,130
01:16:12.017 2064207,6,2
01:16:12.017 2080013,1,140
01:16:12.017 2080014,5,1
01:16:12.017 2080060,13,131
01:16:12.022 2080066,14,131
01:16:12.022 2080066,6,1
01:16:12.022 2083537,3,65
01:16:12.023 2083539,5,4
01:16:12.084 2083580,6,4
01:16:12.084 2095875,2,141
01:16:12.084 2095876,5,2
01:16:12.084 2095922,13,132
01:16:12.084 2095927,14,132
01:16:12.084 2095928,6,2
01:16:12.084 2108318,4,65
01:16:12.084 2108319,5,8
01:16:12.084 2108361,6,8
01:16:12.084 2111733,1,142
01:16:12.084 2111735,5,1
01:16:12.084 2111780,13,133
01:16:12.084 2111786,14,133
01:16:12.084 2111786,6,1
01:16:12.084 2127592,2,143
01:16:12.084 2127594,5,2
01:16:12.084 2127639,13,134
01:16:12.084 2127645,14,134
01:16:12.084 2127645,6,2
01:16:12.084 2133098,3,66
01:16:12.084 2133099,5,4
01:16:12.084 2133141,6,4
01:16:12.084 2143449,1,144
01:16:12.084 2143451,5,1
01:16:12.084 2143496,13,135
01:16:12.085 2143502,14,135
01:16:12.085 2143502,6,1
01:16:12.085 2157879,4,66
01:16:12.085 2157880,5,8
01:16:12.085 2157922,6,8
01:16:12.085 2159313,2,145
01:16:12.092 2159314,5,2
01:16:12.161 2159360,13,136
01:16:12.161 2159366,14,136
01:16:12.161 2159366,6,2
01:16:12.161 2175179,1,146
01:16:12.161 2175180,5,1
01:16:12.161 2175226,13,137
01:16:12.161 2175231,14,137
01:16:12.161 2175232,6,1
01:16:12.161 2182668,3,67
01:16:12.161 2182669,5,4
01:16:12.161 2182711,6,4
01:16:12.161 2191039,2,147
01:16:12.161 2191040,5,2
01:16:12.161 2191086,13,138
01:16:12.161 2191091,14,138
01:16:12.161 2191092,6,2
01:16:12.161 2206900,1,148
01:16:12.161 2206901,5,1
01:16:12.161 2206947,13,139
01:16:12.161 2206952,14,139
01:16:12.161 2206953,6,1
01:16:12.161 2207449,4,67
01:16:12.161 2207450,5,8
01:16:12.161 2207492,6,8
01:16:12.161 2222764,2,149
01:16:12.161 2222766,5,2
01:16:12.161 2222811,13,140
01:16:12.161 2222817,14,140
01:16:12.161 2222817,6,2
01:16:12.161 2232231,3,68
01:16:12.161 2232233,5,4
01:16:12.161 2232275,6,4
01:16:12.235 2238622,1,150
01:16:12.235 2238624,5,1
01:16:12.235 2238669,13,141
01:16:12.235 2238675,14,141
01:16:12.235 2238675,6,1
01:16:12.235 2254488,2,151
01:16:12.235 2254489,5,2
01:16:12.235 2254535,13,142
01:16:12.235 2254541,14,142
01:16:12.235 2254541,6,2
01:16:12.235 2257022,4,68
01:16:12.235 2257023,5,8
01:16:12.235 2257065,6,8
01:16:12.235 2270349,1,152
01:16:12.235 2270350,5,1
01:16:12.235 2270396,13,143
01:16:12.235 2270401,14,143
01:16:12.235 2270402,6,1
01:16:12.235 2281797,3,69
01:16:12.235 2281799,5,4
01:16:12.235 2281841,6,4
01:16:12.235 2286204,2,153
01:16:12.235 2286206,5,2
01:16:12.235 2286251,13,144
01:16:12.235 2286257,14,144
01:16:12.235 2286257,6,2
01:16:12.235 2302064,1,154
01:16:12.235 2302065,5,1
01:16:12.235 2302111,13,145
01:16:12.235 2302117,14,145
01:16:12.235 2302117,6,1
01:16:12.235 2306575,4,69
01:16:12.301 2306577,5,8
01:16:12.301 2306618,6,8
01:16:12.301 2317923,2,155
01:16:12.301 2317924,5,2
01:16:12.301 2317970,13,146
01:16:12.301 2317975,14,146
01:16:12.301 2317976,6,2
01:16:12.301 2331358,3,70
01:16:12.301 2331360,5,4
01:16:12.301 2331401,6,4
01:16:12.301 2333786,1,156
01:16:12.301 2333787,5,1
01:16:12.301 2333833,13,147
01:16:12.301 2333839,14,147
01:16:12.301 2333839,6,1
01:16:12.301 2349656,2,157
01:16:12.301 2349657,5,2
01:16:12.301 2349703,13,148
01:16:12.301 2349709,14,148
01:16:12.301 2349709,6,2
01:16:12.301 2356154,4,70
01:16:12.304 2356155,5,8
01:16:12.304 2356197,6,8
01:16:12.304 2365528,1,158
01:16:12.306 2365529,5,1
01:16:12.307 2365575,13,149
01:16:12.308 2365581,14,149
01:16:12.309 2365581,6,1
01:16:12.310 2380956,3,71
01:16:12.310 2380957,5,4
01:16:12.310 2380999,6,4
01:16:12.310 2381399,2,159
01:16:12.368 2381401,5,2
01:16:12.368 2381446,13,150
01:16:12.368 2381452,14,150
01:16:12.368 2381452,6,2
01:16:12.368 2397281,1,160
01:16:12.368 2397283,5,1
01:16:12.368 2397328,13,151
01:16:12.368 2397334,14,151
01:16:12.368 2397334,6,1
01:16:12.368 2405768,4,71
01:16:12.368 2405769,5,8
01:16:12.368 2405811,6,8
01:16:12.368 2413160,2,161
01:16:12.368 2413161,5,2
01:16:12.368 2413207,13,152
01:16:12.368 2413212,14,152
01:16:12.368 2413213,6,2
01:16:12.368 2429037,1,162
01:16:12.368 2429039,5,1
01:16:12.372 2429084,13,153
01:16:12.372 2429090,14,153
01:16:12.372 2429090,6,1
01:16:12.373 2430579,3,72
01:16:12.373 2430580,5,4
01:16:12.376 2430622,6,4
01:16:12.377 2444910,2,163
01:16:12.378 2444911,5,2
01:16:12.379 2444957,13,154
01:16:12.381 2444962,14,154
01:16:12.382 2444963,6,2
01:16:12.384 2455381,4,72
01:16:12.385 2455383,5,8
01:16:12.441 2455425,6,8
01:16:12.441 2460783,1,164
01:16:12.441 2460784,5,1
01:16:12.441 2460829,13,155
01:16:12.514 2460835,14,155
01:16:12.515 2460835,6,1
01:16:12.517 2479737,2,165
01:16:12.518 2479738,5,2
01:16:12.584 2479784,13,156
01:16:12.584 2479790,14,156
01:16:12.584 2479790,6,2
01:16:12.584 2480190,3,73
01:16:12.584 2480191,5,4
01:16:12.584 2480234,6,4
01:16:12.584 2492529,1,166
01:16:12.584 2492530,5,1
01:16:12.584 2492576,13,157
01:16:12.584 2492582,14,157
01:16:12.584 2492582,6,1
01:16:12.584 2504977,4,73
01:16:12.584 2504979,5,8
01:16:12.584 2505021,6,8
01:16:12.584 2508396,2,167
01:16:12.584 2508397,5,2
01:16:12.584 2508443,13,158
01:16:12.584 2508448,14,158
01:16:12.584 2508449,6,2
01:16:12.584 2524260,1,168
01:16:12.584 2524262,5,1
01:16:12.584 2524307,13,159
01:16:12.584 2524313,14,159
01:16:12.584 2524313,6,1
01:16:12.587 2529765,3,74
01:16:12.587 2529766,5,4
01:16:12.587 2529808,6,4
01:16:12.587 2540117,2,169
01:16:12.592 2540118,5,2
01:16:12.593 2540164,13,160
01:16:12.595 2540170,14,160
01:16:12.597 2540170,6,2
01:16:12.598 2554537,4,74
01:16:12.599 2554539,5,8
01:16:12.601 2554581,6,8
01:16:12.602 2555971,1,170
01:16:12.603 2555972,5,1
01:16:12.604 2556018,13,161
01:16:12.605 2556023,14,161
01:16:12.607 2556024,6,1
01:16:12.660 2571842,2,171
01:16:12.660 2571844,5,2
01:16:12.660 2571889,13,162
01:16:12.660 2571895,14,162
01:16:12.660 2571895,6,2
01:16:12.660 2579336,3,75
01:16:12.660 2579338,5,4
01:16:12.660 2579380,6,4
01:16:12.660 2587719,1,172
01:16:12.660 2587720,5,1
01:16:12.660 2587766,13,163
01:16:12.660 2587771,14,163
01:16:12.660 2587772,6,1
01:16:12.660 2603588,2,173
01:16:12.660 2603589,5,2
01:16:12.660 2603635,13,164
01:16:12.660 2603641,14,164
01:16:12.660 2603641,6,2
01:16:12.660 2604137,4,75
01:16:12.660 2604138,5,8
01:16:12.660 2604180,6,8
01:16:12.660 2619461,1,174
01:16:12.660 2619463,5,1
01:16:12.667 2619508,13,165
01:16:12.668 2619514,14,165
01:16:12.669 2619514,6,1
01:16:12.669 2628936,3,76
01:16:12.669 2628938,5,4
01:16:12.669 2628979,6,4
01:16:12.669 2635332,2,175
01:16:12.676 2635334,5,2
01:16:12.676 2635379,13,166
01:16:12.742 2635385,14,166
01:16:12.742 2635385,6,2
01:16:12.742 2651210,1,176
01:16:12.742 2651211,5,1
01:16:12.742 2651257,13,167
01:16:12.742 2651262,14,167
01:16:12.742 2651263,6,1
01:16:12.742 2653743,4,76
01:16:12.742 2653745,5,8
01:16:12.742 2653786,6,8
01:16:12.742 2667078,2,177
01:16:12.742 2667079,5,2
01:16:12.742 2667125,13,168
01:16:12.742 2667131,14,168
01:16:12.742 2667131,6,2
01:16:12.742 2678538,3,77
01:16:12.742 2678540,5,4
01:16:12.742 2678581,6,4
01:16:12.742 2682949,1,178
01:16:12.742 2682951,5,1
01:16:12.742 2682997,13,169
01:16:12.742 2683002,14,169
01:16:12.742 2683003,6,1
01:16:12.742 2698829,2,179
01:16:12.742 2698830,5,2
01:16:12.742 2698876,13,170
01:16:12.742 2698882,14,170
01:16:12.743 2698882,6,2
01:16:12.743 2703346,4,77
01:16:12.743 2703348,5,8
01:16:12.743 2703390,6,8
01:16:12.743 2714699,1,180
01:16:12.803 2714700,5,1
01:16:12.803 2714746,13,171
01:16:12.803 2714752,14,171
01:16:12.803 2714752,6,1
01:16:12.803 2728141,3,78
01:16:12.803 2728143,5,4
01:16:12.803 2728185,6,4
01:16:12.803 2730568,2,181
01:16:12.803 2730569,5,2
01:16:12.803 2730615,13,172
01:16:12.803 2730620,14,172
01:16:12.803 2730621,6,2
01:16:12.803 2746440,1,182
01:16:12.803 2746441,5,1
01:16:12.803 2746487,13,173
01:16:12.803 2746492,14,173
01:16:12.803 2746492,6,1
01:16:12.803 2752941,4,78
01:16:12.803 2752943,5,8
01:16:12.806 2752985,6,8
01:16:12.806 2762312,2,183
01:16:12.806 2762313,5,2
01:16:12.807 2762359,13,174
01:16:12.808 2762365,14,174
01:16:12.809 2762365,6,2
01:16:12.810 2777739,3,79
01:16:12.810 2777740,5,4
01:16:12.810 2777782,6,4
01:16:12.810 2778182,1,184
01:16:12.810 2778183,5,1
01:16:12.810 2778229,13,175
01:16:12.817 2778234,14,175
01:16:12.876 2778234,6,1
01:16:12.876 2794063,2,185
01:16:12.876 2794064,5,2
01:16:12.876 2794109,13,176
01:16:12.876 2794115,14,176
01:16:12.876 2794115,6,2
01:16:12.876 2802551,4,79
01:16:12.876 2802553,5,8
01:16:12.876 2802595,6,8
01:16:12.876 2809940,1,186
01:16:12.876 2809942,5,1
01:16:12.876 2809987,13,177
01:16:12.876 2809993,14,177
01:16:12.876 2809993,6,1
01:16:12.876 2825824,2,187
01:16:12.876 2825826,5,2
01:16:12.876 2825871,13,178
01:16:12.876 2825877,14,178
01:16:12.876 2825877,6,2
01:16:12.876 2827365,3,80
01:16:12.876 2827366,5,4
01:16:12.876 2827408,6,4
01:16:12.879 2841698,1,188
01:16:12.879 2841700,5,1
01:16:12.880 2841745,13,179
01:16:12.882 2841751,14,179
01:16:12.883 2841751,6,1
01:16:12.884 2852174,4,80
01:16:12.885 2852175,5,8
01:16:12.885 2852217,6,8
01:16:12.885 2857581,2,189
01:16:12.885 2857582,5,2
01:16:12.942 2857628,13,180
01:16:12.942 2857634,14,180
01:16:12.942 2857634,6,2
01:16:12.942 2873464,1,190
01:16:12.942 2873465,5,1
01:16:12.942 2873511,13,181
01:16:12.942 2873849,16,2
01:16:12.942 2876990,3,81
01:16:12.942 2889338,2,191
01:16:12.942 2901798,4,81
01:16:12.942 2905218,1,192
01:16:12.942 2921091,2,193
01:16:12.942 2926602,3,82
01:16:12.942 2936967,1,194
01:16:12.942 2944197,9,15
01:16:12.942 2951405,4,82
01:16:12.942 2952840,2,195
01:16:12.942 2968712,1,196
01:16:12.944 2976200,3,83
01:16:12.944 2984578,2,197
01:16:12.946 2985188,10,15
01:16:12.947 2985236,15,2
01:16:12.948 2985237,14,181
01:16:12.949 2985237,6,1
01:16:12.950 2985238,5,15
01:16:12.952 2985239,8,0
01:16:12.953 2985239,8,1
01:16:12.954 2985285,13,182
01:16:12.956 2985291,14,182
01:16:12.957 2985337,13,183
01:16:12.958 2985343,14,183
01:16:12.960 2985428,6,15
01:16:13.026 3007209,1,198
01:16:13.026 3007212,4,83
01:16:13.026 3007213,5,1
01:16:13.026 3007259,13,184
01:16:13.026 3007265,14,184
01:16:13.026 3007265,6,1
01:16:13.026 3007266,5,8
01:16:13.026 3007308,6,8
01:16:13.026 3020676,2,199
01:16:13.026 3020678,5,2
01:16:13.026 3020724,13,185
01:16:13.026 3020730,14,185
01:16:13.026 3020730,6,2
01:16:13.026 3027578,3,84
01:16:13.026 3027580,5,4
01:16:13.026 3027623,6,4
01:16:13.026 3032209,1,200
01:16:13.026 3032211,5,1
01:16:13.026 3032257,13,186
01:16:13.026 3032263,14,186
01:16:13.026 3032263,6,1
01:16:13.026 3048096,2,201
01:16:13.026 3048097,5,2
01:16:13.026 3048143,13,187
01:16:13.026 3048149,14,187
01:16:13.026 3048149,6,2
01:16:13.026 3050632,4,84
01:16:13.026 3050633,5,8
01:16:13.031 3050675,6,8
01:16:13.031 3063983,1,202
01:16:13.031 3063985,5,1
01:16:13.031 3064031,13,188
01:16:13.100 3064036,14,188
01:16:13.100 3064037,6,1
01:16:13.100 3075453,3,85
01:16:13.100 3075454,5,4
01:16:13.100 3075496,6,4
01:16:13.100 3079866,2,203
01:16:13.100 3079867,5,2
01:16:13.100 3079913,13,189
01:16:13.100 3079918,14,189
01:16:13.100 3079919,6,2
01:16:13.100 3095750,1,204
01:16:13.100 3095751,5,1
01:16:13.100 3095797,13,190
01:16:13.100 3095802,14,190
01:16:13.100 3095803,6,1
01:16:13.100 3100272,4,85
01:16:13.100 3100273,5,8
01:16:13.100 3100315,6,8
01:16:13.100 3111633,2,205
01:16:13.100 3111634,5,2
01:16:13.100 3111680,13,191
01:16:13.100 3111686,14,191
01:16:13.100 3111686,6,2
01:16:13.103 3125085,3,86
01:16:13.103 3125087,5,4
01:16:13.103 3125129,6,4
01:16:13.104 3127514,1,206
01:16:13.105 3127515,5,1
01:16:13.107 3127561,13,192
01:16:13.107 3127566,14,192
01:16:13.109 3127566,6,1
01:16:13.110 3143395,2,207
01:16:13.182 3143396,5,2
01:16:13.182 3143442,13,193
01:16:13.182 3143448,14,193
01:16:13.182 3143448,6,2
01:16:13.182 3149902,4,86
01:16:13.182 3149903,5,8
01:16:13.182 3149945,6,8
01:16:13.182 3159278,1,208
01:16:13.182 3159279,5,1
01:16:13.182 3159325,13,194
01:16:13.182 3159330,14,194
01:16:13.182 3159331,6,1
01:16:13.182 3174703,3,87
01:16:13.182 3174704,5,4
01:16:13.182 3174746,6,4
01:16:13.182 3175146,2,209
01:16:13.182 3175147,5,2
01:16:13.182 3175193,13,195
01:16:13.182 3175199,14,195
01:16:13.182 3175199,6,2
01:16:13.182 3191019,1,210
01:16:13.182 3191020,5,1
01:16:13.182 3191066,13,196
01:16:13.182 3191071,14,196
01:16:13.182 3191072,6,1
01:16:13.182 3199505,4,87
01:16:13.182 3199507,5,8
01:16:13.182 3199548,6,8
01:16:13.182 3206895,2,211
01:16:13.182 3206896,5,2
01:16:13.182 3206942,13,197
01:16:13.182 3206947,14,197
01:16:13.248 3206948,6,2
01:16:13.248 3222768,1,212
01:16:13.248 3222769,5,1
01:16:13.248 3222815,13,198
01:16:13.248 3222820,14,198
01:16:13.248 3222821,6,1
01:16:13.248 3224309,3,88
01:16:13.248 3224311,5,4
01:16:13.248 3224353,6,4
01:16:13.248 3238648,2,213
01:16:13.248 3238649,5,2
01:16:13.248 3238695,13,199
01:16:13.248 3238701,14,199
01:16:13.248 3238701,6,2
01:16:13.248 3249124,4,88
01:16:13.248 3249126,5,8
01:16:13.248 3249167,6,8
01:16:13.248 3254527,1,214
01:16:13.248 3254529,5,1
01:16:13.248 3254574,13,200
01:16:13.248 3254580,14,200
01:16:13.248 3254580,6,1
01:16:13.248 3270400,2,215
01:16:13.248 3270402,5,2
01:16:13.248 3270447,13,201
01:16:13.248 3270453,14,201
01:16:13.248 3270453,6,2
01:16:13.248 3273927,3,89
01:16:13.248 3273928,5,4
01:16:13.248 3273970,6,4
01:16:13.248 3286282,1,216
01:16:13.248 3286284,5,1
01:16:13.256 3286329,13,202
01:16:13.256 3286335,14,202
01:16:13.256 3286335,6,1
01:16:13.258 3298749,4,89
01:16:13.258 3298750,5,8
01:16:13.260 3298792,6,8
01:16:13.261 3302172,2,217
01:16:13.262 3302173,5,2
01:16:13.263 3302219,13,203
01:16:13.264 3302225,14,203
01:16:13.266 3302225,6,2
01:16:13.266 3318053,1,218
01:16:13.332 3318054,5,1
01:16:13.332 3318100,13,204
01:16:13.332 3318105,14,204
01:16:13.332 3318106,6,1
01:16:13.332 3323567,3,90
01:16:13.332 3323568,5,4
01:16:13.332 3323610,6,4
01:16:13.332 3333933,2,219
01:16:13.332 3333934,5,2
01:16:13.332 3333980,13,205
01:16:13.332 3333985,14,205
01:16:13.332 3333986,6,2
01:16:13.332 3348369,4,90
01:16:13.332 3348371,5,8
01:16:13.332 3348413,6,8
01:16:13.332 3349803,1,220
01:16:13.332 3349805,5,1
01:16:13.332 3349850,13,206
01:16:13.332 3349856,14,206
01:16:13.332 3349856,6,1
01:16:13.332 3365681,2,221
01:16:13.332 3365682,5,2
01:16:13.332 3365728,13,207
01:16:13.332 3365734,14,207
01:16:13.332 3365734,6,2
01:16:13.332 3373175,3,91
01:16:13.332 3373177,5,4
01:16:13.332 3373219,6,4
01:16:13.336 3381561,1,222
01:16:13.336 3381563,5,1
01:16:13.336 3381611,13,208
01:16:13.337 3381616,14,208
01:16:13.339 3381616,6,1
01:16:13.340 3397452,2,223
01:16:13.341 3397453,5,2
01:16:13.342 3397499,13,209
01:16:13.409 3397505,14,209
01:16:13.409 3397505,6,2
01:16:13.409 3398002,4,91
01:16:13.409 3398003,5,8
01:16:13.409 3398045,6,8
01:16:13.409 3413344,1,224
01:16:13.409 3413345,5,1
01:16:13.409 3413390,13,210
01:16:13.409 3413396,14,210
01:16:13.409 3413396,6,1
01:16:13.409 3422835,3,92
01:16:13.409 3422837,5,4
01:16:13.409 3422878,6,4
01:16:13.409 3429237,2,225
01:16:13.409 3429238,5,2
01:16:13.409 3429284,13,211
01:16:13.409 3429290,14,211
01:16:13.409 3429290,6,2
01:16:13.409 3445129,1,226
01:16:13.409 3445130,5,1
01:16:13.409 3445175,13,212
01:16:13.409 3445181,14,212
01:16:13.409 3445181,6,1
01:16:13.409 3447664,4,92
01:16:13.409 3447665,5,8
01:16:13.409 3447707,6,8
01:16:13.409 3461021,2,227
01:16:13.409 3461022,5,2
01:16:13.409 3461068,13,213
01:16:13.415 3461073,14,213
01:16:13.415 3461074,6,2
01:16:13.415 3472494,3,93
01:16:13.493 3472496,5,4
01:16:13.493 3472538,6,4
01:16:13.493 3476908,1,228
01:16:13.493 3476909,5,1
01:16:13.493 3476955,13,214
01:16:13.493 3476961,14,214
01:16:13.560 3476961,6,1
01:16:13.560 3499649,2,229
01:16:13.560 3499651,4,93
01:16:13.560 3499652,5,2
01:16:13.561 3499698,13,215
01:16:13.561 3499703,14,215
01:16:13.561 3499704,6,2
01:16:13.561 3499704,5,8
01:16:13.561 3499746,6,8
01:16:13.567 3508698,1,230
01:16:13.626 3508700,5,1
01:16:13.626 3508745,13,216
01:16:13.626 3508751,14,216
01:16:13.626 3508751,6,1
01:16:13.626 3522153,3,94
01:16:13.626 3522155,5,4
01:16:13.626 3522197,6,4
01:16:13.626 3524582,2,231
01:16:13.626 3524583,5,2
01:16:13.626 3524629,13,217
01:16:13.626 3524634,14,217
01:16:13.626 3524635,6,2
01:16:13.626 3540470,1,232
01:16:13.626 3540471,5,1
01:16:13.626 3540517,13,218
01:16:13.626 3540523,14,218
01:16:13.627 3540523,6,1
01:16:13.627 3546976,4,94
01:16:13.627 3546977,5,8
01:16:13.627 3547019,6,8
01:16:13.627 3556352,2,233
01:16:13.627 3556353,5,2
01:16:13.633 3556399,13,219
01:16:13.635 3556405,14,219
01:16:13.636 3556405,6,2
01:16:13.637 3571788,3,95
01:16:13.638 3571789,5,4
01:16:13.639 3571831,6,4
01:16:13.641 3572231,1,234
01:16:13.642 3572232,5,1
01:16:13.642 3572278,13,220
01:16:13.644 3572283,14,220
01:16:13.710 3572284,6,1
01:16:13.710 3588114,2,235
01:16:13.710 3588116,5,2
01:16:13.710 3588161,13,221
01:16:13.710 3588167,14,221
01:16:13.710 3588167,6,2
01:16:13.710 3596608,4,95
01:16:13.710 3596610,5,8
01:16:13.710 3596652,6,8
01:16:13.710 3604005,1,236
01:16:13.710 3604007,5,1
01:16:13.710 3604052,13,222
01:16:13.710 3604058,14,222
01:16:13.710 3604058,6,1
01:16:13.710 3619892,2,237
01:16:13.710 3619893,5,2
01:16:13.710 3619939,13,223
01:16:13.710 3619944,14,223
01:16:13.710 3619945,6,2
01:16:13.710 3621433,3,96
01:16:13.710 3621435,5,4
01:16:13.710 3621477,6,4
01:16:13.710 3635778,1,238
01:16:13.710 3635780,5,1
01:16:13.710 3635825,13,224
01:16:13.710 3635831,14,224
01:16:13.710 3635831,6,1
01:16:13.710 3646262,4,96
01:16:13.710 3646263,5,8
01:16:13.710 3646305,6,8
01:16:13.710 3651673,2,239
01:16:13.710 3651675,5,2
01:16:13.769 3651720,13,225
01:16:13.769 3651726,14,225
01:16:13.769 3651726,6,2
01:16:13.769 3667567,1,240
01:16:13.769 3667569,5,1
01:16:13.769 3667614,13,226
01:16:13.769 3667620,14,226
01:16:13.769 3667620,6,1
01:16:13.769 3671096,3,97
01:16:13.769 3671098,5,4
01:16:13.769 3671140,6,4
01:16:13.769 3683464,2,241
01:16:13.769 3683465,5,2
01:16:13.769 3683511,13,227
01:16:13.769 3683517,14,227
01:16:13.769 3683517,6,2
01:16:13.769 3695931,4,97
01:16:13.769 3695933,5,8
01:16:13.769 3695975,6,8
01:16:13.769 3699352,1,242
01:16:13.769 3699354,5,1
01:16:13.769 3699400,13,228
01:16:13.769 3699406,14,228
01:16:13.769 3699406,6,1
01:16:13.769 3715240,2,243
01:16:13.769 3715242,5,2
01:16:13.769 3715287,13,229
01:16:13.769 3715293,14,229
01:16:13.769 3715293,6,2
01:16:13.769 3720750,3,98
01:16:13.769 3720751,5,4
01:16:13.776 3720794,6,4
01:16:13.843 3731115,1,244
01:16:13.843 3731116,5,1
01:16:13.843 3731162,13,230
01:16:13.843 3731168,14,230
01:16:13.843 3731168,6,1
01:16:13.843 3745559,4,98
01:16:13.843 3745561,5,8
01:16:13.843 3745602,6,8
01:16:13.843 3746996,2,245
01:16:13.843 3746998,5,2
01:16:13.843 3747043,13,231
01:16:13.843 3747049,14,231
01:16:13.843 3747049,6,2
01:16:13.843 3762884,1,246
01:16:13.843 3762886,5,1
01:16:13.843 3762931,13,232
01:16:13.843 3762937,14,232
01:16:13.843 3762937,6,1
01:16:13.843 3770386,3,99
01:16:13.843 3770387,5,4
01:16:13.843 3770429,6,4
01:16:13.843 3778772,2,247
01:16:13.843 3778773,5,2
01:16:13.843 3778819,13,233
01:16:13.843 3778825,14,233
01:16:13.843 3778825,6,2
01:16:13.843 3794665,1,248
01:16:13.843 3794666,5,1
01:16:13.843 3794712,13,234
01:16:13.843 3794717,14,234
01:16:13.843 3794718,6,1
01:16:13.843 3795215,4,99
01:16:13.899 3795216,5,8
01:16:13.899 3795258,6,8
01:16:13.899 3810565,2,249
01:16:13.899 3810567,5,2
01:16:13.899 3810612,13,235
01:16:13.899 3810618,14,235
01:16:13.899 3810618,6,2
01:16:13.899 3820058,3,100
01:16:13.899 3820059,5,4
01:16:13.899 3820102,6,4
01:16:13.899 3826466,1,250
01:16:13.899 3826468,5,1
01:16:13.899 3826513,13,236
01:16:13.899 3826519,14,236
01:16:13.899 3826519,6,1
01:16:13.899 3842364,2,251
01:16:13.968 3842366,5,2
01:16:13.968 3842411,13,237
01:16:13.968 3842417,14,237
01:16:13.968 3842417,6,2
01:16:13.968 3844902,4,100
01:16:13.968 3844903,5,8
01:16:13.968 3844946,6,8
01:16:13.968 3858266,1,252
01:16:13.968 3858267,5,1
01:16:13.968 3858313,13,238
01:16:13.968 3858318,14,238
01:16:13.968 3858319,6,1
01:16:13.968 3869747,3,101
01:16:13.968 3869749,5,4
01:16:13.968 3869791,6,4
01:16:13.968 3874168,2,253
01:16:13.968 3874169,5,2
01:16:13.968 3874215,13,239
01:16:13.968 3874221,14,239
01:16:13.968 3874221,6,2
01:16:13.968 3890070,1,254
01:16:13.968 3890072,5,1
01:16:13.968 3890117,13,240
01:16:13.968 3890123,14,240
01:16:13.968 3890123,6,1
01:16:13.968 3894597,4,101
01:16:13.968 3894598,5,8
01:16:13.968 3894640,6,8
01:16:13.968 3905963,2,255
01:16:13.968 3905964,5,2
01:16:13.968 3906010,13,241
01:16:13.968 3906349,16,3
01:16:14.042 3919432,3,102
01:16:14.042 3921862,1,0
01:16:14.042 3937763,2,1
01:16:14.042 3944274,4,102
01:16:14.042 3953656,1,2
01:16:14.042 3969102,3,103
01:16:14.042 3969545,2,3
01:16:14.042 3976685,9,16
01:16:14.042 3985443,1,4
01:16:14.042 3993940,4,103
01:16:14.042 4001338,2,5
01:16:14.042 4017223,1,6
01:16:14.042 4017667,10,16
01:16:14.042 4017711,15,3
01:16:14.042 4017711,14,241
01:16:14.042 4017712,6,2
01:16:14.042 4017713,5,15
01:16:14.042 4017714,8,0
01:16:14.042 4017714,8,1
01:16:14.042 4017760,13,242
01:16:14.042 4017766,14,242
01:16:14.042 4017812,13,243
01:16:14.042 4017818,14,243
01:16:14.042 4017902,6,15
01:16:14.042 4018802,3,104
01:16:14.042 4018804,5,4
01:16:14.042 4018818,7,0
01:16:14.042 4018842,6,4
01:16:14.042 4039728,2,7
01:16:14.042 4039730,5,2
01:16:14.042 4039776,13,244
01:16:14.042 4039782,14,244
01:16:14.108 4039782,6,2
01:16:14.108 4045029,4,104
01:16:14.108 4045030,5,8
01:16:14.108 4045045,7,0
01:16:14.108 4045069,6,8
01:16:14.108 4053109,1,8
01:16:14.108 4053110,5,1
01:16:14.108 4053156,13,245
01:16:14.108 4053162,14,245
01:16:14.108 4053162,6,1
01:16:14.108 4064893,2,9
01:16:14.108 4064894,5,2
01:16:14.108 4064940,13,246
01:16:14.108 4064945,14,246
01:16:14.108 4064946,6,2
01:16:14.108 4068421,3,105
01:16:14.108 4068422,5,4
01:16:14.108 4068464,6,4
01:16:14.108 4080779,1,10
01:16:14.108 4080781,5,1
01:16:14.108 4080826,13,247
01:16:14.108 4080832,14,247
01:16:14.108 4080832,6,1
01:16:14.108 4093245,4,105
01:16:14.108 4093246,5,8
01:16:14.108 4093263,7,0
01:16:14.108 4093288,6,8
01:16:14.108 4096668,2,11
01:16:14.108 4096669,5,2
01:16:14.108 4096715,13,248
01:16:14.108 4096720,14,248
01:16:14.108 4096721,6,2
01:16:14.177 4112544,1,12
01:16:14.177 4112546,5,1
01:16:14.177 4112591,13,249
01:16:14.177 4112597,14,249
01:16:14.177 4112597,6,1
01:16:14.177 4118057,3,106
01:16:14.177 4118058,5,4
01:16:14.177 4118100,6,4
01:16:14.177 4128427,2,13
01:16:14.177 4128428,5,2
01:16:14.177 4128474,13,250
01:16:14.177 4128480,14,250
01:16:14.177 4128480,6,2
01:16:14.177 4142868,4,106
01:16:14.177 4142869,5,8
01:16:14.177 4142887,7,0
01:16:14.177 4142911,6,8
01:16:14.177 4144303,1,14
01:16:14.177 4144304,5,1
01:16:14.177 4144349,13,251
01:16:14.177 4144355,14,251
01:16:14.177 4144355,6,1
01:16:14.177 4160183,2,15
01:16:14.177 4160185,5,2
01:16:14.177 4160230,13,252
01:16:14.177 4160236,14,252
01:16:14.177 4160236,6,2
01:16:14.177 4167680,3,107
01:16:14.177 4167682,5,4
01:16:14.177 4167724,6,4
01:16:14.177 4176062,1,16
01:16:14.177 4176064,5,1
01:16:14.181 4176109,13,253
01:16:14.182 4176115,14,253
01:16:14.184 4176115,6,1
01:16:14.185 4191935,2,17
01:16:14.185 4191937,5,2
01:16:14.186 4191982,13,254
01:16:14.188 4191988,14,254
01:16:14.189 4191988,6,2
01:16:14.191 4192485,4,107
01:16:14.193 4192486,5,8
01:16:14.199 4192528,6,8
01:16:14.199 4207814,1,18
01:16:14.199 4207815,5,1
01:16:14.199 4207861,13,255
01:16:14.199 4207866,14,255
01:16:14.200 4207866,6,1
01:16:14.260 4217290,3,108
01:16:14.260 4217292,5,4
01:16:14.260 4217334,6,4
01:16:14.260 4223689,2,19
01:16:14.260 4223690,5,2
01:16:14.260 4223736,13,0
01:16:14.260 4223742,14,0
01:16:14.260 4223742,6,2
01:16:14.260 4239572,1,20
01:16:14.260 4239574,5,1
01:16:14.260 4239619,13,1
01:16:14.260 4239625,14,1
01:16:14.260 4239625,6,1
01:16:14.260 4242107,4,108
01:16:14.260 4242108,5,8
01:16:14.260 4242151,6,8
01:16:14.260 4255449,2,21
01:16:14.260 4255451,5,2
01:16:14.260 4255496,13,2
01:16:14.260 4255502,14,2
01:16:14.260 4255502,6,2
01:16:14.260 4266917,3,109
01:16:14.260 4266918,5,4
01:16:14.260 4266960,6,4
01:16:14.260 4271330,1,22
01:16:14.260 4271331,5,1
01:16:14.260 4271377,13,3
01:16:14.260 4271383,14,3
01:16:14.260 4271383,6,1
01:16:14.260 4287210,2,23
01:16:14.268 4287212,5,2
01:16:14.268 4287257,13,4
01:16:14.335 4287263,14,4
01:16:14.335 4287263,6,2
01:16:14.335 4291729,4,109
01:16:14.335 4291731,5,8
01:16:14.335 4291772,6,8
01:16:14.335 4303091,1,24
01:16:14.335 4303092,5,1
01:16:14.335 4303138,13,5
01:16:14.335 4303144,14,5
01:16:14.335 4303144,6,1
01:16:14.335 4316546,3,110
01:16:14.335 4316548,5,4
01:16:14.335 4316589,6,4
01:16:14.335 4318975,2,25
01:16:14.335 4318976,5,2
01:16:14.335 4319022,13,6
01:16:14.335 4319027,14,6
01:16:14.335 4319028,6,2
01:16:14.335 4334856,1,26
01:16:14.335 4334858,5,1
01:16:14.335 4334903,13,7
01:16:14.335 4334909,14,7
01:16:14.335 4334909,6,1
01:16:14.335 4341360,4,110
01:16:14.335 4341362,5,8
01:16:14.335 4341403,6,8
01:16:14.335 4350733,2,27
01:16:14.335 4350734,5,2
01:16:14.335 4350780,13,8
01:16:14.335 4350786,14,8
01:16:14.335 4350786,6,2
01:16:14.335 4366168,3,111
01:16:14.393 4366169,5,4
01:16:14.393 4366187,7,0
01:16:14.393 4366211,6,4
01:16:14.393 4366611,1,28
01:16:14.393 4366612,5,1
01:16:14.393 4366658,13,9
01:16:14.393 4366663,14,9
01:16:14.393 4366664,6,1
01:16:14.393 4382504,2,29
01:16:14.393 4382505,5,2
01:16:14.393 4382551,13,10
01:16:14.393 4382556,14,10
01:16:14.393 4382557,6,2
01:16:14.393 4390996,4,111
01:16:14.393 4390997,5,8
01:16:14.393 4391039,6,8
01:16:14.393 4398387,1,30
01:16:14.393 4398388,5,1
01:16:14.393 4398433,13,11
01:16:14.393 4398439,14,11
01:16:14.393 4398439,6,1
01:16:14.393 4414267,2,31
01:16:14.393 4414268,5,2
01:16:14.393 4414314,13,12
01:16:14.393 4414320,14,12
01:16:14.393 4414320,6,2
01:16:14.393 4415809,3,112
01:16:14.393 4415810,5,4
01:16:14.393 4415852,6,4
01:16:14.393 4430143,1,32
01:16:14.393 4430144,5,1
01:16:14.393 4430190,13,13
01:16:14.468 4430195,14,13
01:16:14.468 4430196,6,1
01:16:14.468 4440615,4,112
01:16:14.468 4440616,5,8
01:16:14.468 4440658,6,8
01:16:14.468 4446020,2,33
01:16:14.468 4446021,5,2
01:16:14.468 4446067,13,14
01:16:14.468 4446072,14,14
01:16:14.468 4446073,6,2
01:16:14.468 4461904,1,34
01:16:14.468 4461905,5,1
01:16:14.468 4461950,13,15
01:16:14.468 4461956,14,15
01:16:14.468 4461956,6,1
01:16:14.468 4465431,3,113
01:16:14.468 4465432,5,4
01:16:14.468 4465474,6,4
01:16:14.468 4477779,2,35
01:16:14.468 4477780,5,2
01:16:14.468 4477826,13,16
01:16:14.468 4477831,14,16
01:16:14.468 4477832,6,2
01:16:14.468 4490229,4,113
01:16:14.468 4490231,5,8
01:16:14.468 4490273,6,8
01:16:14.468 4493647,1,36
01:16:14.468 4493649,5,1
01:16:14.468 4493694,13,17
01:16:14.468 4493700,14,17
01:16:14.468 4493700,6,1
01:16:14.468 4509524,2,37
01:16:14.468 4509526,5,2
01:16:14.468 4509571,13,18
01:16:14.468 4509577,14,18
01:16:14.468 4509577,6,2
01:16:14.468 4515035,3,114
01:16:14.468 4515037,5,4
01:16:14.468 4515079,6,4
01:16:14.468 4529649,1,38
01:16:14.468 4529651,5,1
01:16:14.468 4529696,13,19
01:16:14.476 4529702,14,19
01:16:14.476 4529702,6,1
01:16:14.477 4539847,4,114
01:16:14.479 4539848,5,8
01:16:14.480 4539890,6,8
01:16:14.481 4541283,2,39
01:16:14.660 4541284,5,2
01:16:14.660 4541330,13,20
01:16:14.660 4541336,14,20
01:16:14.660 4541336,6,2
01:16:14.660 4557152,1,40
01:16:14.660 4557153,5,1
01:16:14.660 4557199,13,21
01:16:14.660 4557204,14,21
01:16:14.660 4557205,6,1
01:16:14.660 4564646,3,115
01:16:14.660 4564648,5,4
01:16:14.660 4564690,6,4
01:16:14.660 4573032,2,41
01:16:14.660 4573033,5,2
01:16:14.660 4573079,13,22
01:16:14.660 4573085,14,22
01:16:14.660 4573085,6,2
01:16:14.660 4588924,1,42
01:16:14.660 4588926,5,1
01:16:14.660 4588971,13,23
01:16:14.660 4588977,14,23
01:16:14.660 4588977,6,1
01:16:14.660 4589474,4,115
01:16:14.660 4589476,5,8
01:16:14.660 4589518,6,8
01:16:14.660 4604805,2,43
01:16:14.660 4604806,5,2
01:16:14.660 4604852,13,24
01:16:14.660 4604857,14,24
01:16:14.660 4604858,6,2
01:16:14.660 4614286,3,116
01:16:14.668 4614287,5,4
01:16:14.734 4614329,6,4
01:16:14.734 4620681,1,44
01:16:14.734 4620683,5,1
01:16:14.734 4620728,13,25
01:16:14.734 4620734,14,25
01:16:14.734 4620734,6,1
01:16:14.734 4636570,2,45
01:16:14.734 4636571,5,2
01:16:14.734 4636616,13,26
01:16:14.734 4636622,14,26
01:16:14.734 4636622,6,2
01:16:14.734 4639105,4,116
01:16:14.734 4639106,5,8
01:16:14.734 4639148,6,8
01:16:14.734 4652454,1,46
01:16:14.734 4652456,5,1
01:16:14.734 4652501,13,27
01:16:14.734 4652507,14,27
01:16:14.734 4652507,6,1
01:16:14.734 4663929,3,117
01:16:14.734 4663930,5,4
01:16:14.734 4663972,6,4
01:16:14.734 4668345,2,47
01:16:14.734 4668346,5,2
01:16:14.734 4668392,13,28
01:16:14.734 4668397,14,28
01:16:14.734 4668398,6,2
01:16:14.734 4684242,1,48
01:16:14.734 4684243,5,1
01:16:14.734 4684289,13,29
01:16:14.734 4684294,14,29
01:16:14.734 4684295,6,1
01:16:14.734 4688768,4,117
01:16:14.739 4688769,5,8
01:16:14.739 4688811,6,8
01:16:14.739 4700138,2,49
01:16:14.739 4700139,5,2
01:16:14.740 4700185,13,30
01:16:14.742 4700190,14,30
01:16:14.747 4700191,6,2
01:16:14.747 4713599,3,118
01:16:14.747 4713601,5,4
01:16:14.747 4713643,6,4
01:16:14.747 4716029,1,50
01:16:14.747 4716030,5,1
01:16:14.751 4716076,13,31
01:16:14.752 4716082,14,31
01:16:14.752 4716082,6,1
01:16:14.818 4731921,2,51
01:16:14.818 4731922,5,2
01:16:14.818 4731968,13,32
01:16:14.818 4731973,14,32
01:16:14.818 4731974,6,2
01:16:14.818 4738429,4,118
01:16:14.818 4738431,5,8
01:16:14.818 4738473,6,8
01:16:14.818 4747813,1,52
01:16:14.818 4747814,5,1
01:16:14.818 4747860,13,33
01:16:14.818 4747866,14,33
01:16:14.818 4747866,6,1
01:16:14.818 4763266,3,119
01:16:14.818 4763267,5,4
01:16:14.818 4763310,6,4
01:16:14.818 4763709,2,53
01:16:14.818 4763711,5,2
01:16:14.818 4763756,13,34
01:16:14.818 4763762,14,34
01:16:14.818 4763762,6,2
01:16:14.818 4779600,1,54
01:16:14.818 4779602,5,1
01:16:14.818 4779647,13,35
01:16:14.818 4779653,14,35
01:16:14.818 4779653,6,1
01:16:14.818 4788098,4,119
01:16:14.818 4788099,5,8
01:16:14.818 4788141,6,8
01:16:14.818 4795496,2,55
01:16:14.818 4795497,5,2
01:16:14.818 4795543,13,36
01:16:14.876 4795549,14,36
01:16:14.876 4795549,6,2
01:16:14.876 4811384,1,56
01:16:14.876 4811386,5,1
01:16:14.876 4811431,13,37
01:16:14.876 4811437,14,37
01:16:14.876 4811437,6,1
01:16:14.876 4812929,3,120
01:16:14.876 4812931,5,4
01:16:14.876 4812973,6,4
01:16:14.876 4827278,2,57
01:16:14.876 4827279,5,2
01:16:14.876 4827325,13,38
01:16:14.876 4827330,14,38
01:16:14.876 4827331,6,2
01:16:14.876 4837754,4,120
01:16:14.876 4837755,5,8
01:16:14.876 4837797,6,8
01:16:14.876 4843160,1,58
01:16:14.876 4843162,5,1
01:16:14.876 4843207,13,39
01:16:14.876 4843213,14,39
01:16:14.876 4843213,6,1
01:16:14.876 4859047,2,59
01:16:14.876 4859049,5,2
01:16:14.876 4859094,13,40
01:16:14.876 4859100,14,40
01:16:14.876 4859100,6,2
01:16:14.876 4862577,3,121
01:16:14.876 4862578,5,4
01:16:14.876 4862620,6,4
01:16:14.876 4874935,1,60
01:16:14.943 4874937,5,1
01:16:14.943 4874982,13,41
01:16:14.943 4874988,14,41
01:16:14.943 4874988,6,1
01:16:14.943 4887406,4,121
01:16:14.943 4887408,5,8
01:16:14.943 4887450,6,8
01:16:14.943 4890830,2,61
01:16:14.943 4890831,5,2
01:16:14.943 4890877,13,42
01:16:14.943 4890882,14,42
01:16:14.943 4890883,6,2
01:16:14.943 4906718,1,62
01:16:14.943 4906719,5,1
01:16:14.943 4906765,13,43
01:16:14.943 4906770,14,43
01:16:14.943 4906771,6,1
01:16:14.943 4912234,3,122
01:16:14.943 4912235,5,4
01:16:14.943 4912277,6,4
01:16:14.943 4922609,2,63
01:16:14.943 4922610,5,2
01:16:14.943 4922656,13,44
01:16:14.943 4922661,14,44
01:16:14.943 4922662,6,2
01:16:14.943 4937113,4,122
01:16:14.943 4937114,5,8
01:16:14.943 4937157,6,8
01:16:14.943 4938502,1,64
01:16:14.943 4938504,5,1
01:16:14.943 4938549,13,45
01:16:14.943 4938887,16,4
01:16:14.943 4954402,2,65
01:16:14.943 4961905,3,123
01:16:14.943 4970299,1,66
01:16:14.951 4986206,2,67
01:16:14.951 4986756,4,123
01:16:14.951 5002097,1,68
01:16:14.951 5009224,9,17
01:16:14.951 5011581,3,124
01:16:14.951 5017978,2,69
01:16:14.951 5033859,1,70
01:16:14.959 5036396,4,124
01:16:14.959 5049753,2,71
01:16:14.959 5050199,10,17
01:16:14.959 5050248,15,4
01:16:14.959 5050249,14,45
01:16:14.959 5050249,6,1
01:16:15.017 5050251,5,15
01:16:15.017 5050251,8,0
01:16:15.017 5050251,8,1
01:16:15.017 5050297,13,46
01:16:15.017 5050303,14,46
01:16:15.017 5050349,13,47
01:16:15.017 5050355,14,47
01:16:15.017 5050415,7,0
01:16:15.017 5050440,6,15
01:16:15.017 5066008,1,72
01:16:15.017 5066010,3,125
01:16:15.017 5066011,5,1
01:16:15.017 5066057,13,48
01:16:15.017 5066063,14,48
01:16:15.017 5066063,6,1
01:16:15.017 5066064,5,4
01:16:15.017 5066079,7,0
01:16:15.017 5066103,6,4
01:16:15.021 5085589,2,73
01:16:15.021 5085591,5,2
01:16:15.022 5085638,13,49
01:16:15.023 5085644,14,49
01:16:15.024 5085644,6,2
01:16:15.026 5086052,4,125
01:16:15.026 5086054,5,8
01:16:15.026 5086069,7,0
01:16:15.026 5086093,6,8
01:16:15.026 5097416,1,74
01:16:15.026 5097417,5,1
01:16:15.026 5097463,13,50
01:16:15.026 5097469,14,50
01:16:15.026 5097469,6,1
01:16:15.109 5110871,3,126
01:16:15.109 5110872,5,4
01:16:15.109 5110887,7,0
01:16:15.109 5110911,6,4
01:16:15.109 5113300,2,75
01:16:15.109 5113301,5,2
01:16:15.109 5113347,13,51
01:16:15.109 5113353,14,51
01:16:15.109 5113353,6,2
01:16:15.109 5129192,1,76
01:16:15.109 5129193,5,1
01:16:15.109 5129239,13,52
01:16:15.109 5129245,14,52
01:16:15.109 5129245,6,1
01:16:15.109 5135699,4,126
01:16:15.109 5135701,5,8
01:16:15.109 5135742,6,8
01:16:15.109 5145075,2,77
01:16:15.109 5145077,5,2
01:16:15.109 5145122,13,53
01:16:15.109 5145128,14,53
01:16:15.109 5145128,6,2
01:16:15.109 5160520,3,127
01:16:15.109 5160521,5,4
01:16:15.109 5160538,7,0
01:16:15.109 5160562,6,4
01:16:15.109 5160963,1,78
01:16:15.109 5160964,5,1
01:16:15.109 5161010,13,54
01:16:15.109 5161015,14,54
01:16:15.109 5161016,6,1
01:16:15.109 5176843,2,79
01:16:15.109 5176844,5,2
01:16:15.109 5176889,13,55
01:16:15.113 5176895,14,55
01:16:15.113 5176896,6,2
01:16:15.113 5185334,4,127
01:16:15.114 5185336,5,8
01:16:15.115 5185378,6,8
01:16:15.116 5192730,1,80
01:16:15.118 5192732,5,1
01:16:15.119 5192778,13,56
01:16:15.120 5192783,14,56
01:16:15.121 5192784,6,1
01:16:15.123 5208624,2,81
01:16:15.124 5208625,5,2
01:16:15.126 5208671,13,57
01:16:15.126 5208676,14,57
01:16:15.193 5208677,6,2
01:16:15.193 5210167,3,128
01:16:15.193 5210168,5,4
01:16:15.193 5210210,6,4
01:16:15.193 5224512,1,82
01:16:15.193 5224513,5,1
01:16:15.193 5224559,13,58
01:16:15.193 5224564,14,58
01:16:15.193 5224565,6,1
01:16:15.193 5234995,4,128
01:16:15.193 5234997,5,8
01:16:15.193 5235039,6,8
01:16:15.193 5240406,2,83
01:16:15.193 5240407,5,2
01:16:15.193 5240453,13,59
01:16:15.193 5240459,14,59
01:16:15.193 5240459,6,2
01:16:15.193 5256310,1,84
01:16:15.193 5256311,5,1
01:16:15.193 5256357,13,60
01:16:15.193 5256363,14,60
01:16:15.193 5256363,6,1
01:16:15.193 5259843,3,129
01:16:15.193 5259845,5,4
01:16:15.193 5259887,6,4
01:16:15.193 5272209,2,85
01:16:15.193 5272210,5,2
01:16:15.193 5272256,13,61
01:16:15.193 5272261,14,61
01:16:15.193 5272262,6,2
01:16:15.193 5284671,4,129
01:16:15.193 5284672,5,8
01:16:15.251 5284714,6,8
01:16:15.251 5288092,1,86
01:16:15.251 5288094,5,1
01:16:15.251 5288139,13,62
01:16:15.251 5288145,14,62
01:16:15.251 5288145,6,1
01:16:15.251 5303980,2,87
01:16:15.251 5303981,5,2
01:16:15.251 5304027,13,63
01:16:15.251 5304033,14,63
01:16:15.251 5304033,6,2
01:16:15.251 5309496,3,130
01:16:15.251 5309498,5,4
01:16:15.251 5309540,6,4
01:16:15.251 5319873,1,88
01:16:15.251 5319874,5,1
01:16:15.251 5319920,13,64
01:16:15.251 5319925,14,64
01:16:15.251 5319925,6,1
01:16:15.251 5334324,4,130
01:16:15.251 5334325,5,8
01:16:15.251 5334367,6,8
01:16:15.251 5335760,2,89
01:16:15.251 5335761,5,2
01:16:15.251 5335807,13,65
01:16:15.251 5335813,14,65
01:16:15.251 5335813,6,2
01:16:15.251 5351649,1,90
01:16:15.251 5351650,5,1
01:16:15.251 5351695,13,66
01:16:15.251 5351701,14,66
01:16:15.251 5351701,6,1
01:16:15.319 5359148,3,131
01:16:15.319 5359150,5,4
01:16:15.319 5359192,6,4
01:16:15.319 5367531,2,91
01:16:15.319 5367532,5,2
01:16:15.319 5367578,13,67
01:16:15.319 5367583,14,67
01:16:15.319 5367584,6,2
01:16:15.319 5383414,1,92
01:16:15.319 5383415,5,1
01:16:15.319 5383461,13,68
01:16:15.319 5383467,14,68
01:16:15.319 5383467,6,1
01:16:15.319 5383963,4,131
01:16:15.319 5383965,5,8
01:16:15.319 5384007,6,8
01:16:15.319 5399300,2,93
01:16:15.319 5399301,5,2
01:16:15.319 5399347,13,69
01:16:15.319 5399352,14,69
01:16:15.319 5399353,6,2
01:16:15.319 5408777,3,132
01:16:15.319 5408779,5,4
01:16:15.319 5408821,6,4
01:16:15.319 5415173,1,94
01:16:15.319 5415174,5,1
01:16:15.319 5415220,13,70
01:16:15.319 5415226,14,70
01:16:15.319 5415226,6,1
01:16:15.319 5431057,2,95
01:16:15.319 5431059,5,2
01:16:15.319 5431104,13,71
01:16:15.323 5431110,14,71
01:16:15.323 5431110,6,2
01:16:15.323 5433593,4,132
01:16:15.324 5433595,5,8
01:16:15.324 5433637,6,8
01:16:15.326 5446938,1,96
01:16:15.326 5446939,5,1
01:16:15.326 5446985,13,72
01:16:15.326 5446991,14,72
01:16:15.326 5446991,6,1
01:16:15.326 5458404,3,133
01:16:15.326 5458405,5,4
01:16:15.334 5458447,6,4
01:16:15.335 5462817,2,97
01:16:15.336 5462818,5,2
01:16:15.337 5462864,13,73
01:16:15.393 5462870,14,73
01:16:15.393 5462870,6,2
01:16:15.393 5478702,1,98
01:16:15.393 5478703,5,1
01:16:15.393 5478749,13,74
01:16:15.393 5478755,14,74
01:16:15.393 5478755,6,1
01:16:15.393 5483225,4,133
01:16:15.393 5483226,5,8
01:16:15.393 5483268,6,8
01:16:15.393 5494596,2,99
01:16:15.393 5494597,5,2
01:16:15.393 5494643,13,75
01:16:15.393 5494648,14,75
01:16:15.393 5494649,6,2
01:16:15.393 5508064,3,134
01:16:15.393 5508065,5,4
01:16:15.393 5508107,6,4
01:16:15.393 5510494,1,100
01:16:15.393 5510495,5,1
01:16:15.393 5510541,13,76
01:16:15.393 5510546,14,76
01:16:15.393 5510547,6,1
01:16:15.393 5526378,2,101
01:16:15.393 5526379,5,2
01:16:15.393 5526425,13,77
01:16:15.393 5526430,14,77
01:16:15.397 5526431,6,2
01:16:15.397 5532882,4,134
01:16:15.397 5532884,5,8
01:16:15.397 5532926,6,8
01:16:15.398 5542262,1,102
01:16:15.459 5542263,5,1
01:16:15.459 5542309,13,78
01:16:15.459 5542314,14,78
01:16:15.459 5542315,6,1
01:16:15.459 5560086,2,103
01:16:15.459 5560088,3,135
01:16:15.459 5560089,5,2
01:16:15.459 5560135,13,79
01:16:15.459 5560141,14,79
01:16:15.459 5560141,6,2
01:16:15.459 5560142,5,4
01:16:15.459 5560184,6,4
01:16:15.459 5574049,1,104
01:16:15.459 5574051,5,1
01:16:15.459 5574097,13,80
01:16:15.459 5574102,14,80
01:16:15.459 5574103,6,1
01:16:15.459 5582548,4,135
01:16:15.459 5582550,5,8
01:16:15.459 5582592,6,8
01:16:15.459 5589948,2,105
01:16:15.459 5589949,5,2
01:16:15.459 5589995,13,81
01:16:15.459 5590001,14,81
01:16:15.459 5590001,6,2
01:16:15.459 5605842,1,106
01:16:15.459 5605844,5,1
01:16:15.459 5605889,13,82
01:16:15.459 5605895,14,82
01:16:15.459 5605895,6,1
01:16:15.459 5607385,3,136
01:16:15.459 5607387,5,4
01:16:15.518 5607429,6,4
01:16:15.518 5621729,2,107
01:16:15.518 5621730,5,2
01:16:15.518 5621776,13,83
01:16:15.518 5621782,14,83
01:16:15.518 5621782,6,2
01:16:15.518 5632209,4,136
01:16:15.518 5632210,5,8
01:16:15.518 5632252,6,8
01:16:15.518 5637619,1,108
01:16:15.518 5637620,5,1
01:16:15.518 5637666,13,84
01:16:15.518 5637671,14,84
01:16:15.518 5637671,6,1
01:16:15.518 5653514,2,109
01:16:15.518 5653516,5,2
01:16:15.518 5653561,13,85
01:16:15.518 5653567,14,85
01:16:15.518 5653567,6,2
01:16:15.518 5657044,3,137
01:16:15.518 5657046,5,4
01:16:15.518 5657087,6,4
01:16:15.518 5669405,1,110
01:16:15.518 5669406,5,1
01:16:15.518 5669451,13,86
01:16:15.518 5669457,14,86
01:16:15.518 5669457,6,1
01:16:15.518 5681872,4,137
01:16:15.518 5681873,5,8
01:16:15.518 5681915,6,8
01:16:15.518 5685292,2,111
01:16:15.522 5685293,5,2
01:16:15.650 5685339,13,87
01:16:15.650 5685345,14,87
01:16:15.650 5685345,6,2
01:16:15.650 5701191,1,112
01:16:15.650 5701192,5,1
01:16:15.650 5701238,13,88
01:16:15.650 5701244,14,88
01:16:15.650 5701244,6,1
01:16:15.650 5706705,3,138
01:16:15.650 5706706,5,4
01:16:15.650 5706748,6,4
01:16:15.650 5717078,2,113
01:16:15.650 5717080,5,2
01:16:15.650 5717125,13,89
01:16:15.651 5717131,14,89
01:16:15.651 5717132,6,2
01:16:15.710 5731536,4,138
01:16:15.710 5731537,5,8
01:16:15.710 5731579,6,8
01:16:15.710 5732973,1,114
01:16:15.710 5732974,5,1
01:16:15.710 5733020,13,90
01:16:15.710 5733026,14,90
01:16:15.710 5733026,6,1
01:16:15.710 5748861,2,115
01:16:15.710 5748863,5,2
01:16:15.710 5748908,13,91
01:16:15.710 5748914,14,91
01:16:15.710 5748914,6,2
01:16:15.710 5756362,3,139
01:16:15.710 5756363,5,4
01:16:15.710 5756405,6,4
01:16:15.710 5764748,1,116
01:16:15.710 5764749,5,1
01:16:15.710 5764795,13,92
01:16:15.710 5764801,14,92
01:16:15.710 5764801,6,1
01:16:15.710 5780637,2,117
01:16:15.710 5780639,5,2
01:16:15.714 5780684,13,93
01:16:15.714 5780690,14,93
01:16:15.714 5780690,6,2
01:16:15.715 5781188,4,139
01:16:15.716 5781189,5,8
01:16:15.718 5781231,6,8
01:16:15.719 5796532,1,118
01:16:15.720 5796534,5,1
01:16:15.721 5796579,13,94
01:16:15.785 5796585,14,94
01:16:15.785 5796585,6,1
01:16:15.785 5806017,3,140
01:16:15.785 5806019,5,4
01:16:15.785 5806061,6,4
01:16:15.785 5812421,2,119
01:16:15.785 5812422,5,2
01:16:15.785 5812468,13,95
01:16:15.785 5812473,14,95
01:16:15.785 5812474,6,2
01:16:15.785 5828315,1,120
01:16:15.785 5828316,5,1
01:16:15.785 5828362,13,96
01:16:15.785 5828367,14,96
01:16:15.785 5828368,6,1
01:16:15.785 5830853,4,140
01:16:15.785 5830855,5,8
01:16:15.785 5830897,6,8
01:16:15.785 5844211,2,121
01:16:15.785 5844212,5,2
01:16:15.785 5844258,13,97
01:16:15.785 5844264,14,97
01:16:15.785 5844264,6,2
01:16:15.785 5855689,3,141
01:16:15.785 5855690,5,4
01:16:15.785 5855732,6,4
01:16:15.785 5860105,1,122
01:16:15.785 5860106,5,1
01:16:15.785 5860152,13,98
01:16:15.785 5860158,14,98
01:16:15.785 5860158,6,1
01:16:15.785 5875997,2,123
01:16:15.851 5875999,5,2
01:16:15.851 5876044,13,99
01:16:15.851 5876050,14,99
01:16:15.851 5876050,6,2
01:16:15.851 5880521,4,141
01:16:15.851 5880522,5,8
01:16:15.851 5880564,6,8
01:16:15.851 5891893,1,124
01:16:15.851 5891894,5,1
01:16:15.851 5891940,13,100
01:16:15.851 5891946,14,100
01:16:15.851 5891946,6,1
01:16:15.851 5905360,3,142
01:16:15.851 5905362,5,4
01:16:15.851 5905403,6,4
01:16:15.851 5907791,2,125
01:16:15.851 5907792,5,2
01:16:15.851 5907838,13,101
01:16:15.851 5907843,14,101
01:16:15.851 5907844,6,2
01:16:15.851 5923695,1,126
01:16:15.851 5923697,5,1
01:16:15.851 5923742,13,102
01:16:15.851 5923748,14,102
01:16:15.851 5923748,6,1
01:16:15.851 5930208,4,142
01:16:15.851 5930209,5,8
01:16:15.851 5930251,6,8
01:16:15.851 5939591,2,127
01:16:15.851 5939593,5,2
01:16:15.851 5939639,13,103
01:16:15.851 5939645,14,103
01:16:15.909 5939645,6,2
01:16:15.909 5955031,3,143
01:16:15.909 5955033,5,4
01:16:15.909 5955075,6,4
01:16:15.909 5955474,1,128
01:16:15.909 5955475,5,1
01:16:15.909 5955521,13,104
01:16:15.909 5955527,14,104
01:16:15.909 5955527,6,1
01:16:15.909 5971364,2,129
01:16:15.909 5971366,5,2
01:16:15.909 5971411,13,105
01:16:15.909 5971752,16,5
01:16:15.909 5979860,4,143
01:16:15.909 5987256,1,130
01:16:15.909 6003146,2,131
01:16:15.909 6004688,3,144
01:16:15.909 6019037,1,132
01:16:15.909 6029526,4,144
01:16:15.909 6034938,2,133
01:16:15.909 6042091,9,18
01:16:15.909 6050834,1,134
01:16:15.909 6054360,3,145
01:16:15.909 6066716,2,135
01:16:15.909 6079182,4,145
01:16:15.909 6082605,1,136
01:16:15.909 6083044,10,18
01:16:15.909 6083094,15,5
01:16:15.919 6083095,14,105
01:16:15.919 6083095,6,2
01:16:15.922 6083097,5,15
01:16:15.923 6083097,8,0
01:16:15.989 6083097,8,1
01:16:15.989 6083144,13,106
01:16:15.989 6083149,14,106
01:16:15.989 6083195,13,107
01:16:15.989 6083201,14,107
01:16:15.989 6083285,6,15
01:16:15.989 6099114,2,137
01:16:15.989 6099116,5,2
01:16:15.989 6099162,13,108
01:16:15.989 6099168,14,108
01:16:15.989 6099169,6,2
01:16:15.989 6104415,3,146
01:16:15.989 6104417,5,4
01:16:15.989 6104459,6,4
01:16:15.989 6114373,1,138
01:16:15.989 6114376,5,1
01:16:15.989 6114421,13,109
01:16:15.989 6114427,14,109
01:16:15.989 6114428,6,1
01:16:15.989 6128818,4,146
01:16:15.993 6128820,5,8
01:16:15.993 6128837,7,0
01:16:15.993 6128861,6,8
01:16:15.993 6130253,2,139
01:16:15.995 6130254,5,2
01:16:15.996 6130300,13,110
01:16:15.997 6130306,14,110
01:16:15.999 6130306,6,2
01:16:16.000 6146126,1,140
01:16:16.001 6146127,5,1
01:16:16.002 6146173,13,111
01:16:16.003 6146178,14,111
01:16:16.068 6146179,6,1
01:16:16.068 6153622,3,147
01:16:16.068 6153624,5,4
01:16:16.068 6153666,6,4
01:16:16.068 6162002,2,141
01:16:16.068 6162003,5,2
01:16:16.068 6162049,13,112
01:16:16.068 6162054,14,112
01:16:16.068 6162055,6,2
01:16:16.068 6177876,1,142
01:16:16.068 6177877,5,1
01:16:16.068 6177923,13,113
01:16:16.068 6177929,14,113
01:16:16.068 6177929,6,1
01:16:16.068 6178425,4,147
01:16:16.068 6178427,5,8
01:16:16.068 6178468,6,8
01:16:16.068 6193763,2,143
01:16:16.068 6193764,5,2
01:16:16.068 6193810,13,114
01:16:16.072 6193815,14,114
01:16:16.072 6193816,6,2
01:16:16.072 6203245,3,148
01:16:16.074 6203247,5,4
01:16:16.076 6203288,6,4
01:16:16.077 6209641,1,144
01:16:16.078 6209643,5,1
01:16:16.078 6209688,13,115
01:16:16.080 6209694,14,115
01:16:16.081 6209694,6,1
01:16:16.083 6225514,2,145
01:16:16.084 6225515,5,2
01:16:16.149 6225561,13,116
01:16:16.149 6225566,14,116
01:16:16.149 6225567,6,2
01:16:16.149 6228046,4,148
01:16:16.149 6228047,5,8
01:16:16.149 6228089,6,8
01:16:16.149 6241392,1,146
01:16:16.149 6241393,5,1
01:16:16.149 6241439,13,117
01:16:16.149 6241445,14,117
01:16:16.149 6241445,6,1
01:16:16.149 6252861,3,149
01:16:16.149 6252862,5,4
01:16:16.149 6252904,6,4
01:16:16.149 6257276,2,147
01:16:16.149 6257277,5,2
01:16:16.149 6257323,13,118
01:16:16.149 6257329,14,118
01:16:16.149 6257329,6,2
01:16:16.149 6273155,1,148
01:16:16.153 6273156,5,1
01:16:16.153 6273202,13,119
01:16:16.154 6273207,14,119
01:16:16.155 6273208,6,1
01:16:16.156 6277677,4,149
01:16:16.157 6277678,5,8
01:16:16.158 6277720,6,8
01:16:16.160 6289042,2,149
01:16:16.160 6289044,5,2
01:16:16.163 6289089,13,120
01:16:16.163 6289095,14,120
01:16:16.165 6289095,6,2
01:16:16.234 6302507,3,150
01:16:16.234 6302508,5,4
01:16:16.234 6302550,6,4
01:16:16.234 6304936,1,150
01:16:16.234 6304938,5,1
01:16:16.234 6304983,13,121
01:16:16.234 6304989,14,121
01:16:16.234 6304989,6,1
01:16:16.234 6320820,2,151
01:16:16.234 6320821,5,2
01:16:16.234 6320867,13,122
01:16:16.234 6320872,14,122
01:16:16.234 6320873,6,2
01:16:16.234 6327325,4,150
01:16:16.234 6327326,5,8
01:16:16.234 6327368,6,8
01:16:16.234 6336700,1,152
01:16:16.234 6336702,5,1
01:16:16.234 6336747,13,123
01:16:16.234 6336753,14,123
01:16:16.234 6336753,6,1
01:16:16.234 6352136,3,151
01:16:16.234 6352137,5,4
01:16:16.236 6352155,7,0
01:16:16.236 6352179,6,4
01:16:16.237 6352579,2,153
01:16:16.238 6352580,5,2
01:16:16.240 6352626,13,124
01:16:16.241 6352632,14,124
01:16:16.243 6352632,6,2
01:16:16.243 6368459,1,154
01:16:16.245 6368460,5,1
01:16:16.309 6368506,13,125
01:16:16.309 6368512,14,125
01:16:16.309 6368512,6,1
01:16:16.309 6376949,4,151
01:16:16.309 6376951,5,8
01:16:16.309 6376993,6,8
01:16:16.309 6384343,2,155
01:16:16.309 6384344,5,2
01:16:16.309 6384390,13,126
01:16:16.309 6384395,14,126
01:16:16.309 6384396,6,2
01:16:16.309 6400223,1,156
01:16:16.309 6400225,5,1
01:16:16.309 6400270,13,127
01:16:16.309 6400276,14,127
01:16:16.309 6400276,6,1
01:16:16.309 6401766,3,152
01:16:16.309 6401767,5,4
01:16:16.309 6401809,6,4
01:16:16.309 6416096,2,157
01:16:16.309 6416097,5,2
01:16:16.309 6416142,13,128
01:16:16.309 6416148,14,128
01:16:16.309 6416149,6,2
01:16:16.309 6426571,4,152
01:16:16.319 6426572,5,8
01:16:16.319 6426615,6,8
01:16:16.321 6431977,1,158
01:16:16.322 6431979,5,1
01:16:16.323 6432024,13,129
01:16:16.325 6432030,14,129
01:16:16.326 6432030,6,1
01:16:16.385 6447864,2,159
01:16:16.385 6447866,5,2
01:16:16.385 6447911,13,130
01:16:16.385 6447917,14,130
01:16:16.385 6447917,6,2
01:16:16.385 6451391,3,153
01:16:16.385 6451392,5,4
01:16:16.385 6451434,6,4
01:16:16.385 6463741,1,160
01:16:16.385 6463742,5,1
01:16:16.385 6463788,13,131
01:16:16.385 6463793,14,131
01:16:16.385 6463794,6,1
01:16:16.385 6476210,4,153
01:16:16.385 6476211,5,8
01:16:16.385 6476253,6,8
01:16:16.385 6479633,2,161
01:16:16.385 6479634,5,2
01:16:16.385 6479680,13,132
01:16:16.390 6479686,14,132
01:16:16.393 6479687,6,2
01:16:16.394 6495518,1,162
01:16:16.395 6495520,5,1
01:16:16.395 6495565,13,133
01:16:16.397 6495571,14,133
01:16:16.398 6495571,6,1
01:16:16.400 6501033,3,154
01:16:16.401 6501034,5,4
01:16:16.402 6501076,6,4
01:16:16.404 6511405,2,163
01:16:16.405 6511407,5,2
01:16:16.406 6511452,13,134
01:16:16.476 6511458,14,134
01:16:16.476 6511458,6,2
01:16:16.476 6525845,4,154
01:16:16.476 6525846,5,8
01:16:16.476 6525888,6,8
01:16:16.476 6527280,1,164
01:16:16.476 6527282,5,1
01:16:16.476 6527327,13,135
01:16:16.476 6527333,14,135
01:16:16.476 6527333,6,1
01:16:16.476 6543163,2,165
01:16:16.476 6543165,5,2
01:16:16.476 6543210,13,136
01:16:16.476 6543216,14,136
01:16:16.476 6543216,6,2
01:16:16.476 6550656,3,155
01:16:16.476 6550657,5,4
01:16:16.476 6550699,6,4
01:16:16.476 6559043,1,166
01:16:16.476 6559045,5,1
01:16:16.476 6559090,13,137
01:16:16.476 6559096,14,137
01:16:16.476 6559096,6,1
01:16:16.476 6574931,2,167
01:16:16.479 6574932,5,2
01:16:16.479 6574978,13,138
01:16:16.480 6574983,14,138
01:16:16.481 6574984,6,2
01:16:16.483 6575480,4,155
01:16:16.485 6575482,5,8
01:16:16.485 6575523,6,8
01:16:16.485 6590806,1,168
01:16:16.551 6590807,5,1
01:16:16.551 6590853,13,139
01:16:16.551 6590858,14,139
01:16:16.551 6590859,6,1
01:16:16.551 6600296,3,156
01:16:16.551 6600297,5,4
01:16:16.551 6600340,6,4
01:16:16.551 6606696,2,169
01:16:16.551 6606697,5,2
01:16:16.551 6606743,13,140
01:16:16.551 6606749,14,140
01:16:16.551 6606749,6,2
01:16:16.551 6622573,1,170
01:16:16.551 6622574,5,1
01:16:16.551 6622620,13,141
01:16:16.551 6622626,14,141
01:16:16.551 6622626,6,1
01:16:16.551 6625108,4,156
01:16:16.551 6625109,5,8
01:16:16.551 6625151,6,8
01:16:16.551 6638452,2,171
01:16:16.551 6638454,5,2
01:16:16.551 6638499,13,142
01:16:16.551 6638505,14,142
01:16:16.559 6638505,6,2
01:16:16.559 6649919,3,157
01:16:16.559 6649921,5,4
01:16:16.678 6649963,6,4
01:16:16.678 6654334,1,172
01:16:16.679 6654335,5,1
01:16:16.680 6654381,13,143
01:16:16.682 6654387,14,143
01:16:16.743 6654387,6,1
01:16:16.743 6670218,2,173
01:16:16.743 6670219,5,2
01:16:16.743 6670264,13,144
01:16:16.743 6670270,14,144
01:16:16.743 6670270,6,2
01:16:16.743 6674739,4,157
01:16:16.743 6674740,5,8
01:16:16.743 6674782,6,8
01:16:16.743 6686104,1,174
01:16:16.743 6686105,5,1
01:16:16.743 6686151,13,145
01:16:16.743 6686156,14,145
01:16:16.743 6686157,6,1
01:16:16.743 6699559,3,158
01:16:16.743 6699561,5,4
01:16:16.743 6699603,6,4
01:16:16.743 6701987,2,175
01:16:16.743 6701989,5,2
01:16:16.743 6702034,13,146
01:16:16.748 6702040,14,146
01:16:16.748 6702040,6,2
01:16:16.748 6717874,1,176
01:16:16.749 6717876,5,1
01:16:16.750 6717921,13,147
01:16:16.751 6717927,14,147
01:16:16.753 6717927,6,1
01:16:16.753 6724379,4,158
01:16:16.755 6724381,5,8
01:16:16.756 6724423,6,8
01:16:16.758 6733751,2,177
01:16:16.759 6733752,5,2
01:16:16.815 6733798,13,148
01:16:16.815 6733804,14,148
01:16:16.815 6733804,6,2
01:16:16.815 6749187,3,159
01:16:16.815 6749189,5,4
01:16:16.815 6749231,6,4
01:16:16.815 6749631,1,178
01:16:16.815 6749632,5,1
01:16:16.815 6749678,13,149
01:16:16.815 6749683,14,149
01:16:16.815 6749684,6,1
01:16:16.815 6765521,2,179
01:16:16.815 6765522,5,2
01:16:16.815 6765568,13,150
01:16:16.815 6765573,14,150
01:16:16.815 6765574,6,2
01:16:16.876 6774012,4,159
01:16:16.876 6774013,5,8
01:16:16.876 6774055,6,8
01:16:16.876 6781404,1,180
01:16:16.876 6781405,5,1
01:16:16.876 6781451,13,151
01:16:16.876 6781457,14,151
01:16:16.876 6781457,6,1
01:16:16.876 6797285,2,181
01:16:16.876 6797287,5,2
01:16:16.876 6797332,13,152
01:16:16.876 6797338,14,152
01:16:16.876 6797338,6,2
01:16:16.876 6798826,3,160
01:16:16.876 6798828,5,4
01:16:16.876 6798870,6,4
01:16:16.876 6813175,1,182
01:16:16.876 6813176,5,1
01:16:16.876 6813222,13,153
01:16:16.876 6813227,14,153
01:16:16.876 6813228,6,1
01:16:16.876 6823655,4,160
01:16:16.876 6823656,5,8
01:16:16.876 6823698,6,8
01:16:16.876 6829063,2,183
01:16:16.876 6829064,5,2
01:16:16.876 6829110,13,154
01:16:16.876 6829115,14,154
01:16:16.876 6829116,6,2
01:16:16.881 6844948,1,184
01:16:16.881 6844949,5,1
01:16:16.881 6844995,13,155
01:16:16.941 6845001,14,155
01:16:16.941 6845001,6,1
01:16:16.941 6848478,3,161
01:16:16.941 6848479,5,4
01:16:16.941 6848522,6,4
01:16:16.941 6860841,2,185
01:16:16.941 6860843,5,2
01:16:16.941 6860888,13,156
01:16:16.941 6860894,14,156
01:16:16.941 6860894,6,2
01:16:16.941 6873309,4,161
01:16:16.941 6873310,5,8
01:16:16.941 6873352,6,8
01:16:16.941 6876730,1,186
01:16:16.941 6876731,5,1
01:16:16.941 6876777,13,157
01:16:16.941 6876782,14,157
01:16:16.943 6876783,6,1
01:16:16.943 6892619,2,187
01:16:16.943 6892620,5,2
01:16:16.943 6892666,13,158
01:16:16.943 6892672,14,158
01:16:16.943 6892672,6,2
01:16:16.951 6898133,3,162
01:16:16.951 6898135,5,4
01:16:16.951 6898177,6,4
01:16:16.951 6908507,1,188
01:16:16.951 6908509,5,1
01:16:16.951 6908554,13,159
01:16:16.951 6908560,14,159
01:16:16.959 6908560,6,1
01:16:16.959 6922957,4,162
01:16:17.019 6922958,5,8
01:16:17.019 6923000,6,8
01:16:17.019 6924393,2,189
01:16:17.019 6924394,5,2
01:16:17.019 6924440,13,160
01:16:17.019 6924445,14,160
01:16:17.019 6924446,6,2
01:16:17.019 6940277,1,190
01:16:17.019 6940279,5,1
01:16:17.019 6940324,13,161
01:16:17.019 6940330,14,161
01:16:17.019 6940331,6,1
01:16:17.019 6947775,3,163
01:16:17.019 6947777,5,4
01:16:17.019 6947819,6,4
01:16:17.019 6956162,2,191
01:16:17.022 6956163,5,2
01:16:17.023 6956209,13,162
01:16:17.024 6956214,14,162
01:16:17.026 6956215,6,2
01:16:17.026 6972037,1,192
01:16:17.026 6972038,5,1
01:16:17.026 6972084,13,163
01:16:17.026 6972090,14,163
01:16:17.026 6972090,6,1
01:16:17.034 6972587,4,163
01:16:17.034 6972588,5,8
01:16:17.036 6972630,6,8
01:16:17.036 6987925,2,193
01:16:17.038 6987926,5,2
01:16:17.039 6987972,13,164
01:16:17.040 6987978,14,164
01:16:17.109 6987979,6,2
01:16:17.109 6997411,3,164
01:16:17.109 6997412,5,4
01:16:17.109 6997454,6,4
01:16:17.109 7003812,1,194
01:16:17.109 7003814,5,1
01:16:17.109 7003859,13,165
01:16:17.109 7004197,16,6
01:16:17.109 7019696,2,195
01:16:17.109 7022230,4,164
01:16:17.109 7035581,1,196
01:16:17.109 7047059,3,165
01:16:17.109 7051475,2,197
01:16:17.109 7067359,1,198
01:16:17.109 7071879,4,165
01:16:17.109 7074524,9,19
01:16:17.109 7083247,2,199
01:16:17.109 7096713,3,166
01:16:17.109 7099143,1,200
01:16:17.109 7115038,2,201
01:16:17.109 7115503,10,19
01:16:17.110 7115553,15,6
01:16:17.110 7115553,14,165
01:16:17.110 7115554,6,1
01:16:17.110 7115555,5,15
01:16:17.113 7115555,8,0
01:16:17.113 7115556,8,1
01:16:17.113 7115602,13,166
01:16:17.117 7115608,14,166
01:16:17.120 7115654,13,167
01:16:17.121 7115660,14,167
01:16:17.122 7115744,6,15
01:16:17.176 7123362,4,166
01:16:17.176 7123364,5,8
01:16:17.176 7123376,7,0
01:16:17.176 7123400,6,8
01:16:17.176 7131616,1,202
01:16:17.176 7131618,5,1
01:16:17.176 7131664,13,168
01:16:17.176 7131669,14,168
01:16:17.176 7131670,6,1
01:16:17.176 7146373,3,167
01:16:17.176 7146375,5,4
01:16:17.176 7146391,7,0
01:16:17.176 7146415,6,4
01:16:17.176 7146817,2,203
01:16:17.176 7146818,5,2
01:16:17.176 7146864,13,169
01:16:17.176 7146870,14,169
01:16:17.176 7146870,6,2
01:16:17.176 7162701,1,204
01:16:17.179 7162703,5,1
01:16:17.179 7162749,13,170
01:16:17.179 7162755,14,170
01:16:17.181 7162756,6,1
01:16:17.182 7171195,4,167
01:16:17.183 7171197,5,8
01:16:17.185 7171239,6,8
01:16:17.185 7178591,2,205
01:16:17.185 7178592,5,2
01:16:17.185 7178638,13,171
01:16:17.185 7178644,14,171
01:16:17.190 7178644,6,2
01:16:17.192 7194472,1,206
01:16:17.252 7194473,5,1
01:16:17.252 7194519,13,172
01:16:17.252 7194524,14,172
01:16:17.252 7194525,6,1
01:16:17.252 7196014,3,168
01:16:17.252 7196015,5,4
01:16:17.252 7196057,6,4
01:16:17.252 7210344,2,207
01:16:17.252 7210345,5,2
01:16:17.252 7210391,13,173
01:16:17.252 7210397,14,173
01:16:17.252 7210397,6,2
01:16:17.252 7220820,4,168
01:16:17.252 7220821,5,8
01:16:17.252 7220863,6,8
01:16:17.252 7226226,1,208
01:16:17.255 7226227,5,1
01:16:17.255 7226273,13,174
01:16:17.255 7226278,14,174
01:16:17.257 7226279,6,1
01:16:17.259 7242106,2,209
01:16:17.260 7242107,5,2
01:16:17.261 7242153,13,175
01:16:17.262 7242158,14,175
01:16:17.264 7242159,6,2
01:16:17.265 7245630,3,169
01:16:17.266 7245632,5,4
01:16:17.267 7245674,6,4
01:16:17.268 7257984,1,210
01:16:17.269 7257986,5,1
01:16:17.271 7258031,13,176
01:16:17.273 7258037,14,176
01:16:17.342 7258037,6,1
01:16:17.342 7270448,4,169
01:16:17.342 7270449,5,8
01:16:17.342 7270491,6,8
01:16:17.342 7273868,2,211
01:16:17.342 7273869,5,2
01:16:17.342 7273914,13,177
01:16:17.342 7273920,14,177
01:16:17.342 7273921,6,2
01:16:17.342 7289745,1,212
01:16:17.342 7289746,5,1
01:16:17.342 7289792,13,178
01:16:17.342 7289797,14,178
01:16:17.342 7289798,6,1
01:16:17.342 7295255,3,170
01:16:17.342 7295257,5,4
01:16:17.342 7295299,6,4
01:16:17.342 7305632,2,213
01:16:17.342 7305634,5,2
01:16:17.342 7305680,13,179
01:16:17.342 7305685,14,179
01:16:17.342 7305686,6,2
01:16:17.342 7320084,4,170
01:16:17.344 7320085,5,8
01:16:17.344 7320127,6,8
01:16:17.344 7321519,1,214
01:16:17.344 7321520,5,1
01:16:17.344 7321566,13,180
01:16:17.344 7321572,14,180
01:16:17.344 7321572,6,1
01:16:17.352 7337406,2,215
01:16:17.352 7337407,5,2
01:16:17.410 7337453,13,181
01:16:17.410 7337459,14,181
01:16:17.410 7337459,6,2
01:16:17.410 7344907,3,171
01:16:17.410 7344908,5,4
01:16:17.410 7344950,6,4
01:16:17.410 7353295,1,216
01:16:17.410 7353297,5,1
01:16:17.410 7353342,13,182
01:16:17.410 7353348,14,182
01:16:17.410 7353348,6,1
01:16:17.410 7369181,2,217
01:16:17.410 7369182,5,2
01:16:17.410 7369228,13,183
01:16:17.410 7369234,14,183
01:16:17.410 7369234,6,2
01:16:17.476 7369731,4,171
01:16:17.476 7369732,5,8
01:16:17.476 7369774,6,8
01:16:17.476 7385068,1,218
01:16:17.476 7385069,5,1
01:16:17.476 7385115,13,184
01:16:17.476 7385121,14,184
01:16:17.476 7385121,6,1
01:16:17.476 7394555,3,172
01:16:17.476 7394556,5,4
01:16:17.476 7394598,6,4
01:16:17.476 7400956,2,219
01:16:17.476 7400957,5,2
01:16:17.476 7401003,13,185
01:16:17.476 7401008,14,185
01:16:17.476 7401009,6,2
01:16:17.476 7416836,1,220
01:16:17.476 7416838,5,1
01:16:17.476 7416883,13,186
01:16:17.476 7416889,14,186
01:16:17.476 7416889,6,1
01:16:17.476 7419373,4,172
01:16:17.476 7419374,5,8
01:16:17.476 7419416,6,8
01:16:17.476 7432725,2,221
01:16:17.476 7432726,5,2
01:16:17.476 7432772,13,187
01:16:17.476 7432777,14,187
01:16:17.476 7432778,6,2
01:16:17.476 7444202,3,173
01:16:17.476 7444204,5,4
01:16:17.476 7444245,6,4
01:16:17.537 7448620,1,222
01:16:17.537 7448621,5,1
01:16:17.537 7448667,13,188
01:16:17.537 7448673,14,188
01:16:17.537 7448673,6,1
01:16:17.537 7464510,2,223
01:16:17.537 7464512,5,2
01:16:17.537 7464557,13,189
01:16:17.537 7464563,14,189
01:16:17.537 7464563,6,2
01:16:17.537 7469031,4,173
01:16:17.537 7469032,5,8
01:16:17.537 7469074,6,8
01:16:17.537 7480392,1,224
01:16:17.537 7480394,5,1
01:16:17.537 7480439,13,190
01:16:17.537 7480445,14,190
01:16:17.537 7480445,6,1
01:16:17.540 7493846,3,174
01:16:17.540 7493848,5,4
01:16:17.540 7493889,6,4
01:16:17.542 7496276,2,225
01:16:17.543 7496278,5,2
01:16:17.543 7496323,13,191
01:16:17.543 7496329,14,191
01:16:17.546 7496329,6,2
01:16:17.546 7512159,1,226
01:16:17.549 7512160,5,1
01:16:17.551 7512206,13,192
01:16:17.551 7512211,14,192
01:16:17.553 7512212,6,1
01:16:17.553 7518663,4,174
01:16:17.618 7518664,5,8
01:16:17.618 7518706,6,8
01:16:17.618 7528041,2,227
01:16:17.618 7528042,5,2
01:16:17.618 7528088,13,193
01:16:17.618 7528093,14,193
01:16:17.618 7528094,6,2
01:16:17.618 7543478,3,175
01:16:17.618 7543480,5,4
01:16:17.618 7543522,6,4
01:16:17.618 7543921,1,228
01:16:17.618 7543922,5,1
01:16:17.618 7543968,13,194
01:16:17.618 7543973,14,194
01:16:17.618 7543974,6,1
01:16:17.618 7559799,2,229
01:16:17.743 7559801,5,2
01:16:17.743 7559846,13,195
01:16:17.743 7559852,14,195
01:16:17.743 7559852,6,2
01:16:17.743 7568287,4,175
01:16:17.743 7568289,5,8
01:16:17.743 7568330,6,8
01:16:17.743 7575679,1,230
01:16:17.743 7575680,5,1
01:16:17.743 7575726,13,196
01:16:17.743 7575731,14,196
01:16:17.743 7575732,6,1
01:16:17.743 7591561,2,231
01:16:17.743 7591563,5,2
01:16:17.743 7591610,13,197
01:16:17.743 7591616,14,197
01:16:17.801 7591616,6,2
01:16:17.801 7593104,3,176
01:16:17.801 7593105,5,4
01:16:17.801 7593147,6,4
01:16:17.801 7607452,1,232
01:16:17.801 7607453,5,1
01:16:17.801 7607499,13,198
01:16:17.801 7607504,14,198
01:16:17.801 7607505,6,1
01:16:17.801 7617933,4,176
01:16:17.801 7617935,5,8
01:16:17.801 7617976,6,8
01:16:17.801 7629912,2,233
01:16:17.801 7629913,5,2
01:16:17.801 7629959,13,199
01:16:17.801 7629965,14,199
01:16:17.801 7629965,6,2
01:16:17.801 7639215,1,234
01:16:17.801 7639217,5,1
01:16:17.801 7639263,13,200
01:16:17.801 7639268,14,200
01:16:17.801 7639269,6,1
01:16:17.801 7642742,3,177
01:16:17.801 7642744,5,4
01:16:17.801 7642785,6,4
01:16:17.801 7655090,2,235
01:16:17.801 7655091,5,2
01:16:17.801 7655137,13,201
01:16:17.805 7655143,14,201
01:16:17.805 7655143,6,2
01:16:17.805 7667544,4,177
01:16:17.805 7667545,5,8
01:16:17.868 7667587,6,8
01:16:17.868 7670963,1,236
01:16:17.868 7670965,5,1
01:16:17.868 7671010,13,202
01:16:17.868 7671016,14,202
01:16:17.868 7671016,6,1
01:16:17.868 7686843,2,237
01:16:17.868 7686844,5,2
01:16:17.868 7686890,13,203
01:16:17.868 7686895,14,203
01:16:17.868 7686896,6,2
01:16:17.868 7692355,3,178
01:16:17.868 7692357,5,4
01:16:17.868 7692399,6,4
01:16:17.868 7702729,1,238
01:16:17.868 7702731,5,1
01:16:17.868 7702776,13,204
01:16:17.868 7702782,14,204
01:16:17.868 7702782,6,1
01:16:17.868 7717190,4,178
01:16:17.868 7717191,5,8
01:16:17.868 7717233,6,8
01:16:17.868 7718627,2,239
01:16:17.876 7718628,5,2
01:16:17.877 7718674,13,205
01:16:17.879 7718679,14,205
01:16:17.880 7718680,6,2
01:16:17.882 7734509,1,240
01:16:17.883 7734510,5,1
01:16:17.884 7734556,13,206
01:16:17.884 7734562,14,206
01:16:17.884 7734562,6,1
01:16:17.945 7742007,3,179
01:16:17.945 7742008,5,4
01:16:17.945 7742050,6,4
01:16:17.945 7750392,2,241
01:16:17.945 7750393,5,2
01:16:17.945 7750439,13,207
01:16:17.945 7750444,14,207
01:16:17.945 7750445,6,2
01:16:17.945 7766280,1,242
01:16:17.945 7766281,5,1
01:16:17.945 7766326,13,208
01:16:17.945 7766332,14,208
01:16:17.945 7766332,6,1
01:16:17.945 7766830,4,179
01:16:17.945 7766831,5,8
01:16:17.945 7766873,6,8
01:16:17.949 7782173,2,243
01:16:17.949 7782174,5,2
01:16:17.951 7782220,13,209
01:16:17.951 7782225,14,209
01:16:17.951 7782226,6,2
01:16:17.954 7791659,3,180
01:16:17.954 7791661,5,4
01:16:17.957 7791703,6,4
01:16:17.957 7798065,1,244
01:16:17.959 7798066,5,1
01:16:17.959 7798112,13,210
01:16:17.959 7798117,14,210
01:16:17.963 7798118,6,1
01:16:17.964 7813947,2,245
01:16:17.966 7813949,5,2
01:16:17.967 7813994,13,211
01:16:18.026 7814000,14,211
01:16:18.026 7814000,6,2
01:16:18.026 7816484,4,180
01:16:18.026 7816485,5,8
01:16:18.026 7816527,6,8
01:16:18.026 7829841,1,246
01:16:18.026 7829843,5,1
01:16:18.026 7829889,13,212
01:16:18.026 7829894,14,212
01:16:18.026 7829895,6,1
01:16:18.026 7841320,3,181
01:16:18.026 7841322,5,4
01:16:18.026 7841363,6,4
01:16:18.026 7845736,2,247
01:16:18.026 7845738,5,2
01:16:18.026 7845783,13,213
01:16:18.026 7845789,14,213
01:16:18.026 7845789,6,2
01:16:18.026 7861625,1,248
01:16:18.026 7861626,5,1
01:16:18.026 7861672,13,214
01:16:18.034 7861677,14,214
01:16:18.036 7861678,6,1
01:16:18.037 7866145,4,181
01:16:18.038 7866147,5,8
01:16:18.040 7866189,6,8
01:16:18.041 7877512,2,249
01:16:18.043 7877513,5,2
01:16:18.043 7877559,13,215
01:16:18.043 7877564,14,215
01:16:18.043 7877565,6,2
01:16:18.043 7890970,3,182
01:16:18.110 7890972,5,4
01:16:18.110 7891014,6,4
01:16:18.110 7893401,1,250
01:16:18.110 7893402,5,1
01:16:18.110 7893448,13,216
01:16:18.110 7893453,14,216
01:16:18.110 7893454,6,1
01:16:18.110 7909295,2,251
01:16:18.110 7909296,5,2
01:16:18.110 7909342,13,217
01:16:18.110 7909348,14,217
01:16:18.110 7909348,6,2
01:16:18.110 7915805,4,182
01:16:18.110 7915806,5,8
01:16:18.110 7915848,6,8
01:16:18.110 7925189,1,252
01:16:18.110 7925191,5,1
01:16:18.112 7925236,13,218
01:16:18.112 7925242,14,218
01:16:18.113 7925242,6,1
01:16:18.114 7940638,3,183
01:16:18.116 7940640,5,4
01:16:18.118 7940682,6,4
01:16:18.118 7941082,2,253
01:16:18.119 7941083,5,2
01:16:18.120 7941129,13,219
01:16:18.122 7941135,14,219
01:16:18.123 7941135,6,2
01:16:18.124 7956978,1,254
01:16:18.126 7956979,5,1
01:16:18.127 7957025,13,220
01:16:18.127 7957030,14,220
01:16:18.192 7957031,6,1
01:16:18.192 7965481,4,183
01:16:18.192 7965482,5,8
01:16:18.192 7965524,6,8
01:16:18.192 7972880,2,255
01:16:18.192 7972881,5,2
01:16:18.192 7972927,13,221
01:16:18.192 7972932,14,221
01:16:18.192 7972933,6,2
01:16:18.192 7988779,1,0
01:16:18.192 7988781,5,1
01:16:18.192 7988826,13,222
01:16:18.192 7988832,14,222
01:16:18.192 7988832,6,1
01:16:18.192 7990323,3,184
01:16:18.192 7990325,5,4
01:16:18.192 7990367,6,4
01:16:18.192 8004682,2,1
01:16:18.192 8004683,5,2
01:16:18.192 8004729,13,223
01:16:18.192 8004734,14,223
01:16:18.192 8004735,6,2
01:16:18.192 8015162,4,184
01:16:18.192 8015163,5,8
01:16:18.192 8015206,6,8
01:16:18.192 8020573,1,2
01:16:18.192 8020574,5,1
01:16:18.192 8020620,13,224
01:16:18.197 8020626,14,224
01:16:18.197 8020626,6,1
01:16:18.197 8036455,2,3
01:16:18.198 8036457,5,2
01:16:18.260 8036502,13,225
01:16:18.260 8036841,16,7
01:16:18.260 8039982,3,185
01:16:18.260 8052340,1,4
01:16:18.260 8064804,4,185
01:16:18.260 8068227,2,5
01:16:18.260 8084117,1,6
01:16:18.260 8089632,3,186
01:16:18.260 8100005,2,7
01:16:18.260 8107175,9,20
01:16:18.260 8114449,4,186
01:16:18.260 8115885,1,8
01:16:18.260 8131781,2,9
01:16:18.260 8139289,3,187
01:16:18.260 8147681,1,10
01:16:18.260 8148138,10,20
01:16:18.260 8148188,15,7
01:16:18.260 8148188,14,225
01:16:18.260 8148189,6,2
01:16:18.260 8148190,5,15
01:16:18.260 8148191,8,0
01:16:18.260 8148191,8,1
01:16:18.260 8148237,13,226
01:16:18.260 8148243,14,226
01:16:18.260 8148289,13,227
01:16:18.260 8148294,14,227
01:16:18.260 8148379,6,15
01:16:18.260 8164211,2,11
01:16:18.260 8164213,4,187
01:16:18.260 8164214,5,2
01:16:18.260 8164260,13,228
01:16:18.260 8164266,14,228
01:16:18.318 8164267,6,2
01:16:18.318 8164268,5,8
01:16:18.318 8164310,6,8
01:16:18.318 8179485,1,12
01:16:18.318 8179488,5,1
01:16:18.318 8179534,13,229
01:16:18.318 8179540,14,229
01:16:18.318 8179540,6,1
01:16:18.318 8188977,3,188
01:16:18.318 8188978,5,4
01:16:18.318 8189021,6,4
01:16:18.318 8195380,2,13
01:16:18.318 8195382,5,2
01:16:18.318 8195428,13,230
01:16:18.318 8195434,14,230
01:16:18.318 8195434,6,2
01:16:18.318 8211269,1,14
01:16:18.318 8211271,5,1
01:16:18.318 8211316,13,231
01:16:18.318 8211322,14,231
01:16:18.318 8211322,6,1
01:16:18.318 8213806,4,188
01:16:18.318 8213807,5,8
01:16:18.324 8213849,6,8
01:16:18.324 8227152,2,15
01:16:18.324 8227153,5,2
01:16:18.324 8227199,13,232
01:16:18.327 8227205,14,232
01:16:18.327 8227205,6,2
01:16:18.327 8238617,3,189
01:16:18.329 8238618,5,4
01:16:18.329 8238636,7,0
01:16:18.394 8238660,6,4
01:16:18.394 8243032,1,16
01:16:18.394 8243033,5,1
01:16:18.394 8243079,13,233
01:16:18.394 8243084,14,233
01:16:18.394 8243085,6,1
01:16:18.394 8258905,2,17
01:16:18.394 8258907,5,2
01:16:18.394 8258952,13,234
01:16:18.394 8258958,14,234
01:16:18.394 8258958,6,2
01:16:18.394 8263425,4,189
01:16:18.394 8263426,5,8
01:16:18.394 8263468,6,8
01:16:18.394 8274785,1,18
01:16:18.394 8274787,5,1
01:16:18.394 8274832,13,235
01:16:18.394 8274838,14,235
01:16:18.394 8274838,6,1
01:16:18.394 8288237,3,190
01:16:18.394 8288238,5,4
01:16:18.394 8288256,7,0
01:16:18.394 8288280,6,4
01:16:18.394 8290665,2,19
01:16:18.394 8290666,5,2
01:16:18.394 8290712,13,236
01:16:18.394 8290717,14,236
01:16:18.394 8290718,6,2
01:16:18.394 8306541,1,20
01:16:18.394 8306543,5,1
01:16:18.394 8306588,13,237
01:16:18.394 8306594,14,237
01:16:18.459 8306594,6,1
01:16:18.459 8313048,4,190
01:16:18.459 8313050,5,8
01:16:18.459 8313092,6,8
01:16:18.459 8322424,2,21
01:16:18.459 8322425,5,2
01:16:18.459 8322471,13,238
01:16:18.459 8322477,14,238
01:16:18.459 8322477,6,2
01:16:18.459 8337855,3,191
01:16:18.459 8337857,5,4
01:16:18.459 8337874,7,0
01:16:18.459 8337898,6,4
01:16:18.459 8338298,1,22
01:16:18.459 8338300,5,1
01:16:18.459 8338345,13,239
01:16:18.459 8338351,14,239
01:16:18.459 8338351,6,1
01:16:18.459 8354173,2,23
01:16:18.459 8354175,5,2
01:16:18.459 8354220,13,240
01:16:18.459 8354226,14,240
01:16:18.459 8354226,6,2
01:16:18.459 8362660,4,191
01:16:18.459 8362662,5,8
01:16:18.459 8362704,6,8
01:16:18.459 8370052,1,24
01:16:18.459 8370053,5,1
01:16:18.459 8370099,13,241
01:16:18.459 8370105,14,241
01:16:18.459 8370105,6,1
01:16:18.459 8385940,2,25
01:16:18.518 8385941,5,2
01:16:18.518 8385986,13,242
01:16:18.518 8385992,14,242
01:16:18.518 8385992,6,2
01:16:18.518 8387481,3,192
01:16:18.518 8387482,5,4
01:16:18.518 8387524,6,4
01:16:18.518 8401821,1,26
01:16:18.518 8401823,5,1
01:16:18.518 8401868,13,243
01:16:18.518 8401874,14,243
01:16:18.518 8401874,6,1
01:16:18.518 8412297,4,192
01:16:18.518 8412298,5,8
01:16:18.518 8412340,6,8
01:16:18.518 8417699,2,27
01:16:18.518 8417700,5,2
01:16:18.518 8417746,13,244
01:16:18.518 8417752,14,244
01:16:18.518 8417752,6,2
01:16:18.518 8433567,1,28
01:16:18.522 8433569,5,1
01:16:18.522 8433614,13,245
01:16:18.522 8433620,14,245
01:16:18.523 8433620,6,1
01:16:18.524 8437095,3,193
01:16:18.525 8437096,5,4
01:16:18.526 8437138,6,4
01:16:18.526 8449444,2,29
01:16:18.526 8449446,5,2
01:16:18.526 8449491,13,246
01:16:18.526 8449497,14,246
01:16:18.584 8449497,6,2
01:16:18.584 8461901,4,193
01:16:18.584 8461902,5,8
01:16:18.584 8461944,6,8
01:16:18.584 8465321,1,30
01:16:18.584 8465323,5,1
01:16:18.584 8465368,13,247
01:16:18.584 8465374,14,247
01:16:18.584 8465374,6,1
01:16:18.584 8481197,2,31
01:16:18.584 8481199,5,2
01:16:18.584 8481244,13,248
01:16:18.584 8481250,14,248
01:16:18.584 8481250,6,2
01:16:18.584 8486710,3,194
01:16:18.584 8486712,5,4
01:16:18.584 8486754,6,4
01:16:18.584 8497081,1,32
01:16:18.584 8497083,5,1
01:16:18.584 8497128,13,249
01:16:18.584 8497134,14,249
01:16:18.584 8497134,6,1
01:16:18.584 8511532,4,194
01:16:18.584 8511534,5,8
01:16:18.593 8511575,6,8
01:16:18.594 8512968,2,33
01:16:18.596 8512969,5,2
01:16:18.596 8513015,13,250
01:16:18.597 8513020,14,250
01:16:18.599 8513021,6,2
01:16:18.599 8528845,1,34
01:16:18.601 8528846,5,1
01:16:18.660 8528892,13,251
01:16:18.660 8528897,14,251
01:16:18.660 8528897,6,1
01:16:18.660 8536341,3,195
01:16:18.660 8536343,5,4
01:16:18.660 8536385,6,4
01:16:18.660 8544720,2,35
01:16:18.660 8544721,5,2
01:16:18.660 8544767,13,252
01:16:18.660 8544773,14,252
01:16:18.660 8544773,6,2
01:16:18.660 8560598,1,36
01:16:18.660 8560599,5,1
01:16:18.660 8560645,13,253
01:16:18.660 8560650,14,253
01:16:18.660 8560651,6,1
01:16:18.785 8561148,4,195
01:16:18.785 8561149,5,8
01:16:18.785 8561192,6,8
01:16:18.785 8576480,2,37
01:16:18.785 8576482,5,2
01:16:18.785 8576527,13,254
01:16:18.785 8576533,14,254
01:16:18.785 8576533,6,2
01:16:18.785 8585962,3,196
01:16:18.785 8585964,5,4
01:16:18.785 8586006,6,4
01:16:18.785 8592357,1,38
01:16:18.785 8592359,5,1
01:16:18.785 8592404,13,255
01:16:18.785 8592410,14,255
01:16:18.785 8592410,6,1
01:16:18.852 8608238,2,39
01:16:18.852 8608240,5,2
01:16:18.852 8608285,13,0
01:16:18.852 8608291,14,0
01:16:18.852 8608291,6,2
01:16:18.852 8610773,4,196
01:16:18.852 8610774,5,8
01:16:18.852 8610817,6,8
01:16:18.852 8624123,1,40
01:16:18.852 8624124,5,1
01:16:18.852 8624170,13,1
01:16:18.852 8624175,14,1
01:16:18.852 8624176,6,1
01:16:18.852 8635593,3,197
01:16:18.852 8635595,5,4
01:16:18.852 8635637,6,4
01:16:18.852 8640009,2,41
01:16:18.852 8640011,5,2
01:16:18.852 8640056,13,2
01:16:18.852 8640062,14,2
01:16:18.852 8640062,6,2
01:16:18.852 8660086,1,42
01:16:18.852 8660087,5,1
01:16:18.852 8660133,13,3
01:16:18.852 8660139,14,3
01:16:18.852 8660139,6,1
01:16:18.852 8660421,4,197
01:16:18.852 8660423,5,8
01:16:18.852 8660465,6,8
01:16:18.852 8671782,2,43
01:16:18.852 8671783,5,2
01:16:18.852 8671829,13,4
01:16:18.852 8671835,14,4
01:16:18.852 8671835,6,2
01:16:18.852 8685236,3,198
01:16:18.860 8685237,5,4
01:16:18.860 8685279,6,4
01:16:18.860 8687665,1,44
01:16:18.860 8687666,5,1
01:16:18.860 8687711,13,5
01:16:18.860 8687717,14,5
01:16:18.860 8687717,6,1
01:16:18.867 8703555,2,45
01:16:18.868 8703557,5,2
01:16:18.868 8703602,13,6
01:16:18.868 8703608,14,6
01:16:18.868 8703608,6,2
01:16:18.868 8710063,4,198
01:16:18.926 8710064,5,8
01:16:18.926 8710106,6,8
01:16:18.926 8719446,1,46
01:16:18.926 8719448,5,1
01:16:18.926 8719493,13,7
01:16:18.926 8719499,14,7
01:16:18.926 8719499,6,1
01:16:18.926 8734890,3,199
01:16:18.926 8734892,5,4
01:16:18.926 8734933,6,4
01:16:18.926 8735333,2,47
01:16:18.926 8735335,5,2
01:16:18.926 8735380,13,8
01:16:18.926 8735386,14,8
01:16:18.926 8735386,6,2
01:16:18.926 8751219,1,48
01:16:18.926 8751221,5,1
01:16:18.926 8751266,13,9
01:16:18.926 8751272,14,9
01:16:18.926 8751272,6,1
01:16:18.926 8759709,4,199
01:16:18.926 8759710,5,8
01:16:18.926 8759753,6,8
01:16:18.926 8767102,2,49
01:16:18.926 8767103,5,2
01:16:18.926 8767149,13,10
01:16:18.926 8767155,14,10
01:16:18.926 8767155,6,2
01:16:18.926 8782989,1,50
01:16:18.926 8782991,5,1
01:16:18.926 8783036,13,11
01:16:18.926 8783042,14,11
01:16:18.993 8783042,6,1
01:16:18.993 8784531,3,200
01:16:18.993 8784533,5,4
01:16:18.993 8784575,6,4
01:16:18.993 8798876,2,51
01:16:18.993 8798878,5,2
01:16:18.993 8798924,13,12
01:16:18.993 8798929,14,12
01:16:18.993 8798930,6,2
01:16:18.993 8809355,4,200
01:16:18.993 8809356,5,8
01:16:18.993 8809398,6,8
01:16:18.993 8814763,1,52
01:16:18.993 8814765,5,1
01:16:18.993 8814810,13,13
01:16:18.993 8814816,14,13
01:16:18.993 8814816,6,1
01:16:18.993 8830655,2,53
01:16:18.993 8830656,5,2
01:16:18.993 8830702,13,14
01:16:18.993 8830708,14,14
01:16:18.993 8830708,6,2
01:16:18.993 8834186,3,201
01:16:18.993 8834187,5,4
01:16:18.993 8834229,6,4
01:16:18.993 8846549,1,54
01:16:18.993 8846550,5,1
01:16:18.993 8846596,13,15
01:16:18.993 8846601,14,15
01:16:18.993 8846602,6,1
01:16:18.993 8859023,4,201
01:16:18.997 8859025,5,8
01:16:19.051 8859066,6,8
01:16:19.051 8862447,2,55
01:16:19.051 8862448,5,2
01:16:19.051 8862494,13,16
01:16:19.051 8862499,14,16
01:16:19.051 8862500,6,2
01:16:19.051 8878346,1,56
01:16:19.051 8878348,5,1
01:16:19.051 8878393,13,17
01:16:19.051 8878399,14,17
01:16:19.051 8878399,6,1
01:16:19.051 8883866,3,202
01:16:19.051 8883867,5,4
01:16:19.051 8883909,6,4
01:16:19.051 8894244,2,57
01:16:19.051 8894245,5,2
01:16:19.051 8894291,13,18
01:16:19.051 8894297,14,18
01:16:19.051 8894297,6,2
01:16:19.051 8908721,4,202
01:16:19.051 8908722,5,8
01:16:19.051 8908764,6,8
01:16:19.051 8910160,1,58
01:16:19.051 8910161,5,1
01:16:19.051 8910207,13,19
01:16:19.051 8910212,14,19
01:16:19.051 8910213,6,1
01:16:19.051 8926069,2,59
01:16:19.051 8926070,5,2
01:16:19.055 8926116,13,20
01:16:19.055 8926122,14,20
01:16:19.055 8926122,6,2
01:16:19.123 8933619,3,203
01:16:19.123 8933621,5,4
01:16:19.123 8933663,6,4
01:16:19.123 8941964,1,60
01:16:19.123 8941966,5,1
01:16:19.123 8942011,13,21
01:16:19.123 8942017,14,21
01:16:19.123 8942018,6,1
01:16:19.123 8957868,2,61
01:16:19.123 8957869,5,2
01:16:19.123 8957915,13,22
01:16:19.123 8957920,14,22
01:16:19.123 8957921,6,2
01:16:19.123 8958418,4,203
01:16:19.123 8958419,5,8
01:16:19.123 8958461,6,8
01:16:19.123 8973767,1,62
01:16:19.123 8973769,5,1
01:16:19.123 8973814,13,23
01:16:19.123 8973820,14,23
01:16:19.123 8973820,6,1
01:16:19.123 8983253,3,204
01:16:19.123 8983255,5,4
01:16:19.123 8983297,6,4
01:16:19.123 8989655,2,63
01:16:19.123 8989656,5,2
01:16:19.123 8989702,13,24
01:16:19.123 8989708,14,24
01:16:19.123 8989708,6,2
01:16:19.123 9005541,1,64
01:16:19.123 9005542,5,1
01:16:19.123 9005588,13,25
01:16:19.126 9005593,14,25
01:16:19.126 9005594,6,1
01:16:19.126 9008077,4,204
01:16:19.126 9008078,5,8
01:16:19.126 9008120,6,8
01:16:19.126 9021437,2,65
01:16:19.135 9021439,5,2
01:16:19.135 9021484,13,26
01:16:19.136 9021490,14,26
01:16:19.138 9021490,6,2
01:16:19.139 9032920,3,205
01:16:19.140 9032921,5,4
01:16:19.142 9032963,6,4
01:16:19.143 9037336,1,66
01:16:19.143 9037337,5,1
01:16:19.143 9037383,13,27
01:16:19.208 9037388,14,27
01:16:19.208 9037389,6,1
01:16:19.208 9053240,2,67
01:16:19.208 9053241,5,2
01:16:19.208 9053287,13,28
01:16:19.208 9053292,14,28
01:16:19.208 9053293,6,2
01:16:19.208 9057767,4,205
01:16:19.208 9057768,5,8
01:16:19.208 9057810,6,8
01:16:19.208 9069133,1,68
01:16:19.208 9069134,5,1
01:16:19.208 9069180,13,29
01:16:19.208 9069517,16,8
01:16:19.208 9082593,3,206
01:16:19.208 9085021,2,69
01:16:19.208 9100908,1,70
01:16:19.208 9107417,4,206
01:16:19.208 9116801,2,71
01:16:19.208 9132249,3,207
01:16:19.208 9132692,1,72
01:16:19.208 9139847,9,21
01:16:19.208 9148578,2,73
01:16:19.208 9157070,4,207
01:16:19.208 9164463,1,74
01:16:19.208 9180340,2,75
01:16:19.208 9180833,10,21
01:16:19.208 9180878,15,8
01:16:19.208 9180878,14,29
01:16:19.208 9180879,6,1
01:16:19.208 9180881,5,15
01:16:19.208 9180881,8,0
01:16:19.268 9180881,8,1
01:16:19.268 9180927,13,30
01:16:19.268 9180933,14,30
01:16:19.268 9180979,13,31
01:16:19.268 9180985,14,31
01:16:19.268 9181069,6,15
01:16:19.268 9188077,3,208
01:16:19.268 9188079,5,4
01:16:19.268 9188092,7,0
01:16:19.268 9188116,6,4
01:16:19.268 9196332,1,76
01:16:19.268 9196334,5,1
01:16:19.268 9196380,13,32
01:16:19.268 9196386,14,32
01:16:19.268 9196386,6,1
01:16:19.268 9210016,4,208
01:16:19.268 9210018,5,8
01:16:19.268 9210033,7,0
01:16:19.268 9210057,6,8
01:16:19.268 9212113,2,77
01:16:19.268 9212114,5,2
01:16:19.268 9212160,13,33
01:16:19.268 9212166,14,33
01:16:19.268 9212166,6,2
01:16:19.268 9227999,1,78
01:16:19.268 9228000,5,1
01:16:19.268 9228046,13,34
01:16:19.268 9228052,14,34
01:16:19.268 9228052,6,1
01:16:19.268 9231530,3,209
01:16:19.268 9231531,5,4
01:16:19.268 9231573,6,4
01:16:19.334 9243891,2,79
01:16:19.334 9243892,5,2
01:16:19.334 9243938,13,35
01:16:19.334 9243944,14,35
01:16:19.334 9243944,6,2
01:16:19.334 9256365,4,209
01:16:19.334 9256366,5,8
01:16:19.334 9256383,7,0
01:16:19.334 9256408,6,8
01:16:19.334 9259785,1,80
01:16:19.334 9259787,5,1
01:16:19.334 9259832,13,36
01:16:19.334 9259838,14,36
01:16:19.334 9259839,6,1
01:16:19.334 9275673,2,81
01:16:19.334 9275674,5,2
01:16:19.334 9275720,13,37
01:16:19.334 9275726,14,37
01:16:19.334 9275726,6,2
01:16:19.334 9281189,3,210
01:16:19.334 9281191,5,4
01:16:19.334 9281232,6,4
01:16:19.334 9291564,1,82
01:16:19.334 9291565,5,1
01:16:19.334 9291613,13,38
01:16:19.334 9291618,14,38
01:16:19.334 9291619,6,1
01:16:19.334 9306019,4,210
01:16:19.334 9306020,5,8
01:16:19.334 9306037,7,0
01:16:19.334 9306062,6,8
01:16:19.334 9307456,2,83
01:16:19.338 9307457,5,2
01:16:19.339 9307503,13,39
01:16:19.341 9307509,14,39
01:16:19.342 9307509,6,2
01:16:19.343 9323347,1,84
01:16:19.343 9323348,5,1
01:16:19.343 9323394,13,40
01:16:19.343 9323400,14,40
01:16:19.343 9323400,6,1
01:16:19.343 9330843,3,211
01:16:19.351 9330844,5,4
01:16:19.351 9330886,6,4
01:16:19.351 9339226,2,85
01:16:19.351 9339227,5,2
01:16:19.351 9339272,13,41
01:16:19.351 9339278,14,41
01:16:19.417 9339278,6,2
01:16:19.417 9355100,1,86
01:16:19.417 9355101,5,1
01:16:19.417 9355147,13,42
01:16:19.417 9355152,14,42
01:16:19.417 9355153,6,1
01:16:19.417 9355650,4,211
01:16:19.417 9355651,5,8
01:16:19.417 9355693,6,8
01:16:19.417 9370987,2,87
01:16:19.417 9370988,5,2
01:16:19.417 9371034,13,43
01:16:19.417 9371040,14,43
01:16:19.417 9371040,6,2
01:16:19.417 9380469,3,212
01:16:19.417 9380471,5,4
01:16:19.417 9380513,6,4
01:16:19.417 9386872,1,88
01:16:19.417 9386874,5,1
01:16:19.417 9386919,13,44
01:16:19.417 9386925,14,44
01:16:19.417 9386925,6,1
01:16:19.417 9402760,2,89
01:16:19.417 9402761,5,2
01:16:19.417 9402807,13,45
01:16:19.417 9402812,14,45
01:16:19.417 9402813,6,2
01:16:19.417 9405297,4,212
01:16:19.417 9405298,5,8
01:16:19.417 9405340,6,8
01:16:19.417 9418649,1,90
01:16:19.417 9418651,5,1
01:16:19.476 9418696,13,46
01:16:19.476 9418702,14,46
01:16:19.476 9418702,6,1
01:16:19.476 9430114,3,213
01:16:19.476 9430115,5,4
01:16:19.476 9430157,6,4
01:16:19.476 9434528,2,91
01:16:19.476 9434530,5,2
01:16:19.476 9434575,13,47
01:16:19.476 9434581,14,47
01:16:19.476 9434581,6,2
01:16:19.476 9450414,1,92
01:16:19.476 9450416,5,1
01:16:19.476 9450461,13,48
01:16:19.476 9450467,14,48
01:16:19.476 9450467,6,1
01:16:19.476 9454937,4,213
01:16:19.476 9454939,5,8
01:16:19.476 9454981,6,8
01:16:19.476 9466310,2,93
01:16:19.476 9466311,5,2
01:16:19.476 9466357,13,49
01:16:19.476 9466362,14,49
01:16:19.476 9466363,6,2
01:16:19.476 9479772,3,214
01:16:19.476 9479774,5,4
01:16:19.476 9479816,6,4
01:16:19.476 9482200,1,94
01:16:19.476 9482202,5,1
01:16:19.476 9482247,13,50
01:16:19.476 9482253,14,50
01:16:19.481 9482253,6,1
01:16:19.534 9498096,2,95
01:16:19.534 9498097,5,2
01:16:19.534 9498143,13,51
01:16:19.534 9498148,14,51
01:16:19.534 9498149,6,2
01:16:19.534 9504608,4,214
01:16:19.534 9504609,5,8
01:16:19.534 9504651,6,8
01:16:19.534 9513993,1,96
01:16:19.534 9513994,5,1
01:16:19.534 9514040,13,52
01:16:19.534 9514046,14,52
01:16:19.534 9514046,6,1
01:16:19.534 9529439,3,215
01:16:19.534 9529440,5,4
01:16:19.534 9529458,7,0
01:16:19.534 9529482,6,4
01:16:19.534 9529882,2,97
01:16:19.534 9529883,5,2
01:16:19.534 9529929,13,53
01:16:19.534 9529935,14,53
01:16:19.534 9529935,6,2
01:16:19.534 9545780,1,98
01:16:19.534 9545781,5,1
01:16:19.534 9545827,13,54
01:16:19.534 9545832,14,54
01:16:19.534 9545833,6,1
01:16:19.534 9554276,4,215
01:16:19.534 9554277,5,8
01:16:19.539 9554319,6,8
01:16:19.539 9561670,2,99
01:16:19.539 9561672,5,2
01:16:19.601 9561717,13,55
01:16:19.601 9561723,14,55
01:16:19.601 9561723,6,2
01:16:19.601 9577559,1,100
01:16:19.601 9577560,5,1
01:16:19.601 9577605,13,56
01:16:19.601 9577611,14,56
01:16:19.601 9577611,6,1
01:16:19.601 9579101,3,216
01:16:19.601 9579102,5,4
01:16:19.601 9579144,6,4
01:16:19.601 9593452,2,101
01:16:19.601 9593453,5,2
01:16:19.601 9593498,13,57
01:16:19.601 9593504,14,57
01:16:19.601 9593504,6,2
01:16:19.601 9603932,4,216
01:16:19.601 9603934,5,8
01:16:19.601 9603976,6,8
01:16:19.601 9609340,1,102
01:16:19.601 9609341,5,1
01:16:19.601 9609387,13,58
01:16:19.601 9609392,14,58
01:16:19.601 9609393,6,1
01:16:19.601 9625225,2,103
01:16:19.601 9625226,5,2
01:16:19.601 9625272,13,59
01:16:19.601 9625278,14,59
01:16:19.601 9625278,6,2
01:16:19.601 9628753,3,217
01:16:19.601 9628754,5,4
01:16:19.601 9628796,6,4
01:16:19.659 9641114,1,104
01:16:19.659 9641115,5,1
01:16:19.659 9641161,13,60
01:16:19.659 9641167,14,60
01:16:19.659 9641167,6,1
01:16:19.659 9653579,4,217
01:16:19.659 9653580,5,8
01:16:19.659 9653623,6,8
01:16:19.659 9657001,2,105
01:16:19.659 9657002,5,2
01:16:19.659 9657048,13,61
01:16:19.659 9657054,14,61
01:16:19.659 9657054,6,2
01:16:19.659 9672880,1,106
01:16:19.659 9672882,5,1
01:16:19.659 9672927,13,62
01:16:19.659 9672933,14,62
01:16:19.659 9672933,6,1
01:16:19.659 9678393,3,218
01:16:19.659 9678394,5,4
01:16:19.659 9678436,6,4
01:16:19.659 9690000,2,107
01:16:19.659 9690001,5,2
01:16:19.659 9690047,13,63
01:16:19.659 9690053,14,63
01:16:19.659 9690053,6,2
01:16:19.659 9703212,4,218
01:16:19.659 9703213,5,8
01:16:19.659 9703256,6,8
01:16:19.659 9704649,1,108
01:16:19.659 9704650,5,1
01:16:19.659 9704696,13,64
01:16:19.726 9704701,14,64
01:16:19.726 9704702,6,1
01:16:19.726 9720537,2,109
01:16:19.726 9720538,5,2
01:16:19.726 9720584,13,65
01:16:19.726 9720589,14,65
01:16:19.726 9720590,6,2
01:16:19.726 9728039,3,219
01:16:19.726 9728040,5,4
01:16:19.726 9728082,6,4
01:16:19.850 9736429,1,110
01:16:19.850 9736431,5,1
01:16:19.850 9736476,13,66
01:16:19.850 9736482,14,66
01:16:19.850 9736482,6,1
01:16:19.850 9752316,2,111
01:16:19.850 9752317,5,2
01:16:19.850 9752363,13,67
01:16:19.850 9752369,14,67
01:16:19.850 9752369,6,2
01:16:19.850 9752865,4,219
01:16:19.850 9752867,5,8
01:16:19.850 9752909,6,8
01:16:19.850 9768196,1,112
01:16:19.850 9768198,5,1
01:16:19.850 9768244,13,68
01:16:19.850 9768249,14,68
01:16:19.850 9768250,6,1
01:16:19.850 9777681,3,220
01:16:19.850 9777683,5,4
01:16:19.850 9777725,6,4
01:16:19.850 9784082,2,113
01:16:19.851 9784083,5,2
01:16:19.851 9784129,13,69
01:16:19.851 9784135,14,69
01:16:19.851 9784135,6,2
01:16:19.851 9799968,1,114
01:16:19.851 9799969,5,1
01:16:19.859 9800015,13,70
01:16:19.861 9800021,14,70
01:16:19.862 9800021,6,1
01:16:19.863 9802504,4,220
01:16:19.864 9802505,5,8
01:16:19.865 9802547,6,8
01:16:19.867 9815857,2,115
01:16:19.868 9815859,5,2
01:16:19.869 9815904,13,71
01:16:19.870 9815910,14,71
01:16:19.926 9815910,6,2
01:16:19.926 9827330,3,221
01:16:19.926 9827331,5,4
01:16:19.926 9827373,6,4
01:16:19.926 9831746,1,116
01:16:19.926 9831747,5,1
01:16:19.926 9831793,13,72
01:16:19.926 9831799,14,72
01:16:19.926 9831799,6,1
01:16:19.926 9847633,2,117
01:16:19.926 9847634,5,2
01:16:19.926 9847680,13,73
01:16:19.926 9847685,14,73
01:16:19.926 9847685,6,2
01:16:19.926 9852154,4,221
01:16:19.926 9852156,5,8
01:16:19.926 #trace end dropped=0 muted=48
01:16:20.251 in=14848Hz out=15600Hz ring=80 under=54 over=38 (dt=999999us) loglag=93191us
01:16:20.317   pt[38]: min=-1076 max=772 avg_abs=171 | fifo=160 under=54 over=38 late=38 mdf_cb=1174 mdf_err=0
01:16:21.143 {"win":19,"cls":"crackling_fire","p":0.93,"lat_ms":112,"under":54,"over":38,"late":38}
01:16:21.143 ====================================
01:16:21.151 ====================================
01:16:21.151 PREPROC TEST
01:16:21.151 ====================================
01:16:21.159 ====================================
01:16:21.159 preproc test: 2 clips, board log-mel (Application/aed/preproc.c) vs PC (scripts/aed_clips.py)
01:16:21.168   15600 x int16 -> int8 1x64x96 (6144 B), zp=33, mel LUT 461 coefs (expected 461)
01:16:21.178   [0] 5-203128-A-0.wav (dog)
01:16:21.181       preproc 68652 us
01:16:21.182       int8 vs PC: same 6144 diff 0 of 6144, max |d| 0, |d|>1: 0
01:16:21.184       board tensor -> top1 4 dog p=9998 x1e-4 (40949 us) ok
01:16:21.194       pc tensor    -> top1 4 dog p=9998 x1e-4 (40857 us) ok
01:16:21.199       PC reference: ort top1 4 dog p=9998 / noopt top1 4 dog p=9997 (x1e-4)
01:16:21.206   [1] 5-201194-A-38.wav (clock_tick)
01:16:21.209       preproc 68639 us
01:16:21.209       int8 vs PC: same 6144 diff 0 of 6144, max |d| 0, |d|>1: 0
01:16:21.217       board tensor -> top1 1 clock_tick p=9998 x1e-4 (40889 us) ok
01:16:21.224       pc tensor    -> top1 1 clock_tick p=9998 x1e-4 (40849 us) ok
01:16:21.226       PC reference: ort top1 1 clock_tick p=9998 / noopt top1 1 clock_tick p=9998 (x1e-4)
01:16:21.237   totals: same 12288 diff 0 of 12288, max |d| 0, |d|>1: 0
01:16:21.242   top1 == PC: board tensor 2/2, pc tensor 2/2
01:16:21.243 preproc test PASS (no |d| > 1, and top1 from the board tensor matches PC)
01:16:21.251   audio before: under=54 over=38 late=38 / after: under=54 over=38 late=38
01:16:21.259 ====================================
01:16:21.259 ====================================
01:16:21.259 ====================================
01:16:21.268 ====================================
01:16:21.268 READY  起動確認おわり。ここから本番
01:16:21.278 ====================================
01:16:21.281 ====================================
01:16:21.284 win   19 pos=  291840  -44dBFS [#####...............] rms=  207 peak= 1076 seam=ok lag=333us
01:16:21.292   -> crackling_fire  p=0.93  preproc=68630us infer=40982us
01:16:21.298 ====================================
01:16:21.301 ====================================
01:16:21.305 TAP TOTAL win=19
01:16:21.307 ====================================
01:16:21.309 ====================================
01:16:21.309 tap total: windows=20 (expected 20 from 307456 samples) overrun=0 torn=0 skipped=0 seam ok=19 NG=0
01:16:21.321   tap lag max=334us (0 of them lower bounds) | tap write max=111725491ns avg=1773533ns (1200 calls)
01:16:21.326   audio under=54 over=38 late=38 | aed run=20 err=0 (last er=0)
01:16:21.336   preproc max=68642us avg=68626us | infer max=41003us avg=40979us
01:16:21.343   notify out=15 held=3 offlist=2 gated=0 lat max=111679us (0 lower bounds)
01:16:21.350   log sent=172 dropped=0 lag max=8705us
01:16:21.351   disp sent=11 dropped=0 max=37791us avg=20941us
01:16:21.351 ====================================
01:16:21.359 ====================================
01:16:21.359   pt[39]: min=-882 max=998 avg_abs=144 | fifo=0 under=55 over=40 late=40 mdf_cb=1203 mdf_err=0
01:16:21.368 in=9927Hz out=10341Hz ring=112 under=57 over=40 (dt=1005693us) loglag=342911us
01:16:21.443 lcd: win 19 -> FIRE p=0.93 (542712 us after notify)
01:16:21.693   pt[40]: min=-962 max=858 avg_abs=132 | fifo=448 under=60 over=40 late=40 mdf_cb=1234 mdf_err=0
01:16:22.193 win   20 pos=  307200  -45dBFS [#####...............] rms=  192 peak=  962 seam=ok lag=333us
01:16:22.193   -> clock_tick      p=0.81  preproc=68621us infer=40980us
01:16:22.193   pt[41]: min=-878 max=770 avg_abs=151 | fifo=288 under=61 over=42 late=42 mdf_cb=1263 mdf_err=0
01:16:22.260 in=14933Hz out=14884Hz ring=256 under=61 over=42 (dt=994306us) loglag=22120us
01:16:22.694   pt[42]: min=-486 max=528 avg_abs=110 | fifo=560 under=64 over=42 late=42 mdf_cb=1295 mdf_err=0
01:16:23.259 {"win":21,"cls":"crackling_fire","p":0.56,"lat_ms":112,"under":64,"over":42,"late":42}
01:16:23.259 win   21 pos=  322560  -42dBFS [######..............] rms=  262 peak= 3060 seam=ok lag=334us
01:16:23.259   -> crackling_fire  p=0.56  preproc=68624us infer=40973us
01:16:23.259   pt[43]: min=-2814 max=3060 avg_abs=278 | fifo=128 under=64 over=44 late=44 mdf_cb=1323 mdf_err=0
01:16:23.259 in=14782Hz out=15132Hz ring=256 under=65 over=44 (dt=1004463us) loglag=30026us
01:16:23.259 lcd: win 21 -> FIRE p=0.56 (39068 us after notify)
01:16:23.752   pt[44]: min=-758 max=672 avg_abs=167 | fifo=144 under=68 over=44 late=44 mdf_cb=1354 mdf_err=0
01:16:24.260 in=14400Hz out=14866Hz ring=256 under=68 over=44 (dt=995536us) loglag=30026us
01:16:24.267 {"win":22,"cls":"unknown","p":0.44,"lat_ms":112,"under":68,"over":44,"late":44}
01:16:24.272 win   22 pos=  337920  -43dBFS [#####...............] rms=  233 peak=  886 seam=ok lag=332us
01:16:24.283   -> unknown         p=0.44  preproc=68628us infer=40976us
01:16:24.288   pt[45]: min=-1014 max=716 avg_abs=187 | fifo=0 under=69 over=46 late=46 mdf_cb=1383 mdf_err=0
01:16:24.785   pt[46]: min=-1116 max=856 avg_abs=190 | fifo=384 under=72 over=46 late=46 mdf_cb=1414 mdf_err=0
01:16:25.350 in=15360Hz out=15600Hz ring=496 under=72 over=46 (dt=1000000us) loglag=36072us
01:16:25.350 {"win":23,"cls":"crackling_fire","p":0.66,"lat_ms":112,"under":72,"over":46,"late":46}
01:16:25.350 win   23 pos=  353280  -42dBFS [######..............] rms=  256 peak= 2794 seam=ok lag=336us
01:16:25.350   -> crackling_fire  p=0.66  preproc=68622us infer=40979us
01:16:25.350   pt[47]: min=-2124 max=2794 avg_abs=187 | fifo=208 under=72 over=48 late=48 mdf_cb=1443 mdf_err=0
01:16:25.350 lcd: win 23 -> FIRE p=0.66 (39021 us after notify)
01:16:25.868   pt[48]: min=-1228 max=1096 avg_abs=211 | fifo=480 under=73 over=48 late=48 mdf_cb=1475 mdf_err=0
01:16:26.370 in=15360Hz out=15600Hz ring=336 under=73 over=48 (dt=999999us) loglag=48023us
01:16:26.370 win   24 pos=  368640  -41dBFS [######..............] rms=  286 peak= 2350 seam=ok lag=335us
01:16:26.370   -> clock_tick      p=0.83  preproc=68641us infer=40977us
01:16:26.370   pt[49]: min=-1908 max=2350 avg_abs=200 | fifo=48 under=73 over=50 late=50 mdf_cb=1503 mdf_err=0
01:16:26.868   pt[50]: min=-1174 max=642 avg_abs=143 | fifo=64 under=78 over=50 late=50 mdf_cb=1534 mdf_err=0
01:16:27.427 in=15360Hz out=15600Hz ring=576 under=78 over=50 (dt=1000000us) loglag=80601us
01:16:27.427 win   25 pos=  384000  -45dBFS [#####...............] rms=  191 peak= 1174 seam=ok lag=336us
01:16:27.427   -> unknown         p=0.39  preproc=68636us infer=40971us
01:16:27.427   pt[51]: min=-576 max=902 avg_abs=144 | fifo=288 under=78 over=52 late=52 mdf_cb=1563 mdf_err=0
01:16:27.927   pt[52]: min=-650 max=362 avg_abs=80 | fifo=304 under=81 over=52 late=52 mdf_cb=1594 mdf_err=0
01:16:28.302 in=15104Hz out=15200Hz ring=304 under=81 over=52 (dt=999999us) loglag=113231us
01:16:28.427 win   26 pos=  399360  -45dBFS [#####...............] rms=  184 peak= 2002 seam=ok lag=332us
01:16:28.427   -> unknown         p=0.41  preproc=68620us infer=40975us
01:16:28.434   pt[53]: min=-1710 max=2002 avg_abs=145 | fifo=128 under=81 over=54 late=54 mdf_cb=1623 mdf_err=0
01:16:28.944   pt[54]: min=-380 max=390 avg_abs=84 | fifo=144 under=85 over=54 late=54 mdf_cb=1654 mdf_err=0
01:16:29.318 in=14848Hz out=15200Hz ring=432 under=85 over=54 (dt=999999us) loglag=113231us
01:16:29.502 win   27 pos=  414720  -49dBFS [###.................] rms=  112 peak=  574 seam=ok lag=335us
01:16:29.502   -> unknown         p=0.46  preproc=68626us infer=40984us
01:16:29.502   pt[55]: min=-574 max=378 avg_abs=96 | fifo=0 under=86 over=56 late=56 mdf_cb=1683 mdf_err=0
01:16:30.002   pt[56]: min=-348 max=326 avg_abs=85 | fifo=640 under=89 over=56 late=56 mdf_cb=1715 mdf_err=0
01:16:30.318 in=14848Hz out=15200Hz ring=560 under=89 over=56 (dt=999999us) loglag=113231us
01:16:30.502 {"win":28,"cls":"crackling_fire","p":0.62,"lat_ms":112,"under":89,"over":56,"late":56}
01:16:30.509 win   28 pos=  430080  -34dBFS [########............] rms=  621 peak= 6392 seam=ok lag=336us
01:16:30.517   -> crackling_fire  p=0.62  preproc=68617us infer=40973us
01:16:30.523   pt[57]: min=-6392 max=4546 avg_abs=563 | fifo=208 under=89 over=58 late=58 mdf_cb=1743 mdf_err=0
01:16:30.585 lcd: win 28 -> FIRE p=0.62 (32027 us after notify)
01:16:31.019   pt[58]: min=-7224 max=5252 avg_abs=395 | fifo=224 under=90 over=58 late=58 mdf_cb=1774 mdf_err=0
01:16:31.335 in=14848Hz out=15200Hz ring=288 under=90 over=58 (dt=1000000us) loglag=113231us
01:16:31.584 win   29 pos=  445440  -36dBFS [########............] rms=  495 peak= 7224 seam=ok lag=336us
01:16:31.584   -> clock_tick      p=0.55  preproc=68637us infer=40974us
01:16:31.584 ====================================
01:16:31.584 ====================================
01:16:31.584 TAP TOTAL win=29
01:16:31.584 ====================================
01:16:31.584 ====================================
01:16:31.584 tap total: windows=30 (expected 30 from 461056 samples) overrun=0 torn=0 skipped=0 seam ok=29 NG=0
01:16:31.584   tap lag max=336us (0 of them lower bounds) | tap write max=413862398ns avg=1972461ns (1800 calls)
01:16:31.584   audio under=90 over=58 late=58 | aed run=30 err=0 (last er=0)
01:16:31.593   preproc max=68642us avg=68626us | infer max=41003us avg=40978us
01:16:31.601   notify out=19 held=6 offlist=5 gated=0 lat max=111679us (0 lower bounds)
01:16:31.607   log sent=245 dropped=0 lag max=113231us
01:16:31.609   disp sent=14 dropped=0 max=542712us avg=61588us
01:16:31.609 ====================================
01:16:31.617 ====================================
01:16:31.620   pt[59]: min=-2874 max=2442 avg_abs=158 | fifo=48 under=90 over=60 late=60 mdf_cb=1803 mdf_err=0
01:16:32.068   pt[60]: min=-782 max=506 avg_abs=90 | fifo=464 under=95 over=60 late=60 mdf_cb=1834 mdf_err=0
01:16:32.319 in=14848Hz out=15200Hz ring=416 under=95 over=60 (dt=999999us) loglag=113231us
01:16:32.585 win   30 pos=  460800  -50dBFS [###.................] rms=  110 peak=  782 seam=ok lag=334us
01:16:32.585   -> unknown         p=0.42  preproc=68625us infer=40987us
01:16:32.593   pt[61]: min=-350 max=500 avg_abs=82 | fifo=288 under=95 over=62 late=62 mdf_cb=1863 mdf_err=0
01:16:33.118   pt[62]: min=-412 max=318 avg_abs=78 | fifo=560 under=98 over=62 late=62 mdf_cb=1895 mdf_err=0
01:16:33.377 in=14592Hz out=14800Hz ring=288 under=98 over=62 (dt=999999us) loglag=113231us
01:16:33.627 win   31 pos=  476160  -50dBFS [###.................] rms=  102 peak=  412 seam=ok lag=335us
01:16:33.627   -> unknown         p=0.46  preproc=68632us infer=40976us
01:16:33.635   pt[63]: min=-346 max=320 avg_abs=83 | fifo=128 under=98 over=64 late=64 mdf_cb=1923 mdf_err=0
01:16:34.168   pt[64]: min=-494 max=770 avg_abs=116 | fifo=144 under=102 over=64 late=64 mdf_cb=1954 mdf_err=0
01:16:34.344 in=14848Hz out=15200Hz ring=416 under=102 over=64 (dt=1000000us) loglag=113231us
01:16:34.735 win   32 pos=  491520  -46dBFS [####................] rms=  156 peak= 1850 seam=ok lag=333us
01:16:34.735   -> clock_tick      p=0.66  preproc=68635us infer=40987us
01:16:34.735   pt[65]: min=-1380 max=1850 avg_abs=123 | fifo=0 under=103 over=66 late=66 mdf_cb=1983 mdf_err=0
01:16:35.177   pt[66]: min=-416 max=324 avg_abs=99 | fifo=384 under=106 over=66 late=66 mdf_cb=2014 mdf_err=0
01:16:35.377 in=14848Hz out=15600Hz ring=144 under=106 over=66 (dt=999999us) loglag=113231us
01:16:35.751 win   33 pos=  506880  -49dBFS [###.................] rms=  113 peak=  416 seam=ok lag=335us
01:16:35.751   -> unknown         p=0.39  preproc=68625us infer=40978us
01:16:35.751   pt[67]: min=-624 max=776 avg_abs=89 | fifo=208 under=106 over=68 late=68 mdf_cb=2043 mdf_err=0
01:16:36.251   pt[68]: min=-6844 max=4596 avg_abs=306 | fifo=480 under=107 over=68 late=68 mdf_cb=2075 mdf_err=0
01:16:36.378 in=14848Hz out=14800Hz ring=272 under=107 over=68 (dt=1000000us) loglag=113231us
01:16:36.759 win   34 pos=  522240  -37dBFS [#######.............] rms=  463 peak= 6844 seam=ok lag=334us
01:16:36.759   -> clock_tick      p=0.54  preproc=68632us infer=40979us
01:16:36.759   pt[69]: min=-3704 max=2230 avg_abs=208 | fifo=48 under=107 over=70 late=70 mdf_cb=2103 mdf_err=0
01:16:37.260   pt[70]: min=-3872 max=1782 avg_abs=147 | fifo=64 under=112 over=70 late=70 mdf_cb=2134 mdf_err=0
01:16:37.376 in=14848Hz out=15200Hz ring=400 under=112 over=70 (dt=999999us) loglag=113231us
01:16:37.817 {"win":35,"cls":"crackling_fire","p":0.55,"lat_ms":112,"under":112,"over":70,"late":70}
01:16:37.817 win   35 pos=  537600  -35dBFS [########............] rms=  565 peak= 8568 seam=ok lag=336us
01:16:37.817   -> crackling_fire  p=0.55  preproc=68625us infer=40976us
01:16:37.817   pt[71]: min=-8568 max=6216 avg_abs=363 | fifo=288 under=112 over=72 late=72 mdf_cb=2163 mdf_err=0
01:16:37.817 lcd: win 35 -> FIRE p=0.55 (32499 us after notify)
01:16:38.320   pt[72]: min=-8112 max=6550 avg_abs=355 | fifo=304 under=115 over=72 late=72 mdf_cb=2194 mdf_err=0
01:16:38.377 in=14848Hz out=15200Hz ring=128 under=115 over=72 (dt=1000000us) loglag=113231us
01:16:38.877 win   36 pos=  552960  -35dBFS [########............] rms=  584 peak= 8112 seam=ok lag=334us
01:16:38.877   -> clock_tick      p=0.65  preproc=68631us infer=40976us
01:16:38.877   pt[73]: min=-5666 max=4004 avg_abs=265 | fifo=128 under=115 over=74 late=74 mdf_cb=2223 mdf_err=0
01:16:39.375   pt[74]: min=-4748 max=5466 avg_abs=200 | fifo=144 under=119 over=74 late=74 mdf_cb=2254 mdf_err=0
01:16:39.375 in=14848Hz out=15200Hz ring=256 under=119 over=74 (dt=999999us) loglag=113231us
01:16:39.877 win   37 pos=  568320  -40dBFS [######..............] rms=  313 peak= 5466 seam=ok lag=337us
01:16:39.877   -> clock_tick      p=0.67  preproc=68625us infer=40979us
01:16:39.877   pt[75]: min=-1730 max=932 avg_abs=130 | fifo=0 under=120 over=76 late=76 mdf_cb=2283 mdf_err=0
01:16:40.377 in=14848Hz out=15200Hz ring=384 under=123 over=76 (dt=999999us) loglag=113231us
01:16:40.377   pt[76]: min=-472 max=340 avg_abs=97 | fifo=240 under=123 over=76 late=76 mdf_cb=2315 mdf_err=0
01:16:40.942 {"win":38,"cls":"sneezing","p":0.53,"lat_ms":112,"under":123,"over":76,"late":76}
01:16:40.942 win   38 pos=  583680  -48dBFS [####................] rms=  126 peak=  474 seam=ok lag=335us
01:16:40.942   -> sneezing        p=0.53  preproc=68628us infer=40979us
01:16:40.942   pt[77]: min=-412 max=394 avg_abs=94 | fifo=208 under=123 over=78 late=78 mdf_cb=2343 mdf_err=0
01:16:40.942 lcd: win 38 -> SNEEZE p=0.53 (34122 us after notify)
01:16:41.376 in=14848Hz out=14800Hz ring=512 under=124 over=78 (dt=1000000us) loglag=113231us
01:16:41.444   pt[78]: min=-322 max=428 avg_abs=85 | fifo=224 under=124 over=78 late=78 mdf_cb=2374 mdf_err=0
01:16:41.943 {"win":39,"cls":"sneezing","p":0.65,"lat_ms":112,"under":124,"over":78,"late":78}
01:16:41.950 win   39 pos=  599040  -50dBFS [###.................] rms=  108 peak=  434 seam=ok lag=333us
01:16:41.959   -> sneezing        p=0.65  preproc=68627us infer=40975us
01:16:41.960 ====================================
01:16:41.968 ====================================
01:16:41.968 TAP TOTAL win=39
01:16:41.968 ====================================
01:16:41.976 ====================================
01:16:41.979 tap total: windows=40 (expected 40 from 614656 samples) overrun=0 torn=0 skipped=0 seam ok=39 NG=0
01:16:41.984   tap lag max=337us (0 of them lower bounds) | tap write max=413862398ns avg=1946075ns (2400 calls)
01:16:41.993   audio under=124 over=78 late=78 | aed run=40 err=0 (last er=0)
01:16:42.003   preproc max=68642us avg=68627us | infer max=41003us avg=40978us
01:16:42.009   notify out=22 held=9 offlist=9 gated=0 lat max=111679us (0 lower bounds)
01:16:42.015   log sent=314 dropped=0 lag max=113231us
01:16:42.018   disp sent=17 dropped=0 max=542712us avg=58054us
01:16:42.023 ====================================
01:16:42.026 ====================================
01:16:42.026   pt[79]: min=-434 max=322 avg_abs=85 | fifo=48 under=124 over=80 late=80 mdf_cb=2403 mdf_err=0
01:16:42.100 lcd: win 39 -> SNEEZE p=0.65 (97751 us after notify)
01:16:42.410 in=14848Hz out=15600Hz ring=240 under=129 over=80 (dt=999999us) loglag=113231us
01:16:42.477   pt[80]: min=-502 max=346 avg_abs=99 | fifo=464 under=129 over=80 late=80 mdf_cb=2434 mdf_err=0
01:16:43.039 {"win":40,"cls":"unknown","p":0.29,"lat_ms":112,"under":129,"over":80,"late":80}
01:16:43.039 win   40 pos=  614400  -49dBFS [###.................] rms=  111 peak=  502 seam=ok lag=334us
01:16:43.039   -> unknown         p=0.29  preproc=68623us infer=40976us
01:16:43.039   pt[81]: min=-304 max=348 avg_abs=78 | fifo=288 under=129 over=82 late=82 mdf_cb=2463 mdf_err=0
01:16:43.414 in=14848Hz out=14800Hz ring=368 under=132 over=82 (dt=999999us) loglag=113231us
01:16:43.535   pt[82]: min=-356 max=296 avg_abs=79 | fifo=560 under=132 over=82 late=82 mdf_cb=2495 mdf_err=0
01:16:44.034 win   41 pos=  629760  -50dBFS [###.................] rms=  103 peak=  370 seam=ok lag=334us
01:16:44.034   -> clock_tick      p=0.59  preproc=68630us infer=40977us
01:16:44.037   pt[83]: min=-356 max=390 avg_abs=90 | fifo=128 under=132 over=84 late=84 mdf_cb=2523 mdf_err=0
01:16:44.427 in=14848Hz out=15200Hz ring=496 under=136 over=84 (dt=1000000us) loglag=113231us
01:16:44.550   pt[84]: min=-394 max=404 avg_abs=94 | fifo=144 under=136 over=84 late=84 mdf_cb=2554 mdf_err=0
01:16:45.118 {"win":42,"cls":"sneezing","p":0.66,"lat_ms":112,"under":136,"over":84,"late":84}
01:16:45.118 win   42 pos=  645120  -48dBFS [####................] rms=  129 peak=  614 seam=ok lag=335us
01:16:45.118   -> sneezing        p=0.66  preproc=68633us infer=40988us
01:16:45.118   pt[85]: min=-614 max=458 avg_abs=114 | fifo=0 under=137 over=86 late=86 mdf_cb=2583 mdf_err=0
01:16:45.118 lcd: win 42 -> SNEEZE p=0.66 (31785 us after notify)
01:16:45.426 in=14848Hz out=15200Hz ring=624 under=141 over=86 (dt=999999us) loglag=113231us
01:16:45.568   pt[86]: min=-704 max=776 avg_abs=137 | fifo=384 under=141 over=86 late=86 mdf_cb=2614 mdf_err=0
01:16:46.151 {"win":43,"cls":"unknown","p":0.45,"lat_ms":112,"under":141,"over":86,"late":86}
01:16:46.151 win   43 pos=  660480  -47dBFS [####................] rms=  155 peak=  776 seam=ok lag=336us
01:16:46.151   -> unknown         p=0.45  preproc=68630us infer=40971us
01:16:46.151   pt[87]: min=-510 max=352 avg_abs=91 | fifo=208 under=141 over=88 late=88 mdf_cb=2643 mdf_err=0
01:16:46.459 in=14592Hz out=15200Hz ring=96 under=142 over=88 (dt=1000000us) loglag=113231us
01:16:46.644   pt[88]: min=-414 max=524 avg_abs=98 | fifo=224 under=142 over=88 late=88 mdf_cb=2674 mdf_err=0
01:16:47.150 win   44 pos=  675840  -46dBFS [####................] rms=  157 peak=  666 seam=ok lag=334us
01:16:47.150   -> unknown         p=0.33  preproc=68628us infer=40974us
01:16:47.150   pt[89]: min=-666 max=622 avg_abs=154 | fifo=48 under=142 over=90 late=90 mdf_cb=2703 mdf_err=0
01:16:47.417 in=14848Hz out=15200Hz ring=224 under=147 over=90 (dt=999999us) loglag=113231us
01:16:47.678   pt[90]: min=-916 max=1454 avg_abs=139 | fifo=320 under=147 over=90 late=90 mdf_cb=2735 mdf_err=0
01:16:48.245 {"win":45,"cls":"crackling_fire","p":0.66,"lat_ms":112,"under":147,"over":90,"late":90}
01:16:48.245 win   45 pos=  691200  -45dBFS [#####...............] rms=  179 peak= 1454 seam=ok lag=336us
01:16:48.245   -> crackling_fire  p=0.66  preproc=68629us infer=40976us
01:16:48.245   pt[91]: min=-2558 max=1824 avg_abs=134 | fifo=288 under=147 over=92 late=92 mdf_cb=2763 mdf_err=0
01:16:48.245 lcd: win 45 -> FIRE p=0.66 (34450 us after notify)
01:16:48.427 in=14848Hz out=14800Hz ring=336 under=149 over=92 (dt=1000000us) loglag=113231us
01:16:48.702   pt[92]: min=-2040 max=2064 avg_abs=158 | fifo=304 under=150 over=92 late=92 mdf_cb=2794 mdf_err=0
01:16:49.227 {"win":46,"cls":"unknown","p":0.33,"lat_ms":112,"under":150,"over":92,"late":92}
01:16:49.227 win   46 pos=  706560  -44dBFS [#####...............] rms=  211 peak= 2558 seam=ok lag=332us
01:16:49.239   -> unknown         p=0.33  preproc=68634us infer=40986us
01:16:49.244   pt[93]: min=-1460 max=1768 avg_abs=116 | fifo=128 under=150 over=94 late=94 mdf_cb=2823 mdf_err=0
01:16:49.443 in=14848Hz out=15600Hz ring=80 under=154 over=94 (dt=999999us) loglag=113231us
01:16:49.760   pt[94]: min=-1656 max=1618 avg_abs=118 | fifo=144 under=154 over=94 late=94 mdf_cb=2854 mdf_err=0
01:16:50.271 {"win":47,"cls":"crackling_fire","p":0.91,"lat_ms":112,"under":154,"over":94,"late":94}
01:16:50.273 win   47 pos=  721920  -46dBFS [####................] rms=  167 peak= 1768 seam=ok lag=335us
01:16:50.281   -> crackling_fire  p=0.91  preproc=68615us infer=40977us
01:16:50.287   pt[95]: min=-600 max=488 avg_abs=124 | fifo=0 under=155 over=96 late=96 mdf_cb=2883 mdf_err=0
01:16:50.357 lcd: win 47 -> FIRE p=0.91 (32140 us after notify)
01:16:50.485 in=14848Hz out=15200Hz ring=192 under=158 over=96 (dt=1000000us) loglag=113231us
01:16:50.813   pt[96]: min=-692 max=578 avg_abs=139 | fifo=240 under=159 over=96 late=96 mdf_cb=2915 mdf_err=0
01:16:51.317 {"win":48,"cls":"unknown","p":0.42,"lat_ms":112,"under":159,"over":96,"late":96}
01:16:51.317 win   48 pos=  737280  -46dBFS [####................] rms=  166 peak=  692 seam=ok lag=335us
01:16:51.321   -> unknown         p=0.42  preproc=68629us infer=40973us
01:16:51.326   pt[97]: min=-396 max=420 avg_abs=110 | fifo=208 under=159 over=98 late=98 mdf_cb=2943 mdf_err=0
01:16:51.462 in=14848Hz out=14800Hz ring=336 under=160 over=98 (dt=999999us) loglag=113231us
01:16:51.851   pt[98]: min=-936 max=964 avg_abs=178 | fifo=480 under=160 over=98 late=98 mdf_cb=2975 mdf_err=0
01:16:52.361 win   49 pos=  752640  -43dBFS [#####...............] rms=  228 peak= 5270 seam=ok lag=336us
01:16:52.361   -> clock_tick      p=0.87  preproc=68624us infer=40976us
01:16:52.361 ====================================
01:16:52.361 ====================================
01:16:52.361 TAP TOTAL win=49
01:16:52.367 ====================================
01:16:52.371 ====================================
01:16:52.373 tap total: windows=50 (expected 50 from 768256 samples) overrun=0 torn=0 skipped=0 seam ok=49 NG=0
01:16:52.382   tap lag max=337us (0 of them lower bounds) | tap write max=413862398ns avg=1930251ns (3000 calls)
01:16:52.384   audio under=160 over=98 late=98 | aed run=50 err=0 (last er=0)
01:16:52.392   preproc max=68642us avg=68627us | infer max=41003us avg=40978us
01:16:52.403   notify out=29 held=10 offlist=11 gated=0 lat max=111679us (0 lower bounds)
01:16:52.409   log sent=389 dropped=0 lag max=113231us
01:16:52.409   disp sent=20 dropped=0 max=542712us avg=56249us
01:16:52.418 ====================================
01:16:52.421 ====================================
01:16:52.424   pt[99]: min=-5270 max=2862 avg_abs=148 | fifo=48 under=160 over=100 late=100 mdf_cb=3003 mdf_err=0
01:16:52.494 in=14848Hz out=15200Hz ring=368 under=162 over=100 (dt=999999us) loglag=113231us
01:16:52.859   pt[100]: min=-2084 max=1408 avg_abs=132 | fifo=64 under=165 over=100 late=100 mdf_cb=3034 mdf_err=0
01:16:53.426 win   50 pos=  768000  -46dBFS [####................] rms=  168 peak= 2084 seam=ok lag=335us
01:16:53.426   -> clock_tick      p=0.95  preproc=68628us infer=40992us
01:16:53.426   pt[101]: min=-476 max=518 avg_abs=121 | fifo=288 under=165 over=102 late=102 mdf_cb=3063 mdf_err=0
01:16:53.492 in=14848Hz out=15200Hz ring=112 under=165 over=102 (dt=1000000us) loglag=113231us
01:16:53.929   pt[102]: min=-1080 max=916 avg_abs=121 | fifo=304 under=168 over=102 late=102 mdf_cb=3094 mdf_err=0
01:16:54.429 win   51 pos=  783360  -46dBFS [####................] rms=  162 peak= 1686 seam=ok lag=335us
01:16:54.434   -> clock_tick      p=0.61  preproc=68632us infer=40973us
01:16:54.439   pt[103]: min=-1526 max=1686 avg_abs=124 | fifo=128 under=168 over=104 late=104 mdf_cb=3123 mdf_err=0
01:16:54.502 in=14848Hz out=15200Hz ring=256 under=170 over=104 (dt=999999us) loglag=113231us
01:16:54.956   pt[104]: min=-2164 max=2180 avg_abs=280 | fifo=144 under=172 over=104 late=104 mdf_cb=3154 mdf_err=0
01:16:55.518 win   52 pos=  798720  -39dBFS [#######.............] rms=  367 peak= 2180 seam=ok lag=333us
01:16:55.518   -> clock_tick      p=0.82  preproc=68620us infer=40988us
01:16:55.518   pt[105]: min=-922 max=1210 avg_abs=222 | fifo=0 under=173 over=106 late=106 mdf_cb=3183 mdf_err=0
01:16:55.518 in=14784Hz out=15135Hz ring=0 under=173 over=106 (dt=1004271us) loglag=113231us
01:16:56.037   pt[106]: min=-1750 max=1056 avg_abs=118 | fifo=240 under=176 over=106 late=106 mdf_cb=3215 mdf_err=0
01:16:56.568 in=14654Hz out=14863Hz ring=496 under=176 over=106 (dt=995729us) loglag=113231us
01:16:56.568 win   53 pos=  814080  -39dBFS [#######.............] rms=  347 peak= 4296 seam=ok lag=334us
01:16:56.568   -> clock_tick      p=0.90  preproc=68622us infer=40984us
01:16:56.568   pt[107]: min=-4296 max=2380 avg_abs=307 | fifo=208 under=176 over=108 late=108 mdf_cb=3243 mdf_err=0
01:16:57.076   pt[108]: min=-1382 max=1034 avg_abs=177 | fifo=224 under=177 over=108 late=108 mdf_cb=3274 mdf_err=0
01:16:57.567 in=15360Hz out=15600Hz ring=336 under=177 over=108 (dt=999999us) loglag=113231us
01:16:57.567 {"win":54,"cls":"crackling_fire","p":0.90,"lat_ms":112,"under":177,"over":108,"late":108}
01:16:57.567 win   54 pos=  829440  -42dBFS [######..............] rms=  254 peak= 1542 seam=ok lag=336us
01:16:57.567   -> crackling_fire  p=0.90  preproc=68634us infer=40973us
01:16:57.567   pt[109]: min=-1542 max=1438 avg_abs=187 | fifo=48 under=177 over=110 late=110 mdf_cb=3303 mdf_err=0
01:16:57.643 lcd: win 54 -> FIRE p=0.90 (39760 us after notify)
01:16:58.084   pt[110]: min=-364 max=376 avg_abs=93 | fifo=64 under=182 over=110 late=110 mdf_cb=3334 mdf_err=0
01:16:58.643 in=15360Hz out=15600Hz ring=576 under=182 over=110 (dt=1000000us) loglag=113231us
01:16:58.643 {"win":55,"cls":"unknown","p":0.38,"lat_ms":112,"under":182,"over":110,"late":110}
01:16:58.643 win   55 pos=  844800  -49dBFS [###.................] rms=  113 peak=  416 seam=ok lag=334us
01:16:58.643   -> unknown         p=0.38  preproc=68634us infer=40987us
01:16:58.643   pt[111]: min=-332 max=322 avg_abs=83 | fifo=288 under=182 over=112 late=112 mdf_cb=3363 mdf_err=0
01:16:59.150   pt[112]: min=-350 max=304 avg_abs=75 | fifo=304 under=185 over=112 late=112 mdf_cb=3394 mdf_err=0
01:16:59.529 in=15360Hz out=15600Hz ring=160 under=185 over=112 (dt=999999us) loglag=113231us
01:16:59.650 {"win":56,"cls":"crackling_fire","p":0.52,"lat_ms":112,"under":185,"over":112,"late":112}
01:16:59.650 win   56 pos=  860160  -50dBFS [###.................] rms=   99 peak=  350 seam=ok lag=335us
01:16:59.650   -> crackling_fire  p=0.52  preproc=68627us infer=40971us
01:16:59.650   pt[113]: min=-320 max=350 avg_abs=82 | fifo=128 under=185 over=114 late=114 mdf_cb=3423 mdf_err=0
01:16:59.709 lcd: win 56 -> FIRE p=0.52 (32415 us after notify)
01:17:00.142   pt[114]: min=-320 max=372 avg_abs=99 | fifo=400 under=189 over=114 late=114 mdf_cb=3455 mdf_err=0
01:17:00.535 in=14848Hz out=15200Hz ring=288 under=189 over=114 (dt=1000000us) loglag=113231us
01:17:00.726 {"win":57,"cls":"unknown","p":0.40,"lat_ms":112,"under":189,"over":114,"late":114}
01:17:00.726 win   57 pos=  875520  -49dBFS [###.................] rms=  120 peak=  448 seam=ok lag=335us
01:17:00.726   -> unknown         p=0.40  preproc=68634us infer=40986us
01:17:00.726   pt[115]: min=-340 max=448 avg_abs=96 | fifo=0 under=190 over=116 late=116 mdf_cb=3483 mdf_err=0
01:17:01.226   pt[116]: min=-424 max=432 avg_abs=93 | fifo=384 under=194 over=116 late=116 mdf_cb=3514 mdf_err=0
01:17:01.542 in=14848Hz out=15200Hz ring=416 under=194 over=116 (dt=999999us) loglag=113231us
01:17:01.726 win   58 pos=  890880  -49dBFS [###.................] rms=  123 peak=  432 seam=ok lag=335us
01:17:01.726   -> unknown         p=0.41  preproc=68625us infer=40975us
01:17:01.726   pt[117]: min=-380 max=382 avg_abs=103 | fifo=208 under=194 over=118 late=118 mdf_cb=3543 mdf_err=0
01:17:02.226   pt[118]: min=-400 max=468 avg_abs=99 | fifo=224 under=195 over=118 late=118 mdf_cb=3574 mdf_err=0
01:17:02.534 in=14848Hz out=14800Hz ring=544 under=195 over=118 (dt=999999us) loglag=113231us
01:17:02.785 win   59 pos=  906240  -49dBFS [###.................] rms=  120 peak=  468 seam=ok lag=336us
01:17:02.785   -> unknown         p=0.45  preproc=68621us infer=40972us
01:17:02.785 ====================================
01:17:02.785 ====================================
01:17:02.785 TAP TOTAL win=59
01:17:02.785 ====================================
01:17:02.785 ====================================
01:17:02.785 tap total: windows=60 (expected 60 from 921856 samples) overrun=0 torn=0 skipped=0 seam ok=59 NG=0
01:17:02.785   tap lag max=337us (0 of them lower bounds) | tap write max=413862398ns avg=1919698ns (3600 calls)
01:17:02.792   audio under=195 over=118 late=118 | aed run=60 err=0 (last er=0)
01:17:02.792   preproc max=68642us avg=68627us | infer max=41003us avg=40978us
01:17:02.805   notify out=33 held=12 offlist=15 gated=0 lat max=111679us (0 lower bounds)
01:17:02.809   log sent=460 dropped=0 lag max=113231us
01:17:02.809   disp sent=22 dropped=0 max=542712us avg=54416us
01:17:02.819 ====================================
01:17:02.823 ====================================
01:17:02.826   pt[119]: min=-344 max=390 avg_abs=88 | fifo=48 under=195 over=120 late=120 mdf_cb=3603 mdf_err=0
01:17:03.269   pt[120]: min=-646 max=774 avg_abs=127 | fifo=464 under=200 over=120 late=120 mdf_cb=3634 mdf_err=0
01:17:03.585 in=14848Hz out=15600Hz ring=272 under=200 over=120 (dt=1000000us) loglag=113231us
01:17:03.835 {"win":60,"cls":"crackling_fire","p":0.97,"lat_ms":112,"under":200,"over":120,"late":120}
01:17:03.835 win   60 pos=  921600  -46dBFS [####................] rms=  168 peak=  774 seam=ok lag=335us
01:17:03.835   -> crackling_fire  p=0.97  preproc=68631us infer=40975us
01:17:03.835   pt[121]: min=-752 max=720 avg_abs=132 | fifo=288 under=200 over=122 late=122 mdf_cb=3663 mdf_err=0
01:17:03.835 lcd: win 60 -> FIRE p=0.97 (32465 us after notify)
01:17:04.335   pt[122]: min=-918 max=1178 avg_abs=147 | fifo=560 under=203 over=122 late=122 mdf_cb=3695 mdf_err=0
01:17:04.585 in=14848Hz out=14800Hz ring=400 under=203 over=122 (dt=1000000us) loglag=113231us
01:17:04.835 {"win":61,"cls":"crackling_fire","p":0.72,"lat_ms":112,"under":203,"over":122,"late":122}
01:17:04.835 win   61 pos=  936960  -43dBFS [#####...............] rms=  226 peak= 1514 seam=ok lag=334us
01:17:04.843   -> crackling_fire  p=0.72  preproc=68636us infer=40976us
01:17:04.849   pt[123]: min=-1514 max=1014 avg_abs=217 | fifo=128 under=203 over=124 late=124 mdf_cb=3723 mdf_err=0
01:17:04.918 lcd: win 61 -> FIRE p=0.72 (32678 us after notify)
01:17:05.350   pt[124]: min=-1972 max=1768 avg_abs=254 | fifo=144 under=207 over=124 late=124 mdf_cb=3754 mdf_err=0
01:17:05.598 in=14848Hz out=15200Hz ring=528 under=207 over=124 (dt=999999us) loglag=113231us
01:17:05.917 {"win":62,"cls":"crackling_fire","p":0.86,"lat_ms":112,"under":207,"over":124,"late":124}
01:17:05.917 win   62 pos=  952320  -40dBFS [######..............] rms=  329 peak= 1972 seam=ok lag=334us
01:17:05.917   -> crackling_fire  p=0.86  preproc=68614us infer=40972us
01:17:05.917   pt[125]: min=-1116 max=1032 avg_abs=190 | fifo=0 under=208 over=126 late=126 mdf_cb=3783 mdf_err=0
01:17:05.917 lcd: win 62 -> FIRE p=0.86 (32459 us after notify)
01:17:06.409   pt[126]: min=-3954 max=3582 avg_abs=281 | fifo=384 under=212 over=126 late=126 mdf_cb=3814 mdf_err=0
01:17:06.602 in=14848Hz out=15600Hz ring=256 under=212 over=126 (dt=999999us) loglag=113231us
01:17:06.934 win   63 pos=  967680  -39dBFS [#######.............] rms=  360 peak= 3954 seam=ok lag=336us
01:17:06.934   -> clock_tick      p=0.88  preproc=68639us infer=40978us
01:17:06.934   pt[127]: min=-1470 max=1428 avg_abs=191 | fifo=208 under=212 over=128 late=128 mdf_cb=3843 mdf_err=0
01:17:07.434   pt[128]: min=-2246 max=3196 avg_abs=131 | fifo=224 under=213 over=128 late=128 mdf_cb=3874 mdf_err=0
01:17:07.617 in=14848Hz out=14800Hz ring=384 under=213 over=128 (dt=1000000us) loglag=113231us
01:17:07.992 win   64 pos=  983040  -44dBFS [#####...............] rms=  219 peak= 3196 seam=ok lag=336us
01:17:07.992   -> clock_tick      p=0.86  preproc=68628us infer=40979us
01:17:07.992   pt[129]: min=-1830 max=1212 avg_abs=136 | fifo=48 under=213 over=130 late=130 mdf_cb=3903 mdf_err=0
01:17:08.485   pt[130]: min=-480 max=430 avg_abs=116 | fifo=464 under=218 over=130 late=130 mdf_cb=3934 mdf_err=0
01:17:08.621 in=14848Hz out=15200Hz ring=512 under=218 over=130 (dt=999999us) loglag=113231us
01:17:08.993 win   65 pos=  998400  -46dBFS [####................] rms=  159 peak= 1860 seam=ok lag=335us
01:17:08.993   -> unknown         p=0.47  preproc=68629us infer=40983us
01:17:09.001   pt[131]: min=-1450 max=1860 avg_abs=122 | fifo=288 under=218 over=132 late=132 mdf_cb=3963 mdf_err=0
01:17:09.502   pt[132]: min=-4930 max=4492 avg_abs=135 | fifo=560 under=221 over=132 late=132 mdf_cb=3995 mdf_err=0
01:17:09.639 in=14848Hz out=15200Hz ring=240 under=221 over=132 (dt=1000000us) loglag=113231us
01:17:10.085 {"win":66,"cls":"crackling_fire","p":0.58,"lat_ms":112,"under":221,"over":132,"late":132}
01:17:10.085 win   66 pos= 1013760  -43dBFS [#####...............] rms=  241 peak= 4930 seam=ok lag=333us
01:17:10.085   -> crackling_fire  p=0.58  preproc=68626us infer=40981us
01:17:10.085   pt[133]: min=-972 max=866 avg_abs=185 | fifo=128 under=221 over=134 late=134 mdf_cb=4023 mdf_err=0
01:17:10.085 lcd: win 66 -> FIRE p=0.58 (32797 us after notify)
01:17:10.582   pt[134]: min=-760 max=636 avg_abs=147 | fifo=144 under=225 over=134 late=134 mdf_cb=4054 mdf_err=0
01:17:10.642 in=14848Hz out=15200Hz ring=368 under=225 over=134 (dt=999999us) loglag=113231us
01:17:11.084 {"win":67,"cls":"crackling_fire","p":0.83,"lat_ms":112,"under":225,"over":134,"late":134}
01:17:11.084 win   67 pos= 1029120  -43dBFS [#####...............] rms=  235 peak= 1288 seam=ok lag=334us
01:17:11.084   -> crackling_fire  p=0.83  preproc=68628us infer=40978us
01:17:11.084   pt[135]: min=-1288 max=940 avg_abs=209 | fifo=0 under=226 over=136 late=136 mdf_cb=4083 mdf_err=0
01:17:11.101 lcd: win 67 -> FIRE p=0.83 (32374 us after notify)
01:17:11.623   pt[136]: min=-1156 max=1090 avg_abs=151 | fifo=384 under=230 over=136 late=136 mdf_cb=4114 mdf_err=0
01:17:11.623 in=14848Hz out=15200Hz ring=496 under=230 over=136 (dt=1000000us) loglag=113231us
01:17:12.149 win   68 pos= 1044480  -43dBFS [#####...............] rms=  231 peak= 1528 seam=ok lag=334us
01:17:12.149   -> clock_tick      p=0.60  preproc=68624us infer=40977us
01:17:12.149   pt[137]: min=-1528 max=1156 avg_abs=190 | fifo=208 under=230 over=138 late=138 mdf_cb=4143 mdf_err=0
01:17:12.646 in=14848Hz out=14800Hz ring=624 under=231 over=138 (dt=999999us) loglag=113231us
01:17:12.646   pt[138]: min=-918 max=1240 avg_abs=208 | fifo=224 under=231 over=138 late=138 mdf_cb=4174 mdf_err=0
01:17:13.209 {"win":69,"cls":"crackling_fire","p":0.98,"lat_ms":112,"under":231,"over":138,"late":138}
01:17:13.209 win   69 pos= 1059840  -40dBFS [######..............] rms=  319 peak= 3356 seam=ok lag=336us
01:17:13.209   -> crackling_fire  p=0.98  preproc=68628us infer=40979us
01:17:13.209 ====================================
01:17:13.209 ====================================
01:17:13.209 TAP TOTAL win=69
01:17:13.209 ====================================
01:17:13.209 ====================================
01:17:13.209 tap total: windows=70 (expected 70 from 1075456 samples) overrun=0 torn=0 skipped=0 seam ok=69 NG=0
01:17:13.209   tap lag max=337us (0 of them lower bounds) | tap write max=413862398ns avg=207808ns (4200 calls)
01:17:13.209   audio under=231 over=138 late=138 | aed run=70 err=0 (last er=0)
01:17:13.209   preproc max=68642us avg=68627us | infer max=41003us avg=40978us
01:17:13.209   notify out=39 held=13 offlist=18 gated=0 lat max=111679us (0 lower bounds)
01:17:13.222   log sent=535 dropped=0 lag max=113231us
01:17:13.226   disp sent=28 dropped=0 max=542712us avg=50368us
01:17:13.226 ====================================
01:17:13.233 ====================================
01:17:13.236   pt[139]: min=-3356 max=2800 avg_abs=276 | fifo=48 under=231 over=140 late=140 mdf_cb=4203 mdf_err=0
01:17:13.300 lcd: win 69 -> FIRE p=0.98 (98863 us after notify)
01:17:13.675 in=14848Hz out=15600Hz ring=352 under=236 over=140 (dt=1000000us) loglag=113231us
01:17:13.675   pt[140]: min=-1058 max=1228 avg_abs=200 | fifo=464 under=236 over=140 late=140 mdf_cb=4234 mdf_err=0
01:17:14.250 win   70 pos= 1075200  -42dBFS [######..............] rms=  265 peak= 2006 seam=ok lag=333us
01:17:14.250   -> clock_tick      p=0.59  preproc=68635us infer=40971us
01:17:14.250   pt[141]: min=-1524 max=1312 avg_abs=176 | fifo=288 under=236 over=142 late=142 mdf_cb=4263 mdf_err=0
01:17:14.630 in=14848Hz out=14800Hz ring=480 under=239 over=142 (dt=999999us) loglag=113231us
01:17:14.758   pt[142]: min=-612 max=542 avg_abs=112 | fifo=560 under=239 over=142 late=142 mdf_cb=4295 mdf_err=0
01:17:15.259 win   71 pos= 1090560  -38dBFS [#######.............] rms=  430 peak= 3714 seam=ok lag=336us
01:17:15.259   -> clock_tick      p=0.55  preproc=68627us infer=40974us
01:17:15.259   pt[143]: min=-2426 max=3714 avg_abs=346 | fifo=128 under=239 over=144 late=144 mdf_cb=4323 mdf_err=0
01:17:15.634 in=14848Hz out=15200Hz ring=608 under=243 over=144 (dt=1000000us) loglag=113231us
01:17:15.760   pt[144]: min=-1748 max=1732 avg_abs=146 | fifo=400 under=243 over=144 late=144 mdf_cb=4355 mdf_err=0
01:17:16.333 win   72 pos= 1105920  -45dBFS [#####...............] rms=  192 peak= 2830 seam=ok lag=333us
01:17:16.333   -> clock_tick      p=0.98  preproc=68622us infer=40974us
01:17:16.333   pt[145]: min=-456 max=402 avg_abs=112 | fifo=0 under=244 over=146 late=146 mdf_cb=4383 mdf_err=0
01:17:16.643 in=14848Hz out=15600Hz ring=336 under=247 over=146 (dt=1000000us) loglag=113231us
01:17:16.833   pt[146]: min=-394 max=476 avg_abs=107 | fifo=384 under=247 over=146 late=146 mdf_cb=4414 mdf_err=0
01:17:17.333 {"win":73,"cls":"sneezing","p":0.52,"lat_ms":112,"under":247,"over":146,"late":146}
01:17:17.333 win   73 pos= 1121280  -48dBFS [####................] rms=  129 peak=  476 seam=ok lag=334us
01:17:17.333   -> sneezing        p=0.52  preproc=68623us infer=40991us
01:17:17.333   pt[147]: min=-412 max=412 avg_abs=102 | fifo=208 under=247 over=148 late=148 mdf_cb=4443 mdf_err=0
01:17:17.392 lcd: win 73 -> SNEEZE p=0.52 (32403 us after notify)
01:17:17.710 in=14848Hz out=14800Hz ring=464 under=248 over=148 (dt=1000000us) loglag=113231us
01:17:17.835   pt[148]: min=-460 max=380 avg_abs=120 | fifo=224 under=248 over=148 late=148 mdf_cb=4474 mdf_err=0
01:17:18.351 {"win":74,"cls":"unknown","p":0.47,"lat_ms":112,"under":248,"over":148,"late":148}
01:17:18.351 win   74 pos= 1136640  -47dBFS [####................] rms=  154 peak=  616 seam=ok lag=334us
01:17:18.365   -> unknown         p=0.47  preproc=68627us infer=40974us
01:17:18.368   pt[149]: min=-616 max=586 avg_abs=122 | fifo=48 under=248 over=150 late=150 mdf_cb=4503 mdf_err=0
01:17:18.693 in=14592Hz out=15200Hz ring=336 under=253 over=150 (dt=999999us) loglag=113231us
01:17:18.889   pt[150]: min=-426 max=314 avg_abs=95 | fifo=464 under=253 over=150 late=150 mdf_cb=4534 mdf_err=0
01:17:19.400 win   75 pos= 1152000  -50dBFS [###.................] rms=  109 peak=  426 seam=ok lag=337us
01:17:19.400   -> unknown         p=0.35  preproc=68633us infer=40985us
01:17:19.403   pt[151]: min=-326 max=384 avg_abs=83 | fifo=288 under=253 over=152 late=152 mdf_cb=4563 mdf_err=0
01:17:19.659 in=14848Hz out=15200Hz ring=48 under=255 over=152 (dt=1000000us) loglag=113231us
01:17:19.916   pt[152]: min=-414 max=378 avg_abs=90 | fifo=560 under=256 over=152 late=152 mdf_cb=4595 mdf_err=0
01:17:20.492 {"win":76,"cls":"sneezing","p":0.51,"lat_ms":112,"under":256,"over":152,"late":152}
01:17:20.492 win   76 pos= 1167360  -49dBFS [###.................] rms=  120 peak=  414 seam=ok lag=334us
01:17:20.492   -> sneezing        p=0.51  preproc=68630us infer=40980us
01:17:20.492   pt[153]: min=-374 max=382 avg_abs=100 | fifo=128 under=256 over=154 late=154 mdf_cb=4623 mdf_err=0
01:17:20.492 lcd: win 76 -> SNEEZE p=0.51 (34686 us after notify)
01:17:20.683 in=14848Hz out=15200Hz ring=192 under=260 over=154 (dt=1000000us) loglag=113231us
01:17:20.948   pt[154]: min=-402 max=486 avg_abs=105 | fifo=144 under=260 over=154 late=154 mdf_cb=4654 mdf_err=0
01:17:21.516 {"win":77,"cls":"unknown","p":0.33,"lat_ms":112,"under":260,"over":154,"late":154}
01:17:21.516 win   77 pos= 1182720  -47dBFS [####................] rms=  145 peak=  486 seam=ok lag=333us
01:17:21.516   -> unknown         p=0.33  preproc=68631us infer=40977us
01:17:21.516   pt[155]: min=-474 max=438 avg_abs=124 | fifo=0 under=261 over=156 late=156 mdf_cb=4683 mdf_err=0
01:17:21.709 in=14848Hz out=15200Hz ring=304 under=264 over=156 (dt=999999us) loglag=113231us
01:17:21.976   pt[156]: min=-402 max=398 avg_abs=100 | fifo=384 under=265 over=156 late=156 mdf_cb=4714 mdf_err=0
01:17:22.517 win   78 pos= 1198080  -49dBFS [###.................] rms=  114 peak=  402 seam=ok lag=335us
01:17:22.518   -> unknown         p=0.49  preproc=68627us infer=40983us
01:17:22.523   pt[157]: min=-298 max=322 avg_abs=81 | fifo=208 under=265 over=158 late=158 mdf_cb=4743 mdf_err=0
01:17:22.729 in=14848Hz out=14800Hz ring=448 under=266 over=158 (dt=999999us) loglag=113231us
01:17:23.035   pt[158]: min=-390 max=410 avg_abs=85 | fifo=480 under=266 over=158 late=158 mdf_cb=4775 mdf_err=0
01:17:23.553 win   79 pos= 1213440  -49dBFS [###.................] rms=  115 peak=  540 seam=ok lag=334us
01:17:23.560   -> unknown         p=0.44  preproc=68627us infer=40987us
01:17:23.561 ====================================
01:17:23.567 ====================================
01:17:23.568 TAP TOTAL win=79
01:17:23.568 ====================================
01:17:23.575 ====================================
01:17:23.581 tap total: windows=80 (expected 80 from 1229056 samples) overrun=0 torn=0 skipped=0 seam ok=79 NG=0
01:17:23.585   tap lag max=337us (0 of them lower bounds) | tap write max=413862398ns avg=415200ns (4800 calls)
01:17:23.594   audio under=266 over=158 late=158 | aed run=80 err=0 (last er=0)
01:17:23.604   preproc max=68642us avg=68627us | infer max=41003us avg=40978us
01:17:23.609   notify out=43 held=16 offlist=21 gated=0 lat max=111679us (0 lower bounds)
01:17:23.611   log sent=606 dropped=0 lag max=113231us
01:17:23.620   disp sent=30 dropped=0 max=542712us avg=50863us
01:17:23.625 ====================================
01:17:23.627 ====================================
01:17:23.631   pt[159]: min=-540 max=398 avg_abs=99 | fifo=48 under=266 over=160 late=160 mdf_cb=4803 mdf_err=0
01:17:23.700 in=14848Hz out=15600Hz ring=112 under=269 over=160 (dt=1000000us) loglag=113231us
01:17:24.067   pt[160]: min=-328 max=466 avg_abs=83 | fifo=64 under=271 over=160 late=160 mdf_cb=4834 mdf_err=0
01:17:24.633 win   80 pos= 1228800  -49dBFS [###.................] rms=  110 peak=  466 seam=ok lag=334us
01:17:24.633   -> unknown         p=0.30  preproc=68639us infer=40977us
01:17:24.633   pt[161]: min=-342 max=346 avg_abs=91 | fifo=288 under=271 over=162 late=162 mdf_cb=4863 mdf_err=0
01:17:24.752 in=14848Hz out=14800Hz ring=256 under=272 over=162 (dt=999999us) loglag=113231us
01:17:25.154   pt[162]: min=-294 max=276 avg_abs=78 | fifo=304 under=274 over=162 late=162 mdf_cb=4894 mdf_err=0
01:17:25.650 win   81 pos= 1244160  -51dBFS [###.................] rms=   96 peak=  294 seam=ok lag=335us
01:17:25.650   -> clock_tick      p=0.52  preproc=68619us infer=40977us
01:17:25.650   pt[163]: min=-294 max=286 avg_abs=76 | fifo=128 under=274 over=164 late=164 mdf_cb=4923 mdf_err=0
01:17:25.716 in=14848Hz out=15200Hz ring=368 under=276 over=164 (dt=999999us) loglag=113231us
01:17:26.175   pt[164]: min=-384 max=352 avg_abs=87 | fifo=144 under=278 over=164 late=164 mdf_cb=4954 mdf_err=0
01:17:26.700 win   82 pos= 1259520  -49dBFS [###.................] rms=  114 peak=  430 seam=ok lag=336us
01:17:26.700   -> clock_tick      p=0.62  preproc=68634us infer=40975us
01:17:26.700   pt[165]: min=-428 max=430 avg_abs=95 | fifo=0 under=279 over=166 late=166 mdf_cb=4983 mdf_err=0
01:17:26.762 in=14848Hz out=15600Hz ring=112 under=280 over=166 (dt=1000000us) loglag=113231us
01:17:27.233   pt[166]: min=-400 max=350 avg_abs=101 | fifo=384 under=282 over=166 late=166 mdf_cb=5014 mdf_err=0
01:17:27.742 win   83 pos= 1274880  -49dBFS [###.................] rms=  113 peak=  400 seam=ok lag=335us
01:17:27.742   -> unknown         p=0.41  preproc=68619us infer=40990us
01:17:27.742   pt[167]: min=-334 max=336 avg_abs=82 | fifo=208 under=282 over=168 late=168 mdf_cb=5043 mdf_err=0
01:17:27.742 in=14780Hz out=14732Hz ring=208 under=282 over=168 (dt=1004573us) loglag=113231us
01:17:28.244   pt[168]: min=-372 max=472 avg_abs=98 | fifo=224 under=283 over=168 late=168 mdf_cb=5074 mdf_err=0
01:17:28.801 in=14659Hz out=14868Hz ring=336 under=283 over=168 (dt=995426us) loglag=113231us
01:17:28.801 win   84 pos= 1290240  -48dBFS [####................] rms=  126 peak=  472 seam=ok lag=334us
01:17:28.801   -> unknown         p=0.48  preproc=68631us infer=40972us
01:17:28.801   pt[169]: min=-426 max=322 avg_abs=104 | fifo=48 under=283 over=170 late=170 mdf_cb=5103 mdf_err=0
01:17:29.307   pt[170]: min=-482 max=408 avg_abs=103 | fifo=464 under=288 over=170 late=170 mdf_cb=5134 mdf_err=0
01:17:29.802 in=15360Hz out=15600Hz ring=576 under=288 over=170 (dt=999999us) loglag=113231us
01:17:29.802 win   85 pos= 1305600  -48dBFS [####................] rms=  125 peak=  482 seam=ok lag=338us
01:17:29.807   -> clock_tick      p=0.54  preproc=68632us infer=40975us
01:17:29.812   pt[171]: min=-430 max=370 avg_abs=90 | fifo=288 under=288 over=172 late=172 mdf_cb=5163 mdf_err=0
01:17:30.335   pt[172]: min=-496 max=334 avg_abs=100 | fifo=560 under=291 over=172 late=172 mdf_cb=5195 mdf_err=0
01:17:30.849 in=15360Hz out=15600Hz ring=416 under=291 over=172 (dt=1000000us) loglag=113231us
01:17:30.849 win   86 pos= 1320960  -48dBFS [####................] rms=  126 peak=  496 seam=ok lag=334us
01:17:30.849   -> unknown         p=0.39  preproc=68638us infer=40974us
01:17:30.852   pt[173]: min=-418 max=328 avg_abs=102 | fifo=128 under=291 over=174 late=174 mdf_cb=5223 mdf_err=0
01:17:31.370   pt[174]: min=-402 max=338 avg_abs=97 | fifo=144 under=295 over=174 late=174 mdf_cb=5254 mdf_err=0
01:17:31.749 in=15360Hz out=15600Hz ring=400 under=295 over=174 (dt=999999us) loglag=113231us
01:17:31.886 win   87 pos= 1336320  -49dBFS [###.................] rms=  118 peak=  402 seam=ok lag=336us
01:17:31.886   -> unknown         p=0.31  preproc=68628us infer=40982us
01:17:31.886   pt[175]: min=-390 max=368 avg_abs=94 | fifo=0 under=296 over=176 late=176 mdf_cb=5283 mdf_err=0
01:17:32.401   pt[176]: min=-304 max=284 avg_abs=79 | fifo=384 under=299 over=176 late=176 mdf_cb=5314 mdf_err=0
01:17:32.801 in=14848Hz out=15200Hz ring=528 under=299 over=176 (dt=999999us) loglag=113231us
01:17:32.932 win   88 pos= 1351680  -50dBFS [###.................] rms=  104 peak=  368 seam=ok lag=334us
01:17:32.932   -> unknown         p=0.38  preproc=68616us infer=40972us
01:17:32.932   pt[177]: min=-376 max=340 avg_abs=84 | fifo=208 under=299 over=178 late=178 mdf_cb=5343 mdf_err=0
01:17:33.425   pt[178]: min=-364 max=342 avg_abs=96 | fifo=224 under=300 over=178 late=178 mdf_cb=5374 mdf_err=0
01:17:33.803 in=14592Hz out=14800Hz ring=400 under=300 over=178 (dt=999999us) loglag=113231us
01:17:33.989 win   89 pos= 1367040  -49dBFS [###.................] rms=  119 peak=  410 seam=ok lag=334us
01:17:33.989   -> unknown         p=0.42  preproc=68622us infer=40972us
01:17:33.989 ====================================
01:17:33.989 ====================================
01:17:33.989 TAP TOTAL win=89
01:17:33.989 ====================================
01:17:33.989 ====================================
01:17:33.989 tap total: windows=90 (expected 90 from 1382656 samples) overrun=0 torn=0 skipped=0 seam ok=89 NG=0
01:17:33.989   tap lag max=338us (0 of them lower bounds) | tap write max=413862398ns avg=576490ns (5400 calls)
01:17:33.998   audio under=300 over=178 late=178 | aed run=90 err=0 (last er=0)
01:17:34.004   preproc max=68642us avg=68627us | infer max=41003us avg=40978us
01:17:34.010   notify out=43 held=23 offlist=24 gated=0 lat max=111679us (0 lower bounds)
01:17:34.017   log sent=671 dropped=0 lag max=113231us
01:17:34.020   disp sent=30 dropped=0 max=542712us avg=50863us
01:17:34.025 ====================================
01:17:34.028 ====================================
01:17:34.033   pt[179]: min=-390 max=410 avg_abs=93 | fifo=48 under=300 over=180 late=180 mdf_cb=5403 mdf_err=0
01:17:34.476   pt[180]: min=-452 max=360 avg_abs=108 | fifo=320 under=305 over=180 late=180 mdf_cb=5435 mdf_err=0
01:17:34.791 in=14848Hz out=15600Hz ring=128 under=305 over=180 (dt=999999us) loglag=113231us
01:17:35.046 win   90 pos= 1382400  -47dBFS [####................] rms=  143 peak=  552 seam=ok lag=333us
01:17:35.046   -> unknown         p=0.44  preproc=68623us infer=40989us
01:17:35.046   pt[181]: min=-494 max=552 avg_abs=121 | fifo=288 under=305 over=182 late=182 mdf_cb=5463 mdf_err=0
01:17:35.552   pt[182]: min=-456 max=466 avg_abs=102 | fifo=304 under=308 over=182 late=182 mdf_cb=5494 mdf_err=0
01:17:35.802 in=14848Hz out=14800Hz ring=256 under=308 over=182 (dt=1000000us) loglag=113231us
01:17:36.057 win   91 pos= 1397760  -48dBFS [####................] rms=  126 peak=  466 seam=ok lag=334us
01:17:36.057   -> unknown         p=0.37  preproc=68625us infer=40987us
01:17:36.057   pt[183]: min=-370 max=400 avg_abs=97 | fifo=128 under=308 over=184 late=184 mdf_cb=5523 mdf_err=0
01:17:36.569   pt[184]: min=-368 max=384 avg_abs=101 | fifo=144 under=312 over=184 late=184 mdf_cb=5554 mdf_err=0
01:17:36.816 in=14848Hz out=15200Hz ring=384 under=312 over=184 (dt=999999us) loglag=113231us
01:17:37.091 win   92 pos= 1413120  -48dBFS [####................] rms=  127 peak=  438 seam=ok lag=337us
01:17:37.091   -> clock_tick      p=0.52  preproc=68622us infer=40985us
01:17:37.091   pt[185]: min=-438 max=384 avg_abs=105 | fifo=0 under=313 over=186 late=186 mdf_cb=5583 mdf_err=0
01:17:37.607   pt[186]: min=-454 max=408 avg_abs=96 | fifo=384 under=316 over=186 late=186 mdf_cb=5614 mdf_err=0
01:17:37.792 in=14848Hz out=15600Hz ring=112 under=316 over=186 (dt=1000000us) loglag=113231us
01:17:38.124 win   93 pos= 1428480  -48dBFS [####................] rms=  127 peak=  454 seam=ok lag=339us
01:17:38.124   -> unknown         p=0.23  preproc=68623us infer=40972us
01:17:38.127   pt[187]: min=-396 max=374 avg_abs=104 | fifo=208 under=316 over=188 late=188 mdf_cb=5643 mdf_err=0
01:17:38.642   pt[188]: min=-360 max=340 avg_abs=95 | fifo=480 under=317 over=188 late=188 mdf_cb=5675 mdf_err=0
01:17:38.846 in=14848Hz out=14800Hz ring=240 under=317 over=188 (dt=999999us) loglag=113231us
01:17:39.185 win   94 pos= 1443840  -49dBFS [###.................] rms=  120 peak=  398 seam=ok lag=334us
01:17:39.185   -> unknown         p=0.39  preproc=68624us infer=40976us
01:17:39.185   pt[189]: min=-398 max=364 avg_abs=98 | fifo=48 under=317 over=190 late=190 mdf_cb=5703 mdf_err=0
01:17:39.676   pt[190]: min=-388 max=404 avg_abs=92 | fifo=64 under=322 over=190 late=190 mdf_cb=5734 mdf_err=0
01:17:39.864 in=14848Hz out=15200Hz ring=368 under=322 over=190 (dt=1000000us) loglag=113231us
01:17:40.251 win   95 pos= 1459200  -49dBFS [###.................] rms=  110 peak=  404 seam=ok lag=336us
01:17:40.251   -> unknown         p=0.40  preproc=68631us infer=40981us
01:17:40.251   pt[191]: min=-298 max=342 avg_abs=82 | fifo=288 under=322 over=192 late=192 mdf_cb=5763 mdf_err=0
01:17:40.716   pt[192]: min=-2562 max=2678 avg_abs=127 | fifo=304 under=325 over=192 late=192 mdf_cb=5794 mdf_err=0
01:17:40.833 in=14848Hz out=14800Hz ring=496 under=325 over=192 (dt=999999us) loglag=113231us
01:17:41.293 win   96 pos= 1474560  -30dBFS [##########..........] rms=  979 peak= 7184 seam=ok lag=336us
01:17:41.293   -> clock_tick      p=0.89  preproc=68622us infer=40977us
01:17:41.293   pt[193]: min=-7184 max=4962 avg_abs=974 | fifo=128 under=325 over=194 late=194 mdf_cb=5823 mdf_err=0
01:17:41.793   pt[194]: min=-14818 max=12984 avg_abs=1759 | fifo=400 under=329 over=194 late=194 mdf_cb=5855 mdf_err=0
01:17:41.848 in=14848Hz out=15600Hz ring=224 under=329 over=194 (dt=1000000us) loglag=113231us
01:17:42.282 win   97 pos= 1489920  -24dBFS [############........] rms= 2083 peak=14818 seam=ok lag=334us
01:17:42.282   -> unknown         p=0.43  preproc=68627us infer=40978us
01:17:42.286   pt[195]: min=-4674 max=3256 avg_abs=524 | fifo=0 under=330 over=196 late=196 mdf_cb=5883 mdf_err=0
01:17:42.785   pt[196]: min=-350 max=446 avg_abs=90 | fifo=384 under=333 over=196 late=196 mdf_cb=5914 mdf_err=0
01:17:42.856 in=14848Hz out=15200Hz ring=352 under=333 over=196 (dt=999999us) loglag=113231us
01:17:43.350 {"win":98,"cls":"sneezing","p":0.55,"lat_ms":112,"under":333,"over":196,"late":196}
01:17:43.350 win   98 pos= 1505280  -48dBFS [####................] rms=  133 peak=  874 seam=ok lag=334us
01:17:43.350   -> sneezing        p=0.55  preproc=68623us infer=40974us
01:17:43.350   pt[197]: min=-750 max=874 avg_abs=115 | fifo=208 under=333 over=198 late=198 mdf_cb=5943 mdf_err=0
01:17:43.350 lcd: win 98 -> SNEEZE p=0.55 (32694 us after notify)
01:17:43.866   pt[198]: min=-438 max=386 avg_abs=102 | fifo=224 under=334 over=198 late=198 mdf_cb=5974 mdf_err=0
01:17:43.866 in=14848Hz out=14800Hz ring=480 under=334 over=198 (dt=1000000us) loglag=113231us
01:17:44.368 {"win":99,"cls":"unknown","p":0.48,"lat_ms":112,"under":334,"over":198,"late":198}
01:17:44.368 win   99 pos= 1520640  -36dBFS [########............] rms=  510 peak=13242 seam=ok lag=333us
01:17:44.369   -> unknown         p=0.48  preproc=68630us infer=40975us
01:17:44.374 ====================================
01:17:44.377 ====================================
01:17:44.381 TAP TOTAL win=99
01:17:44.383 ====================================
01:17:44.386 ====================================
01:17:44.390 tap total: windows=100 (expected 100 from 1536256 samples) overrun=0 torn=0 skipped=0 seam ok=99 NG=0
01:17:44.398   tap lag max=339us (0 of them lower bounds) | tap write max=413862398ns avg=705520ns (6000 calls)
01:17:44.408   audio under=334 over=198 late=198 | aed run=100 err=0 (last er=0)
01:17:44.414   preproc max=68642us avg=68627us | infer max=41003us avg=40978us
01:17:44.420   notify out=45 held=29 offlist=26 gated=0 lat max=111679us (0 lower bounds)
01:17:44.426   log sent=738 dropped=0 lag max=113231us
01:17:44.430   disp sent=31 dropped=0 max=542712us avg=50276us
01:17:44.435 ====================================
01:17:44.438 ====================================
01:17:44.442   pt[199]: min=-13242 max=10310 avg_abs=402 | fifo=48 under=334 over=200 late=200 mdf_cb=6003 mdf_err=0
01:17:44.885 in=14848Hz out=15600Hz ring=208 under=339 over=200 (dt=999999us) loglag=113231us
01:17:44.885   pt[200]: min=-772 max=1024 avg_abs=152 | fifo=464 under=339 over=200 late=200 mdf_cb=6034 mdf_err=0
01:17:45.396 {"win":100,"cls":"sneezing","p":0.63,"lat_ms":112,"under":339,"over":200,"late":200}
01:17:45.401 win  100 pos= 1536000  -45dBFS [#####...............] rms=  190 peak= 1024 seam=ok lag=333us
01:17:45.409   -> sneezing        p=0.63  preproc=68624us infer=40972us
01:17:45.415   pt[201]: min=-354 max=502 avg_abs=124 | fifo=288 under=339 over=202 late=202 mdf_cb=6063 mdf_err=0
01:17:45.498 lcd: win 100 -> SNEEZE p=0.63 (32492 us after notify)
01:17:45.863 in=14848Hz out=14800Hz ring=336 under=342 over=202 (dt=1000000us) loglag=113231us
01:17:45.924   pt[202]: min=-2056 max=1134 avg_abs=157 | fifo=304 under=342 over=202 late=202 mdf_cb=6094 mdf_err=0
01:17:46.488 {"win":101,"cls":"unknown","p":0.40,"lat_ms":112,"under":342,"over":202,"late":202}
01:17:46.488 win  101 pos= 1551360  -44dBFS [#####...............] rms=  199 peak= 2056 seam=ok lag=335us
01:17:46.488   -> unknown         p=0.40  preproc=68637us infer=40986us
01:17:46.488   pt[203]: min=-1418 max=1102 avg_abs=136 | fifo=128 under=342 over=204 late=204 mdf_cb=6123 mdf_err=0
01:17:46.867 in=14848Hz out=15200Hz ring=464 under=346 over=204 (dt=999999us) loglag=113231us
01:17:47.000   pt[204]: min=-498 max=540 avg_abs=132 | fifo=144 under=346 over=204 late=204 mdf_cb=6154 mdf_err=0
01:17:47.507 win  102 pos= 1566720  -46dBFS [####................] rms=  158 peak=  540 seam=ok lag=333us
01:17:47.507   -> unknown         p=0.49  preproc=68628us infer=40975us
01:17:47.507   pt[205]: min=-506 max=458 avg_abs=118 | fifo=0 under=347 over=206 late=206 mdf_cb=6183 mdf_err=0
01:17:47.902 in=14848Hz out=15200Hz ring=592 under=350 over=206 (dt=1000000us) loglag=113231us
01:17:48.017   pt[206]: min=-504 max=502 avg_abs=103 | fifo=384 under=350 over=206 late=206 mdf_cb=6214 mdf_err=0
01:17:48.526 {"win":103,"cls":"sneezing","p":0.56,"lat_ms":112,"under":350,"over":206,"late":206}
01:17:48.526 win  103 pos= 1582080  -48dBFS [####................] rms=  132 peak=  506 seam=ok lag=335us
01:17:48.528   -> sneezing        p=0.56  preproc=68628us infer=40972us
01:17:48.535   pt[207]: min=-386 max=424 avg_abs=105 | fifo=208 under=350 over=208 late=208 mdf_cb=6243 mdf_err=0
01:17:48.601 lcd: win 103 -> SNEEZE p=0.56 (34737 us after notify)
01:17:48.917 in=14592Hz out=15200Hz ring=64 under=351 over=208 (dt=1000000us) loglag=113231us
01:17:49.034   pt[208]: min=-404 max=486 avg_abs=104 | fifo=480 under=351 over=208 late=208 mdf_cb=6275 mdf_err=0
01:17:49.616 {"win":104,"cls":"unknown","p":0.44,"lat_ms":112,"under":351,"over":208,"late":208}
01:17:49.616 win  104 pos= 1597440  -48dBFS [####................] rms=  125 peak=  486 seam=ok lag=332us
01:17:49.616   -> unknown         p=0.44  preproc=68634us infer=40977us
01:17:49.616   pt[209]: min=-420 max=386 avg_abs=92 | fifo=48 under=351 over=210 late=210 mdf_cb=6303 mdf_err=0
01:17:49.874 in=14848Hz out=15200Hz ring=192 under=356 over=210 (dt=999999us) loglag=113231us
01:17:50.067   pt[210]: min=-436 max=532 avg_abs=103 | fifo=64 under=356 over=210 late=210 mdf_cb=6334 mdf_err=0
01:17:50.637 win  105 pos= 1612800  -47dBFS [####................] rms=  148 peak=  918 seam=ok lag=336us
01:17:50.637   -> clock_tick      p=0.78  preproc=68626us infer=40974us
01:17:50.637   pt[211]: min=-692 max=918 avg_abs=120 | fifo=288 under=356 over=212 late=212 mdf_cb=6363 mdf_err=0
01:17:50.888 in=14848Hz out=14800Hz ring=304 under=358 over=212 (dt=999999us) loglag=113231us
01:17:51.152   pt[212]: min=-534 max=460 avg_abs=109 | fifo=304 under=359 over=212 late=212 mdf_cb=6394 mdf_err=0
01:17:51.643 win  106 pos= 1628160  -47dBFS [####................] rms=  149 peak=  608 seam=ok lag=337us
01:17:51.643   -> unknown         p=0.48  preproc=68622us infer=40975us
01:17:51.649   pt[213]: min=-608 max=488 avg_abs=122 | fifo=128 under=359 over=214 late=214 mdf_cb=6423 mdf_err=0
01:17:51.925 in=14848Hz out=15200Hz ring=448 under=363 over=214 (dt=1000000us) loglag=113231us
01:17:52.185   pt[214]: min=-414 max=386 avg_abs=88 | fifo=400 under=363 over=214 late=214 mdf_cb=6455 mdf_err=0
01:17:52.711 win  107 pos= 1643520  -48dBFS [####................] rms=  125 peak=  526 seam=ok lag=333us
01:17:52.711   -> clock_tick      p=0.64  preproc=68622us infer=40990us
01:17:52.711   pt[215]: min=-428 max=602 avg_abs=117 | fifo=0 under=364 over=216 late=216 mdf_cb=6483 mdf_err=0
01:17:52.900 in=14848Hz out=15600Hz ring=160 under=366 over=216 (dt=1000000us) loglag=113231us
01:17:53.209   pt[216]: min=-1856 max=1400 avg_abs=136 | fifo=384 under=367 over=216 late=216 mdf_cb=6514 mdf_err=0
01:17:53.734 win  108 pos= 1658880  -46dBFS [####................] rms=  166 peak= 1856 seam=ok lag=333us
01:17:53.734   -> clock_tick      p=0.71  preproc=68626us infer=40981us
01:17:53.734   pt[217]: min=-520 max=456 avg_abs=109 | fifo=208 under=367 over=218 late=218 mdf_cb=6543 mdf_err=0
01:17:53.934 in=14848Hz out=14800Hz ring=304 under=368 over=218 (dt=999999us) loglag=113231us
01:17:54.242   pt[218]: min=-724 max=732 avg_abs=118 | fifo=224 under=368 over=218 late=218 mdf_cb=6574 mdf_err=0
01:17:54.801 {"win":109,"cls":"crackling_fire","p":0.64,"lat_ms":112,"under":368,"over":218,"late":218}
01:17:54.801 win  109 pos= 1674240  -45dBFS [#####...............] rms=  181 peak= 1032 seam=ok lag=335us
01:17:54.801   -> crackling_fire  p=0.64  preproc=68621us infer=40978us
01:17:54.801 ====================================
01:17:54.801 ====================================
01:17:54.801 TAP TOTAL win=109
01:17:54.801 ====================================
01:17:54.801 ====================================
01:17:54.801 tap total: windows=110 (expected 110 from 1689856 samples) overrun=0 torn=0 skipped=0 seam ok=109 NG=0
01:17:54.802   tap lag max=339us (0 of them lower bounds) | tap write max=413862398ns avg=811100ns (6600 calls)
01:17:54.808   audio under=368 over=218 late=218 | aed run=110 err=0 (last er=0)
01:17:54.817   preproc max=68642us avg=68627us | infer max=41003us avg=40978us
01:17:54.823   notify out=50 held=31 offlist=29 gated=0 lat max=111679us (0 lower bounds)
01:17:54.825   log sent=809 dropped=0 lag max=113231us
01:17:54.833   disp sent=34 dropped=0 max=542712us avg=49267us
01:17:54.837 ====================================
01:17:54.841 ====================================
01:17:54.844   pt[219]: min=-1032 max=1024 avg_abs=164 | fifo=48 under=368 over=220 late=220 mdf_cb=6603 mdf_err=0
01:17:54.916 lcd: win 109 -> FIRE p=0.64 (99677 us after notify)
01:17:54.916 in=14848Hz out=15200Hz ring=368 under=371 over=220 (dt=1000000us) loglag=113231us
01:17:55.301   pt[220]: min=-1032 max=1374 avg_abs=171 | fifo=320 under=373 over=220 late=220 mdf_cb=6635 mdf_err=0
01:17:55.801 {"win":110,"cls":"crackling_fire","p":0.56,"lat_ms":112,"under":373,"over":220,"late":220}
01:17:55.804 win  110 pos= 1689600  -43dBFS [#####...............] rms=  220 peak= 1374 seam=ok lag=333us
01:17:55.808   -> crackling_fire  p=0.56  preproc=68625us infer=40980us
01:17:55.817   pt[221]: min=-832 max=1292 avg_abs=138 | fifo=288 under=373 over=222 late=222 mdf_cb=6663 mdf_err=0
01:17:55.884 lcd: win 110 -> FIRE p=0.56 (32642 us after notify)
01:17:55.942 in=14848Hz out=14800Hz ring=512 under=374 over=222 (dt=999999us) loglag=113231us
01:17:56.334   pt[222]: min=-806 max=1704 avg_abs=151 | fifo=304 under=376 over=222 late=222 mdf_cb=6694 mdf_err=0
01:17:56.892 {"win":111,"cls":"crackling_fire","p":0.90,"lat_ms":112,"under":376,"over":222,"late":222}
01:17:56.892 win  111 pos= 1704960  -46dBFS [####................] rms=  171 peak= 1704 seam=ok lag=335us
01:17:56.892   -> crackling_fire  p=0.90  preproc=68629us infer=40993us
01:17:56.892   pt[223]: min=-408 max=466 avg_abs=109 | fifo=128 under=376 over=224 late=224 mdf_cb=6723 mdf_err=0
01:17:56.892 lcd: win 111 -> FIRE p=0.90 (32593 us after notify)
01:17:56.959 in=14848Hz out=15600Hz ring=256 under=379 over=224 (dt=1000000us) loglag=113231us
01:17:57.400   pt[224]: min=-2500 max=2310 avg_abs=164 | fifo=144 under=380 over=224 late=224 mdf_cb=6754 mdf_err=0
01:17:57.908 win  112 pos= 1720320  -45dBFS [#####...............] rms=  192 peak= 2500 seam=ok lag=333us
01:17:57.908   -> clock_tick      p=0.93  preproc=68621us infer=40981us
01:17:57.908   pt[225]: min=-528 max=430 avg_abs=114 | fifo=0 under=381 over=226 late=226 mdf_cb=6783 mdf_err=0
01:17:57.977 in=14848Hz out=15200Hz ring=368 under=382 over=226 (dt=999999us) loglag=113231us
01:17:58.409   pt[226]: min=-882 max=1254 avg_abs=161 | fifo=384 under=384 over=226 late=226 mdf_cb=6814 mdf_err=0
01:17:58.918 win  113 pos= 1735680  -45dBFS [#####...............] rms=  193 peak= 1254 seam=ok lag=333us
01:17:58.924   -> clock_tick      p=0.54  preproc=68626us infer=40974us
01:17:58.925   pt[227]: min=-674 max=698 avg_abs=119 | fifo=208 under=384 over=228 late=228 mdf_cb=6843 mdf_err=0
01:17:58.939 in=14510Hz out=14717Hz ring=208 under=384 over=228 (dt=1005626us) loglag=113231us
01:17:59.443   pt[228]: min=-440 max=602 avg_abs=98 | fifo=224 under=385 over=228 late=228 mdf_cb=6874 mdf_err=0
01:17:59.959 in=14674Hz out=14883Hz ring=336 under=385 over=228 (dt=994374us) loglag=113231us
01:17:59.963 {"win":114,"cls":"crackling_fire","p":0.84,"lat_ms":112,"under":385,"over":228,"late":228}
01:17:59.966 win  114 pos= 1751040  -46dBFS [####................] rms=  156 peak=  702 seam=ok lag=334us
01:17:59.980   -> crackling_fire  p=0.84  preproc=68632us infer=40975us
01:17:59.983   pt[229]: min=-666 max=702 avg_abs=135 | fifo=48 under=385 over=230 late=230 mdf_cb=6903 mdf_err=0
01:18:00.058 lcd: win 114 -> FIRE p=0.84 (41915 us after notify)
01:18:00.492   pt[230]: min=-1042 max=1468 avg_abs=214 | fifo=64 under=390 over=230 late=230 mdf_cb=6934 mdf_err=0
01:18:01.008 in=15360Hz out=15600Hz ring=576 under=390 over=230 (dt=999999us) loglag=113231us
01:18:01.008 win  115 pos= 1766400  -43dBFS [#####...............] rms=  245 peak= 1468 seam=ok lag=333us
01:18:01.008   -> clock_tick      p=0.88  preproc=68635us infer=40991us
01:18:01.017   pt[231]: min=-834 max=1468 avg_abs=130 | fifo=288 under=390 over=232 late=232 mdf_cb=6963 mdf_err=0
01:18:01.518   pt[232]: min=-354 max=442 avg_abs=96 | fifo=304 under=393 over=232 late=232 mdf_cb=6994 mdf_err=0
01:18:02.084 in=15360Hz out=15600Hz ring=416 under=393 over=232 (dt=1000000us) loglag=113231us
01:18:02.084 win  116 pos= 1781760  -47dBFS [####................] rms=  146 peak=  722 seam=ok lag=337us
01:18:02.084   -> clock_tick      p=0.69  preproc=68625us infer=40979us
01:18:02.084   pt[233]: min=-722 max=672 avg_abs=129 | fifo=128 under=393 over=234 late=234 mdf_cb=7023 mdf_err=0
01:18:02.584   pt[234]: min=-650 max=548 avg_abs=96 | fifo=400 under=397 over=234 late=234 mdf_cb=7055 mdf_err=0
01:18:03.016 in=15360Hz out=16000Hz ring=0 under=397 over=234 (dt=999999us) loglag=113231us
01:18:03.083 {"win":117,"cls":"crackling_fire","p":0.79,"lat_ms":112,"under":397,"over":234,"late":234}
01:18:03.091 win  117 pos= 1797120  -46dBFS [####................] rms=  162 peak= 1238 seam=ok lag=334us
01:18:03.099   -> crackling_fire  p=0.79  preproc=68624us infer=40983us
01:18:03.104   pt[235]: min=-1200 max=1238 avg_abs=132 | fifo=0 under=398 over=236 late=236 mdf_cb=7083 mdf_err=0
01:18:03.159 lcd: win 117 -> FIRE p=0.79 (41656 us after notify)
01:18:03.600   pt[236]: min=-782 max=746 avg_abs=114 | fifo=640 under=401 over=236 late=236 mdf_cb=7115 mdf_err=0
01:18:03.983 in=14848Hz out=15200Hz ring=128 under=401 over=236 (dt=1000000us) loglag=118964us
01:18:04.158 win  118 pos= 1812480  -47dBFS [####................] rms=  150 peak=  782 seam=ok lag=334us
01:18:04.158   -> clock_tick      p=0.94  preproc=68627us infer=40980us
01:18:04.158   pt[237]: min=-582 max=570 avg_abs=111 | fifo=208 under=401 over=238 late=238 mdf_cb=7143 mdf_err=0
01:18:04.676   pt[238]: min=-514 max=506 avg_abs=117 | fifo=224 under=402 over=238 late=238 mdf_cb=7174 mdf_err=0
01:18:04.991 in=14848Hz out=14800Hz ring=256 under=402 over=238 (dt=999999us) loglag=118964us
01:18:05.175 win  119 pos= 1827840  -48dBFS [####................] rms=  136 peak=  514 seam=ok lag=334us
01:18:05.175   -> unknown         p=0.41  preproc=68631us infer=40988us
01:18:05.175 ====================================
01:18:05.175 ====================================
01:18:05.178 TAP TOTAL win=119
01:18:05.179 ====================================
01:18:05.183 ====================================
01:18:05.184 tap total: windows=120 (expected 120 from 1843456 samples) overrun=0 torn=0 skipped=0 seam ok=119 NG=0
01:18:05.191   tap lag max=339us (0 of them lower bounds) | tap write max=413862398ns avg=899090ns (7200 calls)
01:18:05.204   audio under=402 over=238 late=238 | aed run=120 err=0 (last er=0)
01:18:05.210   preproc max=68642us avg=68627us | infer max=41003us avg=40978us
01:18:05.217   notify out=54 held=32 offlist=34 gated=0 lat max=111679us (0 lower bounds)
01:18:05.223   log sent=883 dropped=0 lag max=118964us
01:18:05.225   disp sent=38 dropped=0 max=542712us avg=49323us
01:18:05.229 ====================================
01:18:05.234 ====================================
01:18:05.237   pt[239]: min=-398 max=400 avg_abs=98 | fifo=48 under=402 over=240 late=240 mdf_cb=7203 mdf_err=0
01:18:05.675   pt[240]: min=-1912 max=2104 avg_abs=270 | fifo=64 under=407 over=240 late=240 mdf_cb=7234 mdf_err=0
01:18:05.991 in=14848Hz out=15200Hz ring=384 under=407 over=240 (dt=999999us) loglag=118964us
01:18:06.243 {"win":120,"cls":"crackling_fire","p":0.85,"lat_ms":112,"under":407,"over":240,"late":240}
01:18:06.243 win  120 pos= 1843200  -41dBFS [######..............] rms=  298 peak= 2104 seam=ok lag=334us
01:18:06.243   -> crackling_fire  p=0.85  preproc=68629us infer=40974us
01:18:06.243   pt[241]: min=-692 max=822 avg_abs=140 | fifo=288 under=407 over=242 late=242 mdf_cb=7263 mdf_err=0
01:18:06.243 lcd: win 120 -> FIRE p=0.85 (34513 us after notify)
01:18:06.719   pt[242]: min=-3096 max=3314 avg_abs=243 | fifo=304 under=410 over=242 late=242 mdf_cb=7294 mdf_err=0
01:18:07.034 in=14848Hz out=15200Hz ring=112 under=410 over=242 (dt=1000000us) loglag=118964us
01:18:07.283 {"win":121,"cls":"unknown","p":0.46,"lat_ms":112,"under":410,"over":242,"late":242}
01:18:07.283 win  121 pos= 1858560  -40dBFS [######..............] rms=  319 peak= 3314 seam=ok lag=336us
01:18:07.283   -> unknown         p=0.46  preproc=68627us infer=40973us
01:18:07.283   pt[243]: min=-1164 max=1504 avg_abs=168 | fifo=128 under=410 over=244 late=244 mdf_cb=7323 mdf_err=0
01:18:07.783   pt[244]: min=-710 max=672 avg_abs=134 | fifo=144 under=414 over=244 late=244 mdf_cb=7354 mdf_err=0
01:18:08.034 in=14848Hz out=15200Hz ring=240 under=414 over=244 (dt=999999us) loglag=118964us
01:18:08.283 win  122 pos= 1873920  -44dBFS [#####...............] rms=  201 peak= 1040 seam=ok lag=333us
01:18:08.283   -> unknown         p=0.45  preproc=68623us infer=40986us
01:18:08.291   pt[245]: min=-776 max=1040 avg_abs=161 | fifo=0 under=415 over=246 late=246 mdf_cb=7383 mdf_err=0
01:18:08.800   pt[246]: min=-1650 max=1874 avg_abs=204 | fifo=384 under=418 over=246 late=246 mdf_cb=7414 mdf_err=0
01:18:09.058 in=14848Hz out=15200Hz ring=368 under=418 over=246 (dt=1000000us) loglag=118964us
01:18:09.366 {"win":123,"cls":"crackling_fire","p":0.97,"lat_ms":112,"under":418,"over":246,"late":246}
01:18:09.366 win  123 pos= 1889280  -40dBFS [######..............] rms=  340 peak= 2702 seam=ok lag=336us
01:18:09.366   -> crackling_fire  p=0.97  preproc=68625us infer=40976us
01:18:09.366   pt[247]: min=-2676 max=2702 avg_abs=226 | fifo=208 under=418 over=248 late=248 mdf_cb=7443 mdf_err=0
01:18:09.366 lcd: win 123 -> FIRE p=0.97 (34974 us after notify)
01:18:09.869   pt[248]: min=-1384 max=1038 avg_abs=158 | fifo=224 under=419 over=248 late=248 mdf_cb=7474 mdf_err=0
01:18:10.067 in=14848Hz out=15200Hz ring=96 under=419 over=248 (dt=1000000us) loglag=118964us
01:18:10.376 {"win":124,"cls":"unknown","p":0.35,"lat_ms":112,"under":419,"over":248,"late":248}
01:18:10.376 win  124 pos= 1904640  -41dBFS [######..............] rms=  287 peak= 2456 seam=ok lag=332us
01:18:10.376   -> unknown         p=0.35  preproc=68637us infer=40987us
01:18:10.379   pt[249]: min=-1690 max=1166 avg_abs=184 | fifo=48 under=419 over=250 late=250 mdf_cb=7503 mdf_err=0
01:18:10.883   pt[250]: min=-1424 max=1430 avg_abs=224 | fifo=320 under=424 over=250 late=250 mdf_cb=7535 mdf_err=0
01:18:11.067 in=14848Hz out=15200Hz ring=224 under=424 over=250 (dt=999999us) loglag=118964us
01:18:11.458 {"win":125,"cls":"crackling_fire","p":0.65,"lat_ms":112,"under":424,"over":250,"late":250}
01:18:11.458 win  125 pos= 1920000  -41dBFS [######..............] rms=  297 peak= 1846 seam=ok lag=336us
01:18:11.458   -> crackling_fire  p=0.65  preproc=68621us infer=40971us
01:18:11.458   pt[251]: min=-1846 max=1210 avg_abs=213 | fifo=288 under=424 over=252 late=252 mdf_cb=7563 mdf_err=0
01:18:11.458 lcd: win 125 -> FIRE p=0.65 (32727 us after notify)
01:18:11.958   pt[252]: min=-2074 max=1384 avg_abs=217 | fifo=304 under=427 over=252 late=252 mdf_cb=7594 mdf_err=0
01:18:12.083 in=14848Hz out=14800Hz ring=352 under=427 over=252 (dt=1000000us) loglag=118964us
01:18:12.455 {"win":126,"cls":"crackling_fire","p":0.72,"lat_ms":112,"under":427,"over":252,"late":252}
01:18:12.455 win  126 pos= 1935360  -42dBFS [######..............] rms=  268 peak= 2074 seam=ok lag=332us
01:18:12.455   -> crackling_fire  p=0.72  preproc=68626us infer=40975us
01:18:12.460   pt[253]: min=-948 max=950 avg_abs=157 | fifo=128 under=427 over=254 late=254 mdf_cb=7623 mdf_err=0
01:18:12.541 lcd: win 126 -> FIRE p=0.72 (32592 us after notify)
01:18:12.991   pt[254]: min=-1264 max=1068 avg_abs=193 | fifo=144 under=431 over=254 late=254 mdf_cb=7654 mdf_err=0
01:18:13.049 in=14848Hz out=15200Hz ring=480 under=431 over=254 (dt=999999us) loglag=118964us
01:18:13.491 {"win":127,"cls":"crackling_fire","p":0.89,"lat_ms":112,"under":431,"over":254,"late":254}
01:18:13.491 win  127 pos= 1950720  -42dBFS [######..............] rms=  275 peak= 1360 seam=ok lag=334us
01:18:13.491   -> crackling_fire  p=0.89  preproc=68627us infer=40973us
01:18:13.500   pt[255]: min=-1360 max=1314 avg_abs=193 | fifo=0 under=432 over=256 late=256 mdf_cb=7683 mdf_err=0
01:18:13.567 lcd: win 127 -> FIRE p=0.89 (32550 us after notify)
01:18:14.009   pt[256]: min=-4684 max=2822 avg_abs=203 | fifo=384 under=436 over=256 late=256 mdf_cb=7714 mdf_err=0
01:18:14.066 in=14848Hz out=15600Hz ring=208 under=436 over=256 (dt=1000000us) loglag=118964us
01:18:14.566 {"win":128,"cls":"crackling_fire","p":0.51,"lat_ms":112,"under":436,"over":256,"late":256}
01:18:14.566 win  128 pos= 1966080  -40dBFS [######..............] rms=  332 peak= 4684 seam=ok lag=334us
01:18:14.566   -> crackling_fire  p=0.51  preproc=68614us infer=40990us
01:18:14.566   pt[257]: min=-1538 max=1554 avg_abs=237 | fifo=208 under=436 over=258 late=258 mdf_cb=7743 mdf_err=0
01:18:14.566 lcd: win 128 -> FIRE p=0.51 (32727 us after notify)
01:18:15.086   pt[258]: min=-840 max=724 avg_abs=134 | fifo=480 under=437 over=258 late=258 mdf_cb=7775 mdf_err=0
01:18:15.086 in=14848Hz out=14800Hz ring=336 under=437 over=258 (dt=999999us) loglag=118964us
01:18:15.583 {"win":129,"cls":"unknown","p":0.49,"lat_ms":112,"under":437,"over":258,"late":258}
01:18:15.583 win  129 pos= 1981440  -45dBFS [#####...............] rms=  174 peak=  952 seam=ok lag=335us
01:18:15.583   -> unknown         p=0.49  preproc=68635us infer=40988us
01:18:15.583 ====================================
01:18:15.583 ====================================
01:18:15.583 TAP TOTAL win=129
01:18:15.583 ====================================
01:18:15.583 ====================================
01:18:15.593 tap total: windows=130 (expected 130 from 1997056 samples) overrun=0 torn=0 skipped=0 seam ok=129 NG=0
01:18:15.604   tap lag max=339us (0 of them lower bounds) | tap write max=413862398ns avg=55815ns (7800 calls)
01:18:15.611   audio under=437 over=258 late=258 | aed run=130 err=0 (last er=0)
01:18:15.619   preproc max=68642us avg=68627us | infer max=41003us avg=40978us
01:18:15.625   notify out=63 held=33 offlist=34 gated=0 lat max=111679us (0 lower bounds)
01:18:15.631   log sent=962 dropped=0 lag max=118964us
01:18:15.635   disp sent=44 dropped=0 max=542712us avg=47145us
01:18:15.640 ====================================
01:18:15.643 ====================================
01:18:15.646   pt[259]: min=-430 max=424 avg_abs=104 | fifo=48 under=437 over=260 late=260 mdf_cb=7803 mdf_err=0
01:18:16.083 in=14848Hz out=15200Hz ring=464 under=442 over=260 (dt=999999us) loglag=118964us
01:18:16.083   pt[260]: min=-1218 max=1686 avg_abs=127 | fifo=64 under=442 over=260 late=260 mdf_cb=7834 mdf_err=0
01:18:16.641 win  130 pos= 1996800  -47dBFS [####................] rms=  147 peak= 1686 seam=ok lag=333us
01:18:16.641   -> clock_tick      p=0.79  preproc=68625us infer=40986us
01:18:16.641   pt[261]: min=-468 max=408 avg_abs=93 | fifo=288 under=442 over=262 late=262 mdf_cb=7863 mdf_err=0
01:18:17.083 in=14848Hz out=15200Hz ring=192 under=445 over=262 (dt=1000000us) loglag=118964us
01:18:17.141   pt[262]: min=-394 max=398 avg_abs=93 | fifo=304 under=445 over=262 late=262 mdf_cb=7894 mdf_err=0
01:18:17.649 win  131 pos= 2012160  -48dBFS [####................] rms=  130 peak=  476 seam=ok lag=336us
01:18:17.649   -> unknown         p=0.47  preproc=68631us infer=40988us
01:18:17.650   pt[263]: min=-466 max=476 avg_abs=113 | fifo=128 under=445 over=264 late=264 mdf_cb=7923 mdf_err=0
01:18:18.097 in=14848Hz out=15200Hz ring=320 under=449 over=264 (dt=1000000us) loglag=118964us
01:18:18.158   pt[264]: min=-360 max=386 avg_abs=90 | fifo=144 under=449 over=264 late=264 mdf_cb=7954 mdf_err=0
01:18:18.727 win  132 pos= 2027520  -48dBFS [####................] rms=  130 peak=  926 seam=ok lag=338us
01:18:18.727   -> unknown         p=0.43  preproc=68619us infer=40974us
01:18:18.727   pt[265]: min=-836 max=926 avg_abs=109 | fifo=0 under=450 over=266 late=266 mdf_cb=7983 mdf_err=0
01:18:19.099 in=14848Hz out=15200Hz ring=448 under=453 over=266 (dt=999999us) loglag=118964us
01:18:19.225   pt[266]: min=-950 max=678 avg_abs=131 | fifo=640 under=453 over=266 late=266 mdf_cb=8015 mdf_err=0
01:18:19.724 {"win":133,"cls":"crackling_fire","p":0.62,"lat_ms":112,"under":453,"over":266,"late":266}
01:18:19.727 win  133 pos= 2042880  -44dBFS [#####...............] rms=  208 peak= 4142 seam=ok lag=336us
01:18:19.735   -> crackling_fire  p=0.62  preproc=68634us infer=40977us
01:18:19.741   pt[267]: min=-4142 max=2664 avg_abs=179 | fifo=208 under=453 over=268 late=268 mdf_cb=8043 mdf_err=0
01:18:19.808 lcd: win 133 -> FIRE p=0.62 (32727 us after notify)
01:18:20.116 in=14848Hz out=14800Hz ring=576 under=454 over=268 (dt=1000000us) loglag=118964us
01:18:20.249   pt[268]: min=-482 max=528 avg_abs=123 | fifo=224 under=454 over=268 late=268 mdf_cb=8074 mdf_err=0
01:18:20.799 {"win":134,"cls":"unknown","p":0.45,"lat_ms":112,"under":454,"over":268,"late":268}
01:18:20.799 win  134 pos= 2058240  -47dBFS [####................] rms=  155 peak=  688 seam=ok lag=334us
01:18:20.799   -> unknown         p=0.45  preproc=68635us infer=40982us
01:18:20.799   pt[269]: min=-462 max=662 avg_abs=111 | fifo=48 under=454 over=270 late=270 mdf_cb=8103 mdf_err=0
01:18:21.123 in=14592Hz out=15600Hz ring=48 under=459 over=270 (dt=999999us) loglag=118964us
01:18:21.299   pt[270]: min=-1182 max=596 avg_abs=125 | fifo=464 under=459 over=270 late=270 mdf_cb=8134 mdf_err=0
01:18:21.801 win  135 pos= 2073600  -46dBFS [####................] rms=  155 peak= 1182 seam=ok lag=337us
01:18:21.808   -> clock_tick      p=0.63  preproc=68618us infer=40981us
01:18:21.812   pt[271]: min=-510 max=460 avg_abs=118 | fifo=288 under=459 over=272 late=272 mdf_cb=8163 mdf_err=0
01:18:22.134 in=14848Hz out=14800Hz ring=160 under=461 over=272 (dt=1000000us) loglag=118964us
01:18:22.317   pt[272]: min=-526 max=696 avg_abs=120 | fifo=560 under=462 over=272 late=272 mdf_cb=8195 mdf_err=0
01:18:22.891 {"win":136,"cls":"sneezing","p":0.52,"lat_ms":112,"under":462,"over":272,"late":272}
01:18:22.891 win  136 pos= 2088960  -47dBFS [####................] rms=  153 peak=  912 seam=ok lag=334us
01:18:22.891   -> sneezing        p=0.52  preproc=68623us infer=40985us
01:18:22.891   pt[273]: min=-912 max=856 avg_abs=124 | fifo=128 under=462 over=274 late=274 mdf_cb=8223 mdf_err=0
01:18:22.891 lcd: win 136 -> SNEEZE p=0.52 (34773 us after notify)
01:18:23.142 in=14848Hz out=15200Hz ring=304 under=466 over=274 (dt=1000000us) loglag=118964us
01:18:23.398   pt[274]: min=-570 max=544 avg_abs=116 | fifo=144 under=466 over=274 late=274 mdf_cb=8254 mdf_err=0
01:18:23.893 {"win":137,"cls":"unknown","p":0.47,"lat_ms":112,"under":466,"over":274,"late":274}
01:18:23.893 win  137 pos= 2104320  -46dBFS [####................] rms=  167 peak=  642 seam=ok lag=336us
01:18:23.896   -> unknown         p=0.47  preproc=68628us infer=40978us
01:18:23.901   pt[275]: min=-616 max=642 avg_abs=135 | fifo=0 under=467 over=276 late=276 mdf_cb=8283 mdf_err=0
01:18:24.158 in=14848Hz out=15200Hz ring=416 under=470 over=276 (dt=999999us) loglag=118964us
01:18:24.411   pt[276]: min=-1736 max=1946 avg_abs=344 | fifo=384 under=471 over=276 late=276 mdf_cb=8314 mdf_err=0
01:18:24.974 win  138 pos= 2119680  -39dBFS [#######.............] rms=  358 peak= 1946 seam=ok lag=336us
01:18:24.974   -> clock_tick      p=0.80  preproc=68633us infer=40973us
01:18:24.974   pt[277]: min=-922 max=850 avg_abs=169 | fifo=208 under=471 over=278 late=278 mdf_cb=8343 mdf_err=0
01:18:25.167 in=14848Hz out=15200Hz ring=160 under=472 over=278 (dt=1000000us) loglag=118964us
01:18:25.474   pt[278]: min=-960 max=1076 avg_abs=164 | fifo=224 under=472 over=278 late=278 mdf_cb=8374 mdf_err=0
01:18:25.991 {"win":139,"cls":"crackling_fire","p":0.96,"lat_ms":112,"under":472,"over":278,"late":278}
01:18:25.991 win  139 pos= 2135040  -44dBFS [#####...............] rms=  213 peak= 1076 seam=ok lag=335us
01:18:25.991   -> crackling_fire  p=0.96  preproc=68618us infer=40973us
01:18:25.991 ====================================
01:18:25.991 ====================================
01:18:25.991 TAP TOTAL win=139
01:18:25.991 ====================================
01:18:25.991 ====================================
01:18:25.991 tap total: windows=140 (expected 140 from 2150656 samples) overrun=0 torn=0 skipped=0 seam ok=139 NG=0
01:18:26.007   tap lag max=339us (0 of them lower bounds) | tap write max=413862398ns avg=185185ns (8400 calls)
01:18:26.015   audio under=472 over=278 late=278 | aed run=140 err=0 (last er=0)
01:18:26.022   preproc max=68642us avg=68627us | infer max=41003us avg=40978us
01:18:26.025   notify out=68 held=35 offlist=37 gated=0 lat max=111679us (0 lower bounds)
01:18:26.034   log sent=1033 dropped=0 lag max=118964us
01:18:26.038   disp sent=47 dropped=0 max=542712us avg=46562us
01:18:26.043 ====================================
01:18:26.046 ====================================
01:18:26.049   pt[279]: min=-914 max=874 avg_abs=156 | fifo=48 under=472 over=280 late=280 mdf_cb=8403 mdf_err=0
01:18:26.117 lcd: win 139 -> FIRE p=0.96 (101544 us after notify)
01:18:26.183 in=14848Hz out=15200Hz ring=256 under=476 over=280 (dt=1000000us) loglag=118964us
01:18:26.492   pt[280]: min=-476 max=392 avg_abs=100 | fifo=64 under=477 over=280 late=280 mdf_cb=8434 mdf_err=0
01:18:27.009 win  140 pos= 2150400  -48dBFS [####................] rms=  134 peak= 1590 seam=ok lag=334us
01:18:27.009   -> clock_tick      p=0.87  preproc=68627us infer=40976us
01:18:27.014   pt[281]: min=-912 max=1590 avg_abs=113 | fifo=288 under=477 over=282 late=282 mdf_cb=8463 mdf_err=0
01:18:27.159 in=14848Hz out=14800Hz ring=368 under=478 over=282 (dt=999999us) loglag=118964us
01:18:27.541   pt[282]: min=-1078 max=1466 avg_abs=192 | fifo=304 under=480 over=282 late=282 mdf_cb=8494 mdf_err=0
01:18:28.102 {"win":141,"cls":"sneezing","p":0.54,"lat_ms":112,"under":480,"over":282,"late":282}
01:18:28.102 win  141 pos= 2165760  -43dBFS [#####...............] rms=  228 peak= 1590 seam=ok lag=332us
01:18:28.102   -> sneezing        p=0.54  preproc=68627us infer=40970us
01:18:28.102   pt[283]: min=-846 max=574 avg_abs=150 | fifo=128 under=480 over=284 late=284 mdf_cb=8523 mdf_err=0
01:18:28.102 lcd: win 141 -> SNEEZE p=0.54 (32530 us after notify)
01:18:28.159 in=14848Hz out=15200Hz ring=512 under=483 over=284 (dt=1000000us) loglag=118964us
01:18:28.601   pt[284]: min=-478 max=518 avg_abs=117 | fifo=144 under=484 over=284 late=284 mdf_cb=8554 mdf_err=0
01:18:29.083 {"win":142,"cls":"unknown","p":0.49,"lat_ms":112,"under":484,"over":284,"late":284}
01:18:29.083 win  142 pos= 2181120  -47dBFS [####................] rms=  148 peak=  542 seam=ok lag=334us
01:18:29.091   -> unknown         p=0.49  preproc=68627us infer=40986us
01:18:29.102   pt[285]: min=-542 max=466 avg_abs=118 | fifo=0 under=485 over=286 late=286 mdf_cb=8583 mdf_err=0
01:18:29.159 in=14848Hz out=15600Hz ring=256 under=488 over=286 (dt=999999us) loglag=118964us
01:18:29.600   pt[286]: min=-402 max=396 avg_abs=105 | fifo=384 under=489 over=286 late=286 mdf_cb=8614 mdf_err=0
01:18:30.159 win  143 pos= 2196480  -48dBFS [####................] rms=  133 peak=  596 seam=ok lag=337us
01:18:30.159   -> unknown         p=0.36  preproc=68624us infer=40978us
01:18:30.159   pt[287]: min=-596 max=460 avg_abs=102 | fifo=208 under=489 over=288 late=288 mdf_cb=8643 mdf_err=0
01:18:30.159 in=14592Hz out=14800Hz ring=64 under=489 over=288 (dt=1000000us) loglag=118964us
01:18:30.633   pt[288]: min=-422 max=450 avg_abs=115 | fifo=224 under=490 over=288 late=288 mdf_cb=8674 mdf_err=0
01:18:31.218 in=14336Hz out=14400Hz ring=336 under=490 over=288 (dt=999999us) loglag=118964us
01:18:31.218 win  144 pos= 2211840  -46dBFS [####................] rms=  158 peak=  598 seam=ok lag=340us
01:18:31.218   -> unknown         p=0.46  preproc=68633us infer=40972us
01:18:31.218   pt[289]: min=-540 max=598 avg_abs=147 | fifo=48 under=490 over=290 late=290 mdf_cb=8703 mdf_err=0
01:18:31.677   pt[290]: min=-594 max=562 avg_abs=170 | fifo=320 under=495 over=290 late=290 mdf_cb=8735 mdf_err=0
01:18:32.242 in=15359Hz out=15599Hz ring=576 under=495 over=290 (dt=1000001us) loglag=118964us
01:18:32.242 win  145 pos= 2227200  -45dBFS [#####...............] rms=  185 peak=  594 seam=ok lag=336us
01:18:32.242   -> unknown         p=0.49  preproc=68621us infer=40971us
01:18:32.242   pt[291]: min=-468 max=446 avg_abs=129 | fifo=288 under=495 over=292 late=292 mdf_cb=8763 mdf_err=0
01:18:32.743   pt[292]: min=-580 max=696 avg_abs=143 | fifo=304 under=498 over=292 late=292 mdf_cb=8794 mdf_err=0
01:18:33.242 in=15360Hz out=15600Hz ring=416 under=498 over=292 (dt=999999us) loglag=118964us
01:18:33.250 {"win":146,"cls":"sneezing","p":0.55,"lat_ms":112,"under":498,"over":292,"late":292}
01:18:33.257 win  146 pos= 2242560  -46dBFS [####................] rms=  173 peak=  984 seam=ok lag=338us
01:18:33.258   -> sneezing        p=0.55  preproc=68628us infer=40972us
01:18:33.266   pt[293]: min=-510 max=984 avg_abs=121 | fifo=128 under=498 over=294 late=294 mdf_cb=8823 mdf_err=0
01:18:33.333 lcd: win 146 -> SNEEZE p=0.55 (39703 us after notify)
01:18:33.775   pt[294]: min=-1030 max=564 avg_abs=146 | fifo=144 under=502 over=294 late=294 mdf_cb=8854 mdf_err=0
01:18:34.334 in=15360Hz out=16000Hz ring=256 under=502 over=294 (dt=1000000us) loglag=118964us
01:18:34.334 win  147 pos= 2257920  -46dBFS [####................] rms=  173 peak= 2114 seam=ok lag=336us
01:18:34.334   -> clock_tick      p=0.60  preproc=68637us infer=40980us
01:18:34.334   pt[295]: min=-2114 max=1048 avg_abs=130 | fifo=0 under=503 over=296 late=296 mdf_cb=8883 mdf_err=0
01:18:34.835   pt[296]: min=-1426 max=582 avg_abs=165 | fifo=384 under=507 over=296 late=296 mdf_cb=8914 mdf_err=0
01:18:35.208 in=15104Hz out=15200Hz ring=384 under=507 over=296 (dt=999999us) loglag=118964us
01:18:35.333 {"win":148,"cls":"sneezing","p":0.79,"lat_ms":112,"under":507,"over":296,"late":296}
01:18:35.333 win  148 pos= 2273280  -45dBFS [#####...............] rms=  193 peak= 1426 seam=ok lag=332us
01:18:35.333   -> sneezing        p=0.79  preproc=68626us infer=40974us
01:18:35.343   pt[297]: min=-526 max=554 avg_abs=132 | fifo=208 under=507 over=298 late=298 mdf_cb=8943 mdf_err=0
01:18:35.416 lcd: win 148 -> SNEEZE p=0.79 (32784 us after notify)
01:18:35.849   pt[298]: min=-544 max=772 avg_abs=146 | fifo=224 under=508 over=298 late=298 mdf_cb=8974 mdf_err=0
01:18:36.226 in=14848Hz out=15200Hz ring=112 under=508 over=298 (dt=1000000us) loglag=118964us
01:18:36.408 {"win":149,"cls":"unknown","p":0.26,"lat_ms":112,"under":508,"over":298,"late":298}
01:18:36.408 win  149 pos= 2288640  -45dBFS [#####...............] rms=  188 peak=  772 seam=ok lag=335us
01:18:36.408   -> unknown         p=0.26  preproc=68633us infer=40974us
01:18:36.408 ====================================
01:18:36.408 ====================================
01:18:36.408 TAP TOTAL win=149
01:18:36.408 ====================================
01:18:36.408 ====================================
01:18:36.408 tap total: windows=150 (expected 150 from 2304256 samples) overrun=0 torn=0 skipped=0 seam ok=149 NG=0
01:18:36.408   tap lag max=340us (0 of them lower bounds) | tap write max=413862398ns avg=297296ns (9000 calls)
01:18:36.416   audio under=508 over=298 late=298 | aed run=150 err=0 (last er=0)
01:18:36.424   preproc max=68642us avg=68627us | infer max=41003us avg=40978us
01:18:36.424   notify out=73 held=38 offlist=39 gated=0 lat max=111679us (0 lower bounds)
01:18:36.433   log sent=1107 dropped=0 lag max=118964us
01:18:36.433   disp sent=50 dropped=0 max=542712us avg=46968us
01:18:36.444 ====================================
01:18:36.447 ====================================
01:18:36.449   pt[299]: min=-564 max=508 avg_abs=153 | fifo=48 under=508 over=300 late=300 mdf_cb=9003 mdf_err=0
01:18:36.894   pt[300]: min=-688 max=590 avg_abs=129 | fifo=64 under=513 over=300 late=300 mdf_cb=9034 mdf_err=0
01:18:37.208 in=14848Hz out=15200Hz ring=240 under=513 over=300 (dt=999999us) loglag=118964us
01:18:37.459 win  150 pos= 2304000  -46dBFS [####................] rms=  173 peak=  688 seam=ok lag=333us
01:18:37.459   -> unknown         p=0.44  preproc=68626us infer=40974us
01:18:37.459   pt[301]: min=-468 max=638 avg_abs=134 | fifo=288 under=513 over=302 late=302 mdf_cb=9063 mdf_err=0
01:18:37.925   pt[302]: min=-1288 max=552 avg_abs=147 | fifo=304 under=516 over=302 late=302 mdf_cb=9094 mdf_err=0
01:18:38.243 in=14848Hz out=14800Hz ring=368 under=516 over=302 (dt=1000000us) loglag=118964us
01:18:38.491 win  151 pos= 2319360  -45dBFS [#####...............] rms=  186 peak= 1288 seam=ok lag=337us
01:18:38.491   -> unknown         p=0.44  preproc=68623us infer=40987us
01:18:38.491   pt[303]: min=-1168 max=496 avg_abs=126 | fifo=128 under=516 over=304 late=304 mdf_cb=9123 mdf_err=0
01:18:39.010   pt[304]: min=-666 max=734 avg_abs=144 | fifo=400 under=520 over=304 late=304 mdf_cb=9155 mdf_err=0
01:18:39.254 in=14848Hz out=15200Hz ring=496 under=520 over=304 (dt=999999us) loglag=118964us
01:18:39.508 {"win":152,"cls":"sneezing","p":0.69,"lat_ms":112,"under":520,"over":304,"late":304}
01:18:39.508 win  152 pos= 2334720  -45dBFS [#####...............] rms=  175 peak=  734 seam=ok lag=333us
01:18:39.508   -> sneezing        p=0.69  preproc=68624us infer=40977us
01:18:39.508   pt[305]: min=-682 max=456 avg_abs=145 | fifo=0 under=521 over=306 late=306 mdf_cb=9183 mdf_err=0
01:18:39.516 lcd: win 152 -> SNEEZE p=0.69 (32313 us after notify)
01:18:40.018   pt[306]: min=-640 max=648 avg_abs=143 | fifo=384 under=525 over=306 late=306 mdf_cb=9214 mdf_err=0
01:18:40.268 in=14848Hz out=15600Hz ring=224 under=525 over=306 (dt=1000000us) loglag=118964us
01:18:40.583 {"win":153,"cls":"unknown","p":0.46,"lat_ms":112,"under":525,"over":306,"late":306}
01:18:40.583 win  153 pos= 2350080  -44dBFS [#####...............] rms=  196 peak=  992 seam=ok lag=336us
01:18:40.583   -> unknown         p=0.46  preproc=68632us infer=40982us
01:18:40.583   pt[307]: min=-716 max=992 avg_abs=152 | fifo=208 under=525 over=308 late=308 mdf_cb=9243 mdf_err=0
01:18:41.084   pt[308]: min=-610 max=514 avg_abs=145 | fifo=224 under=526 over=308 late=308 mdf_cb=9274 mdf_err=0
01:18:41.266 in=14848Hz out=14800Hz ring=352 under=526 over=308 (dt=999999us) loglag=118964us
01:18:41.582 {"win":154,"cls":"sneezing","p":0.64,"lat_ms":112,"under":526,"over":308,"late":308}
01:18:41.582 win  154 pos= 2365440  -45dBFS [#####...............] rms=  182 peak=  690 seam=ok lag=336us
01:18:41.582   -> sneezing        p=0.64  preproc=68619us infer=40982us
01:18:41.584   pt[309]: min=-724 max=622 avg_abs=157 | fifo=48 under=526 over=310 late=310 mdf_cb=9303 mdf_err=0
01:18:41.649 lcd: win 154 -> SNEEZE p=0.64 (32448 us after notify)
01:18:42.083   pt[310]: min=-570 max=588 avg_abs=132 | fifo=464 under=531 over=310 late=310 mdf_cb=9334 mdf_err=0
01:18:42.301 in=14848Hz out=15200Hz ring=480 under=531 over=310 (dt=1000000us) loglag=118964us
01:18:42.633 {"win":155,"cls":"unknown","p":0.44,"lat_ms":112,"under":531,"over":310,"late":310}
01:18:42.633 win  155 pos= 2380800  -45dBFS [#####...............] rms=  177 peak=  874 seam=ok lag=334us
01:18:42.633   -> unknown         p=0.44  preproc=68619us infer=40974us
01:18:42.633   pt[311]: min=-874 max=636 avg_abs=134 | fifo=288 under=531 over=312 late=312 mdf_cb=9363 mdf_err=0
01:18:43.150   pt[312]: min=-510 max=460 avg_abs=120 | fifo=560 under=534 over=312 late=312 mdf_cb=9395 mdf_err=0
01:18:43.267 in=14848Hz out=15200Hz ring=208 under=534 over=312 (dt=1000000us) loglag=118964us
01:18:43.649 win  156 pos= 2396160  -46dBFS [####................] rms=  157 peak=  874 seam=ok lag=335us
01:18:43.649   -> unknown         p=0.35  preproc=68630us infer=40990us
01:18:43.658   pt[313]: min=-374 max=618 avg_abs=106 | fifo=128 under=534 over=314 late=314 mdf_cb=9423 mdf_err=0
01:18:44.185   pt[314]: min=-434 max=452 avg_abs=101 | fifo=144 under=538 over=314 late=314 mdf_cb=9454 mdf_err=0
01:18:44.301 in=14848Hz out=15200Hz ring=336 under=538 over=314 (dt=1000000us) loglag=118964us
01:18:44.740 {"win":157,"cls":"sneezing","p":0.55,"lat_ms":112,"under":538,"over":314,"late":314}
01:18:44.740 win  157 pos= 2411520  -48dBFS [####................] rms=  124 peak=  452 seam=ok lag=336us
01:18:44.740   -> sneezing        p=0.55  preproc=68634us infer=40981us
01:18:44.740   pt[315]: min=-370 max=380 avg_abs=94 | fifo=0 under=539 over=316 late=316 mdf_cb=9483 mdf_err=0
01:18:44.740 lcd: win 157 -> SNEEZE p=0.55 (34469 us after notify)
01:18:45.242   pt[316]: min=-336 max=314 avg_abs=78 | fifo=384 under=543 over=316 late=316 mdf_cb=9514 mdf_err=0
01:18:45.301 in=14848Hz out=15200Hz ring=464 under=543 over=316 (dt=999999us) loglag=118964us
01:18:45.742 {"win":158,"cls":"sneezing","p":0.50,"lat_ms":112,"under":543,"over":316,"late":316}
01:18:45.742 win  158 pos= 2426880  -49dBFS [###.................] rms=  110 peak=  380 seam=ok lag=334us
01:18:45.742   -> sneezing        p=0.50  preproc=68632us infer=40986us
01:18:45.745   pt[317]: min=-340 max=448 avg_abs=100 | fifo=208 under=543 over=318 late=318 mdf_cb=9543 mdf_err=0
01:18:45.809 lcd: win 158 -> SNEEZE p=0.50 (32495 us after notify)
01:18:46.242   pt[318]: min=-404 max=404 avg_abs=108 | fifo=224 under=544 over=318 late=318 mdf_cb=9574 mdf_err=0
01:18:46.300 in=14848Hz out=14800Hz ring=592 under=544 over=318 (dt=1000000us) loglag=118964us
01:18:46.808 {"win":159,"cls":"unknown","p":0.36,"lat_ms":112,"under":544,"over":318,"late":318}
01:18:46.808 win  159 pos= 2442240  -48dBFS [####................] rms=  134 peak=  470 seam=ok lag=336us
01:18:46.808   -> unknown         p=0.36  preproc=68622us infer=40989us
01:18:46.808 ====================================
01:18:46.808 ====================================
01:18:46.808 TAP TOTAL win=159
01:18:46.808 ====================================
01:18:46.808 ====================================
01:18:46.808 tap total: windows=160 (expected 160 from 2457856 samples) overrun=0 torn=0 skipped=0 seam ok=159 NG=0
01:18:46.808   tap lag max=340us (0 of them lower bounds) | tap write max=413862398ns avg=395403ns (9600 calls)
01:18:46.819   audio under=544 over=318 late=318 | aed run=160 err=0 (last er=0)
01:18:46.825   preproc max=68642us avg=68627us | infer max=41003us avg=40978us
01:18:46.825   notify out=80 held=41 offlist=39 gated=0 lat max=111679us (0 lower bounds)
01:18:46.833   log sent=1182 dropped=0 lag max=118964us
01:18:46.841   disp sent=54 dropped=0 max=542712us avg=45929us
01:18:46.845 ====================================
01:18:46.849 ====================================
01:18:46.851   pt[319]: min=-470 max=412 avg_abs=102 | fifo=48 under=544 over=320 late=320 mdf_cb=9603 mdf_err=0
01:18:47.282 in=14848Hz out=15600Hz ring=320 under=549 over=320 (dt=999999us) loglag=118964us
01:18:47.282   pt[320]: min=-396 max=388 avg_abs=93 | fifo=320 under=549 over=320 late=320 mdf_cb=9635 mdf_err=0
01:18:47.850 {"win":160,"cls":"sneezing","p":0.70,"lat_ms":112,"under":549,"over":320,"late":320}
01:18:47.850 win  160 pos= 2457600  -49dBFS [###.................] rms=  112 peak=  404 seam=ok lag=335us
01:18:47.850   -> sneezing        p=0.70  preproc=68630us infer=40974us
01:18:47.850   pt[321]: min=-404 max=326 avg_abs=82 | fifo=288 under=549 over=322 late=322 mdf_cb=9663 mdf_err=0
01:18:47.850 lcd: win 160 -> SNEEZE p=0.70 (32406 us after notify)
01:18:48.283 in=14592Hz out=14800Hz ring=192 under=552 over=322 (dt=1000000us) loglag=118964us
01:18:48.349   pt[322]: min=-358 max=364 avg_abs=94 | fifo=304 under=552 over=322 late=322 mdf_cb=9694 mdf_err=0
01:18:48.850 {"win":161,"cls":"sneezing","p":0.73,"lat_ms":112,"under":552,"over":322,"late":322}
01:18:48.853 win  161 pos= 2472960  -49dBFS [###.................] rms=  117 peak=  406 seam=ok lag=333us
01:18:48.861   -> sneezing        p=0.73  preproc=68628us infer=40980us
01:18:48.865   pt[323]: min=-406 max=394 avg_abs=93 | fifo=128 under=552 over=324 late=324 mdf_cb=9723 mdf_err=0
01:18:48.942 lcd: win 161 -> SNEEZE p=0.73 (32443 us after notify)
01:18:49.351 in=14848Hz out=15200Hz ring=320 under=556 over=324 (dt=999999us) loglag=118964us
01:18:49.351   pt[324]: min=-364 max=436 avg_abs=106 | fifo=144 under=556 over=324 late=324 mdf_cb=9754 mdf_err=0
01:18:49.908 {"win":162,"cls":"sneezing","p":0.50,"lat_ms":112,"under":556,"over":324,"late":324}
01:18:49.908 win  162 pos= 2488320  -47dBFS [####................] rms=  140 peak=  510 seam=ok lag=334us
01:18:49.908   -> sneezing        p=0.50  preproc=68628us infer=40984us
01:18:49.908   pt[325]: min=-424 max=510 avg_abs=113 | fifo=0 under=557 over=326 late=326 mdf_cb=9783 mdf_err=0
01:18:49.976 lcd: win 162 -> SNEEZE p=0.50 (32315 us after notify)
01:18:50.350 in=14848Hz out=15600Hz ring=48 under=561 over=326 (dt=1000000us) loglag=118964us
01:18:50.408   pt[326]: min=-364 max=366 avg_abs=95 | fifo=384 under=561 over=326 late=326 mdf_cb=9814 mdf_err=0
01:18:50.979 {"win":163,"cls":"sneezing","p":0.64,"lat_ms":112,"under":561,"over":326,"late":326}
01:18:50.979 win  163 pos= 2503680  -49dBFS [###.................] rms=  114 peak=  450 seam=ok lag=333us
01:18:50.979   -> sneezing        p=0.64  preproc=68614us infer=40981us
01:18:50.979   pt[327]: min=-368 max=450 avg_abs=86 | fifo=208 under=561 over=328 late=328 mdf_cb=9843 mdf_err=0
01:18:50.979 lcd: win 163 -> SNEEZE p=0.64 (32405 us after notify)
01:18:51.351 in=14848Hz out=14800Hz ring=176 under=562 over=328 (dt=999999us) loglag=118964us
01:18:51.471   pt[328]: min=-356 max=338 avg_abs=96 | fifo=480 under=562 over=328 late=328 mdf_cb=9875 mdf_err=0
01:18:51.975 {"win":164,"cls":"sneezing","p":0.56,"lat_ms":112,"under":562,"over":328,"late":328}
01:18:51.975 win  164 pos= 2519040  -49dBFS [###.................] rms=  119 peak=  356 seam=ok lag=334us
01:18:51.982   -> sneezing        p=0.56  preproc=68630us infer=40978us
01:18:51.985   pt[329]: min=-348 max=354 avg_abs=97 | fifo=48 under=562 over=330 late=330 mdf_cb=9903 mdf_err=0
01:18:52.050 lcd: win 164 -> SNEEZE p=0.56 (32356 us after notify)
01:18:52.367 in=14848Hz out=15200Hz ring=304 under=567 over=330 (dt=1000000us) loglag=118964us
01:18:52.517   pt[330]: min=-388 max=422 avg_abs=98 | fifo=64 under=567 over=330 late=330 mdf_cb=9934 mdf_err=0
01:18:53.024 {"win":165,"cls":"unknown","p":0.42,"lat_ms":112,"under":567,"over":330,"late":330}
01:18:53.024 win  165 pos= 2534400  -49dBFS [###.................] rms=  120 peak=  422 seam=ok lag=334us
01:18:53.024   -> unknown         p=0.42  preproc=68616us infer=40995us
01:18:53.024   pt[331]: min=-398 max=336 avg_abs=97 | fifo=288 under=567 over=332 late=332 mdf_cb=9963 mdf_err=0
01:18:53.350 in=14848Hz out=14800Hz ring=416 under=569 over=332 (dt=999999us) loglag=118964us
01:18:53.533   pt[332]: min=-494 max=500 avg_abs=103 | fifo=304 under=570 over=332 late=332 mdf_cb=9994 mdf_err=0
01:18:54.049 win  166 pos= 2549760  -47dBFS [####................] rms=  141 peak=  674 seam=ok lag=333us
01:18:54.052   -> unknown         p=0.45  preproc=68627us infer=40979us
01:18:54.060   pt[333]: min=-674 max=646 avg_abs=117 | fifo=128 under=570 over=334 late=334 mdf_cb=10023 mdf_err=0
01:18:54.391 in=14848Hz out=15600Hz ring=160 under=574 over=334 (dt=999999us) loglag=118964us
01:18:54.583   pt[334]: min=-662 max=586 avg_abs=138 | fifo=144 under=574 over=334 late=334 mdf_cb=10054 mdf_err=0
01:18:55.100 win  167 pos= 2565120  -43dBFS [#####...............] rms=  220 peak= 1438 seam=ok lag=335us
01:18:55.100   -> unknown         p=0.20  preproc=68620us infer=40973us
01:18:55.100   pt[335]: min=-994 max=1438 avg_abs=184 | fifo=0 under=575 over=336 late=336 mdf_cb=10083 mdf_err=0
01:18:55.362 in=14848Hz out=15200Hz ring=272 under=577 over=336 (dt=1000000us) loglag=118964us
01:18:55.612   pt[336]: min=-1556 max=3070 avg_abs=156 | fifo=640 under=578 over=336 late=336 mdf_cb=10115 mdf_err=0
01:18:56.157 {"win":168,"cls":"sneezing","p":0.60,"lat_ms":112,"under":578,"over":336,"late":336}
01:18:56.157 win  168 pos= 2580480  -41dBFS [######..............] rms=  297 peak= 3070 seam=ok lag=336us
01:18:56.157   -> sneezing        p=0.60  preproc=68623us infer=40976us
01:18:56.157   pt[337]: min=-1148 max=994 avg_abs=207 | fifo=208 under=578 over=338 late=338 mdf_cb=10143 mdf_err=0
01:18:56.158 lcd: win 168 -> SNEEZE p=0.60 (32958 us after notify)
01:18:56.349 in=14848Hz out=14800Hz ring=416 under=579 over=338 (dt=1000000us) loglag=118964us
01:18:56.657   pt[338]: min=-1080 max=1986 avg_abs=136 | fifo=224 under=579 over=338 late=338 mdf_cb=10174 mdf_err=0
01:18:57.168 {"win":169,"cls":"unknown","p":0.48,"lat_ms":112,"under":579,"over":338,"late":338}
01:18:57.168 win  169 pos= 2595840  -45dBFS [#####...............] rms=  188 peak= 1986 seam=ok lag=335us
01:18:57.182   -> unknown         p=0.48  preproc=68622us infer=40978us
01:18:57.188 ====================================
01:18:57.190 ====================================
01:18:57.190 TAP TOTAL win=169
01:18:57.194 ====================================
01:18:57.199 ====================================
01:18:57.203 tap total: windows=170 (expected 170 from 2611456 samples) overrun=0 torn=0 skipped=0 seam ok=169 NG=0
01:18:57.211   tap lag max=340us (0 of them lower bounds) | tap write max=413862398ns avg=481965ns (10200 calls)
01:18:57.221   audio under=579 over=338 late=338 | aed run=170 err=0 (last er=0)
01:18:57.224   preproc max=68642us avg=68627us | infer max=41003us avg=40978us
01:18:57.232   notify out=88 held=43 offlist=39 gated=0 lat max=111679us (0 lower bounds)
01:18:57.232   log sent=1260 dropped=0 lag max=118964us
01:18:57.243   disp sent=60 dropped=0 max=542712us avg=44584us
01:18:57.247 ====================================
01:18:57.249 ====================================
01:18:57.249   pt[339]: min=-540 max=532 avg_abs=105 | fifo=48 under=579 over=340 late=340 mdf_cb=10203 mdf_err=0
01:18:57.382 in=14848Hz out=15600Hz ring=112 under=583 over=340 (dt=1000000us) loglag=118964us
01:18:57.701   pt[340]: min=-528 max=508 avg_abs=123 | fifo=464 under=584 over=340 late=340 mdf_cb=10234 mdf_err=0
01:18:58.208 win  170 pos= 2611200  -47dBFS [####................] rms=  148 peak=  540 seam=ok lag=333us
01:18:58.208   -> unknown         p=0.32  preproc=68629us infer=40976us
01:18:58.219   pt[341]: min=-494 max=416 avg_abs=113 | fifo=288 under=584 over=342 late=342 mdf_cb=10263 mdf_err=0
01:18:58.408 in=14848Hz out=14800Hz ring=256 under=586 over=342 (dt=999999us) loglag=118964us
01:18:58.724   pt[342]: min=-1076 max=748 avg_abs=123 | fifo=304 under=587 over=342 late=342 mdf_cb=10294 mdf_err=0
01:18:59.284 win  171 pos= 2626560  -45dBFS [#####...............] rms=  178 peak= 1114 seam=ok lag=334us
01:18:59.284   -> unknown         p=0.49  preproc=68629us infer=40973us
01:18:59.284   pt[343]: min=-760 max=1114 avg_abs=156 | fifo=128 under=587 over=344 late=344 mdf_cb=10323 mdf_err=0
01:18:59.417 in=14848Hz out=15200Hz ring=368 under=590 over=344 (dt=999999us) loglag=118964us
01:18:59.808   pt[344]: min=-726 max=838 avg_abs=141 | fifo=400 under=591 over=344 late=344 mdf_cb=10355 mdf_err=0
01:19:00.300 {"win":172,"cls":"sneezing","p":0.58,"lat_ms":112,"under":591,"over":344,"late":344}
01:19:00.300 win  172 pos= 2641920  -44dBFS [#####...............] rms=  205 peak= 1724 seam=ok lag=334us
01:19:00.302   -> sneezing        p=0.58  preproc=68632us infer=40987us
01:19:00.307   pt[345]: min=-1724 max=1064 avg_abs=158 | fifo=0 under=592 over=346 late=346 mdf_cb=10383 mdf_err=0
01:19:00.382 lcd: win 172 -> SNEEZE p=0.58 (32572 us after notify)
01:19:00.382 in=14848Hz out=15200Hz ring=512 under=595 over=346 (dt=1000000us) loglag=118964us
01:19:00.829   pt[346]: min=-764 max=1248 avg_abs=134 | fifo=384 under=596 over=346 late=346 mdf_cb=10414 mdf_err=0
01:19:01.349 {"win":173,"cls":"crackling_fire","p":0.64,"lat_ms":112,"under":596,"over":346,"late":346}
01:19:01.349 win  173 pos= 2657280  -43dBFS [#####...............] rms=  230 peak= 3664 seam=ok lag=334us
01:19:01.349   -> crackling_fire  p=0.64  preproc=68633us infer=40977us
01:19:01.349   pt[347]: min=-3664 max=1900 avg_abs=188 | fifo=208 under=596 over=348 late=348 mdf_cb=10443 mdf_err=0
01:19:01.357 lcd: win 173 -> FIRE p=0.64 (32817 us after notify)
01:19:01.416 in=14848Hz out=15200Hz ring=256 under=597 over=348 (dt=1000000us) loglag=118964us
01:19:01.849   pt[348]: min=-1082 max=1402 avg_abs=175 | fifo=224 under=597 over=348 late=348 mdf_cb=10474 mdf_err=0
01:19:02.408 {"win":174,"cls":"sneezing","p":0.76,"lat_ms":112,"under":597,"over":348,"late":348}
01:19:02.408 win  174 pos= 2672640  -42dBFS [######..............] rms=  249 peak= 1900 seam=ok lag=336us
01:19:02.408   -> sneezing        p=0.76  preproc=68633us infer=40977us
01:19:02.408   pt[349]: min=-1228 max=1416 avg_abs=172 | fifo=48 under=597 over=350 late=350 mdf_cb=10503 mdf_err=0
01:19:02.408 in=14714Hz out=15063Hz ring=256 under=598 over=350 (dt=1009069us) loglag=118964us
01:19:02.408 lcd: win 174 -> SNEEZE p=0.76 (39968 us after notify)
01:19:02.909   pt[350]: min=-1340 max=1822 avg_abs=212 | fifo=464 under=602 over=350 late=350 mdf_cb=10534 mdf_err=0
01:19:03.410 in=14467Hz out=14531Hz ring=576 under=602 over=350 (dt=990930us) loglag=118964us
01:19:03.410 {"win":175,"cls":"sneezing","p":0.54,"lat_ms":112,"under":602,"over":350,"late":350}
01:19:03.422 win  175 pos= 2688000  -41dBFS [######..............] rms=  285 peak= 1822 seam=ok lag=338us
01:19:03.424   -> sneezing        p=0.54  preproc=68628us infer=40975us
01:19:03.432   pt[351]: min=-1212 max=1486 avg_abs=208 | fifo=288 under=602 over=352 late=352 mdf_cb=10563 mdf_err=0
01:19:03.509 lcd: win 175 -> SNEEZE p=0.54 (39926 us after notify)
01:19:03.941   pt[352]: min=-1312 max=1404 avg_abs=178 | fifo=560 under=605 over=352 late=352 mdf_cb=10595 mdf_err=0
01:19:04.511 in=15360Hz out=15600Hz ring=416 under=605 over=352 (dt=1000000us) loglag=118964us
01:19:04.511 {"win":176,"cls":"unknown","p":0.36,"lat_ms":112,"under":605,"over":352,"late":352}
01:19:04.511 win  176 pos= 2703360  -42dBFS [######..............] rms=  256 peak= 1646 seam=ok lag=334us
01:19:04.511   -> unknown         p=0.36  preproc=68633us infer=40977us
01:19:04.511   pt[353]: min=-1646 max=1428 avg_abs=179 | fifo=128 under=605 over=354 late=354 mdf_cb=10623 mdf_err=0
01:19:04.958   pt[354]: min=-622 max=590 avg_abs=138 | fifo=144 under=609 over=354 late=354 mdf_cb=10654 mdf_err=0
01:19:05.533 in=15360Hz out=16000Hz ring=256 under=609 over=354 (dt=1000000us) loglag=118964us
01:19:05.533 win  177 pos= 2718720  -45dBFS [#####...............] rms=  192 peak=  846 seam=ok lag=337us
01:19:05.533   -> unknown         p=0.33  preproc=68631us infer=40995us
01:19:05.533   pt[355]: min=-846 max=834 avg_abs=156 | fifo=0 under=610 over=356 late=356 mdf_cb=10683 mdf_err=0
01:19:06.032   pt[356]: min=-452 max=566 avg_abs=109 | fifo=384 under=614 over=356 late=356 mdf_cb=10714 mdf_err=0
01:19:06.532 in=15360Hz out=15600Hz ring=496 under=614 over=356 (dt=1000000us) loglag=118964us
01:19:06.532 {"win":178,"cls":"sneezing","p":0.69,"lat_ms":112,"under":614,"over":356,"late":356}
01:19:06.542 win  178 pos= 2734080  -47dBFS [####................] rms=  150 peak= 1872 seam=ok lag=335us
01:19:06.550   -> sneezing        p=0.69  preproc=68623us infer=40979us
01:19:06.550   pt[357]: min=-1872 max=898 avg_abs=122 | fifo=208 under=614 over=358 late=358 mdf_cb=10743 mdf_err=0
01:19:06.633 lcd: win 178 -> SNEEZE p=0.69 (42166 us after notify)
01:19:07.084   pt[358]: min=-450 max=540 avg_abs=117 | fifo=480 under=615 over=358 late=358 mdf_cb=10775 mdf_err=0
01:19:07.458 in=14848Hz out=14800Hz ring=368 under=615 over=358 (dt=999999us) loglag=118964us
01:19:07.583 {"win":179,"cls":"sneezing","p":0.74,"lat_ms":112,"under":615,"over":358,"late":358}
01:19:07.583 win  179 pos= 2749440  -48dBFS [####................] rms=  137 peak=  540 seam=ok lag=335us
01:19:07.584   -> sneezing        p=0.74  preproc=68631us infer=40978us
01:19:07.589 ====================================
01:19:07.590 ====================================
01:19:07.590 TAP TOTAL win=179
01:19:07.590 ====================================
01:19:07.600 ====================================
01:19:07.604 tap total: windows=180 (expected 180 from 2765056 samples) overrun=0 torn=0 skipped=0 seam ok=179 NG=0
01:19:07.607   tap lag max=340us (0 of them lower bounds) | tap write max=413862398ns avg=558913ns (10800 calls)
01:19:07.621   audio under=615 over=358 late=358 | aed run=180 err=0 (last er=0)
01:19:07.624   preproc max=68642us avg=68627us | infer max=41003us avg=40979us
01:19:07.632   notify out=95 held=46 offlist=39 gated=0 lat max=111679us (0 lower bounds)
01:19:07.640   log sent=1337 dropped=0 lag max=118964us
01:19:07.644   disp sent=66 dropped=0 max=542712us avg=44038us
01:19:07.649 ====================================
01:19:07.649 ====================================
01:19:07.649   pt[359]: min=-434 max=390 avg_abs=99 | fifo=48 under=615 over=360 late=360 mdf_cb=10803 mdf_err=0
01:19:07.725 lcd: win 179 -> SNEEZE p=0.74 (99327 us after notify)
01:19:08.100   pt[360]: min=-342 max=362 avg_abs=92 | fifo=64 under=620 over=360 late=360 mdf_cb=10834 mdf_err=0
01:19:08.475 in=14848Hz out=15600Hz ring=96 under=620 over=360 (dt=999999us) loglag=118964us
01:19:08.682 {"win":180,"cls":"sneezing","p":0.50,"lat_ms":112,"under":620,"over":360,"late":360}
01:19:08.682 win  180 pos= 2764800  -46dBFS [####................] rms=  164 peak= 1334 seam=ok lag=335us
01:19:08.682   -> sneezing        p=0.50  preproc=68633us infer=40977us
01:19:08.682   pt[361]: min=-918 max=1334 avg_abs=145 | fifo=288 under=620 over=362 late=362 mdf_cb=10863 mdf_err=0
01:19:08.682 lcd: win 180 -> SNEEZE p=0.50 (32668 us after notify)
01:19:09.116   pt[362]: min=-320 max=358 avg_abs=91 | fifo=304 under=623 over=362 late=362 mdf_cb=10894 mdf_err=0
01:19:09.490 in=14848Hz out=14800Hz ring=224 under=623 over=362 (dt=999999us) loglag=118964us
01:19:09.675 win  181 pos= 2780160  -49dBFS [###.................] rms=  112 peak=  422 seam=ok lag=335us
01:19:09.675   -> clock_tick      p=0.54  preproc=68623us infer=40979us
01:19:09.675   pt[363]: min=-422 max=326 avg_abs=87 | fifo=128 under=623 over=364 late=364 mdf_cb=10923 mdf_err=0
01:19:10.174   pt[364]: min=-360 max=446 avg_abs=93 | fifo=400 under=627 over=364 late=364 mdf_cb=10955 mdf_err=0
01:19:10.490 in=14848Hz out=15200Hz ring=352 under=627 over=364 (dt=999999us) loglag=118964us
01:19:10.742 win  182 pos= 2795520  -48dBFS [####................] rms=  128 peak=  446 seam=ok lag=335us
01:19:10.742   -> unknown         p=0.33  preproc=68630us infer=40978us
01:19:10.742   pt[365]: min=-356 max=400 avg_abs=112 | fifo=0 under=628 over=366 late=366 mdf_cb=10983 mdf_err=0
01:19:11.241   pt[366]: min=-418 max=398 avg_abs=124 | fifo=384 under=631 over=366 late=366 mdf_cb=11014 mdf_err=0
01:19:11.500 in=14848Hz out=15200Hz ring=480 under=631 over=366 (dt=1000000us) loglag=118964us
01:19:11.757 {"win":183,"cls":"sneezing","p":0.64,"lat_ms":112,"under":631,"over":366,"late":366}
01:19:11.757 win  183 pos= 2810880  -47dBFS [####................] rms=  138 peak=  446 seam=ok lag=334us
01:19:11.757   -> sneezing        p=0.64  preproc=68626us infer=40978us
01:19:11.757   pt[367]: min=-446 max=408 avg_abs=98 | fifo=208 under=631 over=368 late=368 mdf_cb=11043 mdf_err=0
01:19:11.815 lcd: win 183 -> SNEEZE p=0.64 (34738 us after notify)
01:19:12.258   pt[368]: min=-402 max=336 avg_abs=95 | fifo=224 under=632 over=368 late=368 mdf_cb=11074 mdf_err=0
01:19:12.508 in=14848Hz out=15200Hz ring=208 under=632 over=368 (dt=1000000us) loglag=118964us
01:19:12.817 {"win":184,"cls":"unknown","p":0.44,"lat_ms":112,"under":632,"over":368,"late":368}
01:19:12.817 win  184 pos= 2826240  -49dBFS [###.................] rms=  119 peak=  420 seam=ok lag=333us
01:19:12.817   -> unknown         p=0.44  preproc=68621us infer=40983us
01:19:12.817   pt[369]: min=-382 max=420 avg_abs=96 | fifo=48 under=632 over=370 late=370 mdf_cb=11103 mdf_err=0
01:19:13.325   pt[370]: min=-406 max=414 avg_abs=102 | fifo=464 under=637 over=370 late=370 mdf_cb=11134 mdf_err=0
01:19:13.508 in=14848Hz out=15200Hz ring=336 under=637 over=370 (dt=999999us) loglag=118964us
01:19:13.815 {"win":185,"cls":"sneezing","p":0.53,"lat_ms":112,"under":637,"over":370,"late":370}
01:19:13.815 win  185 pos= 2841600  -48dBFS [####................] rms=  133 peak=  478 seam=ok lag=337us
01:19:13.824   -> sneezing        p=0.53  preproc=68635us infer=40974us
01:19:13.826   pt[371]: min=-388 max=478 avg_abs=116 | fifo=288 under=637 over=372 late=372 mdf_cb=11163 mdf_err=0
01:19:13.900 lcd: win 185 -> SNEEZE p=0.53 (32876 us after notify)
01:19:14.350   pt[372]: min=-424 max=456 avg_abs=102 | fifo=304 under=640 over=372 late=372 mdf_cb=11194 mdf_err=0
01:19:14.474 in=14848Hz out=14800Hz ring=464 under=640 over=372 (dt=1000000us) loglag=118964us
01:19:14.850 {"win":186,"cls":"unknown","p":0.37,"lat_ms":112,"under":640,"over":372,"late":372}
01:19:14.857 win  186 pos= 2856960  -48dBFS [####................] rms=  131 peak=  456 seam=ok lag=334us
01:19:14.866   -> unknown         p=0.37  preproc=68629us infer=40984us
01:19:14.866   pt[373]: min=-440 max=438 avg_abs=101 | fifo=128 under=640 over=374 late=374 mdf_cb=11223 mdf_err=0
01:19:15.382   pt[374]: min=-374 max=326 avg_abs=88 | fifo=144 under=644 over=374 late=374 mdf_cb=11254 mdf_err=0
01:19:15.507 in=14848Hz out=15600Hz ring=192 under=644 over=374 (dt=999999us) loglag=118964us
01:19:15.941 win  187 pos= 2872320  -49dBFS [###.................] rms=  120 peak=  420 seam=ok lag=336us
01:19:15.941   -> unknown         p=0.49  preproc=68622us infer=40977us
01:19:15.941   pt[375]: min=-354 max=458 avg_abs=107 | fifo=0 under=645 over=376 late=376 mdf_cb=11283 mdf_err=0
01:19:16.441   pt[376]: min=-432 max=448 avg_abs=118 | fifo=384 under=648 over=376 late=376 mdf_cb=11314 mdf_err=0
01:19:16.508 in=14848Hz out=15200Hz ring=320 under=648 over=376 (dt=1000000us) loglag=118964us
01:19:16.948 {"win":188,"cls":"sneezing","p":0.64,"lat_ms":112,"under":648,"over":376,"late":376}
01:19:16.948 win  188 pos= 2887680  -47dBFS [####................] rms=  145 peak=  462 seam=ok lag=336us
01:19:16.948   -> sneezing        p=0.64  preproc=68616us infer=40989us
01:19:16.949   pt[377]: min=-462 max=394 avg_abs=113 | fifo=208 under=648 over=378 late=378 mdf_cb=11343 mdf_err=0
01:19:17.025 lcd: win 188 -> SNEEZE p=0.64 (34823 us after notify)
01:19:17.457   pt[378]: min=-446 max=418 avg_abs=105 | fifo=480 under=649 over=378 late=378 mdf_cb=11375 mdf_err=0
01:19:17.524 in=14848Hz out=14800Hz ring=448 under=649 over=378 (dt=999999us) loglag=118964us
01:19:18.024 {"win":189,"cls":"unknown","p":0.38,"lat_ms":112,"under":649,"over":378,"late":378}
01:19:18.024 win  189 pos= 2903040  -48dBFS [####................] rms=  126 peak=  460 seam=ok lag=334us
01:19:18.024   -> unknown         p=0.38  preproc=68632us infer=40984us
01:19:18.024 ====================================
01:19:18.024 ====================================
01:19:18.024 TAP TOTAL win=189
01:19:18.024 ====================================
01:19:18.024 ====================================
01:19:18.024 tap total: windows=190 (expected 190 from 2918656 samples) overrun=0 torn=0 skipped=0 seam ok=189 NG=0
01:19:18.024   tap lag max=340us (0 of them lower bounds) | tap write max=413862398ns avg=627760ns (11400 calls)
01:19:18.024   audio under=649 over=378 late=378 | aed run=190 err=0 (last er=0)
01:19:18.024   preproc max=68642us avg=68627us | infer max=41003us avg=40979us
01:19:18.035   notify out=102 held=48 offlist=40 gated=0 lat max=111679us (0 lower bounds)
01:19:18.043   log sent=1413 dropped=0 lag max=118964us
01:19:18.047   disp sent=70 dropped=0 max=542712us avg=44241us
01:19:18.049 ====================================
01:19:18.049 ====================================
01:19:18.057   pt[379]: min=-460 max=406 avg_abs=85 | fifo=48 under=649 over=380 late=380 mdf_cb=11403 mdf_err=0
01:19:18.507   pt[380]: min=-370 max=400 avg_abs=84 | fifo=64 under=654 over=380 late=380 mdf_cb=11434 mdf_err=0
01:19:18.507 in=14848Hz out=15200Hz ring=576 under=654 over=380 (dt=999999us) loglag=118964us
01:19:19.066 win  190 pos= 2918400  -50dBFS [###.................] rms=  108 peak=  400 seam=ok lag=333us
01:19:19.066   -> clock_tick      p=0.62  preproc=68626us infer=40974us
01:19:19.066   pt[381]: min=-372 max=298 avg_abs=88 | fifo=288 under=654 over=382 late=382 mdf_cb=11463 mdf_err=0
01:19:19.508 in=14848Hz out=15200Hz ring=304 under=657 over=382 (dt=999999us) loglag=118964us
01:19:19.583   pt[382]: min=-462 max=502 avg_abs=106 | fifo=304 under=657 over=382 late=382 mdf_cb=11494 mdf_err=0
01:19:20.083 win  191 pos= 2933760  -48dBFS [####................] rms=  136 peak=  502 seam=ok lag=336us
01:19:20.083   -> clock_tick      p=0.62  preproc=68632us infer=40976us
01:19:20.083   pt[383]: min=-436 max=486 avg_abs=113 | fifo=128 under=657 over=384 late=384 mdf_cb=11523 mdf_err=0
01:19:20.535 in=14848Hz out=15200Hz ring=432 under=661 over=384 (dt=1000000us) loglag=118964us
01:19:20.607   pt[384]: min=-606 max=802 avg_abs=148 | fifo=144 under=661 over=384 late=384 mdf_cb=11554 mdf_err=0
01:19:21.107 {"win":192,"cls":"crackling_fire","p":0.79,"lat_ms":112,"under":661,"over":384,"late":384}
01:19:21.107 win  192 pos= 2949120  -45dBFS [#####...............] rms=  181 peak= 2110 seam=ok lag=336us
01:19:21.107   -> crackling_fire  p=0.79  preproc=68615us infer=40975us
01:19:21.111   pt[385]: min=-1818 max=2110 avg_abs=123 | fifo=0 under=662 over=386 late=386 mdf_cb=11583 mdf_err=0
01:19:21.173 lcd: win 192 -> FIRE p=0.79 (32635 us after notify)
01:19:21.568 in=14848Hz out=15200Hz ring=560 under=666 over=386 (dt=999999us) loglag=118964us
01:19:21.628   pt[386]: min=-836 max=402 avg_abs=162 | fifo=240 under=666 over=386 late=386 mdf_cb=11615 mdf_err=0
01:19:22.156 {"win":193,"cls":"unknown","p":0.40,"lat_ms":112,"under":666,"over":386,"late":386}
01:19:22.156 win  193 pos= 2964480  -44dBFS [#####...............] rms=  214 peak= 2416 seam=ok lag=332us
01:19:22.156   -> unknown         p=0.40  preproc=68631us infer=40975us
01:19:22.156   pt[387]: min=-2416 max=1714 avg_abs=170 | fifo=208 under=666 over=388 late=388 mdf_cb=11643 mdf_err=0
01:19:22.532 in=14592Hz out=15200Hz ring=32 under=667 over=388 (dt=999999us) loglag=118964us
01:19:22.667   pt[388]: min=-630 max=474 avg_abs=112 | fifo=224 under=667 over=388 late=388 mdf_cb=11674 mdf_err=0
01:19:23.224 {"win":194,"cls":"crackling_fire","p":0.51,"lat_ms":112,"under":667,"over":388,"late":388}
01:19:23.224 win  194 pos= 2979840  -43dBFS [#####...............] rms=  242 peak= 1662 seam=ok lag=334us
01:19:23.224   -> crackling_fire  p=0.51  preproc=68627us infer=40992us
01:19:23.224   pt[389]: min=-1376 max=1662 avg_abs=225 | fifo=48 under=667 over=390 late=390 mdf_cb=11703 mdf_err=0
01:19:23.224 lcd: win 194 -> FIRE p=0.51 (32770 us after notify)
01:19:23.541 in=14848Hz out=15200Hz ring=160 under=672 over=390 (dt=1000000us) loglag=118964us
01:19:23.724   pt[390]: min=-608 max=1066 avg_abs=122 | fifo=64 under=672 over=390 late=390 mdf_cb=11734 mdf_err=0
01:19:24.224 {"win":195,"cls":"crackling_fire","p":0.92,"lat_ms":112,"under":672,"over":390,"late":390}
01:19:24.224 win  195 pos= 2995200  -45dBFS [#####...............] rms=  182 peak= 2104 seam=ok lag=334us
01:19:24.226   -> crackling_fire  p=0.92  preproc=68631us infer=40976us
01:19:24.232   pt[391]: min=-1748 max=2104 avg_abs=154 | fifo=288 under=672 over=392 late=392 mdf_cb=11763 mdf_err=0
01:19:24.300 lcd: win 195 -> FIRE p=0.92 (32817 us after notify)
01:19:24.549 in=14848Hz out=14800Hz ring=272 under=674 over=392 (dt=1000000us) loglag=118964us
01:19:24.740   pt[392]: min=-880 max=1008 avg_abs=187 | fifo=304 under=675 over=392 late=392 mdf_cb=11794 mdf_err=0
01:19:25.301 {"win":196,"cls":"crackling_fire","p":0.74,"lat_ms":112,"under":675,"over":392,"late":392}
01:19:25.301 win  196 pos= 3010560  -43dBFS [#####...............] rms=  225 peak= 1008 seam=ok lag=335us
01:19:25.301   -> crackling_fire  p=0.74  preproc=68627us infer=40985us
01:19:25.301   pt[393]: min=-900 max=912 avg_abs=142 | fifo=128 under=675 over=394 late=394 mdf_cb=11823 mdf_err=0
01:19:25.301 lcd: win 196 -> FIRE p=0.74 (32679 us after notify)
01:19:25.565 in=14848Hz out=15600Hz ring=16 under=679 over=394 (dt=999999us) loglag=118964us
01:19:25.816   pt[394]: min=-1262 max=1020 avg_abs=169 | fifo=400 under=679 over=394 late=394 mdf_cb=11855 mdf_err=0
01:19:26.332 {"win":197,"cls":"unknown","p":0.50,"lat_ms":112,"under":679,"over":394,"late":394}
01:19:26.332 win  197 pos= 3025920  -43dBFS [#####...............] rms=  239 peak= 1262 seam=ok lag=334us
01:19:26.332   -> unknown         p=0.50  preproc=68629us infer=40988us
01:19:26.332   pt[395]: min=-1240 max=1076 avg_abs=187 | fifo=0 under=680 over=396 late=396 mdf_cb=11883 mdf_err=0
01:19:26.582 in=14848Hz out=15200Hz ring=128 under=683 over=396 (dt=999999us) loglag=118964us
01:19:26.832   pt[396]: min=-680 max=904 avg_abs=109 | fifo=384 under=684 over=396 late=396 mdf_cb=11914 mdf_err=0
01:19:27.333 win  198 pos= 3041280  -46dBFS [####................] rms=  170 peak= 1062 seam=ok lag=334us
01:19:27.333   -> clock_tick      p=0.57  preproc=68631us infer=40988us
01:19:27.345   pt[397]: min=-852 max=774 avg_abs=150 | fifo=208 under=684 over=398 late=398 mdf_cb=11943 mdf_err=0
01:19:27.600 in=14848Hz out=14800Hz ring=272 under=685 over=398 (dt=1000000us) loglag=118964us
01:19:27.849   pt[398]: min=-1454 max=1118 avg_abs=210 | fifo=224 under=685 over=398 late=398 mdf_cb=11974 mdf_err=0
01:19:28.407 {"win":199,"cls":"crackling_fire","p":0.73,"lat_ms":112,"under":685,"over":398,"late":398}
01:19:28.407 win  199 pos= 3056640  -42dBFS [######..............] rms=  267 peak= 1454 seam=ok lag=335us
01:19:28.407   -> crackling_fire  p=0.73  preproc=68620us infer=40985us
01:19:28.407 ====================================
01:19:28.407 ====================================
01:19:28.407 TAP TOTAL win=199
01:19:28.407 ====================================
01:19:28.407 ====================================
01:19:28.407 tap total: windows=200 (expected 200 from 3072256 samples) overrun=0 torn=0 skipped=0 seam ok=199 NG=0
01:19:28.417   tap lag max=340us (0 of them lower bounds) | tap write max=413862398ns avg=93200ns (12000 calls)
01:19:28.424   audio under=685 over=398 late=398 | aed run=200 err=0 (last er=0)
01:19:28.432   preproc max=68642us avg=68627us | infer max=41003us avg=40979us
01:19:28.432   notify out=109 held=48 offlist=43 gated=0 lat max=111679us (0 lower bounds)
01:19:28.445   log sent=1488 dropped=0 lag max=118964us
01:19:28.449   disp sent=75 dropped=0 max=542712us avg=43619us
01:19:28.449 ====================================
01:19:28.457 ====================================
01:19:28.457   pt[399]: min=-1252 max=1352 avg_abs=222 | fifo=48 under=685 over=400 late=400 mdf_cb=12003 mdf_err=0
01:19:28.523 lcd: win 199 -> FIRE p=0.73 (101890 us after notify)
01:19:28.583 in=14848Hz out=15200Hz ring=368 under=689 over=400 (dt=999999us) loglag=118964us
01:19:28.899   pt[400]: min=-1192 max=806 avg_abs=178 | fifo=64 under=690 over=400 late=400 mdf_cb=12034 mdf_err=0
01:19:29.475 {"win":200,"cls":"crackling_fire","p":0.98,"lat_ms":112,"under":690,"over":400,"late":400}
01:19:29.475 win  200 pos= 3072000  -43dBFS [#####...............] rms=  229 peak= 1192 seam=ok lag=335us
01:19:29.475   -> crackling_fire  p=0.98  preproc=68627us infer=40951us
01:19:29.475   pt[401]: min=-776 max=854 avg_abs=172 | fifo=288 under=690 over=402 late=402 mdf_cb=12063 mdf_err=0
01:19:29.475 lcd: win 200 -> FIRE p=0.98 (32645 us after notify)
01:19:29.600 in=14848Hz out=15200Hz ring=112 under=692 over=402 (dt=1000000us) loglag=118964us
01:19:29.974   pt[402]: min=-668 max=640 avg_abs=155 | fifo=304 under=693 over=402 late=402 mdf_cb=12094 mdf_err=0
01:19:30.474 {"win":201,"cls":"unknown","p":0.50,"lat_ms":112,"under":693,"over":402,"late":402}
01:19:30.474 win  201 pos= 3087360  -39dBFS [#######.............] rms=  348 peak= 6940 seam=ok lag=337us
01:19:30.474   -> unknown         p=0.50  preproc=68628us infer=40986us
01:19:30.474   pt[403]: min=-4840 max=6940 avg_abs=238 | fifo=128 under=693 over=404 late=404 mdf_cb=12123 mdf_err=0
01:19:30.607 in=14848Hz out=15200Hz ring=256 under=697 over=404 (dt=999999us) loglag=118964us
01:19:30.984   pt[404]: min=-900 max=782 avg_abs=181 | fifo=400 under=697 over=404 late=404 mdf_cb=12155 mdf_err=0
01:19:31.493 win  202 pos= 3102720  -42dBFS [######..............] rms=  257 peak= 2960 seam=ok lag=336us
01:19:31.500   -> unknown         p=0.48  preproc=68624us infer=40977us
01:19:31.505   pt[405]: min=-688 max=662 avg_abs=169 | fifo=0 under=698 over=406 late=406 mdf_cb=12183 mdf_err=0
01:19:31.632 in=14848Hz out=15200Hz ring=368 under=700 over=406 (dt=999999us) loglag=118964us
01:19:32.007   pt[406]: min=-714 max=864 avg_abs=170 | fifo=384 under=701 over=406 late=406 mdf_cb=12214 mdf_err=0
01:19:32.583 win  203 pos= 3118080  -45dBFS [#####...............] rms=  185 peak=  864 seam=ok lag=335us
01:19:32.583   -> unknown         p=0.29  preproc=68626us infer=40977us
01:19:32.583   pt[407]: min=-430 max=406 avg_abs=108 | fifo=208 under=701 over=408 late=408 mdf_cb=12243 mdf_err=0
01:19:32.643 in=14848Hz out=15200Hz ring=112 under=702 over=408 (dt=1000000us) loglag=118964us
01:19:33.084   pt[408]: min=-2006 max=2532 avg_abs=152 | fifo=224 under=702 over=408 late=408 mdf_cb=12274 mdf_err=0
01:19:33.599 win  204 pos= 3133440  -44dBFS [#####...............] rms=  207 peak= 2532 seam=ok lag=334us
01:19:33.599   -> clock_tick      p=0.95  preproc=68631us infer=40992us
01:19:33.599   pt[409]: min=-832 max=720 avg_abs=153 | fifo=48 under=702 over=410 late=410 mdf_cb=12303 mdf_err=0
01:19:33.658 in=14848Hz out=15200Hz ring=112 under=703 over=410 (dt=1000000us) loglag=118964us
01:19:34.126   pt[410]: min=-610 max=410 avg_abs=129 | fifo=464 under=707 over=410 late=410 mdf_cb=12334 mdf_err=0
01:19:34.648 {"win":205,"cls":"sneezing","p":0.65,"lat_ms":112,"under":707,"over":410,"late":410}
01:19:34.648 win  205 pos= 3148800  -46dBFS [####................] rms=  164 peak=  692 seam=ok lag=334us
01:19:34.648   -> sneezing        p=0.65  preproc=68626us infer=40972us
01:19:34.648   pt[411]: min=-536 max=692 avg_abs=138 | fifo=288 under=707 over=412 late=412 mdf_cb=12363 mdf_err=0
01:19:34.648 in=14729Hz out=14681Hz ring=288 under=707 over=412 (dt=1008064us) loglag=118964us
01:19:34.708 lcd: win 205 -> SNEEZE p=0.65 (40138 us after notify)
01:19:35.158   pt[412]: min=-826 max=778 avg_abs=186 | fifo=560 under=710 over=412 late=412 mdf_cb=12395 mdf_err=0
01:19:35.657 in=14710Hz out=14920Hz ring=416 under=710 over=412 (dt=991936us) loglag=118964us
01:19:35.657 win  206 pos= 3164160  -43dBFS [#####...............] rms=  222 peak=  826 seam=ok lag=334us
01:19:35.665   -> clock_tick      p=0.57  preproc=68622us infer=40982us
01:19:35.674   pt[413]: min=-706 max=684 avg_abs=150 | fifo=128 under=710 over=414 late=414 mdf_cb=12423 mdf_err=0
01:19:36.192   pt[414]: min=-460 max=568 avg_abs=115 | fifo=144 under=714 over=414 late=414 mdf_cb=12454 mdf_err=0
01:19:36.694 in=15360Hz out=16000Hz ring=256 under=714 over=414 (dt=999999us) loglag=118964us
01:19:36.700 {"win":207,"cls":"sneezing","p":0.87,"lat_ms":112,"under":714,"over":414,"late":414}
01:19:36.707 win  207 pos= 3179520  -48dBFS [####................] rms=  138 peak=  568 seam=ok lag=335us
01:19:36.716   -> sneezing        p=0.87  preproc=68622us infer=40987us
01:19:36.721   pt[415]: min=-416 max=356 avg_abs=103 | fifo=0 under=715 over=416 late=416 mdf_cb=12483 mdf_err=0
01:19:36.782 lcd: win 207 -> SNEEZE p=0.87 (39613 us after notify)
01:19:37.231   pt[416]: min=-2174 max=1740 avg_abs=158 | fifo=384 under=718 over=416 late=416 mdf_cb=12514 mdf_err=0
01:19:37.785 in=15360Hz out=15600Hz ring=496 under=718 over=416 (dt=1000000us) loglag=118964us
01:19:37.785 {"win":208,"cls":"crackling_fire","p":0.89,"lat_ms":112,"under":718,"over":416,"late":416}
01:19:37.785 win  208 pos= 3194880  -44dBFS [#####...............] rms=  205 peak= 2174 seam=ok lag=334us
01:19:37.785   -> crackling_fire  p=0.89  preproc=68639us infer=40990us
01:19:37.785   pt[417]: min=-766 max=962 avg_abs=158 | fifo=208 under=718 over=418 late=418 mdf_cb=12543 mdf_err=0
01:19:37.785 lcd: win 208 -> FIRE p=0.89 (39901 us after notify)
01:19:38.291   pt[418]: min=-842 max=1130 avg_abs=158 | fifo=224 under=719 over=418 late=418 mdf_cb=12574 mdf_err=0
01:19:38.657 in=15360Hz out=15200Hz ring=480 under=719 over=418 (dt=999999us) loglag=118964us
01:19:38.794 {"win":209,"cls":"unknown","p":0.35,"lat_ms":112,"under":719,"over":418,"late":418}
01:19:38.794 win  209 pos= 3210240  -45dBFS [#####...............] rms=  185 peak= 1130 seam=ok lag=337us
01:19:38.794   -> unknown         p=0.35  preproc=68631us infer=40990us
01:19:38.794 ====================================
01:19:38.797 ====================================
01:19:38.800 TAP TOTAL win=209
01:19:38.802 ====================================
01:19:38.805 ====================================
01:19:38.809 tap total: windows=210 (expected 210 from 3225856 samples) overrun=0 torn=0 skipped=0 seam ok=209 NG=0
01:19:38.818   tap lag max=340us (0 of them lower bounds) | tap write max=413862398ns avg=177665ns (12600 calls)
01:19:38.824   audio under=719 over=418 late=418 | aed run=210 err=0 (last er=0)
01:19:38.833   preproc max=68642us avg=68627us | infer max=41003us avg=40979us
01:19:38.837   notify out=115 held=50 offlist=45 gated=0 lat max=111679us (0 lower bounds)
01:19:38.845   log sent=1564 dropped=0 lag max=118964us
01:19:38.849   disp sent=79 dropped=0 max=542712us avg=44076us
01:19:38.849 ====================================
01:19:38.857 ====================================
01:19:38.857   pt[419]: min=-454 max=412 avg_abs=95 | fifo=48 under=719 over=420 late=420 mdf_cb=12603 mdf_err=0
01:19:39.299   pt[420]: min=-1758 max=2020 avg_abs=121 | fifo=320 under=724 over=420 late=420 mdf_cb=12635 mdf_err=0
01:19:39.680 in=14848Hz out=15600Hz ring=208 under=724 over=420 (dt=999999us) loglag=118964us
01:19:39.864 win  210 pos= 3225600  -47dBFS [####................] rms=  142 peak= 2020 seam=ok lag=336us
01:19:39.864   -> clock_tick      p=0.97  preproc=68626us infer=40976us
01:19:39.864   pt[421]: min=-392 max=374 avg_abs=87 | fifo=288 under=724 over=422 late=422 mdf_cb=12663 mdf_err=0
01:19:40.365   pt[422]: min=-438 max=516 avg_abs=102 | fifo=304 under=727 over=422 late=422 mdf_cb=12694 mdf_err=0
01:19:40.682 in=14848Hz out=14800Hz ring=336 under=727 over=422 (dt=1000000us) loglag=118964us
01:19:40.865 win  211 pos= 3240960  -46dBFS [####................] rms=  170 peak=  770 seam=ok lag=334us
01:19:40.865   -> unknown         p=0.37  preproc=68630us infer=40973us
01:19:40.865   pt[423]: min=-628 max=770 avg_abs=159 | fifo=128 under=727 over=424 late=424 mdf_cb=12723 mdf_err=0
01:19:41.390   pt[424]: min=-660 max=416 avg_abs=121 | fifo=144 under=731 over=424 late=424 mdf_cb=12754 mdf_err=0
01:19:41.691 in=14848Hz out=15200Hz ring=464 under=731 over=424 (dt=999999us) loglag=118964us
01:19:41.941 win  212 pos= 3256320  -47dBFS [####................] rms=  149 peak=  660 seam=ok lag=335us
01:19:41.941   -> unknown         p=0.38  preproc=68630us infer=40975us
01:19:41.941   pt[425]: min=-400 max=430 avg_abs=107 | fifo=0 under=732 over=426 late=426 mdf_cb=12783 mdf_err=0
01:19:42.467   pt[426]: min=-414 max=400 avg_abs=98 | fifo=384 under=735 over=426 late=426 mdf_cb=12814 mdf_err=0
01:19:42.724 in=14848Hz out=15600Hz ring=192 under=735 over=426 (dt=999999us) loglag=118964us
01:19:42.979 win  213 pos= 3271680  -49dBFS [###.................] rms=  122 peak=  418 seam=ok lag=334us
01:19:42.979   -> unknown         p=0.39  preproc=68628us infer=40971us
01:19:42.979   pt[427]: min=-418 max=340 avg_abs=96 | fifo=208 under=735 over=428 late=428 mdf_cb=12843 mdf_err=0
01:19:43.499   pt[428]: min=-438 max=338 avg_abs=99 | fifo=224 under=736 over=428 late=428 mdf_cb=12874 mdf_err=0
01:19:43.692 in=14848Hz out=14800Hz ring=320 under=736 over=428 (dt=999999us) loglag=118964us
01:19:44.015 win  214 pos= 3287040  -48dBFS [####................] rms=  126 peak=  438 seam=ok lag=335us
01:19:44.015   -> unknown         p=0.41  preproc=68630us infer=40975us
01:19:44.015   pt[429]: min=-360 max=342 avg_abs=98 | fifo=48 under=736 over=430 late=430 mdf_cb=12903 mdf_err=0
01:19:44.491   pt[430]: min=-318 max=336 avg_abs=84 | fifo=320 under=741 over=430 late=430 mdf_cb=12935 mdf_err=0
01:19:44.741 in=14848Hz out=15200Hz ring=448 under=741 over=430 (dt=1000000us) loglag=118964us
01:19:45.059 win  215 pos= 3302400  -50dBFS [###.................] rms=  107 peak=  386 seam=ok lag=335us
01:19:45.059   -> unknown         p=0.28  preproc=68627us infer=40986us
01:19:45.059   pt[431]: min=-362 max=386 avg_abs=87 | fifo=288 under=741 over=432 late=432 mdf_cb=12963 mdf_err=0
01:19:45.565   pt[432]: min=-328 max=404 avg_abs=84 | fifo=304 under=744 over=432 late=432 mdf_cb=12994 mdf_err=0
01:19:45.757 in=14848Hz out=14800Hz ring=576 under=744 over=432 (dt=999999us) loglag=118964us
01:19:46.065 win  216 pos= 3317760  -50dBFS [###.................] rms=  105 peak=  404 seam=ok lag=336us
01:19:46.065   -> unknown         p=0.32  preproc=68626us infer=40984us
01:19:46.065   pt[433]: min=-396 max=328 avg_abs=88 | fifo=128 under=744 over=434 late=434 mdf_cb=13023 mdf_err=0
01:19:46.582   pt[434]: min=-400 max=494 avg_abs=103 | fifo=144 under=748 over=434 late=434 mdf_cb=13054 mdf_err=0
01:19:46.775 in=14848Hz out=15600Hz ring=304 under=748 over=434 (dt=1000000us) loglag=118964us
01:19:47.108 win  217 pos= 3333120  -48dBFS [####................] rms=  127 peak=  494 seam=ok lag=336us
01:19:47.108   -> unknown         p=0.40  preproc=68621us infer=40977us
01:19:47.108   pt[435]: min=-398 max=366 avg_abs=100 | fifo=0 under=749 over=436 late=436 mdf_cb=13083 mdf_err=0
01:19:47.615   pt[436]: min=-378 max=332 avg_abs=88 | fifo=384 under=752 over=436 late=436 mdf_cb=13114 mdf_err=0
01:19:47.741 in=14848Hz out=15200Hz ring=432 under=752 over=436 (dt=999999us) loglag=118964us
01:19:48.175 win  218 pos= 3348480  -49dBFS [###.................] rms=  111 peak=  394 seam=ok lag=333us
01:19:48.175   -> clock_tick      p=0.57  preproc=68623us infer=40982us
01:19:48.175   pt[437]: min=-394 max=354 avg_abs=88 | fifo=208 under=752 over=438 late=438 mdf_cb=13143 mdf_err=0
01:19:48.689   pt[438]: min=-386 max=336 avg_abs=89 | fifo=480 under=753 over=438 late=438 mdf_cb=13175 mdf_err=0
01:19:48.758 in=14848Hz out=14800Hz ring=560 under=753 over=438 (dt=999999us) loglag=118964us
01:19:49.189 win  219 pos= 3363840  -50dBFS [###.................] rms=  106 peak=  386 seam=ok lag=335us
01:19:49.189   -> unknown         p=0.49  preproc=68629us infer=40973us
01:19:49.189 ====================================
01:19:49.189 ====================================
01:19:49.194 TAP TOTAL win=219
01:19:49.194 ====================================
01:19:49.199 ====================================
01:19:49.202 tap total: windows=220 (expected 220 from 3379456 samples) overrun=0 torn=0 skipped=0 seam ok=219 NG=0
01:19:49.207   tap lag max=340us (0 of them lower bounds) | tap write max=413862398ns avg=254446ns (13200 calls)
01:19:49.221   audio under=753 over=438 late=438 | aed run=220 err=0 (last er=0)
01:19:49.223   preproc max=68642us avg=68627us | infer max=41003us avg=40979us
01:19:49.232   notify out=115 held=58 offlist=47 gated=0 lat max=111679us (0 lower bounds)
01:19:49.239   log sent=1628 dropped=0 lag max=118964us
01:19:49.243   disp sent=79 dropped=0 max=542712us avg=44076us
01:19:49.248 ====================================
01:19:49.249 ====================================
01:19:49.249   pt[439]: min=-352 max=334 avg_abs=83 | fifo=48 under=753 over=440 late=440 mdf_cb=13203 mdf_err=0
01:19:49.710   pt[440]: min=-350 max=404 avg_abs=87 | fifo=64 under=758 over=440 late=440 mdf_cb=13234 mdf_err=0
01:19:49.776 in=14592Hz out=15600Hz ring=32 under=758 over=440 (dt=1000000us) loglag=118964us
01:19:50.231 win  220 pos= 3379200  -50dBFS [###.................] rms=  108 peak=  404 seam=ok lag=333us
01:19:50.231   -> unknown         p=0.27  preproc=68625us infer=40977us
01:19:50.231   pt[441]: min=-358 max=328 avg_abs=80 | fifo=288 under=758 over=442 late=442 mdf_cb=13263 mdf_err=0
01:19:50.742   pt[442]: min=-324 max=406 avg_abs=90 | fifo=304 under=761 over=442 late=442 mdf_cb=13294 mdf_err=0
01:19:50.742 in=14848Hz out=14800Hz ring=160 under=761 over=442 (dt=999999us) loglag=118964us
01:19:51.298 win  221 pos= 3394560  -48dBFS [####................] rms=  127 peak=  448 seam=ok lag=337us
01:19:51.298   -> unknown         p=0.35  preproc=68623us infer=40977us
01:19:51.298   pt[443]: min=-398 max=448 avg_abs=114 | fifo=128 under=761 over=444 late=444 mdf_cb=13323 mdf_err=0
01:19:51.808 in=14848Hz out=15200Hz ring=288 under=765 over=444 (dt=1000000us) loglag=118964us
01:19:51.808   pt[444]: min=-1622 max=1664 avg_abs=107 | fifo=400 under=765 over=444 late=444 mdf_cb=13355 mdf_err=0
01:19:52.308 win  222 pos= 3409920  -46dBFS [####................] rms=  168 peak= 2214 seam=ok lag=335us
01:19:52.308   -> unknown         p=0.43  preproc=68630us infer=40977us
01:19:52.308   pt[445]: min=-2210 max=2214 avg_abs=130 | fifo=0 under=766 over=446 late=446 mdf_cb=13383 mdf_err=0
01:19:52.822 in=14848Hz out=15200Hz ring=416 under=769 over=446 (dt=1000000us) loglag=118964us
01:19:52.822   pt[446]: min=-438 max=428 avg_abs=101 | fifo=384 under=769 over=446 late=446 mdf_cb=13414 mdf_err=0
01:19:53.391 {"win":223,"cls":"sneezing","p":0.74,"lat_ms":112,"under":769,"over":446,"late":446}
01:19:53.391 win  223 pos= 3425280  -48dBFS [####................] rms=  123 peak=  450 seam=ok lag=335us
01:19:53.391   -> sneezing        p=0.74  preproc=68634us infer=40973us
01:19:53.391   pt[447]: min=-450 max=388 avg_abs=93 | fifo=208 under=769 over=448 late=448 mdf_cb=13443 mdf_err=0
01:19:53.391 lcd: win 223 -> SNEEZE p=0.74 (32785 us after notify)
01:19:53.773 in=14848Hz out=15200Hz ring=144 under=770 over=448 (dt=1000000us) loglag=118964us
01:19:53.905   pt[448]: min=-398 max=396 avg_abs=92 | fifo=224 under=770 over=448 late=448 mdf_cb=13474 mdf_err=0
01:19:54.399 {"win":224,"cls":"unknown","p":0.28,"lat_ms":112,"under":770,"over":448,"late":448}
01:19:54.399 win  224 pos= 3440640  -49dBFS [###.................] rms=  118 peak=  400 seam=ok lag=335us
01:19:54.399   -> unknown         p=0.28  preproc=68629us infer=40976us
01:19:54.399   pt[449]: min=-400 max=384 avg_abs=97 | fifo=48 under=770 over=450 late=450 mdf_cb=13503 mdf_err=0
01:19:54.833 in=14848Hz out=15200Hz ring=272 under=775 over=450 (dt=999999us) loglag=118964us
01:19:54.907   pt[450]: min=-456 max=406 avg_abs=112 | fifo=464 under=775 over=450 late=450 mdf_cb=13534 mdf_err=0
01:19:55.423 {"win":225,"cls":"crackling_fire","p":0.50,"lat_ms":112,"under":775,"over":450,"late":450}
01:19:55.423 win  225 pos= 3456000  -47dBFS [####................] rms=  152 peak= 1734 seam=ok lag=334us
01:19:55.431   -> crackling_fire  p=0.50  preproc=68618us infer=40976us
01:19:55.437   pt[451]: min=-1618 max=1734 avg_abs=120 | fifo=288 under=775 over=452 late=452 mdf_cb=13563 mdf_err=0
01:19:55.509 lcd: win 225 -> FIRE p=0.50 (33110 us after notify)
01:19:55.816 in=14848Hz out=14800Hz ring=384 under=777 over=452 (dt=1000000us) loglag=118964us
01:19:55.950   pt[452]: min=-488 max=422 avg_abs=102 | fifo=560 under=778 over=452 late=452 mdf_cb=13595 mdf_err=0
01:19:56.457 win  226 pos= 3471360  -48dBFS [####................] rms=  130 peak=  488 seam=ok lag=335us
01:19:56.457   -> clock_tick      p=0.63  preproc=68625us infer=40971us
01:19:56.467   pt[453]: min=-448 max=352 avg_abs=107 | fifo=128 under=778 over=454 late=454 mdf_cb=13623 mdf_err=0
01:19:56.851 in=14848Hz out=15600Hz ring=128 under=782 over=454 (dt=999999us) loglag=118964us
01:19:56.970   pt[454]: min=-382 max=510 avg_abs=93 | fifo=400 under=782 over=454 late=454 mdf_cb=13655 mdf_err=0
01:19:57.498 win  227 pos= 3486720  -47dBFS [####................] rms=  150 peak=  726 seam=ok lag=335us
01:19:57.504   -> clock_tick      p=0.52  preproc=68623us infer=40979us
01:19:57.511   pt[455]: min=-588 max=726 avg_abs=133 | fifo=0 under=783 over=456 late=456 mdf_cb=13683 mdf_err=0
01:19:57.849 in=14848Hz out=15200Hz ring=256 under=786 over=456 (dt=1000000us) loglag=118964us
01:19:58.032   pt[456]: min=-990 max=794 avg_abs=135 | fifo=384 under=786 over=456 late=456 mdf_cb=13714 mdf_err=0
01:19:58.549 win  228 pos= 3502080  -45dBFS [#####...............] rms=  175 peak=  990 seam=ok lag=336us
01:19:58.549   -> unknown         p=0.33  preproc=68626us infer=40972us
01:19:58.549   pt[457]: min=-586 max=556 avg_abs=129 | fifo=208 under=786 over=458 late=458 mdf_cb=13743 mdf_err=0
01:19:58.808 in=14848Hz out=14800Hz ring=384 under=787 over=458 (dt=999999us) loglag=118964us
01:19:59.076   pt[458]: min=-1718 max=1198 avg_abs=134 | fifo=224 under=787 over=458 late=458 mdf_cb=13774 mdf_err=0
01:19:59.580 {"win":229,"cls":"crackling_fire","p":0.72,"lat_ms":112,"under":787,"over":458,"late":458}
01:19:59.584 win  229 pos= 3517440  -44dBFS [#####...............] rms=  211 peak= 1948 seam=ok lag=335us
01:19:59.590   -> crackling_fire  p=0.72  preproc=68633us infer=40974us
01:19:59.598 ====================================
01:19:59.601 ====================================
01:19:59.605 TAP TOTAL win=229
01:19:59.606 ====================================
01:19:59.606 ====================================
01:19:59.606 tap total: windows=230 (expected 230 from 3533056 samples) overrun=0 torn=0 skipped=0 seam ok=229 NG=0
01:19:59.622   tap lag max=340us (0 of them lower bounds) | tap write max=413862398ns avg=324548ns (13800 calls)
01:19:59.631   audio under=787 over=458 late=458 | aed run=230 err=0 (last er=0)
01:19:59.638   preproc max=68642us avg=68627us | infer max=41003us avg=40978us
01:19:59.643   notify out=119 held=62 offlist=49 gated=0 lat max=111679us (0 lower bounds)
01:19:59.650   log sent=1698 dropped=0 lag max=118964us
01:19:59.654   disp sent=82 dropped=0 max=542712us avg=43801us
01:19:59.656 ====================================
01:19:59.660 ====================================
01:19:59.665   pt[459]: min=-1948 max=1532 avg_abs=193 | fifo=48 under=787 over=460 late=460 mdf_cb=13803 mdf_err=0
01:19:59.739 lcd: win 229 -> FIRE p=0.72 (99736 us after notify)
01:19:59.867 in=14848Hz out=15600Hz ring=112 under=792 over=460 (dt=1000000us) loglag=118964us
01:20:00.115   pt[460]: min=-640 max=966 avg_abs=144 | fifo=464 under=792 over=460 late=460 mdf_cb=13834 mdf_err=0
01:20:00.674 {"win":230,"cls":"unknown","p":0.49,"lat_ms":112,"under":792,"over":460,"late":460}
01:20:00.674 win  230 pos= 3532800  -44dBFS [#####...............] rms=  196 peak=  966 seam=ok lag=335us
01:20:00.674   -> unknown         p=0.49  preproc=68622us infer=40982us
01:20:00.674   pt[461]: min=-606 max=776 avg_abs=149 | fifo=288 under=792 over=462 late=462 mdf_cb=13863 mdf_err=0
01:20:00.865 in=14848Hz out=14800Hz ring=224 under=794 over=462 (dt=999999us) loglag=118964us
01:20:01.181   pt[462]: min=-1770 max=1626 avg_abs=125 | fifo=560 under=795 over=462 late=462 mdf_cb=13895 mdf_err=0
01:20:01.681 win  231 pos= 3548160  -46dBFS [####................] rms=  158 peak= 1770 seam=ok lag=336us
01:20:01.681   -> clock_tick      p=0.71  preproc=68621us infer=40972us
01:20:01.681   pt[463]: min=-400 max=486 avg_abs=112 | fifo=128 under=795 over=464 late=464 mdf_cb=13923 mdf_err=0
01:20:01.864 in=14848Hz out=15200Hz ring=368 under=799 over=464 (dt=999999us) loglag=118964us
01:20:02.192   pt[464]: min=-484 max=522 avg_abs=124 | fifo=144 under=799 over=464 late=464 mdf_cb=13954 mdf_err=0
01:20:02.753 win  232 pos= 3563520  -44dBFS [#####...............] rms=  204 peak= 1642 seam=ok lag=334us
01:20:02.753   -> unknown         p=0.45  preproc=68629us infer=40975us
01:20:02.753   pt[465]: min=-1312 max=1642 avg_abs=153 | fifo=0 under=800 over=466 late=466 mdf_cb=13983 mdf_err=0
01:20:02.880 in=14848Hz out=15200Hz ring=480 under=802 over=466 (dt=1000000us) loglag=118964us
01:20:03.255   pt[466]: min=-654 max=464 avg_abs=106 | fifo=384 under=803 over=466 late=466 mdf_cb=14014 mdf_err=0
01:20:03.774 win  233 pos= 3578880  -48dBFS [####................] rms=  131 peak=  654 seam=ok lag=335us
01:20:03.774   -> unknown         p=0.41  preproc=68629us infer=40963us
01:20:03.774   pt[467]: min=-404 max=558 avg_abs=94 | fifo=208 under=803 over=468 late=468 mdf_cb=14043 mdf_err=0
01:20:03.899 in=14848Hz out=15200Hz ring=224 under=804 over=468 (dt=999999us) loglag=118964us
01:20:04.287   pt[468]: min=-412 max=318 avg_abs=97 | fifo=224 under=804 over=468 late=468 mdf_cb=14074 mdf_err=0
01:20:04.798 win  234 pos= 3594240  -49dBFS [###.................] rms=  120 peak=  412 seam=ok lag=333us
01:20:04.798   -> unknown         p=0.30  preproc=68623us infer=40977us
01:20:04.798   pt[469]: min=-692 max=632 avg_abs=98 | fifo=48 under=804 over=470 late=470 mdf_cb=14103 mdf_err=0
01:20:04.873 in=14848Hz out=15200Hz ring=256 under=806 over=470 (dt=999999us) loglag=118964us
01:20:05.324   pt[470]: min=-570 max=544 avg_abs=97 | fifo=320 under=809 over=470 late=470 mdf_cb=14135 mdf_err=0
01:20:05.880 win  235 pos= 3609600  -49dBFS [###.................] rms=  123 peak=  692 seam=ok lag=336us
01:20:05.880   -> clock_tick      p=0.53  preproc=68631us infer=40988us
01:20:05.880   pt[471]: min=-358 max=330 avg_abs=95 | fifo=288 under=809 over=472 late=472 mdf_cb=14163 mdf_err=0
01:20:05.880 in=14848Hz out=14800Hz ring=400 under=809 over=472 (dt=1000000us) loglag=118964us
01:20:06.383   pt[472]: min=-312 max=332 avg_abs=78 | fifo=304 under=812 over=472 late=472 mdf_cb=14194 mdf_err=0
01:20:06.882 win  236 pos= 3624960  -50dBFS [###.................] rms=  104 peak=  332 seam=ok lag=336us
01:20:06.882   -> clock_tick      p=0.52  preproc=68622us infer=40975us
01:20:06.882   pt[473]: min=-880 max=404 avg_abs=91 | fifo=128 under=812 over=474 late=474 mdf_cb=14223 mdf_err=0
01:20:06.882 in=14784Hz out=15135Hz ring=128 under=812 over=474 (dt=1004283us) loglag=118964us
01:20:07.381   pt[474]: min=-394 max=434 avg_abs=100 | fifo=144 under=816 over=474 late=474 mdf_cb=14254 mdf_err=0
01:20:07.947 in=14654Hz out=15265Hz ring=256 under=816 over=474 (dt=995717us) loglag=118964us
01:20:07.947 win  237 pos= 3640320  -48dBFS [####................] rms=  125 peak=  880 seam=ok lag=334us
01:20:07.947   -> clock_tick      p=0.55  preproc=68630us infer=40976us
01:20:07.947   pt[475]: min=-380 max=320 avg_abs=90 | fifo=0 under=817 over=476 late=476 mdf_cb=14283 mdf_err=0
01:20:08.440   pt[476]: min=-354 max=306 avg_abs=85 | fifo=384 under=821 over=476 late=476 mdf_cb=14314 mdf_err=0
01:20:08.962 in=15360Hz out=15600Hz ring=496 under=821 over=476 (dt=999999us) loglag=118964us
01:20:08.962 win  238 pos= 3655680  -50dBFS [###.................] rms=  101 peak=  388 seam=ok lag=334us
01:20:08.962   -> unknown         p=0.33  preproc=68633us infer=40975us
01:20:08.962   pt[477]: min=-278 max=402 avg_abs=80 | fifo=208 under=821 over=478 late=478 mdf_cb=14343 mdf_err=0
01:20:09.455   pt[478]: min=-386 max=338 avg_abs=88 | fifo=480 under=822 over=478 late=478 mdf_cb=14375 mdf_err=0
01:20:10.040 in=15360Hz out=15600Hz ring=336 under=822 over=478 (dt=999999us) loglag=118964us
01:20:10.040 win  239 pos= 3671040  -49dBFS [###.................] rms=  110 peak=  402 seam=ok lag=337us
01:20:10.040   -> unknown         p=0.41  preproc=68632us infer=40976us
01:20:10.040 ====================================
01:20:10.040 ====================================
01:20:10.040 TAP TOTAL win=239
01:20:10.040 ====================================
01:20:10.040 ====================================
01:20:10.040 tap total: windows=240 (expected 240 from 3686656 samples) overrun=0 torn=0 skipped=0 seam ok=239 NG=0
01:20:10.040   tap lag max=340us (0 of them lower bounds) | tap write max=413862398ns avg=388808ns (14400 calls)
01:20:10.040   audio under=822 over=478 late=478 | aed run=240 err=0 (last er=0)
01:20:10.040   preproc max=68642us avg=68627us | infer max=41003us avg=40978us
01:20:10.044   notify out=120 held=67 offlist=53 gated=0 lat max=111679us (0 lower bounds)
01:20:10.051   log sent=1765 dropped=0 lag max=118964us
01:20:10.055   disp sent=82 dropped=0 max=542712us avg=44483us
01:20:10.059 ====================================
01:20:10.063 ====================================
01:20:10.065   pt[479]: min=-376 max=316 avg_abs=85 | fifo=48 under=822 over=480 late=480 mdf_cb=14403 mdf_err=0
01:20:10.527   pt[480]: min=-330 max=334 avg_abs=86 | fifo=64 under=827 over=480 late=480 mdf_cb=14434 mdf_err=0
01:20:10.899 in=15360Hz out=15600Hz ring=320 under=827 over=480 (dt=999999us) loglag=118964us
01:20:11.029 win  240 pos= 3686400  -50dBFS [###.................] rms=  108 peak=  376 seam=ok lag=335us
01:20:11.029   -> unknown         p=0.43  preproc=68624us infer=40982us
01:20:11.031   pt[481]: min=-376 max=368 avg_abs=88 | fifo=288 under=827 over=482 late=482 mdf_cb=14463 mdf_err=0
01:20:11.550   pt[482]: min=-334 max=308 avg_abs=89 | fifo=304 under=830 over=482 late=482 mdf_cb=14494 mdf_err=0
01:20:11.925 in=14848Hz out=14800Hz ring=448 under=830 over=482 (dt=1000000us) loglag=118964us
01:20:12.116 win  241 pos= 3701760  -50dBFS [###.................] rms=  108 peak=  382 seam=ok lag=336us
01:20:12.116   -> unknown         p=0.42  preproc=68630us infer=40984us
01:20:12.116   pt[483]: min=-382 max=298 avg_abs=82 | fifo=128 under=830 over=484 late=484 mdf_cb=14523 mdf_err=0
01:20:12.613   pt[484]: min=-372 max=296 avg_abs=78 | fifo=144 under=834 over=484 late=484 mdf_cb=14554 mdf_err=0
01:20:12.955 in=14592Hz out=15200Hz ring=320 under=834 over=484 (dt=999999us) loglag=118964us
01:20:13.151 win  242 pos= 3717120  -50dBFS [###.................] rms=  101 peak=  426 seam=ok lag=335us
01:20:13.151   -> unknown         p=0.36  preproc=68620us infer=40972us
01:20:13.151   pt[485]: min=-328 max=426 avg_abs=81 | fifo=0 under=835 over=486 late=486 mdf_cb=14583 mdf_err=0
01:20:13.657   pt[486]: min=-348 max=296 avg_abs=81 | fifo=640 under=838 over=486 late=486 mdf_cb=14615 mdf_err=0
01:20:13.914 in=14848Hz out=15600Hz ring=48 under=838 over=486 (dt=999999us) loglag=118964us
01:20:14.172 win  243 pos= 3732480  -50dBFS [###.................] rms=  107 peak=  402 seam=ok lag=336us
01:20:14.172   -> unknown         p=0.38  preproc=68623us infer=40987us
01:20:14.172   pt[487]: min=-402 max=364 avg_abs=92 | fifo=208 under=838 over=488 late=488 mdf_cb=14643 mdf_err=0
01:20:14.687   pt[488]: min=-394 max=352 avg_abs=97 | fifo=224 under=839 over=488 late=488 mdf_cb=14674 mdf_err=0
01:20:14.974 in=14848Hz out=14800Hz ring=176 under=839 over=488 (dt=999999us) loglag=118964us
01:20:15.234 win  244 pos= 3747840  -49dBFS [###.................] rms=  120 peak=  394 seam=ok lag=336us
01:20:15.234   -> clock_tick      p=0.66  preproc=68627us infer=40975us
01:20:15.234   pt[489]: min=-380 max=352 avg_abs=97 | fifo=48 under=839 over=490 late=490 mdf_cb=14703 mdf_err=0
01:20:15.687   pt[490]: min=-322 max=354 avg_abs=82 | fifo=464 under=844 over=490 late=490 mdf_cb=14734 mdf_err=0
01:20:15.961 in=14848Hz out=15200Hz ring=304 under=844 over=490 (dt=999999us) loglag=118964us
01:20:16.281 win  245 pos= 3763200  -49dBFS [###.................] rms=  112 peak=  436 seam=ok lag=335us
01:20:16.281   -> unknown         p=0.33  preproc=68619us infer=40976us
01:20:16.281   pt[491]: min=-434 max=436 avg_abs=98 | fifo=288 under=844 over=492 late=492 mdf_cb=14763 mdf_err=0
01:20:16.786   pt[492]: min=-426 max=426 avg_abs=113 | fifo=560 under=847 over=492 late=492 mdf_cb=14795 mdf_err=0
01:20:16.982 in=14848Hz out=14800Hz ring=432 under=847 over=492 (dt=1000000us) loglag=118964us
01:20:17.307 win  246 pos= 3778560  -47dBFS [####................] rms=  141 peak=  426 seam=ok lag=335us
01:20:17.307   -> unknown         p=0.43  preproc=68619us infer=40977us
01:20:17.307   pt[493]: min=-426 max=416 avg_abs=115 | fifo=128 under=847 over=494 late=494 mdf_cb=14823 mdf_err=0
01:20:17.799   pt[494]: min=-388 max=348 avg_abs=91 | fifo=144 under=851 over=494 late=494 mdf_cb=14854 mdf_err=0
01:20:17.989 in=14848Hz out=15600Hz ring=160 under=851 over=494 (dt=1000000us) loglag=118964us
01:20:18.324 win  247 pos= 3793920  -49dBFS [###.................] rms=  120 peak=  388 seam=ok lag=335us
01:20:18.324   -> unknown         p=0.44  preproc=68621us infer=40989us
01:20:18.324   pt[495]: min=-382 max=344 avg_abs=104 | fifo=0 under=852 over=496 late=496 mdf_cb=14883 mdf_err=0
01:20:18.825   pt[496]: min=-424 max=416 avg_abs=103 | fifo=384 under=855 over=496 late=496 mdf_cb=14914 mdf_err=0
01:20:18.951 in=14848Hz out=15200Hz ring=288 under=855 over=496 (dt=1000000us) loglag=118964us
01:20:19.396 {"win":248,"cls":"sneezing","p":0.63,"lat_ms":112,"under":855,"over":496,"late":496}
01:20:19.396 win  248 pos= 3809280  -47dBFS [####................] rms=  142 peak=  494 seam=ok lag=335us
01:20:19.396   -> sneezing        p=0.63  preproc=68622us infer=40985us
01:20:19.396   pt[497]: min=-428 max=494 avg_abs=116 | fifo=208 under=855 over=498 late=498 mdf_cb=14943 mdf_err=0
01:20:19.396 lcd: win 248 -> SNEEZE p=0.63 (32875 us after notify)
01:20:19.908   pt[498]: min=-444 max=404 avg_abs=104 | fifo=224 under=856 over=498 late=498 mdf_cb=14974 mdf_err=0
01:20:19.982 in=14848Hz out=14800Hz ring=416 under=856 over=498 (dt=1000000us) loglag=118964us
01:20:20.414 {"win":249,"cls":"unknown","p":0.32,"lat_ms":112,"under":856,"over":498,"late":498}
01:20:20.414 win  249 pos= 3824640  -48dBFS [####................] rms=  131 peak=  444 seam=ok lag=336us
01:20:20.414   -> unknown         p=0.32  preproc=68633us infer=40976us
01:20:20.414 ====================================
01:20:20.414 ====================================
01:20:20.414 TAP TOTAL win=249
01:20:20.414 ====================================
01:20:20.414 ====================================
01:20:20.417 tap total: windows=250 (expected 250 from 3840256 samples) overrun=0 torn=0 skipped=0 seam ok=249 NG=0
01:20:20.425   tap lag max=340us (0 of them lower bounds) | tap write max=413862398ns avg=447928ns (15000 calls)
01:20:20.433   audio under=856 over=498 late=498 | aed run=250 err=0 (last er=0)
01:20:20.439   preproc max=68642us avg=68627us | infer max=41003us avg=40978us
01:20:20.446   notify out=122 held=74 offlist=54 gated=0 lat max=111679us (0 lower bounds)
01:20:20.453   log sent=1832 dropped=0 lag max=118964us
01:20:20.457   disp sent=83 dropped=0 max=542712us avg=44343us
01:20:20.461 ====================================
01:20:20.466 ====================================
01:20:20.468   pt[499]: min=-348 max=384 avg_abs=107 | fifo=48 under=856 over=500 late=500 mdf_cb=15003 mdf_err=0
01:20:20.946   pt[500]: min=-426 max=400 avg_abs=104 | fifo=64 under=861 over=500 late=500 mdf_cb=15034 mdf_err=0
01:20:21.007 in=14848Hz out=15200Hz ring=544 under=861 over=500 (dt=999999us) loglag=118964us
01:20:21.440 {"win":250,"cls":"sneezing","p":0.62,"lat_ms":112,"under":861,"over":500,"late":500}
01:20:21.440 win  250 pos= 3840000  -48dBFS [####................] rms=  131 peak=  478 seam=ok lag=335us
01:20:21.440   -> sneezing        p=0.62  preproc=68621us infer=40972us
01:20:21.441   pt[501]: min=-430 max=478 avg_abs=107 | fifo=288 under=861 over=502 late=502 mdf_cb=15063 mdf_err=0
01:20:21.507 lcd: win 250 -> SNEEZE p=0.62 (32581 us after notify)
01:20:21.941   pt[502]: min=-414 max=442 avg_abs=102 | fifo=304 under=864 over=502 late=502 mdf_cb=15094 mdf_err=0
01:20:22.010 in=14848Hz out=15200Hz ring=272 under=864 over=502 (dt=1000000us) loglag=118964us
01:20:22.463 {"win":251,"cls":"unknown","p":0.37,"lat_ms":112,"under":864,"over":502,"late":502}
01:20:22.467 win  251 pos= 3855360  -48dBFS [####................] rms=  125 peak=  442 seam=ok lag=336us
01:20:22.476   -> unknown         p=0.37  preproc=68626us infer=40989us
01:20:22.481   pt[503]: min=-320 max=374 avg_abs=89 | fifo=128 under=864 over=504 late=504 mdf_cb=15123 mdf_err=0
01:20:22.989   pt[504]: min=-404 max=428 avg_abs=93 | fifo=144 under=868 over=504 late=504 mdf_cb=15154 mdf_err=0
01:20:22.989 in=14848Hz out=15200Hz ring=400 under=868 over=504 (dt=999999us) loglag=118964us
01:20:23.500 win  252 pos= 3870720  -49dBFS [###.................] rms=  113 peak=  428 seam=ok lag=335us
01:20:23.508   -> unknown         p=0.34  preproc=68622us infer=40978us
01:20:23.514   pt[505]: min=-374 max=348 avg_abs=89 | fifo=0 under=869 over=506 late=506 mdf_cb=15183 mdf_err=0
01:20:24.022 in=14848Hz out=15200Hz ring=528 under=872 over=506 (dt=999999us) loglag=118964us
01:20:24.022   pt[506]: min=-520 max=724 avg_abs=127 | fifo=240 under=872 over=506 late=506 mdf_cb=15215 mdf_err=0
01:20:24.541 win  253 pos= 3886080  -46dBFS [####................] rms=  161 peak=  724 seam=ok lag=336us
01:20:24.548   -> clock_tick      p=0.72  preproc=68625us infer=40972us
01:20:24.554   pt[507]: min=-636 max=702 avg_abs=121 | fifo=208 under=872 over=508 late=508 mdf_cb=15243 mdf_err=0
01:20:25.008 in=14848Hz out=15200Hz ring=256 under=873 over=508 (dt=1000000us) loglag=118964us
01:20:25.068   pt[508]: min=-444 max=394 avg_abs=110 | fifo=224 under=873 over=508 late=508 mdf_cb=15274 mdf_err=0
01:20:25.631 win  254 pos= 3901440  -47dBFS [####................] rms=  142 peak=  472 seam=ok lag=336us
01:20:25.631   -> unknown         p=0.40  preproc=68626us infer=40986us
01:20:25.631   pt[509]: min=-472 max=440 avg_abs=120 | fifo=48 under=873 over=510 late=510 mdf_cb=15303 mdf_err=0
01:20:26.033 in=14848Hz out=15200Hz ring=384 under=878 over=510 (dt=999999us) loglag=118964us
01:20:26.110   pt[510]: min=-506 max=468 avg_abs=103 | fifo=64 under=878 over=510 late=510 mdf_cb=15334 mdf_err=0
01:20:26.677 win  255 pos= 3916800  -48dBFS [####................] rms=  128 peak=  506 seam=ok lag=336us
01:20:26.677   -> unknown         p=0.48  preproc=68626us infer=40998us
01:20:26.677   pt[511]: min=-354 max=422 avg_abs=95 | fifo=288 under=878 over=512 late=512 mdf_cb=15363 mdf_err=0
01:20:27.057 in=14848Hz out=14800Hz ring=512 under=881 over=512 (dt=999999us) loglag=118964us
01:20:27.173   pt[512]: min=-382 max=388 avg_abs=103 | fifo=304 under=881 over=512 late=512 mdf_cb=15394 mdf_err=0
01:20:27.691 win  256 pos= 3932160  -49dBFS [###.................] rms=  119 peak=  422 seam=ok lag=335us
01:20:27.691   -> unknown         p=0.45  preproc=68622us infer=40972us
01:20:27.691   pt[513]: min=-416 max=436 avg_abs=86 | fifo=128 under=881 over=514 late=514 mdf_cb=15423 mdf_err=0
01:20:28.065 in=14848Hz out=15600Hz ring=240 under=885 over=514 (dt=1000000us) loglag=118964us
01:20:28.210   pt[514]: min=-380 max=394 avg_abs=95 | fifo=144 under=885 over=514 late=514 mdf_cb=15454 mdf_err=0
01:20:28.706 {"win":257,"cls":"sneezing","p":0.57,"lat_ms":112,"under":885,"over":514,"late":514}
01:20:28.708 win  257 pos= 3947520  -48dBFS [####................] rms=  124 peak=  446 seam=ok lag=336us
01:20:28.717   -> sneezing        p=0.57  preproc=68624us infer=40991us
01:20:28.722   pt[515]: min=-446 max=360 avg_abs=98 | fifo=0 under=886 over=516 late=516 mdf_cb=15483 mdf_err=0
01:20:28.788 lcd: win 257 -> SNEEZE p=0.57 (32602 us after notify)
01:20:29.045 in=14848Hz out=15200Hz ring=368 under=890 over=516 (dt=1000000us) loglag=118964us
01:20:29.247   pt[516]: min=-354 max=320 avg_abs=89 | fifo=240 under=890 over=516 late=516 mdf_cb=15515 mdf_err=0
01:20:29.764 {"win":258,"cls":"unknown","p":0.30,"lat_ms":112,"under":890,"over":516,"late":516}
01:20:29.764 win  258 pos= 3962880  -49dBFS [###.................] rms=  119 peak=  444 seam=ok lag=334us
01:20:29.764   -> unknown         p=0.30  preproc=68627us infer=40986us
01:20:29.764   pt[517]: min=-330 max=444 avg_abs=101 | fifo=208 under=890 over=518 late=518 mdf_cb=15543 mdf_err=0
01:20:30.097 in=14848Hz out=14800Hz ring=496 under=891 over=518 (dt=999999us) loglag=118964us
01:20:30.285   pt[518]: min=-360 max=478 avg_abs=108 | fifo=480 under=891 over=518 late=518 mdf_cb=15575 mdf_err=0
01:20:30.815 {"win":259,"cls":"sneezing","p":0.70,"lat_ms":112,"under":891,"over":518,"late":518}
01:20:30.815 win  259 pos= 3978240  -48dBFS [####................] rms=  134 peak=  478 seam=ok lag=337us
01:20:30.815   -> sneezing        p=0.70  preproc=68623us infer=40976us
01:20:30.815 ====================================
01:20:30.815 ====================================
01:20:30.815 TAP TOTAL win=259
01:20:30.815 ====================================
01:20:30.815 ====================================
01:20:30.818 tap total: windows=260 (expected 260 from 3993856 samples) overrun=0 torn=0 skipped=0 seam ok=259 NG=0
01:20:30.824   tap lag max=340us (0 of them lower bounds) | tap write max=413862398ns avg=43643ns (15600 calls)
01:20:30.832   audio under=891 over=518 late=518 | aed run=260 err=0 (last er=0)
01:20:30.842   preproc max=68642us avg=68626us | infer max=41003us avg=40979us
01:20:30.848   notify out=127 held=78 offlist=55 gated=0 lat max=111679us (0 lower bounds)
01:20:30.857   log sent=1903 dropped=0 lag max=118964us
01:20:30.858   disp sent=86 dropped=0 max=542712us avg=44067us
01:20:30.858 ====================================
01:20:30.866 ====================================
01:20:30.866   pt[519]: min=-382 max=462 avg_abs=113 | fifo=48 under=891 over=520 late=520 mdf_cb=15603 mdf_err=0
01:20:30.956 lcd: win 259 -> SNEEZE p=0.70 (99411 us after notify)
01:20:31.080 in=14848Hz out=15600Hz ring=224 under=896 over=520 (dt=1000000us) loglag=118964us
01:20:31.332   pt[520]: min=-486 max=484 avg_abs=112 | fifo=64 under=896 over=520 late=520 mdf_cb=15634 mdf_err=0
01:20:31.849 {"win":260,"cls":"unknown","p":0.30,"lat_ms":112,"under":896,"over":520,"late":520}
01:20:31.849 win  260 pos= 3993600  -47dBFS [####................] rms=  144 peak=  486 seam=ok lag=334us
01:20:31.849   -> unknown         p=0.30  preproc=68635us infer=40988us
01:20:31.849   pt[521]: min=-430 max=400 avg_abs=117 | fifo=288 under=896 over=522 late=522 mdf_cb=15663 mdf_err=0
01:20:32.099 in=14848Hz out=14800Hz ring=336 under=898 over=522 (dt=999999us) loglag=118964us
01:20:32.348   pt[522]: min=-682 max=452 avg_abs=111 | fifo=304 under=899 over=522 late=522 mdf_cb=15694 mdf_err=0
01:20:32.907 win  261 pos= 4008960  -46dBFS [####................] rms=  158 peak=  878 seam=ok lag=334us
01:20:32.907   -> unknown         p=0.42  preproc=68627us infer=40976us
01:20:32.907   pt[523]: min=-878 max=692 avg_abs=120 | fifo=128 under=899 over=524 late=524 mdf_cb=15723 mdf_err=0
01:20:33.095 in=14848Hz out=15200Hz ring=480 under=903 over=524 (dt=1000000us) loglag=118964us
01:20:33.418   pt[524]: min=-356 max=402 avg_abs=92 | fifo=144 under=903 over=524 late=524 mdf_cb=15754 mdf_err=0
01:20:33.924 win  262 pos= 4024320  -49dBFS [###.................] rms=  118 peak=  402 seam=ok lag=335us
01:20:33.924   -> unknown         p=0.40  preproc=68625us infer=40977us
01:20:33.924   pt[525]: min=-388 max=400 avg_abs=96 | fifo=0 under=904 over=526 late=526 mdf_cb=15783 mdf_err=0
01:20:34.111 in=14848Hz out=15200Hz ring=592 under=906 over=526 (dt=999999us) loglag=118964us
01:20:34.435   pt[526]: min=-364 max=350 avg_abs=90 | fifo=240 under=907 over=526 late=526 mdf_cb=15815 mdf_err=0
01:20:35.002 win  263 pos= 4039680  -49dBFS [###.................] rms=  114 peak=  386 seam=ok lag=335us
01:20:35.002   -> unknown         p=0.35  preproc=68614us infer=40973us
01:20:35.002   pt[527]: min=-386 max=340 avg_abs=92 | fifo=208 under=907 over=528 late=528 mdf_cb=15843 mdf_err=0
01:20:35.131 in=14848Hz out=15200Hz ring=336 under=908 over=528 (dt=999999us) loglag=118964us
01:20:35.507   pt[528]: min=-466 max=648 avg_abs=111 | fifo=224 under=908 over=528 late=528 mdf_cb=15874 mdf_err=0
01:20:36.032 win  264 pos= 4055040  -48dBFS [####................] rms=  137 peak=  648 seam=ok lag=336us
01:20:36.032   -> unknown         p=0.39  preproc=68632us infer=40972us
01:20:36.032   pt[529]: min=-450 max=356 avg_abs=103 | fifo=48 under=908 over=530 late=530 mdf_cb=15903 mdf_err=0
01:20:36.100 in=14848Hz out=15200Hz ring=368 under=910 over=530 (dt=1000000us) loglag=118964us
01:20:36.557   pt[530]: min=-456 max=432 avg_abs=102 | fifo=64 under=913 over=530 late=530 mdf_cb=15934 mdf_err=0
01:20:37.073 win  265 pos= 4070400  -48dBFS [####................] rms=  134 peak=  584 seam=ok lag=334us
01:20:37.073   -> clock_tick      p=0.71  preproc=68629us infer=40992us
01:20:37.073   pt[531]: min=-452 max=584 avg_abs=114 | fifo=288 under=913 over=532 late=532 mdf_cb=15963 mdf_err=0
01:20:37.132 in=14592Hz out=14800Hz ring=256 under=913 over=532 (dt=999999us) loglag=118964us
01:20:37.582   pt[532]: min=-352 max=404 avg_abs=88 | fifo=304 under=916 over=532 late=532 mdf_cb=15994 mdf_err=0
01:20:38.104 win  266 pos= 4085760  -50dBFS [###.................] rms=  109 peak=  404 seam=ok lag=335us
01:20:38.104   -> unknown         p=0.33  preproc=68623us infer=40981us
01:20:38.104   pt[533]: min=-392 max=334 avg_abs=84 | fifo=128 under=916 over=534 late=534 mdf_cb=16023 mdf_err=0
01:20:38.104 in=14848Hz out=15600Hz ring=0 under=918 over=534 (dt=1000000us) loglag=118964us
01:20:38.625   pt[534]: min=-300 max=320 avg_abs=77 | fifo=144 under=920 over=534 late=534 mdf_cb=16054 mdf_err=0
01:20:39.146 in=14336Hz out=14400Hz ring=256 under=920 over=534 (dt=1000000us) loglag=118964us
01:20:39.146 win  267 pos= 4101120  -50dBFS [###.................] rms=  109 peak=  370 seam=ok lag=339us
01:20:39.146   -> unknown         p=0.36  preproc=68623us infer=40973us
01:20:39.146   pt[535]: min=-368 max=356 avg_abs=96 | fifo=0 under=921 over=536 late=536 mdf_cb=16083 mdf_err=0
01:20:39.641   pt[536]: min=-400 max=460 avg_abs=96 | fifo=240 under=925 over=536 late=536 mdf_cb=16115 mdf_err=0
01:20:40.144 in=15360Hz out=15600Hz ring=496 under=925 over=536 (dt=1000000us) loglag=118964us
01:20:40.150 win  268 pos= 4116480  -48dBFS [####................] rms=  126 peak=  460 seam=ok lag=335us
01:20:40.159   -> clock_tick      p=0.66  preproc=68634us infer=40989us
01:20:40.164   pt[537]: min=-418 max=370 avg_abs=104 | fifo=208 under=925 over=538 late=538 mdf_cb=16143 mdf_err=0
01:20:40.682   pt[538]: min=-448 max=442 avg_abs=107 | fifo=224 under=926 over=538 late=538 mdf_cb=16174 mdf_err=0
01:20:41.206 in=15360Hz out=15600Hz ring=336 under=926 over=538 (dt=999998us) loglag=118964us
01:20:41.206 {"win":269,"cls":"sneezing","p":0.58,"lat_ms":112,"under":926,"over":538,"late":538}
01:20:41.206 win  269 pos= 4131840  -48dBFS [####................] rms=  134 peak=  454 seam=ok lag=333us
01:20:41.208   -> sneezing        p=0.58  preproc=68640us infer=40973us
01:20:41.211 ====================================
01:20:41.215 ====================================
01:20:41.218 TAP TOTAL win=269
01:20:41.220 ====================================
01:20:41.223 ====================================
01:20:41.227 tap total: windows=270 (expected 270 from 4147456 samples) overrun=0 torn=0 skipped=0 seam ok=269 NG=0
01:20:41.236   tap lag max=340us (0 of them lower bounds) | tap write max=413862398ns avg=111170ns (16200 calls)
01:20:41.245   audio under=926 over=538 late=538 | aed run=270 err=0 (last er=0)
01:20:41.251   preproc max=68642us avg=68626us | infer max=41003us avg=40979us
01:20:41.257   notify out=129 held=84 offlist=57 gated=0 lat max=111679us (0 lower bounds)
01:20:41.264   log sent=1971 dropped=0 lag max=118964us
01:20:41.268   disp sent=87 dropped=0 max=542712us avg=44710us
01:20:41.272 ====================================
01:20:41.276 ====================================
01:20:41.279   pt[539]: min=-428 max=454 avg_abs=101 | fifo=48 under=926 over=540 late=540 mdf_cb=16203 mdf_err=0
01:20:41.356 lcd: win 269 -> SNEEZE p=0.58 (106723 us after notify)
01:20:41.732   pt[540]: min=-352 max=388 avg_abs=96 | fifo=64 under=931 over=540 late=540 mdf_cb=16234 mdf_err=0
01:20:42.240 in=15360Hz out=15600Hz ring=576 under=931 over=540 (dt=1000000us) loglag=118964us
01:20:42.240 {"win":270,"cls":"unknown","p":0.38,"lat_ms":112,"under":931,"over":540,"late":540}
01:20:42.240 win  270 pos= 4147200  -49dBFS [###.................] rms=  114 peak=  432 seam=ok lag=331us
01:20:42.247   -> unknown         p=0.38  preproc=68635us infer=40973us
01:20:42.252   pt[541]: min=-334 max=432 avg_abs=83 | fifo=288 under=931 over=542 late=542 mdf_cb=16263 mdf_err=0
01:20:42.731   pt[542]: min=-358 max=364 avg_abs=96 | fifo=304 under=934 over=542 late=542 mdf_cb=16294 mdf_err=0
01:20:43.138 in=15104Hz out=15200Hz ring=304 under=934 over=542 (dt=999999us) loglag=118964us
01:20:43.319 win  271 pos= 4162560  -49dBFS [###.................] rms=  110 peak=  364 seam=ok lag=335us
01:20:43.319   -> unknown         p=0.42  preproc=68622us infer=40990us
01:20:43.319   pt[543]: min=-322 max=364 avg_abs=79 | fifo=128 under=934 over=544 late=544 mdf_cb=16323 mdf_err=0
01:20:43.814   pt[544]: min=-344 max=318 avg_abs=88 | fifo=400 under=938 over=544 late=544 mdf_cb=16355 mdf_err=0
01:20:44.191 in=14848Hz out=15200Hz ring=432 under=938 over=544 (dt=1000000us) loglag=118964us
01:20:44.329 win  272 pos= 4177920  -49dBFS [###.................] rms=  122 peak=  542 seam=ok lag=335us
01:20:44.329   -> unknown         p=0.49  preproc=68623us infer=40974us
01:20:44.329   pt[545]: min=-328 max=542 avg_abs=107 | fifo=0 under=939 over=546 late=546 mdf_cb=16383 mdf_err=0
01:20:44.852   pt[546]: min=-438 max=390 avg_abs=110 | fifo=384 under=942 over=546 late=546 mdf_cb=16414 mdf_err=0
01:20:45.166 in=14848Hz out=15600Hz ring=160 under=942 over=546 (dt=1000000us) loglag=118964us
01:20:45.348 win  273 pos= 4193280  -48dBFS [####................] rms=  136 peak=  516 seam=ok lag=335us
01:20:45.349   -> clock_tick      p=0.59  preproc=68619us infer=40970us
01:20:45.359   pt[547]: min=-420 max=516 avg_abs=103 | fifo=208 under=942 over=548 late=548 mdf_cb=16443 mdf_err=0
01:20:45.889   pt[548]: min=-436 max=410 avg_abs=104 | fifo=224 under=943 over=548 late=548 mdf_cb=16474 mdf_err=0
01:20:46.208 in=14848Hz out=14800Hz ring=288 under=943 over=548 (dt=999999us) loglag=118964us
01:20:46.395 win  274 pos= 4208640  -48dBFS [####................] rms=  132 peak=  520 seam=ok lag=334us
01:20:46.395   -> unknown         p=0.44  preproc=68625us infer=40977us
01:20:46.397   pt[549]: min=-396 max=520 avg_abs=107 | fifo=48 under=943 over=550 late=550 mdf_cb=16503 mdf_err=0
01:20:46.913   pt[550]: min=-398 max=380 avg_abs=87 | fifo=64 under=948 over=550 late=550 mdf_cb=16534 mdf_err=0
01:20:47.230 in=14848Hz out=15200Hz ring=416 under=948 over=550 (dt=1000000us) loglag=118964us
01:20:47.479 win  275 pos= 4224000  -47dBFS [####................] rms=  145 peak= 2310 seam=ok lag=335us
01:20:47.479   -> clock_tick      p=0.84  preproc=68624us infer=40975us
01:20:47.479   pt[551]: min=-2310 max=1602 avg_abs=127 | fifo=288 under=948 over=552 late=552 mdf_cb=16563 mdf_err=0
01:20:47.929   pt[552]: min=-1850 max=1546 avg_abs=115 | fifo=304 under=951 over=552 late=552 mdf_cb=16594 mdf_err=0
01:20:48.194 in=14848Hz out=15200Hz ring=144 under=951 over=552 (dt=999999us) loglag=118964us
01:20:48.506 win  276 pos= 4239360  -46dBFS [####................] rms=  168 peak= 1850 seam=ok lag=335us
01:20:48.506   -> clock_tick      p=0.84  preproc=68629us infer=40975us
01:20:48.506   pt[553]: min=-636 max=826 avg_abs=139 | fifo=128 under=951 over=554 late=554 mdf_cb=16623 mdf_err=0
01:20:49.007   pt[554]: min=-524 max=434 avg_abs=114 | fifo=400 under=955 over=554 late=554 mdf_cb=16655 mdf_err=0
01:20:49.212 in=14848Hz out=15200Hz ring=272 under=955 over=554 (dt=1000000us) loglag=118964us
01:20:49.547 {"win":277,"cls":"sneezing","p":0.54,"lat_ms":112,"under":955,"over":554,"late":554}
01:20:49.547 win  277 pos= 4254720  -46dBFS [####................] rms=  161 peak=  604 seam=ok lag=335us
01:20:49.547   -> sneezing        p=0.54  preproc=68633us infer=40975us
01:20:49.547   pt[555]: min=-604 max=486 avg_abs=140 | fifo=0 under=956 over=556 late=556 mdf_cb=16683 mdf_err=0
01:20:49.547 lcd: win 277 -> SNEEZE p=0.54 (32691 us after notify)
01:20:50.073   pt[556]: min=-598 max=422 avg_abs=121 | fifo=384 under=960 over=556 late=556 mdf_cb=16714 mdf_err=0
01:20:50.198 in=14848Hz out=15200Hz ring=400 under=960 over=556 (dt=1000000us) loglag=118964us
01:20:50.581 win  278 pos= 4270080  -47dBFS [####................] rms=  141 peak=  598 seam=ok lag=334us
01:20:50.581   -> clock_tick      p=0.60  preproc=68620us infer=40979us
01:20:50.581   pt[557]: min=-466 max=404 avg_abs=96 | fifo=208 under=960 over=558 late=558 mdf_cb=16743 mdf_err=0
01:20:51.114   pt[558]: min=-3748 max=2768 avg_abs=262 | fifo=224 under=961 over=558 late=558 mdf_cb=16774 mdf_err=0
01:20:51.237 in=14848Hz out=15200Hz ring=128 under=961 over=558 (dt=999999us) loglag=118964us
01:20:51.612 {"win":279,"cls":"crackling_fire","p":0.81,"lat_ms":112,"under":961,"over":558,"late":558}
01:20:51.612 win  279 pos= 4285440  -40dBFS [######..............] rms=  312 peak= 3748 seam=ok lag=334us
01:20:51.612   -> crackling_fire  p=0.81  preproc=68622us infer=40987us
01:20:51.612 ====================================
01:20:51.612 ====================================
01:20:51.613 TAP TOTAL win=279
01:20:51.615 ====================================
01:20:51.619 ====================================
01:20:51.621 tap total: windows=280 (expected 280 from 4301056 samples) overrun=0 torn=0 skipped=0 seam ok=279 NG=0
01:20:51.631   tap lag max=340us (0 of them lower bounds) | tap write max=413862398ns avg=173871ns (16800 calls)
01:20:51.639   audio under=961 over=558 late=558 | aed run=280 err=0 (last er=0)
01:20:51.646   preproc max=68642us avg=68626us | infer max=41003us avg=40978us
01:20:51.652   notify out=132 held=87 offlist=61 gated=0 lat max=111679us (0 lower bounds)
01:20:51.659   log sent=2040 dropped=0 lag max=118964us
01:20:51.663   disp sent=89 dropped=0 max=542712us avg=45278us
01:20:51.667 ====================================
01:20:51.720 ====================================
01:20:51.720   pt[559]: min=-498 max=476 avg_abs=131 | fifo=48 under=961 over=560 late=560 mdf_cb=16803 mdf_err=0
01:20:51.720 lcd: win 279 -> FIRE p=0.81 (99853 us after notify)
01:20:52.097   pt[560]: min=-678 max=468 avg_abs=118 | fifo=464 under=966 over=560 late=560 mdf_cb=16834 mdf_err=0
01:20:52.229 in=14848Hz out=15200Hz ring=256 under=966 over=560 (dt=1000000us) loglag=118964us
01:20:52.669 win  280 pos= 4300800  -47dBFS [####................] rms=  152 peak= 2344 seam=ok lag=336us
01:20:52.669   -> clock_tick      p=0.83  preproc=68629us infer=40961us
01:20:52.669   pt[561]: min=-2344 max=1460 avg_abs=104 | fifo=288 under=966 over=562 late=562 mdf_cb=16863 mdf_err=0
01:20:53.173   pt[562]: min=-476 max=414 avg_abs=112 | fifo=304 under=969 over=562 late=562 mdf_cb=16894 mdf_err=0
01:20:53.239 in=14848Hz out=14800Hz ring=384 under=969 over=562 (dt=999999us) loglag=118964us
01:20:53.695 win  281 pos= 4316160  -47dBFS [####................] rms=  145 peak=  564 seam=ok lag=336us
01:20:53.695   -> unknown         p=0.48  preproc=68624us infer=40974us
01:20:53.695   pt[563]: min=-516 max=564 avg_abs=120 | fifo=128 under=969 over=564 late=564 mdf_cb=16923 mdf_err=0
01:20:54.206   pt[564]: min=-2780 max=2948 avg_abs=316 | fifo=144 under=973 over=564 late=564 mdf_cb=16954 mdf_err=0
01:20:54.281 in=14848Hz out=15200Hz ring=512 under=973 over=564 (dt=999999us) loglag=118964us
01:20:54.738 win  282 pos= 4331520  -38dBFS [#######.............] rms=  393 peak= 2948 seam=ok lag=333us
01:20:54.738   -> clock_tick      p=0.99  preproc=68626us infer=40976us
01:20:54.738   pt[565]: min=-1770 max=1324 avg_abs=229 | fifo=0 under=974 over=566 late=566 mdf_cb=16983 mdf_err=0
01:20:55.238   pt[566]: min=-1208 max=958 avg_abs=143 | fifo=384 under=977 over=566 late=566 mdf_cb=17014 mdf_err=0
01:20:55.238 in=14848Hz out=15600Hz ring=240 under=977 over=566 (dt=1000000us) loglag=118964us
01:20:55.799 win  283 pos= 4346880  -45dBFS [#####...............] rms=  174 peak= 1208 seam=ok lag=334us
01:20:55.799   -> unknown         p=0.42  preproc=68630us infer=40977us
01:20:55.799   pt[567]: min=-496 max=386 avg_abs=114 | fifo=208 under=977 over=568 late=568 mdf_cb=17043 mdf_err=0
01:20:56.239 in=14848Hz out=14800Hz ring=368 under=978 over=568 (dt=1000000us) loglag=118964us
01:20:56.306   pt[568]: min=-1914 max=2010 avg_abs=105 | fifo=480 under=978 over=568 late=568 mdf_cb=17075 mdf_err=0
01:20:56.798 {"win":284,"cls":"crackling_fire","p":0.79,"lat_ms":112,"under":978,"over":568,"late":568}
01:20:56.798 win  284 pos= 4362240  -45dBFS [#####...............] rms=  192 peak= 2010 seam=ok lag=335us
01:20:56.802   -> crackling_fire  p=0.79  preproc=68638us infer=40973us
01:20:56.807   pt[569]: min=-1382 max=1162 avg_abs=190 | fifo=48 under=978 over=570 late=570 mdf_cb=17103 mdf_err=0
01:20:56.884 lcd: win 284 -> FIRE p=0.79 (33060 us after notify)
01:20:57.257 in=14848Hz out=15200Hz ring=496 under=983 over=570 (dt=1000000us) loglag=118964us
01:20:57.315   pt[570]: min=-582 max=790 avg_abs=134 | fifo=64 under=983 over=570 late=570 mdf_cb=17134 mdf_err=0
01:20:57.882 {"win":285,"cls":"crackling_fire","p":0.80,"lat_ms":112,"under":983,"over":570,"late":570}
01:20:57.882 win  285 pos= 4377600  -45dBFS [#####...............] rms=  177 peak=  790 seam=ok lag=333us
01:20:57.882   -> crackling_fire  p=0.80  preproc=68631us infer=40988us
01:20:57.882   pt[571]: min=-672 max=510 avg_abs=134 | fifo=288 under=983 over=572 late=572 mdf_cb=17163 mdf_err=0
01:20:57.882 lcd: win 285 -> FIRE p=0.80 (32646 us after notify)
01:20:58.257 in=14848Hz out=14800Hz ring=624 under=986 over=572 (dt=1000000us) loglag=118964us
01:20:58.383   pt[572]: min=-1514 max=2314 avg_abs=223 | fifo=304 under=986 over=572 late=572 mdf_cb=17194 mdf_err=0
01:20:58.880 {"win":286,"cls":"crackling_fire","p":0.70,"lat_ms":112,"under":986,"over":572,"late":572}
01:20:58.880 win  286 pos= 4392960  -42dBFS [######..............] rms=  248 peak= 2314 seam=ok lag=331us
01:20:58.882   -> crackling_fire  p=0.70  preproc=68623us infer=40984us
01:20:58.887   pt[573]: min=-598 max=730 avg_abs=130 | fifo=128 under=986 over=574 late=574 mdf_cb=17223 mdf_err=0
01:20:58.899 lcd: win 286 -> FIRE p=0.70 (32681 us after notify)
01:20:59.273 in=14592Hz out=15600Hz ring=96 under=990 over=574 (dt=1000000us) loglag=118964us
01:20:59.398   pt[574]: min=-822 max=898 avg_abs=176 | fifo=400 under=990 over=574 late=574 mdf_cb=17255 mdf_err=0
01:20:59.957 {"win":287,"cls":"crackling_fire","p":0.79,"lat_ms":112,"under":990,"over":574,"late":574}
01:20:59.957 win  287 pos= 4408320  -44dBFS [#####...............] rms=  214 peak=  898 seam=ok lag=334us
01:20:59.957   -> crackling_fire  p=0.79  preproc=68621us infer=40978us
01:20:59.957   pt[575]: min=-750 max=652 avg_abs=150 | fifo=0 under=991 over=576 late=576 mdf_cb=17283 mdf_err=0
01:20:59.957 lcd: win 287 -> FIRE p=0.79 (32460 us after notify)
01:21:00.282 in=14848Hz out=15200Hz ring=224 under=995 over=576 (dt=999999us) loglag=118964us
01:21:00.415   pt[576]: min=-1238 max=960 avg_abs=127 | fifo=384 under=995 over=576 late=576 mdf_cb=17314 mdf_err=0
01:21:00.997 {"win":288,"cls":"crackling_fire","p":0.73,"lat_ms":112,"under":995,"over":576,"late":576}
01:21:00.997 win  288 pos= 4423680  -45dBFS [#####...............] rms=  180 peak= 1238 seam=ok lag=336us
01:21:00.997   -> crackling_fire  p=0.73  preproc=68619us infer=40976us
01:21:00.997   pt[577]: min=-666 max=762 avg_abs=144 | fifo=208 under=995 over=578 late=578 mdf_cb=17343 mdf_err=0
01:21:00.997 lcd: win 288 -> FIRE p=0.73 (32641 us after notify)
01:21:01.299 in=14848Hz out=14800Hz ring=352 under=996 over=578 (dt=1000000us) loglag=118964us
01:21:01.498   pt[578]: min=-1390 max=1462 avg_abs=138 | fifo=224 under=996 over=578 late=578 mdf_cb=17374 mdf_err=0
01:21:02.006 win  289 pos= 4439040  -43dBFS [#####...............] rms=  238 peak= 1822 seam=ok lag=335us
01:21:02.006   -> clock_tick      p=0.79  preproc=68623us infer=40979us
01:21:02.006 ====================================
01:21:02.006 ====================================
01:21:02.006 TAP TOTAL win=289
01:21:02.006 ====================================
01:21:02.006 ====================================
01:21:02.014 tap total: windows=290 (expected 290 from 4454656 samples) overrun=0 torn=0 skipped=0 seam ok=289 NG=0
01:21:02.024   tap lag max=340us (0 of them lower bounds) | tap write max=413862398ns avg=232253ns (17400 calls)
01:21:02.031   audio under=996 over=578 late=578 | aed run=290 err=0 (last er=0)
01:21:02.040   preproc max=68642us avg=68626us | infer max=41003us avg=40978us
01:21:02.045   notify out=137 held=89 offlist=64 gated=0 lat max=111679us (0 lower bounds)
01:21:02.049   log sent=2115 dropped=0 lag max=118964us
01:21:02.056   disp sent=94 dropped=0 max=542712us avg=45190us
01:21:02.060 ====================================
01:21:02.065 ====================================
01:21:02.068   pt[579]: min=-1450 max=1822 avg_abs=182 | fifo=48 under=996 over=580 late=580 mdf_cb=17403 mdf_err=0
01:21:02.273 in=14848Hz out=15600Hz ring=80 under=1001 over=580 (dt=999999us) loglag=118964us
01:21:02.524   pt[580]: min=-1040 max=1152 avg_abs=148 | fifo=464 under=1001 over=580 late=580 mdf_cb=17434 mdf_err=0
01:21:03.055 {"win":290,"cls":"crackling_fire","p":0.54,"lat_ms":112,"under":1001,"over":580,"late":580}
01:21:03.055 win  290 pos= 4454400  -46dBFS [####................] rms=  166 peak= 1152 seam=ok lag=335us
01:21:03.055   -> crackling_fire  p=0.54  preproc=68630us infer=40971us
01:21:03.055   pt[581]: min=-494 max=374 avg_abs=97 | fifo=288 under=1001 over=582 late=582 mdf_cb=17463 mdf_err=0
01:21:03.124 lcd: win 290 -> FIRE p=0.54 (32729 us after notify)
01:21:03.298 in=14848Hz out=14800Hz ring=192 under=1003 over=582 (dt=1000000us) loglag=118964us
01:21:03.549   pt[582]: min=-682 max=912 avg_abs=119 | fifo=560 under=1004 over=582 late=582 mdf_cb=17495 mdf_err=0
01:21:04.131 {"win":291,"cls":"crackling_fire","p":0.56,"lat_ms":112,"under":1004,"over":582,"late":582}
01:21:04.131 win  291 pos= 4469760  -45dBFS [#####...............] rms=  180 peak= 1094 seam=ok lag=333us
01:21:04.131   -> crackling_fire  p=0.56  preproc=68631us infer=40973us
01:21:04.131   pt[583]: min=-896 max=1094 avg_abs=153 | fifo=128 under=1004 over=584 late=584 mdf_cb=17523 mdf_err=0
01:21:04.131 lcd: win 291 -> FIRE p=0.56 (32943 us after notify)
01:21:04.315 in=14848Hz out=15200Hz ring=336 under=1008 over=584 (dt=1000000us) loglag=118964us
01:21:04.580   pt[584]: min=-1238 max=1566 avg_abs=242 | fifo=144 under=1008 over=584 late=584 mdf_cb=17554 mdf_err=0
01:21:05.164 {"win":292,"cls":"crackling_fire","p":0.98,"lat_ms":112,"under":1008,"over":584,"late":584}
01:21:05.164 win  292 pos= 4485120  -42dBFS [######..............] rms=  273 peak= 1566 seam=ok lag=337us
01:21:05.164   -> crackling_fire  p=0.98  preproc=68628us infer=40977us
01:21:05.164   pt[585]: min=-876 max=918 avg_abs=163 | fifo=0 under=1009 over=586 late=586 mdf_cb=17583 mdf_err=0
01:21:05.164 lcd: win 292 -> FIRE p=0.98 (32641 us after notify)
01:21:05.348 in=14848Hz out=15200Hz ring=448 under=1012 over=586 (dt=999999us) loglag=118964us
01:21:05.665   pt[586]: min=-3464 max=2496 avg_abs=171 | fifo=384 under=1013 over=586 late=586 mdf_cb=17614 mdf_err=0
01:21:06.173 {"win":293,"cls":"crackling_fire","p":0.93,"lat_ms":112,"under":1013,"over":586,"late":586}
01:21:06.173 win  293 pos= 4500480  -40dBFS [######..............] rms=  323 peak= 3464 seam=ok lag=334us
01:21:06.173   -> crackling_fire  p=0.93  preproc=68628us infer=40982us
01:21:06.173   pt[587]: min=-1826 max=1972 avg_abs=265 | fifo=208 under=1013 over=588 late=588 mdf_cb=17643 mdf_err=0
01:21:06.239 lcd: win 293 -> FIRE p=0.93 (32993 us after notify)
01:21:06.299 in=14848Hz out=15200Hz ring=192 under=1014 over=588 (dt=1000000us) loglag=118964us
01:21:06.681   pt[588]: min=-1088 max=942 avg_abs=164 | fifo=480 under=1014 over=588 late=588 mdf_cb=17675 mdf_err=0
01:21:07.240 {"win":294,"cls":"crackling_fire","p":0.88,"lat_ms":112,"under":1014,"over":588,"late":588}
01:21:07.240 win  294 pos= 4515840  -43dBFS [#####...............] rms=  238 peak= 1140 seam=ok lag=333us
01:21:07.240   -> crackling_fire  p=0.88  preproc=68625us infer=40972us
01:21:07.240   pt[589]: min=-1140 max=1086 avg_abs=189 | fifo=48 under=1014 over=590 late=590 mdf_cb=17703 mdf_err=0
01:21:07.240 lcd: win 294 -> FIRE p=0.88 (32946 us after notify)
01:21:07.371 in=14848Hz out=15200Hz ring=256 under=1017 over=590 (dt=999999us) loglag=118964us
01:21:07.755   pt[590]: min=-908 max=926 avg_abs=168 | fifo=64 under=1019 over=590 late=590 mdf_cb=17734 mdf_err=0
01:21:08.251 {"win":295,"cls":"crackling_fire","p":0.74,"lat_ms":112,"under":1019,"over":590,"late":590}
01:21:08.251 win  295 pos= 4531200  -42dBFS [######..............] rms=  249 peak= 1136 seam=ok lag=335us
01:21:08.251   -> crackling_fire  p=0.74  preproc=68622us infer=40981us
01:21:08.251   pt[591]: min=-1116 max=1136 avg_abs=210 | fifo=288 under=1019 over=592 late=592 mdf_cb=17763 mdf_err=0
01:21:08.314 lcd: win 295 -> FIRE p=0.74 (32990 us after notify)
01:21:08.314 in=14848Hz out=14800Hz ring=368 under=1019 over=592 (dt=999999us) loglag=118964us
01:21:08.771   pt[592]: min=-1130 max=1098 avg_abs=243 | fifo=304 under=1022 over=592 late=592 mdf_cb=17794 mdf_err=0
01:21:09.272 {"win":296,"cls":"crackling_fire","p":0.95,"lat_ms":112,"under":1022,"over":592,"late":592}
01:21:09.272 win  296 pos= 4546560  -41dBFS [######..............] rms=  283 peak= 1586 seam=ok lag=335us
01:21:09.284   -> crackling_fire  p=0.95  preproc=68630us infer=40978us
01:21:09.289   pt[593]: min=-1278 max=1586 avg_abs=160 | fifo=128 under=1022 over=594 late=594 mdf_cb=17823 mdf_err=0
01:21:09.363 lcd: win 296 -> FIRE p=0.95 (33030 us after notify)
01:21:09.363 in=14848Hz out=15200Hz ring=512 under=1024 over=594 (dt=1000000us) loglag=118964us
01:21:09.798   pt[594]: min=-604 max=554 avg_abs=113 | fifo=144 under=1026 over=594 late=594 mdf_cb=17854 mdf_err=0
01:21:10.362 {"win":297,"cls":"crackling_fire","p":0.62,"lat_ms":112,"under":1026,"over":594,"late":594}
01:21:10.362 win  297 pos= 4561920  -45dBFS [#####...............] rms=  183 peak= 1964 seam=ok lag=336us
01:21:10.362   -> crackling_fire  p=0.62  preproc=68621us infer=40972us
01:21:10.362   pt[595]: min=-1656 max=1964 avg_abs=162 | fifo=0 under=1027 over=596 late=596 mdf_cb=17883 mdf_err=0
01:21:10.362 in=14781Hz out=15529Hz ring=0 under=1028 over=596 (dt=1004517us) loglag=118964us
01:21:10.362 lcd: win 297 -> FIRE p=0.62 (40030 us after notify)
01:21:10.873   pt[596]: min=-1122 max=1864 avg_abs=177 | fifo=384 under=1031 over=596 late=596 mdf_cb=17914 mdf_err=0
01:21:11.397 in=14401Hz out=14465Hz ring=496 under=1031 over=596 (dt=995483us) loglag=118964us
01:21:11.397 {"win":298,"cls":"crackling_fire","p":0.95,"lat_ms":112,"under":1031,"over":596,"late":596}
01:21:11.397 win  298 pos= 4577280  -43dBFS [#####...............] rms=  229 peak= 2612 seam=ok lag=336us
01:21:11.397   -> crackling_fire  p=0.95  preproc=68631us infer=40976us
01:21:11.397   pt[597]: min=-2568 max=2612 avg_abs=139 | fifo=208 under=1031 over=598 late=598 mdf_cb=17943 mdf_err=0
01:21:11.397 lcd: win 298 -> FIRE p=0.95 (40250 us after notify)
01:21:11.905   pt[598]: min=-476 max=468 avg_abs=115 | fifo=224 under=1032 over=598 late=598 mdf_cb=17974 mdf_err=0
01:21:12.408 in=15360Hz out=15600Hz ring=336 under=1032 over=598 (dt=999999us) loglag=118964us
01:21:12.408 {"win":299,"cls":"sneezing","p":0.87,"lat_ms":112,"under":1032,"over":598,"late":598}
01:21:12.408 win  299 pos= 4592640  -47dBFS [####................] rms=  140 peak=  480 seam=ok lag=337us
01:21:12.408   -> sneezing        p=0.87  preproc=68633us infer=40975us
01:21:12.414 ====================================
01:21:12.419 ====================================
01:21:12.424 TAP TOTAL win=299
01:21:12.426 ====================================
01:21:12.430 ====================================
01:21:12.431 tap total: windows=300 (expected 300 from 4608256 samples) overrun=0 torn=0 skipped=0 seam ok=299 NG=0
01:21:12.441   tap lag max=340us (0 of them lower bounds) | tap write max=413862398ns avg=286745ns (18000 calls)
01:21:12.450   audio under=1032 over=598 late=598 | aed run=300 err=0 (last er=0)
01:21:12.456   preproc max=68642us avg=68626us | infer max=41003us avg=40978us
01:21:12.462   notify out=147 held=89 offlist=64 gated=0 lat max=111679us (0 lower bounds)
01:21:12.465   log sent=2199 dropped=0 lag max=118964us
01:21:12.472   disp sent=104 dropped=0 max=542712us avg=44256us
01:21:12.472 ====================================
01:21:12.481 ====================================
01:21:12.484   pt[599]: min=-480 max=468 avg_abs=109 | fifo=48 under=1032 over=600 late=600 mdf_cb=18003 mdf_err=0
01:21:12.548 lcd: win 299 -> SNEEZE p=0.87 (107161 us after notify)
01:21:12.924   pt[600]: min=-920 max=784 avg_abs=164 | fifo=464 under=1037 over=600 late=600 mdf_cb=18034 mdf_err=0
01:21:13.467 in=15360Hz out=15600Hz ring=576 under=1037 over=600 (dt=1000000us) loglag=118964us
01:21:13.467 {"win":300,"cls":"crackling_fire","p":0.61,"lat_ms":112,"under":1037,"over":600,"late":600}
01:21:13.467 win  300 pos= 4608000  -45dBFS [#####...............] rms=  188 peak=  920 seam=ok lag=334us
01:21:13.467   -> crackling_fire  p=0.61  preproc=68635us infer=40982us
01:21:13.467   pt[601]: min=-650 max=546 avg_abs=121 | fifo=288 under=1037 over=602 late=602 mdf_cb=18063 mdf_err=0
01:21:13.468 lcd: win 300 -> FIRE p=0.61 (40166 us after notify)
01:21:13.972   pt[602]: min=-636 max=554 avg_abs=119 | fifo=560 under=1040 over=602 late=602 mdf_cb=18095 mdf_err=0
01:21:14.365 in=15360Hz out=15600Hz ring=160 under=1040 over=602 (dt=999999us) loglag=118964us
01:21:14.488 {"win":301,"cls":"sneezing","p":0.69,"lat_ms":112,"under":1040,"over":602,"late":602}
01:21:14.488 win  301 pos= 4623360  -42dBFS [######..............] rms=  268 peak= 1634 seam=ok lag=333us
01:21:14.489   -> sneezing        p=0.69  preproc=68636us infer=40977us
01:21:14.489   pt[603]: min=-8974 max=7392 avg_abs=302 | fifo=128 under=1040 over=604 late=604 mdf_cb=18123 mdf_err=0
01:21:14.572 lcd: win 301 -> SNEEZE p=0.69 (37958 us after notify)
01:21:15.008   pt[604]: min=-24330 max=27786 avg_abs=1446 | fifo=144 under=1044 over=604 late=604 mdf_cb=18154 mdf_err=0
01:21:15.389 in=14848Hz out=15200Hz ring=288 under=1044 over=604 (dt=1000000us) loglag=119274us
01:21:15.506 win  302 pos= 4638720  -25dBFS [###########.........] rms= 1865 peak=27786 seam=ok lag=336us
01:21:15.514   -> clock_tick      p=0.81  preproc=68627us infer=40979us
01:21:15.522   pt[605]: min=-5486 max=4522 avg_abs=428 | fifo=0 under=1045 over=606 late=606 mdf_cb=18183 mdf_err=0
01:21:16.031   pt[606]: min=-9972 max=12654 avg_abs=889 | fifo=384 under=1048 over=606 late=606 mdf_cb=18214 mdf_err=0
01:21:16.406 in=14848Hz out=15200Hz ring=416 under=1048 over=606 (dt=999999us) loglag=119274us
01:21:16.588 win  303 pos= 4654080  -30dBFS [##########..........] rms= 1047 peak=12654 seam=ok lag=334us
01:21:16.588   -> unknown         p=0.50  preproc=68628us infer=40992us
01:21:16.588   pt[607]: min=-4546 max=2990 avg_abs=350 | fifo=208 under=1048 over=608 late=608 mdf_cb=18243 mdf_err=0
01:21:17.089   pt[608]: min=-6210 max=4648 avg_abs=965 | fifo=480 under=1049 over=608 late=608 mdf_cb=18275 mdf_err=0
01:21:17.404 in=14848Hz out=15200Hz ring=144 under=1049 over=608 (dt=1000000us) loglag=119274us
01:21:17.589 win  304 pos= 4669440  -28dBFS [##########..........] rms= 1372 peak= 6210 seam=ok lag=336us
01:21:17.598   -> unknown         p=0.40  preproc=68636us infer=40977us
01:21:17.603   pt[609]: min=-4410 max=4458 avg_abs=912 | fifo=48 under=1049 over=610 late=610 mdf_cb=18303 mdf_err=0
01:21:18.140   pt[610]: min=-1228 max=1278 avg_abs=405 | fifo=64 under=1054 over=610 late=610 mdf_cb=18334 mdf_err=0
01:21:18.399 in=14848Hz out=15200Hz ring=272 under=1054 over=610 (dt=999999us) loglag=119274us
01:21:18.665 win  305 pos= 4684800  -37dBFS [#######.............] rms=  441 peak= 2738 seam=ok lag=335us
01:21:18.665   -> unknown         p=0.44  preproc=68628us infer=40978us
01:21:18.665   pt[611]: min=-658 max=728 avg_abs=178 | fifo=288 under=1054 over=612 late=612 mdf_cb=18363 mdf_err=0
01:21:19.189   pt[612]: min=-892 max=1114 avg_abs=125 | fifo=304 under=1057 over=612 late=612 mdf_cb=18394 mdf_err=0
01:21:19.440 in=14848Hz out=14800Hz ring=400 under=1057 over=612 (dt=999999us) loglag=119274us
01:21:19.698 win  306 pos= 4700160  -46dBFS [####................] rms=  170 peak= 1114 seam=ok lag=334us
01:21:19.698   -> unknown         p=0.39  preproc=68624us infer=40981us
01:21:19.698   pt[613]: min=-614 max=588 avg_abs=142 | fifo=128 under=1057 over=614 late=614 mdf_cb=18423 mdf_err=0
01:21:20.189   pt[614]: min=-644 max=698 avg_abs=151 | fifo=400 under=1061 over=614 late=614 mdf_cb=18455 mdf_err=0
01:21:20.441 in=14848Hz out=15200Hz ring=528 under=1061 over=614 (dt=999999us) loglag=119274us
01:21:20.757 win  307 pos= 4715520  -44dBFS [#####...............] rms=  213 peak=  780 seam=ok lag=335us
01:21:20.757   -> unknown         p=0.50  preproc=68632us infer=40980us
01:21:20.757   pt[615]: min=-766 max=780 avg_abs=205 | fifo=0 under=1062 over=616 late=616 mdf_cb=18483 mdf_err=0
01:21:21.265   pt[616]: min=-814 max=712 avg_abs=193 | fifo=384 under=1065 over=616 late=616 mdf_cb=18514 mdf_err=0
01:21:21.406 in=14848Hz out=15600Hz ring=256 under=1065 over=616 (dt=1000000us) loglag=119274us
01:21:21.789 {"win":308,"cls":"sneezing","p":0.59,"lat_ms":112,"under":1065,"over":616,"late":616}
01:21:21.789 win  308 pos= 4730880  -31dBFS [#########...........] rms=  947 peak= 4580 seam=ok lag=335us
01:21:21.789   -> sneezing        p=0.59  preproc=68624us infer=40982us
01:21:21.789   pt[617]: min=-3960 max=4580 avg_abs=987 | fifo=208 under=1065 over=618 late=618 mdf_cb=18543 mdf_err=0
01:21:21.789 lcd: win 308 -> SNEEZE p=0.59 (33220 us after notify)
01:21:22.272   pt[618]: min=-3164 max=3572 avg_abs=674 | fifo=224 under=1066 over=618 late=618 mdf_cb=18574 mdf_err=0
01:21:22.462 in=14848Hz out=14800Hz ring=384 under=1066 over=618 (dt=1000000us) loglag=119274us
01:21:22.798 {"win":309,"cls":"sneezing","p":0.75,"lat_ms":112,"under":1066,"over":618,"late":618}
01:21:22.798 win  309 pos= 4746240  -32dBFS [#########...........] rms=  782 peak= 3572 seam=ok lag=334us
01:21:22.806   -> sneezing        p=0.75  preproc=68623us infer=40978us
01:21:22.807 ====================================
01:21:22.815 ====================================
01:21:22.818 TAP TOTAL win=309
01:21:22.818 ====================================
01:21:22.825 ====================================
01:21:22.827 tap total: windows=310 (expected 310 from 4761856 samples) overrun=0 torn=0 skipped=0 seam ok=309 NG=0
01:21:22.831   tap lag max=340us (0 of them lower bounds) | tap write max=413862398ns avg=337720ns (18600 calls)
01:21:22.844   audio under=1066 over=618 late=618 | aed run=310 err=0 (last er=0)
01:21:22.847   preproc max=68642us avg=68626us | infer max=41003us avg=40978us
01:21:22.857   notify out=151 held=94 offlist=65 gated=0 lat max=111679us (0 lower bounds)
01:21:22.863   log sent=2271 dropped=0 lag max=119274us
01:21:22.864   disp sent=108 dropped=0 max=542712us avg=44644us
01:21:22.872 ====================================
01:21:22.872 ====================================
01:21:22.872   pt[619]: min=-1894 max=1686 avg_abs=309 | fifo=48 under=1066 over=620 late=620 mdf_cb=18603 mdf_err=0
01:21:22.945 lcd: win 309 -> SNEEZE p=0.75 (100025 us after notify)
01:21:23.331   pt[620]: min=-2264 max=2260 avg_abs=352 | fifo=320 under=1071 over=620 late=620 mdf_cb=18635 mdf_err=0
01:21:23.457 in=14848Hz out=15200Hz ring=512 under=1071 over=620 (dt=999999us) loglag=119274us
01:21:23.831 win  310 pos= 4761600  -34dBFS [########............] rms=  691 peak= 2928 seam=ok lag=332us
01:21:23.838   -> clock_tick      p=0.55  preproc=68632us infer=40981us
01:21:23.843   pt[621]: min=-2824 max=2928 avg_abs=557 | fifo=288 under=1071 over=622 late=622 mdf_cb=18663 mdf_err=0
01:21:24.347   pt[622]: min=-2144 max=1860 avg_abs=392 | fifo=304 under=1074 over=622 late=622 mdf_cb=18694 mdf_err=0
01:21:24.476 in=14592Hz out=14800Hz ring=384 under=1074 over=622 (dt=999999us) loglag=119274us
01:21:24.924 win  311 pos= 4776960  -37dBFS [#######.............] rms=  452 peak= 2144 seam=ok lag=335us
01:21:24.924   -> clock_tick      p=0.68  preproc=68628us infer=40989us
01:21:24.924   pt[623]: min=-1080 max=988 avg_abs=259 | fifo=128 under=1074 over=624 late=624 mdf_cb=18723 mdf_err=0
01:21:25.383   pt[624]: min=-518 max=604 avg_abs=131 | fifo=144 under=1078 over=624 late=624 mdf_cb=18754 mdf_err=0
01:21:25.448 in=14848Hz out=15600Hz ring=112 under=1078 over=624 (dt=999999us) loglag=119274us
01:21:25.940 win  312 pos= 4792320  -46dBFS [####................] rms=  168 peak=  718 seam=ok lag=335us
01:21:25.940   -> clock_tick      p=0.53  preproc=68621us infer=40981us
01:21:25.940   pt[625]: min=-638 max=538 avg_abs=117 | fifo=0 under=1079 over=626 late=626 mdf_cb=18783 mdf_err=0
01:21:26.448   pt[626]: min=-388 max=362 avg_abs=87 | fifo=384 under=1082 over=626 late=626 mdf_cb=18814 mdf_err=0
01:21:26.448 in=14848Hz out=15200Hz ring=240 under=1082 over=626 (dt=1000000us) loglag=119274us
01:21:26.956 win  313 pos= 4807680  -49dBFS [###.................] rms=  118 peak=  460 seam=ok lag=335us
01:21:26.960   -> clock_tick      p=0.67  preproc=68632us infer=40976us
01:21:26.965   pt[627]: min=-370 max=412 avg_abs=94 | fifo=208 under=1082 over=628 late=628 mdf_cb=18843 mdf_err=0
01:21:27.505 in=14848Hz out=14800Hz ring=368 under=1083 over=628 (dt=1000000us) loglag=119274us
01:21:27.505   pt[628]: min=-390 max=410 avg_abs=92 | fifo=224 under=1083 over=628 late=628 mdf_cb=18874 mdf_err=0
01:21:28.004 win  314 pos= 4823040  -49dBFS [###.................] rms=  111 peak=  410 seam=ok lag=332us
01:21:28.004   -> clock_tick      p=0.75  preproc=68614us infer=40988us
01:21:28.004   pt[629]: min=-372 max=332 avg_abs=84 | fifo=48 under=1083 over=630 late=630 mdf_cb=18903 mdf_err=0
01:21:28.500 in=14848Hz out=15600Hz ring=96 under=1088 over=630 (dt=1000000us) loglag=119274us
01:21:28.500   pt[630]: min=-372 max=390 avg_abs=87 | fifo=64 under=1088 over=630 late=630 mdf_cb=18934 mdf_err=0
01:21:29.032 win  315 pos= 4838400  -50dBFS [###.................] rms=  107 peak=  390 seam=ok lag=335us
01:21:29.039   -> unknown         p=0.49  preproc=68619us infer=40978us
01:21:29.044   pt[631]: min=-322 max=318 avg_abs=85 | fifo=288 under=1088 over=632 late=632 mdf_cb=18963 mdf_err=0
01:21:29.506 in=14848Hz out=14800Hz ring=224 under=1091 over=632 (dt=1000000us) loglag=119274us
01:21:29.582   pt[632]: min=-334 max=364 avg_abs=88 | fifo=304 under=1091 over=632 late=632 mdf_cb=18994 mdf_err=0
01:21:30.104 win  316 pos= 4853760  -49dBFS [###.................] rms=  114 peak=  440 seam=ok lag=336us
01:21:30.104   -> unknown         p=0.42  preproc=68625us infer=40982us
01:21:30.104   pt[633]: min=-440 max=328 avg_abs=93 | fifo=128 under=1091 over=634 late=634 mdf_cb=19023 mdf_err=0
01:21:30.472 in=14848Hz out=15200Hz ring=352 under=1095 over=634 (dt=1000000us) loglag=119274us
01:21:30.598   pt[634]: min=-416 max=366 avg_abs=96 | fifo=400 under=1095 over=634 late=634 mdf_cb=19055 mdf_err=0
01:21:31.172 win  317 pos= 4869120  -49dBFS [###.................] rms=  116 peak=  416 seam=ok lag=337us
01:21:31.172   -> unknown         p=0.40  preproc=68618us infer=40981us
01:21:31.172   pt[635]: min=-374 max=326 avg_abs=84 | fifo=0 under=1096 over=636 late=636 mdf_cb=19083 mdf_err=0
01:21:31.491 in=14848Hz out=15200Hz ring=480 under=1099 over=636 (dt=999999us) loglag=119274us
01:21:31.672   pt[636]: min=-366 max=364 avg_abs=93 | fifo=384 under=1099 over=636 late=636 mdf_cb=19114 mdf_err=0
01:21:32.183 win  318 pos= 4884480  -49dBFS [###.................] rms=  118 peak=  374 seam=ok lag=333us
01:21:32.183   -> clock_tick      p=0.82  preproc=68616us infer=40978us
01:21:32.183   pt[637]: min=-332 max=360 avg_abs=98 | fifo=208 under=1099 over=638 late=638 mdf_cb=19143 mdf_err=0
01:21:32.491 in=14848Hz out=15200Hz ring=208 under=1100 over=638 (dt=1000000us) loglag=119274us
01:21:32.682   pt[638]: min=-392 max=372 avg_abs=87 | fifo=224 under=1100 over=638 late=638 mdf_cb=19174 mdf_err=0
01:21:33.240 win  319 pos= 4899840  -50dBFS [###.................] rms=  108 peak=  392 seam=ok lag=338us
01:21:33.240   -> unknown         p=0.45  preproc=68627us infer=40979us
01:21:33.240 ====================================
01:21:33.240 ====================================
01:21:33.240 TAP TOTAL win=319
01:21:33.240 ====================================
01:21:33.240 ====================================
01:21:33.240 tap total: windows=320 (expected 320 from 4915456 samples) overrun=0 torn=0 skipped=0 seam ok=319 NG=0
01:21:33.240   tap lag max=340us (0 of them lower bounds) | tap write max=413862398ns avg=12676ns (19200 calls)
01:21:33.240   audio under=1100 over=638 late=638 | aed run=320 err=0 (last er=0)
01:21:33.245   preproc max=68642us avg=68626us | infer max=41003us avg=40978us
01:21:33.247   notify out=151 held=98 offlist=71 gated=0 lat max=111679us (0 lower bounds)
01:21:33.258   log sent=2336 dropped=0 lag max=119274us
01:21:33.262   disp sent=108 dropped=0 max=542712us avg=45156us
01:21:33.264 ====================================
01:21:33.264 ====================================
01:21:33.272   pt[639]: min=-354 max=446 avg_abs=87 | fifo=48 under=1100 over=640 late=640 mdf_cb=19203 mdf_err=0
01:21:33.489 in=14848Hz out=15200Hz ring=336 under=1105 over=640 (dt=1000000us) loglag=119274us
01:21:33.741   pt[640]: min=-348 max=308 avg_abs=83 | fifo=320 under=1105 over=640 late=640 mdf_cb=19235 mdf_err=0
01:21:34.240 win  320 pos= 4915200  -49dBFS [###.................] rms=  115 peak=  478 seam=ok lag=334us
01:21:34.240   -> clock_tick      p=0.53  preproc=68628us infer=40971us
01:21:34.247   pt[641]: min=-352 max=478 avg_abs=98 | fifo=288 under=1105 over=642 late=642 mdf_cb=19263 mdf_err=0
01:21:34.506 in=14848Hz out=14800Hz ring=448 under=1107 over=642 (dt=999999us) loglag=119274us
01:21:34.756   pt[642]: min=-328 max=350 avg_abs=85 | fifo=304 under=1108 over=642 late=642 mdf_cb=19294 mdf_err=0
01:21:35.314 win  321 pos= 4930560  -50dBFS [###.................] rms=  109 peak=  396 seam=ok lag=335us
01:21:35.314   -> unknown         p=0.43  preproc=68629us infer=40969us
01:21:35.314   pt[643]: min=-358 max=396 avg_abs=88 | fifo=128 under=1108 over=644 late=644 mdf_cb=19323 mdf_err=0
01:21:35.506 in=14848Hz out=15200Hz ring=592 under=1112 over=644 (dt=999999us) loglag=119274us
01:21:35.814   pt[644]: min=-1052 max=936 avg_abs=138 | fifo=144 under=1112 over=644 late=644 mdf_cb=19354 mdf_err=0
01:21:36.314 win  322 pos= 4945920  -38dBFS [#######.............] rms=  428 peak= 3422 seam=ok lag=333us
01:21:36.315   -> unknown         p=0.45  preproc=68622us infer=40979us
01:21:36.326   pt[645]: min=-3422 max=3410 avg_abs=352 | fifo=0 under=1113 over=646 late=646 mdf_cb=19383 mdf_err=0
01:21:36.523 in=14848Hz out=15600Hz ring=304 under=1115 over=646 (dt=1000000us) loglag=119274us
01:21:36.848   pt[646]: min=-1134 max=1208 avg_abs=167 | fifo=384 under=1116 over=646 late=646 mdf_cb=19414 mdf_err=0
01:21:37.364 win  323 pos= 4961280  -42dBFS [######..............] rms=  261 peak= 1728 seam=ok lag=334us
01:21:37.364   -> clock_tick      p=0.88  preproc=68627us infer=40973us
01:21:37.364   pt[647]: min=-828 max=1156 avg_abs=154 | fifo=208 under=1116 over=648 late=648 mdf_cb=19443 mdf_err=0
01:21:37.548 in=14592Hz out=14800Hz ring=192 under=1117 over=648 (dt=999999us) loglag=119274us
01:21:37.864   pt[648]: min=-348 max=366 avg_abs=92 | fifo=224 under=1117 over=648 late=648 mdf_cb=19474 mdf_err=0
01:21:38.431 win  324 pos= 4976640  -49dBFS [###.................] rms=  112 peak=  366 seam=ok lag=337us
01:21:38.431   -> unknown         p=0.38  preproc=68624us infer=40985us
01:21:38.431   pt[649]: min=-302 max=336 avg_abs=86 | fifo=48 under=1117 over=650 late=650 mdf_cb=19503 mdf_err=0
01:21:38.548 in=14848Hz out=15200Hz ring=256 under=1120 over=650 (dt=1000000us) loglag=119274us
01:21:38.941   pt[650]: min=-420 max=348 avg_abs=82 | fifo=64 under=1122 over=650 late=650 mdf_cb=19534 mdf_err=0
01:21:39.456 win  325 pos= 4992000  -50dBFS [###.................] rms=  108 peak=  420 seam=ok lag=336us
01:21:39.456   -> unknown         p=0.38  preproc=68623us infer=40977us
01:21:39.456   pt[651]: min=-374 max=382 avg_abs=89 | fifo=288 under=1122 over=652 late=652 mdf_cb=19563 mdf_err=0
01:21:39.583 in=14848Hz out=15200Hz ring=0 under=1123 over=652 (dt=999999us) loglag=119274us
01:21:39.956   pt[652]: min=-310 max=430 avg_abs=97 | fifo=304 under=1125 over=652 late=652 mdf_cb=19594 mdf_err=0
01:21:40.489 win  326 pos= 5007360  -47dBFS [####................] rms=  148 peak=  834 seam=ok lag=335us
01:21:40.489   -> rooster         p=0.54  preproc=68627us infer=40988us
01:21:40.489   pt[653]: min=-834 max=746 avg_abs=137 | fifo=128 under=1125 over=654 late=654 mdf_cb=19623 mdf_err=0
01:21:40.556 in=14848Hz out=15200Hz ring=112 under=1127 over=654 (dt=1000000us) loglag=119274us
01:21:40.989   pt[654]: min=-962 max=806 avg_abs=183 | fifo=400 under=1129 over=654 late=654 mdf_cb=19655 mdf_err=0
01:21:41.556 win  327 pos= 5022720  -43dBFS [#####...............] rms=  228 peak=  962 seam=ok lag=335us
01:21:41.556   -> rain            p=0.76  preproc=68621us infer=40986us
01:21:41.556   pt[655]: min=-824 max=762 avg_abs=179 | fifo=0 under=1130 over=656 late=656 mdf_cb=19683 mdf_err=0
01:21:41.556 in=14848Hz out=15200Hz ring=256 under=1131 over=656 (dt=1000000us) loglag=119274us
01:21:42.056   pt[656]: min=-886 max=814 avg_abs=174 | fifo=384 under=1133 over=656 late=656 mdf_cb=19714 mdf_err=0
01:21:42.556 in=14336Hz out=14400Hz ring=496 under=1133 over=656 (dt=1000000us) loglag=119274us
01:21:42.561 win  328 pos= 5038080  -44dBFS [#####...............] rms=  211 peak=  886 seam=ok lag=334us
01:21:42.564   -> rain            p=0.55  preproc=68627us infer=40972us
01:21:42.572   pt[657]: min=-740 max=766 avg_abs=161 | fifo=208 under=1133 over=658 late=658 mdf_cb=19743 mdf_err=0
01:21:43.090   pt[658]: min=-822 max=966 avg_abs=182 | fifo=224 under=1134 over=658 late=658 mdf_cb=19774 mdf_err=0
01:21:43.647 in=15360Hz out=15600Hz ring=336 under=1134 over=658 (dt=1000000us) loglag=119274us
01:21:43.647 win  329 pos= 5053440  -43dBFS [#####...............] rms=  239 peak= 1308 seam=ok lag=334us
01:21:43.647   -> rain            p=0.64  preproc=68633us infer=40980us
01:21:43.647 ====================================
01:21:43.647 ====================================
01:21:43.647 TAP TOTAL win=329
01:21:43.647 ====================================
01:21:43.647 ====================================
01:21:43.647 tap total: windows=330 (expected 330 from 5069056 samples) overrun=0 torn=0 skipped=0 seam ok=329 NG=0
01:21:43.647   tap lag max=340us (0 of them lower bounds) | tap write max=413862398ns avg=68861ns (19800 calls)
01:21:43.647   audio under=1134 over=658 late=658 | aed run=330 err=0 (last er=0)
01:21:43.655   preproc max=68642us avg=68626us | infer max=41003us avg=40978us
01:21:43.660   notify out=151 held=102 offlist=77 gated=0 lat max=111679us (0 lower bounds)
01:21:43.664   log sent=2401 dropped=0 lag max=119274us
01:21:43.664   disp sent=108 dropped=0 max=542712us avg=45156us
01:21:43.673 ====================================
01:21:43.680 ====================================
01:21:43.682   pt[659]: min=-1036 max=1308 avg_abs=172 | fifo=48 under=1134 over=660 late=660 mdf_cb=19803 mdf_err=0
01:21:44.139   pt[660]: min=-400 max=456 avg_abs=111 | fifo=464 under=1139 over=660 late=660 mdf_cb=19834 mdf_err=0
01:21:44.647 in=15360Hz out=15600Hz ring=576 under=1139 over=660 (dt=999998us) loglag=119274us
01:21:44.647 win  330 pos= 5068800  -40dBFS [######..............] rms=  322 peak= 2028 seam=ok lag=337us
01:21:44.647   -> unknown         p=0.43  preproc=68643us infer=40971us
01:21:44.655   pt[661]: min=-2028 max=1844 avg_abs=335 | fifo=288 under=1139 over=662 late=662 mdf_cb=19863 mdf_err=0
01:21:45.175   pt[662]: min=-11708 max=11320 avg_abs=1195 | fifo=560 under=1142 over=662 late=662 mdf_cb=19895 mdf_err=0
01:21:45.673 in=15360Hz out=15600Hz ring=416 under=1142 over=662 (dt=1000000us) loglag=119274us
01:21:45.681 win  331 pos= 5084160  -27dBFS [###########.........] rms= 1394 peak=11708 seam=ok lag=336us
01:21:45.690   -> clock_tick      p=0.81  preproc=68623us infer=40971us
01:21:45.690   pt[663]: min=-2478 max=3050 avg_abs=408 | fifo=128 under=1142 over=664 late=664 mdf_cb=19923 mdf_err=0
01:21:46.223   pt[664]: min=-1174 max=1412 avg_abs=215 | fifo=144 under=1146 over=664 late=664 mdf_cb=19954 mdf_err=0
01:21:46.597 in=15104Hz out=15200Hz ring=544 under=1146 over=664 (dt=999998us) loglag=119274us
01:21:46.731 win  332 pos= 5099520  -41dBFS [######..............] rms=  297 peak= 1412 seam=ok lag=335us
01:21:46.731   -> unknown         p=0.45  preproc=68615us infer=40970us
01:21:46.731   pt[665]: min=-1054 max=1130 avg_abs=237 | fifo=0 under=1147 over=666 late=666 mdf_cb=19983 mdf_err=0
01:21:47.223   pt[666]: min=-10824 max=9874 avg_abs=1576 | fifo=384 under=1150 over=666 late=666 mdf_cb=20014 mdf_err=0
01:21:47.598 in=14848Hz out=15600Hz ring=272 under=1150 over=666 (dt=1000000us) loglag=119274us
01:21:47.789 win  333 pos= 5114880  -25dBFS [###########.........] rms= 1936 peak=10824 seam=ok lag=334us
01:21:47.789   -> unknown         p=0.31  preproc=68626us infer=40973us
01:21:47.789   pt[667]: min=-4746 max=5140 avg_abs=672 | fifo=208 under=1150 over=668 late=668 mdf_cb=20043 mdf_err=0
01:21:48.305   pt[668]: min=-3922 max=4486 avg_abs=665 | fifo=224 under=1151 over=668 late=668 mdf_cb=20074 mdf_err=0
01:21:48.614 in=14848Hz out=14800Hz ring=400 under=1151 over=668 (dt=999999us) loglag=119274us
01:21:48.800 win  334 pos= 5130240  -30dBFS [##########..........] rms= 1048 peak= 4746 seam=ok lag=333us
01:21:48.803   -> unknown         p=0.32  preproc=68635us infer=40984us
01:21:48.805   pt[669]: min=-4432 max=3788 avg_abs=599 | fifo=48 under=1151 over=670 late=670 mdf_cb=20103 mdf_err=0
01:21:49.314   pt[670]: min=-4844 max=4008 avg_abs=836 | fifo=64 under=1156 over=670 late=670 mdf_cb=20134 mdf_err=0
01:21:49.633 in=14848Hz out=15200Hz ring=528 under=1156 over=670 (dt=999999us) loglag=119274us
01:21:49.883 win  335 pos= 5145600  -29dBFS [##########..........] rms= 1151 peak= 5184 seam=ok lag=335us
01:21:49.883   -> unknown         p=0.40  preproc=68629us infer=40973us
01:21:49.883   pt[671]: min=-4326 max=5184 avg_abs=739 | fifo=288 under=1156 over=672 late=672 mdf_cb=20163 mdf_err=0
01:21:50.381   pt[672]: min=-1344 max=984 avg_abs=309 | fifo=304 under=1159 over=672 late=672 mdf_cb=20194 mdf_err=0
01:21:50.631 in=14848Hz out=15200Hz ring=256 under=1159 over=672 (dt=1000000us) loglag=119274us
01:21:50.881 {"win":336,"cls":"sneezing","p":0.63,"lat_ms":112,"under":1159,"over":672,"late":672}
01:21:50.882 win  336 pos= 5160960  -41dBFS [######..............] rms=  303 peak= 1344 seam=ok lag=334us
01:21:50.889   -> sneezing        p=0.63  preproc=68623us infer=40973us
01:21:50.889   pt[673]: min=-704 max=536 avg_abs=126 | fifo=128 under=1159 over=674 late=674 mdf_cb=20223 mdf_err=0
01:21:50.964 lcd: win 336 -> SNEEZE p=0.63 (32796 us after notify)
01:21:51.397   pt[674]: min=-358 max=498 avg_abs=97 | fifo=144 under=1163 over=674 late=674 mdf_cb=20254 mdf_err=0
01:21:51.650 in=14848Hz out=15200Hz ring=384 under=1163 over=674 (dt=1000000us) loglag=119274us
01:21:51.956 {"win":337,"cls":"unknown","p":0.40,"lat_ms":112,"under":1163,"over":674,"late":674}
01:21:51.956 win  337 pos= 5176320  -47dBFS [####................] rms=  151 peak=  644 seam=ok lag=335us
01:21:51.956   -> unknown         p=0.40  preproc=68619us infer=40975us
01:21:51.956   pt[675]: min=-404 max=644 avg_abs=142 | fifo=0 under=1164 over=676 late=676 mdf_cb=20283 mdf_err=0
01:21:52.431   pt[676]: min=-1866 max=2494 avg_abs=843 | fifo=384 under=1168 over=676 late=676 mdf_cb=20314 mdf_err=0
01:21:52.672 in=14592Hz out=15200Hz ring=256 under=1168 over=676 (dt=999999us) loglag=119274us
01:21:53.006 win  338 pos= 5191680  -29dBFS [##########..........] rms= 1169 peak= 4808 seam=ok lag=334us
01:21:53.006   -> unknown         p=0.46  preproc=68626us infer=40973us
01:21:53.006   pt[677]: min=-2564 max=4808 avg_abs=979 | fifo=208 under=1168 over=678 late=678 mdf_cb=20343 mdf_err=0
01:21:53.506   pt[678]: min=-1788 max=2582 avg_abs=646 | fifo=224 under=1169 over=678 late=678 mdf_cb=20374 mdf_err=0
01:21:53.630 in=14848Hz out=14800Hz ring=384 under=1169 over=678 (dt=999999us) loglag=119274us
01:21:54.006 {"win":339,"cls":"sneezing","p":0.57,"lat_ms":112,"under":1169,"over":678,"late":678}
01:21:54.006 win  339 pos= 5207040  -31dBFS [#########...........] rms=  873 peak= 3184 seam=ok lag=335us
01:21:54.011   -> sneezing        p=0.57  preproc=68621us infer=40978us
01:21:54.015 ====================================
01:21:54.021 ====================================
01:21:54.023 TAP TOTAL win=339
01:21:54.025 ====================================
01:21:54.028 ====================================
01:21:54.030 tap total: windows=340 (expected 340 from 5222656 samples) overrun=0 torn=0 skipped=0 seam ok=339 NG=0
01:21:54.041   tap lag max=340us (0 of them lower bounds) | tap write max=413862398ns avg=121741ns (20400 calls)
01:21:54.047   audio under=1169 over=678 late=678 | aed run=340 err=0 (last er=0)
01:21:54.056   preproc max=68643us avg=68626us | infer max=41003us avg=40978us
01:21:54.062   notify out=154 held=108 offlist=78 gated=0 lat max=111679us (0 lower bounds)
01:21:54.067   log sent=2469 dropped=0 lag max=119274us
01:21:54.072   disp sent=110 dropped=0 max=542712us avg=45043us
01:21:54.072 ====================================
01:21:54.080 ====================================
01:21:54.084   pt[679]: min=-1466 max=3184 avg_abs=584 | fifo=48 under=1169 over=680 late=680 mdf_cb=20403 mdf_err=0
01:21:54.147 lcd: win 339 -> SNEEZE p=0.57 (102354 us after notify)
01:21:54.531   pt[680]: min=-1024 max=1458 avg_abs=332 | fifo=464 under=1174 over=680 late=680 mdf_cb=20434 mdf_err=0
01:21:54.658 in=14848Hz out=15600Hz ring=112 under=1174 over=680 (dt=1000000us) loglag=119274us
01:21:55.039 {"win":340,"cls":"sneezing","p":0.85,"lat_ms":112,"under":1174,"over":680,"late":680}
01:21:55.044 win  340 pos= 5222400  -39dBFS [#######.............] rms=  357 peak= 1458 seam=ok lag=333us
01:21:55.049   -> sneezing        p=0.85  preproc=68630us infer=40976us
01:21:55.057   pt[681]: min=-796 max=572 avg_abs=148 | fifo=288 under=1174 over=682 late=682 mdf_cb=20463 mdf_err=0
01:21:55.130 lcd: win 340 -> SNEEZE p=0.85 (32758 us after notify)
01:21:55.564   pt[682]: min=-536 max=466 avg_abs=105 | fifo=560 under=1177 over=682 late=682 mdf_cb=20495 mdf_err=0
01:21:55.690 in=14848Hz out=14800Hz ring=240 under=1177 over=682 (dt=999999us) loglag=119274us
01:21:56.083 {"win":341,"cls":"unknown","p":0.50,"lat_ms":112,"under":1177,"over":682,"late":682}
01:21:56.083 win  341 pos= 5237760  -47dBFS [####................] rms=  145 peak= 1106 seam=ok lag=334us
01:21:56.088   -> unknown         p=0.50  preproc=68627us infer=40990us
01:21:56.096   pt[683]: min=-1106 max=710 avg_abs=128 | fifo=128 under=1177 over=684 late=684 mdf_cb=20523 mdf_err=0
01:21:56.598   pt[684]: min=-1842 max=4666 avg_abs=545 | fifo=144 under=1181 over=684 late=684 mdf_cb=20554 mdf_err=0
01:21:56.664 in=14848Hz out=15200Hz ring=368 under=1181 over=684 (dt=999999us) loglag=119274us
01:21:57.118 win  342 pos= 5253120  -30dBFS [##########..........] rms= 1005 peak=32768 seam=ok lag=335us
01:21:57.125   -> unknown         p=0.35  preproc=68631us infer=40972us
01:21:57.129   pt[685]: min=-32768 max=32767 avg_abs=378 | fifo=0 under=1182 over=686 late=686 mdf_cb=20583 mdf_err=0
01:21:57.630   pt[686]: min=-5062 max=6762 avg_abs=229 | fifo=384 under=1185 over=686 late=686 mdf_cb=20614 mdf_err=0
01:21:57.689 in=14848Hz out=15600Hz ring=96 under=1185 over=686 (dt=999999us) loglag=119274us
01:21:58.194 win  343 pos= 5268480  -40dBFS [######..............] rms=  337 peak= 6762 seam=ok lag=335us
01:21:58.194   -> unknown         p=0.31  preproc=68614us infer=40977us
01:21:58.194   pt[687]: min=-1936 max=2484 avg_abs=259 | fifo=208 under=1185 over=688 late=688 mdf_cb=20643 mdf_err=0
01:21:58.706 in=14848Hz out=14800Hz ring=224 under=1186 over=688 (dt=1000000us) loglag=119274us
01:21:58.706   pt[688]: min=-894 max=1862 avg_abs=467 | fifo=224 under=1186 over=688 late=688 mdf_cb=20674 mdf_err=0
01:21:59.206 win  344 pos= 5283840  -31dBFS [#########...........] rms=  885 peak= 3286 seam=ok lag=337us
01:21:59.206   -> clock_tick      p=0.69  preproc=68631us infer=40977us
01:21:59.210   pt[689]: min=-2636 max=3286 avg_abs=839 | fifo=48 under=1186 over=690 late=690 mdf_cb=20703 mdf_err=0
01:21:59.687 in=14848Hz out=15200Hz ring=352 under=1191 over=690 (dt=999999us) loglag=119274us
01:21:59.754   pt[690]: min=-2534 max=1966 avg_abs=231 | fifo=320 under=1191 over=690 late=690 mdf_cb=20735 mdf_err=0
01:22:00.265 win  345 pos= 5299200  -41dBFS [######..............] rms=  276 peak= 2534 seam=ok lag=335us
01:22:00.265   -> clock_tick      p=0.85  preproc=68639us infer=40977us
01:22:00.265   pt[691]: min=-766 max=768 avg_abs=152 | fifo=288 under=1191 over=692 late=692 mdf_cb=20763 mdf_err=0
01:22:00.706 in=14848Hz out=14800Hz ring=480 under=1194 over=692 (dt=1000000us) loglag=119274us
01:22:00.772   pt[692]: min=-466 max=556 avg_abs=112 | fifo=304 under=1194 over=692 late=692 mdf_cb=20794 mdf_err=0
01:22:01.330 win  346 pos= 5314560  -48dBFS [####................] rms=  128 peak=  556 seam=ok lag=333us
01:22:01.330   -> unknown         p=0.31  preproc=68629us infer=40984us
01:22:01.330   pt[693]: min=-318 max=382 avg_abs=84 | fifo=128 under=1194 over=694 late=694 mdf_cb=20823 mdf_err=0
01:22:01.720 in=14848Hz out=15600Hz ring=208 under=1198 over=694 (dt=999999us) loglag=119274us
01:22:01.789   pt[694]: min=-676 max=590 avg_abs=127 | fifo=144 under=1198 over=694 late=694 mdf_cb=20854 mdf_err=0
01:22:02.371 win  347 pos= 5329920  -45dBFS [#####...............] rms=  187 peak= 1914 seam=ok lag=336us
01:22:02.371   -> unknown         p=0.34  preproc=68618us infer=40979us
01:22:02.371   pt[695]: min=-772 max=1914 avg_abs=165 | fifo=0 under=1199 over=696 late=696 mdf_cb=20883 mdf_err=0
01:22:02.761 in=14848Hz out=15200Hz ring=336 under=1202 over=696 (dt=999999us) loglag=119274us
01:22:02.880   pt[696]: min=-1010 max=884 avg_abs=134 | fifo=384 under=1202 over=696 late=696 mdf_cb=20914 mdf_err=0
01:22:03.389 {"win":348,"cls":"sneezing","p":0.76,"lat_ms":112,"under":1202,"over":696,"late":696}
01:22:03.389 win  348 pos= 5345280  -46dBFS [####................] rms=  167 peak= 1010 seam=ok lag=334us
01:22:03.389   -> sneezing        p=0.76  preproc=68616us infer=40976us
01:22:03.389   pt[697]: min=-560 max=578 avg_abs=114 | fifo=208 under=1202 over=698 late=698 mdf_cb=20943 mdf_err=0
01:22:03.390 lcd: win 348 -> SNEEZE p=0.76 (33046 us after notify)
01:22:03.732 in=14848Hz out=14800Hz ring=464 under=1203 over=698 (dt=1000000us) loglag=119274us
01:22:03.941   pt[698]: min=-582 max=434 avg_abs=113 | fifo=480 under=1203 over=698 late=698 mdf_cb=20975 mdf_err=0
01:22:04.444 {"win":349,"cls":"sneezing","p":0.67,"lat_ms":112,"under":1203,"over":698,"late":698}
01:22:04.444 win  349 pos= 5360640  -48dBFS [####................] rms=  132 peak=  582 seam=ok lag=335us
01:22:04.444   -> sneezing        p=0.67  preproc=68622us infer=40988us
01:22:04.444 ====================================
01:22:04.444 ====================================
01:22:04.444 TAP TOTAL win=349
01:22:04.444 ====================================
01:22:04.444 ====================================
01:22:04.444 tap total: windows=350 (expected 350 from 5376256 samples) overrun=0 torn=0 skipped=0 seam ok=349 NG=0
01:22:04.444   tap lag max=340us (0 of them lower bounds) | tap write max=413862398ns avg=171603ns (21000 calls)
01:22:04.451   audio under=1203 over=698 late=698 | aed run=350 err=0 (last er=0)
01:22:04.458   preproc max=68643us avg=68626us | infer max=41003us avg=40978us
01:22:04.463   notify out=158 held=112 offlist=80 gated=0 lat max=111679us (0 lower bounds)
01:22:04.471   log sent=2540 dropped=0 lag max=119274us
01:22:04.471   disp sent=113 dropped=0 max=542712us avg=45338us
01:22:04.480 ====================================
01:22:04.483 ====================================
01:22:04.485   pt[699]: min=-396 max=402 avg_abs=93 | fifo=48 under=1203 over=700 late=700 mdf_cb=21003 mdf_err=0
01:22:04.556 lcd: win 349 -> SNEEZE p=0.67 (99850 us after notify)
01:22:04.738 in=14848Hz out=15600Hz ring=192 under=1208 over=700 (dt=1000000us) loglag=119274us
01:22:04.933   pt[700]: min=-388 max=526 avg_abs=101 | fifo=64 under=1208 over=700 late=700 mdf_cb=21034 mdf_err=0
01:22:05.439 {"win":350,"cls":"sneezing","p":0.67,"lat_ms":112,"under":1208,"over":700,"late":700}
01:22:05.444 win  350 pos= 5376000  -48dBFS [####................] rms=  125 peak=  526 seam=ok lag=333us
01:22:05.453   -> sneezing        p=0.67  preproc=68628us infer=40976us
01:22:05.458   pt[701]: min=-408 max=418 avg_abs=98 | fifo=288 under=1208 over=702 late=702 mdf_cb=21063 mdf_err=0
01:22:05.523 lcd: win 350 -> SNEEZE p=0.67 (32668 us after notify)
01:22:05.714 in=14848Hz out=14800Hz ring=304 under=1210 over=702 (dt=1000000us) loglag=119274us
01:22:05.988   pt[702]: min=-420 max=420 avg_abs=108 | fifo=304 under=1211 over=702 late=702 mdf_cb=21094 mdf_err=0
01:22:06.505 {"win":351,"cls":"sneezing","p":0.54,"lat_ms":112,"under":1211,"over":702,"late":702}
01:22:06.505 win  351 pos= 5391360  -48dBFS [####................] rms=  130 peak=  486 seam=ok lag=333us
01:22:06.505   -> sneezing        p=0.54  preproc=68626us infer=40978us
01:22:06.505   pt[703]: min=-486 max=362 avg_abs=99 | fifo=128 under=1211 over=704 late=704 mdf_cb=21123 mdf_err=0
01:22:06.564 lcd: win 351 -> SNEEZE p=0.54 (32706 us after notify)
01:22:06.772 in=14848Hz out=15200Hz ring=448 under=1215 over=704 (dt=1000000us) loglag=119274us
01:22:07.029   pt[704]: min=-422 max=422 avg_abs=106 | fifo=144 under=1215 over=704 late=704 mdf_cb=21154 mdf_err=0
01:22:07.556 {"win":352,"cls":"unknown","p":0.36,"lat_ms":112,"under":1215,"over":704,"late":704}
01:22:07.556 win  352 pos= 5406720  -48dBFS [####................] rms=  133 peak=  446 seam=ok lag=335us
01:22:07.556   -> unknown         p=0.36  preproc=68628us infer=40979us
01:22:07.556   pt[705]: min=-376 max=446 avg_abs=108 | fifo=0 under=1216 over=706 late=706 mdf_cb=21183 mdf_err=0
01:22:07.745 in=14848Hz out=15200Hz ring=560 under=1219 over=706 (dt=999999us) loglag=119274us
01:22:08.063   pt[706]: min=-358 max=378 avg_abs=94 | fifo=240 under=1220 over=706 late=706 mdf_cb=21215 mdf_err=0
01:22:08.571 win  353 pos= 5422080  -49dBFS [###.................] rms=  121 peak=  420 seam=ok lag=336us
01:22:08.571   -> unknown         p=0.39  preproc=68624us infer=40972us
01:22:08.571   pt[707]: min=-420 max=382 avg_abs=97 | fifo=208 under=1220 over=708 late=708 mdf_cb=21243 mdf_err=0
01:22:08.780 in=14848Hz out=15200Hz ring=304 under=1221 over=708 (dt=999999us) loglag=119274us
01:22:09.098   pt[708]: min=-330 max=426 avg_abs=97 | fifo=224 under=1221 over=708 late=708 mdf_cb=21274 mdf_err=0
01:22:09.615 win  354 pos= 5437440  -48dBFS [####................] rms=  136 peak=  674 seam=ok lag=334us
01:22:09.615   -> unknown         p=0.47  preproc=68643us infer=40972us
01:22:09.615   pt[709]: min=-628 max=674 avg_abs=115 | fifo=48 under=1221 over=710 late=710 mdf_cb=21303 mdf_err=0
01:22:09.747 in=14848Hz out=15200Hz ring=368 under=1224 over=710 (dt=1000000us) loglag=119274us
01:22:10.114   pt[710]: min=-488 max=528 avg_abs=107 | fifo=64 under=1226 over=710 late=710 mdf_cb=21334 mdf_err=0
01:22:10.680 {"win":355,"cls":"sneezing","p":0.51,"lat_ms":112,"under":1226,"over":710,"late":710}
01:22:10.680 win  355 pos= 5452800  -42dBFS [######..............] rms=  261 peak=  938 seam=ok lag=335us
01:22:10.680   -> sneezing        p=0.51  preproc=68626us infer=40975us
01:22:10.680   pt[711]: min=-672 max=938 avg_abs=277 | fifo=288 under=1226 over=712 late=712 mdf_cb=21363 mdf_err=0
01:22:10.680 lcd: win 355 -> SNEEZE p=0.51 (32757 us after notify)
01:22:10.798 in=14848Hz out=14800Hz ring=512 under=1227 over=712 (dt=1000000us) loglag=119274us
01:22:11.197   pt[712]: min=-606 max=376 avg_abs=168 | fifo=304 under=1229 over=712 late=712 mdf_cb=21394 mdf_err=0
01:22:11.705 {"win":356,"cls":"sneezing","p":0.67,"lat_ms":112,"under":1229,"over":712,"late":712}
01:22:11.705 win  356 pos= 5468160  -45dBFS [#####...............] rms=  187 peak=  782 seam=ok lag=333us
01:22:11.705   -> sneezing        p=0.67  preproc=68623us infer=40977us
01:22:11.705   pt[713]: min=-486 max=510 avg_abs=111 | fifo=128 under=1229 over=714 late=714 mdf_cb=21423 mdf_err=0
01:22:11.771 lcd: win 356 -> SNEEZE p=0.67 (32792 us after notify)
01:22:11.771 in=14848Hz out=15600Hz ring=256 under=1232 over=714 (dt=1000000us) loglag=119274us
01:22:12.207   pt[714]: min=-578 max=602 avg_abs=138 | fifo=400 under=1233 over=714 late=714 mdf_cb=21455 mdf_err=0
01:22:12.729 {"win":357,"cls":"sneezing","p":0.82,"lat_ms":112,"under":1233,"over":714,"late":714}
01:22:12.729 win  357 pos= 5483520  -46dBFS [####................] rms=  160 peak=  602 seam=ok lag=334us
01:22:12.730   -> sneezing        p=0.82  preproc=68621us infer=40975us
01:22:12.740   pt[715]: min=-478 max=404 avg_abs=111 | fifo=0 under=1234 over=716 late=716 mdf_cb=21483 mdf_err=0
01:22:12.813 lcd: win 357 -> SNEEZE p=0.82 (32575 us after notify)
01:22:12.813 in=14592Hz out=15200Hz ring=0 under=1236 over=716 (dt=999999us) loglag=119274us
01:22:13.261   pt[716]: min=-424 max=472 avg_abs=99 | fifo=384 under=1238 over=716 late=716 mdf_cb=21514 mdf_err=0
01:22:13.772 {"win":358,"cls":"unknown","p":0.40,"lat_ms":112,"under":1238,"over":716,"late":716}
01:22:13.772 win  358 pos= 5498880  -48dBFS [####................] rms=  128 peak=  506 seam=ok lag=333us
01:22:13.772   -> unknown         p=0.40  preproc=68626us infer=40973us
01:22:13.779   pt[717]: min=-376 max=506 avg_abs=101 | fifo=208 under=1238 over=718 late=718 mdf_cb=21543 mdf_err=0
01:22:13.788 in=14826Hz out=14778Hz ring=208 under=1238 over=718 (dt=1001467us) loglag=119274us
01:22:14.305   pt[718]: min=-426 max=354 avg_abs=110 | fifo=224 under=1239 over=718 late=718 mdf_cb=21574 mdf_err=0
01:22:14.811 in=14613Hz out=14821Hz ring=336 under=1239 over=718 (dt=998532us) loglag=119274us
01:22:14.811 {"win":359,"cls":"sneezing","p":0.81,"lat_ms":112,"under":1239,"over":718,"late":718}
01:22:14.814 win  359 pos= 5514240  -48dBFS [####................] rms=  130 peak=  502 seam=ok lag=335us
01:22:14.822   -> sneezing        p=0.81  preproc=68623us infer=40972us
01:22:14.827 ====================================
01:22:14.830 ====================================
01:22:14.834 TAP TOTAL win=359
01:22:14.836 ====================================
01:22:14.839 ====================================
01:22:14.842 tap total: windows=360 (expected 360 from 5529856 samples) overrun=0 torn=0 skipped=0 seam ok=359 NG=0
01:22:14.851   tap lag max=340us (0 of them lower bounds) | tap write max=413862398ns avg=218695ns (21600 calls)
01:22:14.860   audio under=1239 over=718 late=718 | aed run=360 err=0 (last er=0)
01:22:14.867   preproc max=68643us avg=68626us | infer max=41003us avg=40978us
01:22:14.873   notify out=166 held=114 offlist=80 gated=0 lat max=111679us (0 lower bounds)
01:22:14.879   log sent=2619 dropped=0 lag max=119274us
01:22:14.884   disp sent=119 dropped=0 max=542712us avg=45264us
01:22:14.889 ====================================
01:22:14.892 ====================================
01:22:14.895   pt[719]: min=-546 max=502 avg_abs=99 | fifo=48 under=1239 over=720 late=720 mdf_cb=21603 mdf_err=0
01:22:14.955 lcd: win 359 -> SNEEZE p=0.81 (107161 us after notify)
01:22:15.330   pt[720]: min=-440 max=378 avg_abs=92 | fifo=464 under=1244 over=720 late=720 mdf_cb=21634 mdf_err=0
01:22:15.896 in=15360Hz out=15600Hz ring=576 under=1244 over=720 (dt=999999us) loglag=119274us
01:22:15.896 {"win":360,"cls":"sneezing","p":0.80,"lat_ms":112,"under":1244,"over":720,"late":720}
01:22:15.896 win  360 pos= 5529600  -48dBFS [####................] rms=  125 peak=  546 seam=ok lag=335us
01:22:15.896   -> sneezing        p=0.80  preproc=68633us infer=40985us
01:22:15.896   pt[721]: min=-512 max=500 avg_abs=106 | fifo=288 under=1244 over=722 late=722 mdf_cb=21663 mdf_err=0
01:22:15.896 lcd: win 360 -> SNEEZE p=0.80 (40013 us after notify)
01:22:16.355   pt[722]: min=-418 max=622 avg_abs=129 | fifo=560 under=1247 over=722 late=722 mdf_cb=21695 mdf_err=0
01:22:16.929 in=15360Hz out=15600Hz ring=416 under=1247 over=722 (dt=1000000us) loglag=119274us
01:22:16.929 {"win":361,"cls":"sneezing","p":0.76,"lat_ms":112,"under":1247,"over":722,"late":722}
01:22:16.929 win  361 pos= 5544960  -45dBFS [#####...............] rms=  175 peak=  774 seam=ok lag=334us
01:22:16.929   -> sneezing        p=0.76  preproc=68642us infer=40974us
01:22:16.929   pt[723]: min=-724 max=774 avg_abs=149 | fifo=128 under=1247 over=724 late=724 mdf_cb=21723 mdf_err=0
01:22:16.929 lcd: win 361 -> SNEEZE p=0.76 (40139 us after notify)
01:22:17.433   pt[724]: min=-450 max=434 avg_abs=103 | fifo=144 under=1251 over=724 late=724 mdf_cb=21754 mdf_err=0
01:22:17.818 in=15360Hz out=15600Hz ring=400 under=1251 over=724 (dt=999999us) loglag=119274us
01:22:17.947 {"win":362,"cls":"unknown","p":0.23,"lat_ms":112,"under":1251,"over":724,"late":724}
01:22:17.947 win  362 pos= 5560320  -45dBFS [#####...............] rms=  188 peak= 2274 seam=ok lag=332us
01:22:17.947   -> unknown         p=0.23  preproc=68625us infer=40975us
01:22:17.947   pt[725]: min=-2274 max=1788 avg_abs=158 | fifo=0 under=1252 over=726 late=726 mdf_cb=21783 mdf_err=0
01:22:18.470   pt[726]: min=-5822 max=5424 avg_abs=760 | fifo=384 under=1256 over=726 late=726 mdf_cb=21814 mdf_err=0
01:22:18.859 in=14848Hz out=15600Hz ring=128 under=1256 over=726 (dt=999999us) loglag=119274us
01:22:18.987 win  363 pos= 5575680  -27dBFS [###########.........] rms= 1524 peak= 8804 seam=ok lag=334us
01:22:18.987   -> unknown         p=0.50  preproc=68620us infer=40978us
01:22:18.987   pt[727]: min=-7190 max=8804 avg_abs=1216 | fifo=208 under=1256 over=728 late=728 mdf_cb=21843 mdf_err=0
01:22:19.490   pt[728]: min=-7286 max=7518 avg_abs=438 | fifo=224 under=1257 over=728 late=728 mdf_cb=21874 mdf_err=0
01:22:19.863 in=14848Hz out=14800Hz ring=256 under=1257 over=728 (dt=999999us) loglag=119274us
01:22:20.055 {"win":364,"cls":"crackling_fire","p":0.75,"lat_ms":112,"under":1257,"over":728,"late":728}
01:22:20.055 win  364 pos= 5591040  -32dBFS [#########...........] rms=  793 peak=11432 seam=ok lag=335us
01:22:20.055   -> crackling_fire  p=0.75  preproc=68626us infer=40981us
01:22:20.055   pt[729]: min=-11432 max=10316 avg_abs=629 | fifo=48 under=1257 over=730 late=730 mdf_cb=21903 mdf_err=0
01:22:20.055 lcd: win 364 -> FIRE p=0.75 (35359 us after notify)
01:22:20.555   pt[730]: min=-4608 max=4308 avg_abs=353 | fifo=320 under=1262 over=730 late=730 mdf_cb=21935 mdf_err=0
01:22:20.863 in=14848Hz out=15200Hz ring=384 under=1262 over=730 (dt=1000000us) loglag=119274us
01:22:21.054 {"win":365,"cls":"unknown","p":0.44,"lat_ms":112,"under":1262,"over":730,"late":730}
01:22:21.054 win  365 pos= 5606400  -36dBFS [########............] rms=  539 peak=11432 seam=ok lag=334us
01:22:21.056   -> unknown         p=0.44  preproc=68633us infer=40974us
01:22:21.061   pt[731]: min=-1158 max=858 avg_abs=203 | fifo=288 under=1262 over=732 late=732 mdf_cb=21963 mdf_err=0
01:22:21.573   pt[732]: min=-810 max=1098 avg_abs=139 | fifo=304 under=1265 over=732 late=732 mdf_cb=21994 mdf_err=0
01:22:21.881 in=14848Hz out=15200Hz ring=112 under=1265 over=732 (dt=999999us) loglag=119274us
01:22:22.130 {"win":366,"cls":"sneezing","p":0.55,"lat_ms":112,"under":1265,"over":732,"late":732}
01:22:22.130 win  366 pos= 5621760  -45dBFS [#####...............] rms=  176 peak= 1098 seam=ok lag=336us
01:22:22.130   -> sneezing        p=0.55  preproc=68631us infer=40973us
01:22:22.130   pt[733]: min=-542 max=476 avg_abs=121 | fifo=128 under=1265 over=734 late=734 mdf_cb=22023 mdf_err=0
01:22:22.130 lcd: win 366 -> SNEEZE p=0.55 (32792 us after notify)
01:22:22.630   pt[734]: min=-492 max=518 avg_abs=116 | fifo=144 under=1269 over=734 late=734 mdf_cb=22054 mdf_err=0
01:22:22.879 in=14848Hz out=15200Hz ring=240 under=1269 over=734 (dt=1000000us) loglag=119274us
01:22:23.130 {"win":367,"cls":"sneezing","p":0.89,"lat_ms":112,"under":1269,"over":734,"late":734}
01:22:23.130 win  367 pos= 5637120  -45dBFS [#####...............] rms=  184 peak=  768 seam=ok lag=334us
01:22:23.136   -> sneezing        p=0.89  preproc=68619us infer=40978us
01:22:23.142   pt[735]: min=-768 max=672 avg_abs=171 | fifo=0 under=1270 over=736 late=736 mdf_cb=22083 mdf_err=0
01:22:23.205 lcd: win 367 -> SNEEZE p=0.89 (32576 us after notify)
01:22:23.648   pt[736]: min=-2216 max=1790 avg_abs=147 | fifo=384 under=1274 over=736 late=736 mdf_cb=22114 mdf_err=0
01:22:23.898 in=14848Hz out=15200Hz ring=368 under=1274 over=736 (dt=1000000us) loglag=119274us
01:22:24.205 {"win":368,"cls":"sneezing","p":0.80,"lat_ms":112,"under":1274,"over":736,"late":736}
01:22:24.205 win  368 pos= 5652480  -45dBFS [#####...............] rms=  183 peak= 2216 seam=ok lag=338us
01:22:24.205   -> sneezing        p=0.80  preproc=68627us infer=40984us
01:22:24.205   pt[737]: min=-488 max=400 avg_abs=113 | fifo=208 under=1274 over=738 late=738 mdf_cb=22143 mdf_err=0
01:22:24.205 lcd: win 368 -> SNEEZE p=0.80 (32755 us after notify)
01:22:24.705   pt[738]: min=-1046 max=416 avg_abs=102 | fifo=480 under=1275 over=738 late=738 mdf_cb=22175 mdf_err=0
01:22:24.913 in=14848Hz out=14800Hz ring=496 under=1275 over=738 (dt=999999us) loglag=119274us
01:22:25.221 {"win":369,"cls":"sneezing","p":0.56,"lat_ms":112,"under":1275,"over":738,"late":738}
01:22:25.221 win  369 pos= 5667840  -48dBFS [####................] rms=  126 peak= 1046 seam=ok lag=336us
01:22:25.221   -> sneezing        p=0.56  preproc=68624us infer=40976us
01:22:25.221 ====================================
01:22:25.225 ====================================
01:22:25.229 TAP TOTAL win=369
01:22:25.230 ====================================
01:22:25.230 ====================================
01:22:25.237 tap total: windows=370 (expected 370 from 5683456 samples) overrun=0 torn=0 skipped=0 seam ok=369 NG=0
01:22:25.246   tap lag max=340us (0 of them lower bounds) | tap write max=413862398ns avg=263245ns (22200 calls)
01:22:25.254   audio under=1275 over=738 late=738 | aed run=370 err=0 (last er=0)
01:22:25.261   preproc max=68643us avg=68626us | infer max=41003us avg=40978us
01:22:25.263   notify out=175 held=115 offlist=80 gated=0 lat max=111679us (0 lower bounds)
01:22:25.271   log sent=2699 dropped=0 lag max=119274us
01:22:25.271   disp sent=126 dropped=0 max=542712us avg=45296us
01:22:25.282 ====================================
01:22:25.285 ====================================
01:22:25.288   pt[739]: min=-310 max=452 avg_abs=92 | fifo=48 under=1275 over=740 late=740 mdf_cb=22203 mdf_err=0
01:22:25.363 lcd: win 369 -> SNEEZE p=0.56 (99851 us after notify)
01:22:25.738   pt[740]: min=-478 max=518 avg_abs=103 | fifo=64 under=1280 over=740 late=740 mdf_cb=22234 mdf_err=0
01:22:25.863 in=14848Hz out=15600Hz ring=224 under=1280 over=740 (dt=999999us) loglag=119274us
01:22:26.262 win  370 pos= 5683200  -48dBFS [####................] rms=  131 peak=  518 seam=ok lag=333us
01:22:26.262   -> rooster         p=0.81  preproc=68622us infer=40966us
01:22:26.262   pt[741]: min=-406 max=358 avg_abs=102 | fifo=288 under=1280 over=742 late=742 mdf_cb=22263 mdf_err=0
01:22:26.755   pt[742]: min=-470 max=476 avg_abs=101 | fifo=304 under=1283 over=742 late=742 mdf_cb=22294 mdf_err=0
01:22:26.889 in=14848Hz out=14800Hz ring=352 under=1283 over=742 (dt=999999us) loglag=119274us
01:22:27.313 win  371 pos= 5698560  -48dBFS [####................] rms=  131 peak=  476 seam=ok lag=337us
01:22:27.313   -> clock_tick      p=0.63  preproc=68621us infer=40985us
01:22:27.313   pt[743]: min=-386 max=380 avg_abs=105 | fifo=128 under=1283 over=744 late=744 mdf_cb=22323 mdf_err=0
01:22:27.813   pt[744]: min=-344 max=424 avg_abs=95 | fifo=144 under=1287 over=744 late=744 mdf_cb=22354 mdf_err=0
01:22:27.890 in=14848Hz out=15200Hz ring=480 under=1287 over=744 (dt=1000000us) loglag=119274us
01:22:28.330 win  372 pos= 5713920  -48dBFS [####................] rms=  128 peak=  550 seam=ok lag=337us
01:22:28.330   -> unknown         p=0.46  preproc=68617us infer=40986us
01:22:28.330   pt[745]: min=-550 max=474 avg_abs=106 | fifo=0 under=1288 over=746 late=746 mdf_cb=22383 mdf_err=0
01:22:28.854   pt[746]: min=-410 max=432 avg_abs=105 | fifo=240 under=1291 over=746 late=746 mdf_cb=22415 mdf_err=0
01:22:28.913 in=14848Hz out=15600Hz ring=208 under=1291 over=746 (dt=1000000us) loglag=119274us
01:22:29.371 win  373 pos= 5729280  -48dBFS [####................] rms=  126 peak=  432 seam=ok lag=334us
01:22:29.371   -> rooster         p=0.53  preproc=68632us infer=40982us
01:22:29.371   pt[747]: min=-414 max=386 avg_abs=94 | fifo=208 under=1291 over=748 late=748 mdf_cb=22443 mdf_err=0
01:22:29.887   pt[748]: min=-320 max=452 avg_abs=97 | fifo=224 under=1292 over=748 late=748 mdf_cb=22474 mdf_err=0
01:22:29.945 in=14848Hz out=14800Hz ring=336 under=1292 over=748 (dt=999999us) loglag=119274us
01:22:30.455 {"win":374,"cls":"sneezing","p":0.70,"lat_ms":112,"under":1292,"over":748,"late":748}
01:22:30.455 win  374 pos= 5744640  -49dBFS [###.................] rms=  115 peak=  452 seam=ok lag=335us
01:22:30.455   -> sneezing        p=0.70  preproc=68626us infer=40987us
01:22:30.455   pt[749]: min=-332 max=372 avg_abs=85 | fifo=48 under=1292 over=750 late=750 mdf_cb=22503 mdf_err=0
01:22:30.455 lcd: win 374 -> SNEEZE p=0.70 (32911 us after notify)
01:22:30.904 in=14848Hz out=15200Hz ring=464 under=1297 over=750 (dt=1000000us) loglag=119274us
01:22:30.964   pt[750]: min=-400 max=356 avg_abs=90 | fifo=64 under=1297 over=750 late=750 mdf_cb=22534 mdf_err=0
01:22:31.471 {"win":375,"cls":"unknown","p":0.49,"lat_ms":112,"under":1297,"over":750,"late":750}
01:22:31.471 win  375 pos= 5760000  -49dBFS [###.................] rms=  120 peak=  462 seam=ok lag=335us
01:22:31.471   -> unknown         p=0.49  preproc=68625us infer=40987us
01:22:31.471   pt[751]: min=-462 max=408 avg_abs=107 | fifo=288 under=1297 over=752 late=752 mdf_cb=22563 mdf_err=0
01:22:31.930 in=14848Hz out=14800Hz ring=592 under=1300 over=752 (dt=999999us) loglag=119274us
01:22:31.997   pt[752]: min=-474 max=446 avg_abs=118 | fifo=304 under=1300 over=752 late=752 mdf_cb=22594 mdf_err=0
01:22:32.522 {"win":376,"cls":"sneezing","p":0.91,"lat_ms":112,"under":1300,"over":752,"late":752}
01:22:32.522 win  376 pos= 5775360  -48dBFS [####................] rms=  137 peak=  474 seam=ok lag=335us
01:22:32.522   -> sneezing        p=0.91  preproc=68623us infer=40973us
01:22:32.522   pt[753]: min=-370 max=394 avg_abs=101 | fifo=128 under=1300 over=754 late=754 mdf_cb=22623 mdf_err=0
01:22:32.522 lcd: win 376 -> SNEEZE p=0.91 (33085 us after notify)
01:22:32.975 in=14592Hz out=15600Hz ring=64 under=1304 over=754 (dt=1000000us) loglag=119274us
01:22:33.039   pt[754]: min=-402 max=380 avg_abs=92 | fifo=400 under=1304 over=754 late=754 mdf_cb=22655 mdf_err=0
01:22:33.544 {"win":377,"cls":"sneezing","p":0.74,"lat_ms":112,"under":1304,"over":754,"late":754}
01:22:33.544 win  377 pos= 5790720  -48dBFS [####................] rms=  130 peak=  596 seam=ok lag=336us
01:22:33.544   -> sneezing        p=0.74  preproc=68634us infer=40979us
01:22:33.544   pt[755]: min=-528 max=596 avg_abs=113 | fifo=0 under=1305 over=756 late=756 mdf_cb=22683 mdf_err=0
01:22:33.613 lcd: win 377 -> SNEEZE p=0.74 (32574 us after notify)
01:22:33.957 in=14848Hz out=15200Hz ring=192 under=1309 over=756 (dt=1000000us) loglag=119274us
01:22:34.096   pt[756]: min=-432 max=422 avg_abs=101 | fifo=384 under=1309 over=756 late=756 mdf_cb=22714 mdf_err=0
01:22:34.614 {"win":378,"cls":"unknown","p":0.46,"lat_ms":112,"under":1309,"over":756,"late":756}
01:22:34.614 win  378 pos= 5806080  -49dBFS [###.................] rms=  120 peak=  442 seam=ok lag=335us
01:22:34.614   -> unknown         p=0.46  preproc=68633us infer=40985us
01:22:34.614   pt[757]: min=-362 max=442 avg_abs=88 | fifo=208 under=1309 over=758 late=758 mdf_cb=22743 mdf_err=0
01:22:34.930 in=14848Hz out=14800Hz ring=320 under=1310 over=758 (dt=999999us) loglag=119274us
01:22:35.114   pt[758]: min=-486 max=642 avg_abs=107 | fifo=224 under=1310 over=758 late=758 mdf_cb=22774 mdf_err=0
01:22:35.629 {"win":379,"cls":"sneezing","p":0.70,"lat_ms":112,"under":1310,"over":758,"late":758}
01:22:35.629 win  379 pos= 5821440  -46dBFS [####................] rms=  156 peak= 2548 seam=ok lag=336us
01:22:35.629   -> sneezing        p=0.70  preproc=68618us infer=40984us
01:22:35.629 ====================================
01:22:35.629 ====================================
01:22:35.629 TAP TOTAL win=379
01:22:35.629 ====================================
01:22:35.629 ====================================
01:22:35.639 tap total: windows=380 (expected 380 from 5837056 samples) overrun=0 torn=0 skipped=0 seam ok=379 NG=0
01:22:35.646   tap lag max=340us (0 of them lower bounds) | tap write max=413862398ns avg=305448ns (22800 calls)
01:22:35.657   audio under=1310 over=758 late=758 | aed run=380 err=0 (last er=0)
01:22:35.663   preproc max=68643us avg=68626us | infer max=41003us avg=40978us
01:22:35.663   notify out=181 held=116 offlist=83 gated=0 lat max=111679us (0 lower bounds)
01:22:35.675   log sent=2773 dropped=0 lag max=119274us
01:22:35.679   disp sent=130 dropped=0 max=542712us avg=45430us
01:22:35.685 ====================================
01:22:35.688 ====================================
01:22:35.688   pt[759]: min=-2548 max=1418 avg_abs=130 | fifo=48 under=1310 over=760 late=760 mdf_cb=22803 mdf_err=0
01:22:35.756 lcd: win 379 -> SNEEZE p=0.70 (100111 us after notify)
01:22:35.938 in=14848Hz out=15600Hz ring=48 under=1315 over=760 (dt=1000000us) loglag=119274us
01:22:36.156   pt[760]: min=-350 max=408 avg_abs=88 | fifo=464 under=1315 over=760 late=760 mdf_cb=22834 mdf_err=0
01:22:36.647 {"win":380,"cls":"unknown","p":0.28,"lat_ms":112,"under":1315,"over":760,"late":760}
01:22:36.647 win  380 pos= 5836800  -49dBFS [###.................] rms=  114 peak=  408 seam=ok lag=334us
01:22:36.658   -> unknown         p=0.28  preproc=68612us infer=40973us
01:22:36.663   pt[761]: min=-344 max=408 avg_abs=95 | fifo=288 under=1315 over=762 late=762 mdf_cb=22863 mdf_err=0
01:22:36.972 in=14848Hz out=14800Hz ring=160 under=1317 over=762 (dt=999999us) loglag=119274us
01:22:37.163   pt[762]: min=-580 max=618 avg_abs=109 | fifo=304 under=1318 over=762 late=762 mdf_cb=22894 mdf_err=0
01:22:37.739 {"win":381,"cls":"sneezing","p":0.74,"lat_ms":112,"under":1318,"over":762,"late":762}
01:22:37.739 win  381 pos= 5852160  -48dBFS [####................] rms=  133 peak=  618 seam=ok lag=335us
01:22:37.739   -> sneezing        p=0.74  preproc=68626us infer=40973us
01:22:37.739   pt[763]: min=-452 max=406 avg_abs=97 | fifo=128 under=1318 over=764 late=764 mdf_cb=22923 mdf_err=0
01:22:37.739 lcd: win 381 -> SNEEZE p=0.74 (32705 us after notify)
01:22:38.013 in=14848Hz out=15200Hz ring=304 under=1322 over=764 (dt=1000000us) loglag=119274us
01:22:38.197   pt[764]: min=-1590 max=818 avg_abs=156 | fifo=144 under=1322 over=764 late=764 mdf_cb=22954 mdf_err=0
01:22:38.755 {"win":382,"cls":"sneezing","p":0.69,"lat_ms":112,"under":1322,"over":764,"late":764}
01:22:38.755 win  382 pos= 5867520  -45dBFS [#####...............] rms=  176 peak= 1590 seam=ok lag=336us
01:22:38.755   -> sneezing        p=0.69  preproc=68625us infer=40985us
01:22:38.755   pt[765]: min=-1134 max=508 avg_abs=115 | fifo=0 under=1323 over=766 late=766 mdf_cb=22983 mdf_err=0
01:22:38.755 lcd: win 382 -> SNEEZE p=0.69 (32664 us after notify)
01:22:39.007 in=14848Hz out=15200Hz ring=416 under=1326 over=766 (dt=999999us) loglag=119274us
01:22:39.255   pt[766]: min=-524 max=646 avg_abs=107 | fifo=384 under=1327 over=766 late=766 mdf_cb=23014 mdf_err=0
01:22:39.771 {"win":383,"cls":"sneezing","p":0.72,"lat_ms":112,"under":1327,"over":766,"late":766}
01:22:39.771 win  383 pos= 5882880  -47dBFS [####................] rms=  146 peak= 1380 seam=ok lag=337us
01:22:39.779   -> sneezing        p=0.72  preproc=68638us infer=40975us
01:22:39.784   pt[767]: min=-1380 max=780 avg_abs=116 | fifo=208 under=1327 over=768 late=768 mdf_cb=23043 mdf_err=0
01:22:39.855 lcd: win 383 -> SNEEZE p=0.72 (32843 us after notify)
01:22:39.971 in=14848Hz out=15200Hz ring=160 under=1328 over=768 (dt=999999us) loglag=119274us
01:22:40.288   pt[768]: min=-1134 max=524 avg_abs=113 | fifo=480 under=1328 over=768 late=768 mdf_cb=23075 mdf_err=0
01:22:40.864 win  384 pos= 5898240  -47dBFS [####................] rms=  139 peak= 1134 seam=ok lag=333us
01:22:40.864   -> clock_tick      p=0.54  preproc=68632us infer=40972us
01:22:40.864   pt[769]: min=-1018 max=370 avg_abs=109 | fifo=48 under=1328 over=770 late=770 mdf_cb=23103 mdf_err=0
01:22:41.013 in=14848Hz out=15200Hz ring=256 under=1332 over=770 (dt=1000000us) loglag=119274us
01:22:41.339   pt[770]: min=-890 max=612 avg_abs=111 | fifo=64 under=1333 over=770 late=770 mdf_cb=23134 mdf_err=0
01:22:41.847 {"win":385,"cls":"sneezing","p":0.78,"lat_ms":112,"under":1333,"over":770,"late":770}
01:22:41.847 win  385 pos= 5913600  -47dBFS [####................] rms=  139 peak=  890 seam=ok lag=336us
01:22:41.859   -> sneezing        p=0.78  preproc=68629us infer=40975us
01:22:41.863   pt[771]: min=-410 max=442 avg_abs=108 | fifo=288 under=1333 over=772 late=772 mdf_cb=23163 mdf_err=0
01:22:41.930 lcd: win 385 -> SNEEZE p=0.78 (33050 us after notify)
01:22:41.988 in=14848Hz out=14800Hz ring=368 under=1334 over=772 (dt=1000000us) loglag=119274us
01:22:42.363   pt[772]: min=-1038 max=670 avg_abs=119 | fifo=304 under=1336 over=772 late=772 mdf_cb=23194 mdf_err=0
01:22:42.905 {"win":386,"cls":"unknown","p":0.44,"lat_ms":112,"under":1336,"over":772,"late":772}
01:22:42.905 win  386 pos= 5928960  -47dBFS [####................] rms=  144 peak= 1054 seam=ok lag=335us
01:22:42.905   -> unknown         p=0.44  preproc=68635us infer=40987us
01:22:42.905   pt[773]: min=-1054 max=620 avg_abs=92 | fifo=128 under=1336 over=774 late=774 mdf_cb=23223 mdf_err=0
01:22:43.039 in=14848Hz out=15600Hz ring=112 under=1339 over=774 (dt=999999us) loglag=119274us
01:22:43.438   pt[774]: min=-388 max=356 avg_abs=96 | fifo=144 under=1340 over=774 late=774 mdf_cb=23254 mdf_err=0
01:22:43.961 win  387 pos= 5944320  -48dBFS [####................] rms=  128 peak=  866 seam=ok lag=334us
01:22:43.961   -> unknown         p=0.32  preproc=68628us infer=40993us
01:22:43.961   pt[775]: min=-866 max=520 avg_abs=109 | fifo=0 under=1341 over=776 late=776 mdf_cb=23283 mdf_err=0
01:22:44.020 in=14848Hz out=15200Hz ring=256 under=1343 over=776 (dt=999999us) loglag=119274us
01:22:44.473   pt[776]: min=-1996 max=1060 avg_abs=155 | fifo=240 under=1344 over=776 late=776 mdf_cb=23315 mdf_err=0
01:22:44.988 {"win":388,"cls":"sneezing","p":0.57,"lat_ms":112,"under":1344,"over":776,"late":776}
01:22:44.988 win  388 pos= 5959680  -45dBFS [#####...............] rms=  184 peak= 1996 seam=ok lag=334us
01:22:44.988   -> sneezing        p=0.57  preproc=68631us infer=40975us
01:22:44.988   pt[777]: min=-450 max=548 avg_abs=118 | fifo=208 under=1344 over=778 late=778 mdf_cb=23343 mdf_err=0
01:22:45.055 lcd: win 388 -> SNEEZE p=0.57 (34998 us after notify)
01:22:45.055 in=14816Hz out=14768Hz ring=320 under=1344 over=778 (dt=1002121us) loglag=119274us
01:22:45.487   pt[778]: min=-410 max=494 avg_abs=92 | fifo=480 under=1345 over=778 late=778 mdf_cb=23375 mdf_err=0
01:22:46.062 {"win":389,"cls":"unknown","p":0.35,"lat_ms":112,"under":1345,"over":778,"late":778}
01:22:46.062 win  389 pos= 5975040  -48dBFS [####................] rms=  124 peak=  494 seam=ok lag=332us
01:22:46.062   -> unknown         p=0.35  preproc=68623us infer=40972us
01:22:46.062 ====================================
01:22:46.062 ====================================
01:22:46.062 TAP TOTAL win=389
01:22:46.062 ====================================
01:22:46.062 ====================================
01:22:46.062 tap total: windows=390 (expected 390 from 5990656 samples) overrun=0 torn=0 skipped=0 seam ok=389 NG=0
01:22:46.062   tap lag max=340us (0 of them lower bounds) | tap write max=413862398ns avg=39580ns (23400 calls)
01:22:46.062   audio under=1345 over=778 late=778 | aed run=390 err=0 (last er=0)
01:22:46.063   preproc max=68643us avg=68626us | infer max=41003us avg=40978us
01:22:46.071   notify out=189 held=117 offlist=84 gated=0 lat max=111679us (0 lower bounds)
01:22:46.071   log sent=2851 dropped=0 lag max=119274us
01:22:46.082   disp sent=135 dropped=0 max=542712us avg=45384us
01:22:46.087 ====================================
01:22:46.088 ====================================
01:22:46.088   pt[779]: min=-424 max=462 avg_abs=98 | fifo=48 under=1345 over=780 late=780 mdf_cb=23403 mdf_err=0
01:22:46.103 in=14848Hz out=15200Hz ring=48 under=1345 over=780 (dt=999987us) loglag=119274us
01:22:46.513   pt[780]: min=-2344 max=2318 avg_abs=135 | fifo=64 under=1350 over=780 late=780 mdf_cb=23434 mdf_err=0
01:22:47.088 in=14622Hz out=14831Hz ring=576 under=1350 over=780 (dt=997892us) loglag=119274us
01:22:47.088 win  390 pos= 5990400  -45dBFS [#####...............] rms=  194 peak= 2344 seam=ok lag=335us
01:22:47.088   -> unknown         p=0.46  preproc=68627us infer=40979us
01:22:47.088   pt[781]: min=-362 max=336 avg_abs=91 | fifo=288 under=1350 over=782 late=782 mdf_cb=23463 mdf_err=0
01:22:47.613   pt[782]: min=-1158 max=756 avg_abs=108 | fifo=304 under=1353 over=782 late=782 mdf_cb=23494 mdf_err=0
01:22:48.129 in=15360Hz out=15600Hz ring=416 under=1353 over=782 (dt=999999us) loglag=119274us
01:22:48.129 win  391 pos= 6005760  -47dBFS [####................] rms=  141 peak= 1190 seam=ok lag=334us
01:22:48.129   -> clock_tick      p=0.56  preproc=68631us infer=40977us
01:22:48.129   pt[783]: min=-1190 max=674 avg_abs=104 | fifo=128 under=1353 over=784 late=784 mdf_cb=23523 mdf_err=0
01:22:48.631   pt[784]: min=-348 max=538 avg_abs=92 | fifo=144 under=1357 over=784 late=784 mdf_cb=23554 mdf_err=0
01:22:49.130 in=15360Hz out=16000Hz ring=256 under=1357 over=784 (dt=1000000us) loglag=119274us
01:22:49.130 win  392 pos= 6021120  -49dBFS [###.................] rms=  120 peak=  538 seam=ok lag=334us
01:22:49.140   -> clock_tick      p=0.66  preproc=68622us infer=40977us
01:22:49.145   pt[785]: min=-448 max=410 avg_abs=95 | fifo=0 under=1358 over=786 late=786 mdf_cb=23583 mdf_err=0
01:22:49.664   pt[786]: min=-454 max=366 avg_abs=95 | fifo=240 under=1362 over=786 late=786 mdf_cb=23615 mdf_err=0
01:22:50.046 in=15360Hz out=15600Hz ring=240 under=1362 over=786 (dt=999999us) loglag=119274us
01:22:50.163 win  393 pos= 6036480  -49dBFS [###.................] rms=  118 peak=  454 seam=ok lag=334us
01:22:50.172   -> clock_tick      p=0.63  preproc=68622us infer=40972us
01:22:50.179   pt[787]: min=-340 max=406 avg_abs=94 | fifo=208 under=1362 over=788 late=788 mdf_cb=23643 mdf_err=0
01:22:50.698   pt[788]: min=-410 max=378 avg_abs=78 | fifo=224 under=1363 over=788 late=788 mdf_cb=23674 mdf_err=0
01:22:51.072 in=14848Hz out=14800Hz ring=368 under=1363 over=788 (dt=999999us) loglag=119274us
01:22:51.205 {"win":394,"cls":"sneezing","p":0.81,"lat_ms":112,"under":1363,"over":788,"late":788}
01:22:51.213 win  394 pos= 6051840  -50dBFS [###.................] rms=  107 peak=  456 seam=ok lag=334us
01:22:51.220   -> sneezing        p=0.81  preproc=68622us infer=40974us
01:22:51.226   pt[789]: min=-456 max=406 avg_abs=89 | fifo=48 under=1363 over=790 late=790 mdf_cb=23703 mdf_err=0
01:22:51.288 lcd: win 394 -> SNEEZE p=0.81 (32909 us after notify)
01:22:51.756   pt[790]: min=-1386 max=398 avg_abs=111 | fifo=64 under=1368 over=790 late=790 mdf_cb=23734 mdf_err=0
01:22:52.080 in=14848Hz out=15200Hz ring=496 under=1368 over=790 (dt=1000000us) loglag=119274us
01:22:52.271 {"win":395,"cls":"sneezing","p":0.66,"lat_ms":112,"under":1368,"over":790,"late":790}
01:22:52.271 win  395 pos= 6067200  -47dBFS [####................] rms=  150 peak= 2244 seam=ok lag=336us
01:22:52.271   -> sneezing        p=0.66  preproc=68630us infer=40976us
01:22:52.271   pt[791]: min=-2244 max=976 avg_abs=111 | fifo=288 under=1368 over=792 late=792 mdf_cb=23763 mdf_err=0
01:22:52.329 lcd: win 395 -> SNEEZE p=0.66 (32846 us after notify)
01:22:52.781   pt[792]: min=-1766 max=1070 avg_abs=125 | fifo=304 under=1371 over=792 late=792 mdf_cb=23794 mdf_err=0
01:22:53.097 in=14848Hz out=15200Hz ring=224 under=1371 over=792 (dt=1000000us) loglag=119274us
01:22:53.288 {"win":396,"cls":"unknown","p":0.35,"lat_ms":112,"under":1371,"over":792,"late":792}
01:22:53.288 win  396 pos= 6082560  -46dBFS [####................] rms=  171 peak= 2808 seam=ok lag=332us
01:22:53.300   -> unknown         p=0.35  preproc=68627us infer=40978us
01:22:53.306   pt[793]: min=-2808 max=1686 avg_abs=129 | fifo=128 under=1371 over=794 late=794 mdf_cb=23823 mdf_err=0
01:22:53.844   pt[794]: min=-1620 max=762 avg_abs=114 | fifo=400 under=1375 over=794 late=794 mdf_cb=23855 mdf_err=0
01:22:54.097 in=14848Hz out=15200Hz ring=352 under=1375 over=794 (dt=999999us) loglag=119274us
01:22:54.346 win  397 pos= 6097920  -47dBFS [####................] rms=  145 peak= 1620 seam=ok lag=335us
01:22:54.346   -> unknown         p=0.44  preproc=68630us infer=40984us
01:22:54.346   pt[795]: min=-534 max=500 avg_abs=106 | fifo=0 under=1376 over=796 late=796 mdf_cb=23883 mdf_err=0
01:22:54.871   pt[796]: min=-1712 max=806 avg_abs=109 | fifo=384 under=1379 over=796 late=796 mdf_cb=23914 mdf_err=0
01:22:55.130 in=14848Hz out=15200Hz ring=480 under=1379 over=796 (dt=999999us) loglag=119274us
01:22:55.387 {"win":398,"cls":"crackling_fire","p":0.56,"lat_ms":112,"under":1379,"over":796,"late":796}
01:22:55.387 win  398 pos= 6113280  -48dBFS [####................] rms=  137 peak= 1712 seam=ok lag=336us
01:22:55.387   -> crackling_fire  p=0.56  preproc=68622us infer=40961us
01:22:55.388   pt[797]: min=-464 max=510 avg_abs=101 | fifo=208 under=1379 over=798 late=798 mdf_cb=23943 mdf_err=0
01:22:55.460 lcd: win 398 -> FIRE p=0.56 (35059 us after notify)
01:22:55.905   pt[798]: min=-1392 max=834 avg_abs=104 | fifo=224 under=1380 over=798 late=798 mdf_cb=23974 mdf_err=0
01:22:56.088 in=14848Hz out=14800Hz ring=608 under=1380 over=798 (dt=1000000us) loglag=119274us
01:22:56.405 win  399 pos= 6128640  -48dBFS [####................] rms=  134 peak= 1392 seam=ok lag=334us
01:22:56.413   -> clock_tick      p=0.52  preproc=68628us infer=40976us
01:22:56.420 ====================================
01:22:56.423 ====================================
01:22:56.426 TAP TOTAL win=399
01:22:56.428 ====================================
01:22:56.430 ====================================
01:22:56.430 tap total: windows=400 (expected 400 from 6144256 samples) overrun=0 torn=0 skipped=0 seam ok=399 NG=0
01:22:56.444   tap lag max=340us (0 of them lower bounds) | tap write max=413862398ns avg=85260ns (24000 calls)
01:22:56.446   audio under=1380 over=798 late=798 | aed run=400 err=0 (last er=0)
01:22:56.459   preproc max=68643us avg=68626us | infer max=41003us avg=40978us
01:22:56.463   notify out=193 held=119 offlist=88 gated=0 lat max=111679us (0 lower bounds)
01:22:56.471   log sent=2923 dropped=0 lag max=119274us
01:22:56.471   disp sent=138 dropped=0 max=542712us avg=45127us
01:22:56.480 ====================================
01:22:56.483 ====================================
01:22:56.487   pt[799]: min=-442 max=442 avg_abs=105 | fifo=48 under=1380 over=800 late=800 mdf_cb=24003 mdf_err=0
01:22:56.931   pt[800]: min=-384 max=406 avg_abs=94 | fifo=464 under=1385 over=800 late=800 mdf_cb=24034 mdf_err=0
01:22:57.131 in=14592Hz out=15600Hz ring=80 under=1385 over=800 (dt=999999us) loglag=119274us
01:22:57.447 {"win":400,"cls":"sneezing","p":0.54,"lat_ms":112,"under":1385,"over":800,"late":800}
01:22:57.455 win  400 pos= 6144000  -49dBFS [###.................] rms=  122 peak=  696 seam=ok lag=337us
01:22:57.463   -> sneezing        p=0.54  preproc=68622us infer=40980us
01:22:57.463   pt[801]: min=-696 max=470 avg_abs=101 | fifo=288 under=1385 over=802 late=802 mdf_cb=24063 mdf_err=0
01:22:57.544 lcd: win 400 -> SNEEZE p=0.54 (32756 us after notify)
01:22:57.971   pt[802]: min=-420 max=340 avg_abs=84 | fifo=560 under=1388 over=802 late=802 mdf_cb=24095 mdf_err=0
01:22:58.105 in=14848Hz out=14800Hz ring=208 under=1388 over=802 (dt=1000000us) loglag=119274us
01:22:58.545 win  401 pos= 6159360  -50dBFS [###.................] rms=  107 peak=  420 seam=ok lag=335us
01:22:58.545   -> clock_tick      p=0.52  preproc=68634us infer=40975us
01:22:58.545   pt[803]: min=-346 max=362 avg_abs=85 | fifo=128 under=1388 over=804 late=804 mdf_cb=24123 mdf_err=0
01:22:59.039   pt[804]: min=-314 max=318 avg_abs=82 | fifo=144 under=1392 over=804 late=804 mdf_cb=24154 mdf_err=0
01:22:59.161 in=14848Hz out=15200Hz ring=336 under=1392 over=804 (dt=999999us) loglag=119274us
01:22:59.538 {"win":402,"cls":"sneezing","p":0.66,"lat_ms":112,"under":1392,"over":804,"late":804}
01:22:59.538 win  402 pos= 6174720  -49dBFS [###.................] rms=  115 peak=  504 seam=ok lag=331us
01:22:59.542   -> sneezing        p=0.66  preproc=68615us infer=40985us
01:22:59.546   pt[805]: min=-504 max=472 avg_abs=98 | fifo=0 under=1393 over=806 late=806 mdf_cb=24183 mdf_err=0
01:22:59.613 lcd: win 402 -> SNEEZE p=0.66 (32486 us after notify)
01:23:00.062   pt[806]: min=-436 max=368 avg_abs=84 | fifo=384 under=1397 over=806 late=806 mdf_cb=24214 mdf_err=0
01:23:00.130 in=14848Hz out=15600Hz ring=64 under=1397 over=806 (dt=1000000us) loglag=119274us
01:23:00.630 {"win":403,"cls":"unknown","p":0.42,"lat_ms":112,"under":1397,"over":806,"late":806}
01:23:00.630 win  403 pos= 6190080  -48dBFS [####................] rms=  128 peak= 1300 seam=ok lag=334us
01:23:00.630   -> unknown         p=0.42  preproc=68628us infer=40979us
01:23:00.630   pt[807]: min=-1300 max=550 avg_abs=118 | fifo=208 under=1397 over=808 late=808 mdf_cb=24243 mdf_err=0
01:23:01.071   pt[808]: min=-920 max=580 avg_abs=108 | fifo=224 under=1398 over=808 late=808 mdf_cb=24274 mdf_err=0
01:23:01.155 in=14848Hz out=14800Hz ring=192 under=1398 over=808 (dt=999999us) loglag=119274us
01:23:01.655 win  404 pos= 6205440  -47dBFS [####................] rms=  144 peak= 1540 seam=ok lag=335us
01:23:01.655   -> unknown         p=0.43  preproc=68629us infer=40973us
01:23:01.655   pt[809]: min=-1540 max=604 avg_abs=112 | fifo=48 under=1398 over=810 late=810 mdf_cb=24303 mdf_err=0
01:23:02.188   pt[810]: min=-378 max=402 avg_abs=102 | fifo=320 under=1403 over=810 late=810 mdf_cb=24335 mdf_err=0
01:23:02.188 in=14848Hz out=15200Hz ring=320 under=1403 over=810 (dt=1000000us) loglag=119274us
01:23:02.697 win  405 pos= 6220800  -48dBFS [####................] rms=  130 peak= 1068 seam=ok lag=336us
01:23:02.697   -> unknown         p=0.39  preproc=68627us infer=40981us
01:23:02.697   pt[811]: min=-1068 max=610 avg_abs=101 | fifo=288 under=1403 over=812 late=812 mdf_cb=24363 mdf_err=0
01:23:03.196 in=14848Hz out=14800Hz ring=448 under=1406 over=812 (dt=1000000us) loglag=119274us
01:23:03.196   pt[812]: min=-752 max=584 avg_abs=101 | fifo=304 under=1406 over=812 late=812 mdf_cb=24394 mdf_err=0
01:23:03.688 {"win":406,"cls":"sneezing","p":0.73,"lat_ms":112,"under":1406,"over":812,"late":812}
01:23:03.695 win  406 pos= 6236160  -47dBFS [####................] rms=  143 peak= 1440 seam=ok lag=333us
01:23:03.702   -> sneezing        p=0.73  preproc=68620us infer=40977us
01:23:03.704   pt[813]: min=-1440 max=622 avg_abs=124 | fifo=128 under=1406 over=814 late=814 mdf_cb=24423 mdf_err=0
01:23:03.772 lcd: win 406 -> SNEEZE p=0.73 (33175 us after notify)
01:23:04.145 in=14848Hz out=15600Hz ring=176 under=1410 over=814 (dt=1000000us) loglag=119274us
01:23:04.204   pt[814]: min=-442 max=412 avg_abs=112 | fifo=144 under=1410 over=814 late=814 mdf_cb=24454 mdf_err=0
01:23:04.730 {"win":407,"cls":"sneezing","p":0.85,"lat_ms":112,"under":1410,"over":814,"late":814}
01:23:04.730 win  407 pos= 6251520  -47dBFS [####................] rms=  139 peak=  442 seam=ok lag=336us
01:23:04.743   -> sneezing        p=0.85  preproc=68626us infer=40978us
01:23:04.746   pt[815]: min=-424 max=394 avg_abs=112 | fifo=0 under=1411 over=816 late=816 mdf_cb=24483 mdf_err=0
01:23:04.760 lcd: win 407 -> SNEEZE p=0.85 (32573 us after notify)
01:23:05.202 in=14848Hz out=15200Hz ring=304 under=1415 over=816 (dt=999999us) loglag=119274us
01:23:05.272   pt[816]: min=-2090 max=2098 avg_abs=234 | fifo=240 under=1415 over=816 late=816 mdf_cb=24515 mdf_err=0
01:23:05.771 {"win":408,"cls":"sneezing","p":0.51,"lat_ms":112,"under":1415,"over":816,"late":816}
01:23:05.771 win  408 pos= 6266880  -41dBFS [######..............] rms=  276 peak= 2098 seam=ok lag=335us
01:23:05.784   -> sneezing        p=0.51  preproc=68625us infer=40977us
01:23:05.788   pt[817]: min=-472 max=442 avg_abs=113 | fifo=208 under=1415 over=818 late=818 mdf_cb=24543 mdf_err=0
01:23:05.861 lcd: win 408 -> SNEEZE p=0.51 (32755 us after notify)
01:23:06.205 in=14848Hz out=14800Hz ring=432 under=1416 over=818 (dt=1000000us) loglag=119274us
01:23:06.329   pt[818]: min=-1190 max=1140 avg_abs=109 | fifo=224 under=1416 over=818 late=818 mdf_cb=24574 mdf_err=0
01:23:06.846 win  409 pos= 6282240  -48dBFS [####................] rms=  138 peak= 1190 seam=ok lag=335us
01:23:06.846   -> clock_tick      p=0.65  preproc=68633us infer=40977us
01:23:06.846 ====================================
01:23:06.846 ====================================
01:23:06.846 TAP TOTAL win=409
01:23:06.846 ====================================
01:23:06.846 ====================================
01:23:06.846 tap total: windows=410 (expected 410 from 6297856 samples) overrun=0 torn=0 skipped=0 seam ok=409 NG=0
01:23:06.846   tap lag max=340us (0 of them lower bounds) | tap write max=413862398ns avg=128716ns (24600 calls)
01:23:06.855   audio under=1416 over=818 late=818 | aed run=410 err=0 (last er=0)
01:23:06.861   preproc max=68643us avg=68626us | infer max=41003us avg=40978us
01:23:06.862   notify out=199 held=121 offlist=90 gated=0 lat max=111679us (0 lower bounds)
01:23:06.871   log sent=2998 dropped=0 lag max=119274us
01:23:06.871   disp sent=143 dropped=0 max=542712us avg=44695us
01:23:06.882 ====================================
01:23:06.885 ====================================
01:23:06.888   pt[819]: min=-428 max=424 avg_abs=98 | fifo=48 under=1416 over=820 late=820 mdf_cb=24603 mdf_err=0
01:23:07.213 in=14848Hz out=15200Hz ring=560 under=1421 over=820 (dt=999999us) loglag=119274us
01:23:07.356   pt[820]: min=-424 max=298 avg_abs=83 | fifo=64 under=1421 over=820 late=820 mdf_cb=24634 mdf_err=0
01:23:07.862 {"win":410,"cls":"sneezing","p":0.85,"lat_ms":112,"under":1421,"over":820,"late":820}
01:23:07.862 win  410 pos= 6297600  -50dBFS [###.................] rms=  106 peak=  424 seam=ok lag=334us
01:23:07.862   -> sneezing        p=0.85  preproc=68631us infer=40984us
01:23:07.862   pt[821]: min=-350 max=378 avg_abs=86 | fifo=288 under=1421 over=822 late=822 mdf_cb=24663 mdf_err=0
01:23:07.946 lcd: win 410 -> SNEEZE p=0.85 (32672 us after notify)
01:23:08.189 in=14848Hz out=15200Hz ring=272 under=1423 over=822 (dt=1000000us) loglag=119274us
01:23:08.396   pt[822]: min=-356 max=374 avg_abs=88 | fifo=304 under=1424 over=822 late=822 mdf_cb=24694 mdf_err=0
01:23:08.902 {"win":411,"cls":"unknown","p":0.29,"lat_ms":112,"under":1424,"over":822,"late":822}
01:23:08.902 win  411 pos= 6312960  -49dBFS [###.................] rms=  113 peak=  384 seam=ok lag=336us
01:23:08.904   -> unknown         p=0.29  preproc=68624us infer=40974us
01:23:08.909   pt[823]: min=-314 max=384 avg_abs=93 | fifo=128 under=1424 over=824 late=824 mdf_cb=24723 mdf_err=0
01:23:09.229 in=14848Hz out=15200Hz ring=416 under=1428 over=824 (dt=999999us) loglag=119274us
01:23:09.413   pt[824]: min=-426 max=430 avg_abs=92 | fifo=400 under=1428 over=824 late=824 mdf_cb=24755 mdf_err=0
01:23:09.971 win  412 pos= 6328320  -49dBFS [###.................] rms=  113 peak=  430 seam=ok lag=335us
01:23:09.971   -> clock_tick      p=0.70  preproc=68620us infer=40975us
01:23:09.971   pt[825]: min=-334 max=372 avg_abs=87 | fifo=0 under=1429 over=826 late=826 mdf_cb=24783 mdf_err=0
01:23:10.223 in=14848Hz out=15200Hz ring=528 under=1431 over=826 (dt=999999us) loglag=119274us
01:23:10.471   pt[826]: min=-406 max=450 avg_abs=95 | fifo=384 under=1432 over=826 late=826 mdf_cb=24814 mdf_err=0
01:23:10.971 {"win":413,"cls":"sneezing","p":0.72,"lat_ms":112,"under":1432,"over":826,"late":826}
01:23:10.971 win  413 pos= 6343680  -48dBFS [####................] rms=  128 peak=  630 seam=ok lag=337us
01:23:10.983   -> sneezing        p=0.72  preproc=68620us infer=40976us
01:23:10.988   pt[827]: min=-630 max=400 avg_abs=110 | fifo=208 under=1432 over=828 late=828 mdf_cb=24843 mdf_err=0
01:23:11.065 lcd: win 413 -> SNEEZE p=0.72 (35003 us after notify)
01:23:11.196 in=14848Hz out=15200Hz ring=272 under=1433 over=828 (dt=1000000us) loglag=119274us
01:23:11.513   pt[828]: min=-1600 max=1298 avg_abs=115 | fifo=224 under=1433 over=828 late=828 mdf_cb=24874 mdf_err=0
01:23:12.029 win  414 pos= 6359040  -46dBFS [####................] rms=  161 peak= 1600 seam=ok lag=331us
01:23:12.029   -> clock_tick      p=0.66  preproc=68624us infer=40991us
01:23:12.029   pt[829]: min=-1034 max=716 avg_abs=128 | fifo=48 under=1433 over=830 late=830 mdf_cb=24903 mdf_err=0
01:23:12.222 in=14848Hz out=15200Hz ring=368 under=1437 over=830 (dt=999999us) loglag=119274us
01:23:12.539   pt[830]: min=-1344 max=2026 avg_abs=162 | fifo=464 under=1438 over=830 late=830 mdf_cb=24934 mdf_err=0
01:23:13.055 win  415 pos= 6374400  -42dBFS [######..............] rms=  270 peak= 4822 seam=ok lag=336us
01:23:13.057   -> unknown         p=0.48  preproc=68619us infer=40974us
01:23:13.062   pt[831]: min=-4822 max=4704 avg_abs=189 | fifo=288 under=1438 over=832 late=832 mdf_cb=24963 mdf_err=0
01:23:13.255 in=14592Hz out=14800Hz ring=256 under=1440 over=832 (dt=999999us) loglag=119274us
01:23:13.582   pt[832]: min=-1302 max=1240 avg_abs=188 | fifo=304 under=1441 over=832 late=832 mdf_cb=24994 mdf_err=0
01:23:14.144 {"win":416,"cls":"crackling_fire","p":0.79,"lat_ms":112,"under":1441,"over":832,"late":832}
01:23:14.144 win  416 pos= 6389760  -41dBFS [######..............] rms=  277 peak= 4176 seam=ok lag=337us
01:23:14.144   -> crackling_fire  p=0.79  preproc=68618us infer=40985us
01:23:14.144   pt[833]: min=-1428 max=1578 avg_abs=205 | fifo=128 under=1441 over=834 late=834 mdf_cb=25023 mdf_err=0
01:23:14.144 lcd: win 416 -> FIRE p=0.79 (35270 us after notify)
01:23:14.275 in=14848Hz out=15200Hz ring=368 under=1444 over=834 (dt=1000000us) loglag=119274us
01:23:14.655   pt[834]: min=-692 max=690 avg_abs=126 | fifo=144 under=1445 over=834 late=834 mdf_cb=25054 mdf_err=0
01:23:15.129 win  417 pos= 6405120  -46dBFS [####................] rms=  167 peak= 1578 seam=ok lag=335us
01:23:15.137   -> clock_tick      p=0.58  preproc=68629us infer=40953us
01:23:15.142   pt[835]: min=-482 max=542 avg_abs=104 | fifo=0 under=1446 over=836 late=836 mdf_cb=25083 mdf_err=0
01:23:15.273 in=14848Hz out=15600Hz ring=112 under=1448 over=836 (dt=999999us) loglag=119274us
01:23:15.646   pt[836]: min=-418 max=526 avg_abs=114 | fifo=384 under=1449 over=836 late=836 mdf_cb=25114 mdf_err=0
01:23:16.212 {"win":418,"cls":"crackling_fire","p":0.64,"lat_ms":112,"under":1449,"over":836,"late":836}
01:23:16.212 win  418 pos= 6420480  -44dBFS [#####...............] rms=  203 peak=  928 seam=ok lag=336us
01:23:16.212   -> crackling_fire  p=0.64  preproc=68632us infer=40982us
01:23:16.212   pt[837]: min=-862 max=928 avg_abs=195 | fifo=208 under=1449 over=838 late=838 mdf_cb=25143 mdf_err=0
01:23:16.212 lcd: win 418 -> FIRE p=0.64 (32817 us after notify)
01:23:16.270 in=14848Hz out=14800Hz ring=256 under=1450 over=838 (dt=1000000us) loglag=119274us
01:23:16.722   pt[838]: min=-1168 max=1382 avg_abs=234 | fifo=224 under=1450 over=838 late=838 mdf_cb=25174 mdf_err=0
01:23:17.238 {"win":419,"cls":"crackling_fire","p":0.96,"lat_ms":112,"under":1450,"over":838,"late":838}
01:23:17.238 win  419 pos= 6435840  -36dBFS [########............] rms=  520 peak= 6760 seam=ok lag=335us
01:23:17.238   -> crackling_fire  p=0.96  preproc=68632us infer=40975us
01:23:17.238 ====================================
01:23:17.238 ====================================
01:23:17.238 TAP TOTAL win=419
01:23:17.239 ====================================
01:23:17.243 ====================================
01:23:17.246 tap total: windows=420 (expected 420 from 6451456 samples) overrun=0 torn=0 skipped=0 seam ok=419 NG=0
01:23:17.256   tap lag max=340us (0 of them lower bounds) | tap write max=413862398ns avg=170100ns (25200 calls)
01:23:17.263   audio under=1450 over=838 late=838 | aed run=420 err=0 (last er=0)
01:23:17.271   preproc max=68643us avg=68626us | infer max=41003us avg=40978us
01:23:17.276   notify out=205 held=122 offlist=93 gated=0 lat max=111679us (0 lower bounds)
01:23:17.283   log sent=3072 dropped=0 lag max=119274us
01:23:17.287   disp sent=148 dropped=0 max=542712us avg=44402us
01:23:17.287 ====================================
01:23:17.296 ====================================
01:23:17.299   pt[839]: min=-6230 max=6760 avg_abs=345 | fifo=48 under=1450 over=840 late=840 mdf_cb=25203 mdf_err=0
01:23:17.304 in=14837Hz out=15189Hz ring=256 under=1451 over=840 (dt=1000719us) loglag=119274us
01:23:17.370 lcd: win 419 -> FIRE p=0.96 (107569 us after notify)
01:23:17.738   pt[840]: min=-982 max=2110 avg_abs=176 | fifo=64 under=1455 over=840 late=840 mdf_cb=25234 mdf_err=0
01:23:18.305 in=14346Hz out=14410Hz ring=576 under=1455 over=840 (dt=999280us) loglag=119274us
01:23:18.305 {"win":420,"cls":"unknown","p":0.43,"lat_ms":112,"under":1455,"over":840,"late":840}
01:23:18.305 win  420 pos= 6451200  -41dBFS [######..............] rms=  279 peak= 4014 seam=ok lag=334us
01:23:18.305   -> unknown         p=0.43  preproc=68633us infer=40974us
01:23:18.305   pt[841]: min=-512 max=418 avg_abs=94 | fifo=288 under=1455 over=842 late=842 mdf_cb=25263 mdf_err=0
01:23:18.771   pt[842]: min=-600 max=746 avg_abs=112 | fifo=304 under=1458 over=842 late=842 mdf_cb=25294 mdf_err=0
01:23:19.330 in=15359Hz out=15599Hz ring=416 under=1458 over=842 (dt=1000001us) loglag=119274us
01:23:19.330 {"win":421,"cls":"sneezing","p":0.56,"lat_ms":112,"under":1458,"over":842,"late":842}
01:23:19.330 win  421 pos= 6466560  -47dBFS [####................] rms=  153 peak=  906 seam=ok lag=334us
01:23:19.330   -> sneezing        p=0.56  preproc=68630us infer=40980us
01:23:19.330   pt[843]: min=-794 max=906 avg_abs=123 | fifo=128 under=1458 over=844 late=844 mdf_cb=25323 mdf_err=0
01:23:19.330 lcd: win 421 -> SNEEZE p=0.56 (40140 us after notify)
01:23:19.830   pt[844]: min=-490 max=502 avg_abs=98 | fifo=144 under=1462 over=844 late=844 mdf_cb=25354 mdf_err=0
01:23:20.337 in=15360Hz out=16000Hz ring=256 under=1462 over=844 (dt=999998us) loglag=119274us
01:23:20.337 {"win":422,"cls":"unknown","p":0.42,"lat_ms":112,"under":1462,"over":844,"late":844}
01:23:20.345 win  422 pos= 6481920  -49dBFS [###.................] rms=  120 peak=  502 seam=ok lag=334us
01:23:20.346   -> unknown         p=0.42  preproc=68629us infer=40989us
01:23:20.413   pt[845]: min=-488 max=780 avg_abs=105 | fifo=0 under=1463 over=846 late=846 mdf_cb=25383 mdf_err=0
01:23:20.846   pt[846]: min=-1244 max=856 avg_abs=179 | fifo=384 under=1466 over=846 late=846 mdf_cb=25414 mdf_err=0
01:23:21.413 in=15360Hz out=15600Hz ring=496 under=1466 over=846 (dt=1000000us) loglag=119274us
01:23:21.413 {"win":423,"cls":"crackling_fire","p":0.54,"lat_ms":112,"under":1466,"over":846,"late":846}
01:23:21.413 win  423 pos= 6497280  -41dBFS [######..............] rms=  306 peak= 2856 seam=ok lag=338us
01:23:21.413   -> crackling_fire  p=0.54  preproc=68632us infer=40975us
01:23:21.413   pt[847]: min=-2856 max=1604 avg_abs=245 | fifo=208 under=1466 over=848 late=848 mdf_cb=25443 mdf_err=0
01:23:21.413 lcd: win 423 -> FIRE p=0.54 (40337 us after notify)
01:23:21.913   pt[848]: min=-536 max=574 avg_abs=130 | fifo=480 under=1467 over=848 late=848 mdf_cb=25475 mdf_err=0
01:23:22.287 in=15104Hz out=15200Hz ring=224 under=1467 over=848 (dt=999999us) loglag=119274us
01:23:22.412 {"win":424,"cls":"sneezing","p":0.59,"lat_ms":112,"under":1467,"over":848,"late":848}
01:23:22.417 win  424 pos= 6512640  -46dBFS [####................] rms=  165 peak=  972 seam=ok lag=337us
01:23:22.426   -> sneezing        p=0.59  preproc=68628us infer=40976us
01:23:22.430   pt[849]: min=-392 max=622 avg_abs=116 | fifo=48 under=1467 over=850 late=850 mdf_cb=25503 mdf_err=0
01:23:22.504 lcd: win 424 -> SNEEZE p=0.59 (32709 us after notify)
01:23:22.946   pt[850]: min=-382 max=436 avg_abs=111 | fifo=64 under=1472 over=850 late=850 mdf_cb=25534 mdf_err=0
01:23:23.321 in=14848Hz out=15200Hz ring=352 under=1472 over=850 (dt=1000000us) loglag=119274us
01:23:23.503 {"win":425,"cls":"sneezing","p":0.55,"lat_ms":112,"under":1472,"over":850,"late":850}
01:23:23.503 win  425 pos= 6528000  -47dBFS [####................] rms=  148 peak=  622 seam=ok lag=336us
01:23:23.503   -> sneezing        p=0.55  preproc=68628us infer=40973us
01:23:23.503   pt[851]: min=-448 max=550 avg_abs=121 | fifo=288 under=1472 over=852 late=852 mdf_cb=25563 mdf_err=0
01:23:23.503 lcd: win 425 -> SNEEZE p=0.55 (32755 us after notify)
01:23:24.020   pt[852]: min=-440 max=364 avg_abs=105 | fifo=304 under=1475 over=852 late=852 mdf_cb=25594 mdf_err=0
01:23:24.329 in=14848Hz out=14800Hz ring=480 under=1475 over=852 (dt=999999us) loglag=119274us
01:23:24.521 {"win":426,"cls":"unknown","p":0.49,"lat_ms":112,"under":1475,"over":852,"late":852}
01:23:24.521 win  426 pos= 6543360  -48dBFS [####................] rms=  124 peak=  448 seam=ok lag=336us
01:23:24.521   -> unknown         p=0.49  preproc=68634us infer=40987us
01:23:24.521   pt[853]: min=-380 max=400 avg_abs=88 | fifo=128 under=1475 over=854 late=854 mdf_cb=25623 mdf_err=0
01:23:25.020   pt[854]: min=-354 max=354 avg_abs=88 | fifo=144 under=1479 over=854 late=854 mdf_cb=25654 mdf_err=0
01:23:25.329 in=14848Hz out=15600Hz ring=208 under=1479 over=854 (dt=999999us) loglag=119274us
01:23:25.579 win  427 pos= 6558720  -49dBFS [###.................] rms=  111 peak=  354 seam=ok lag=335us
01:23:25.579   -> clock_tick      p=0.52  preproc=68621us infer=40978us
01:23:25.579   pt[855]: min=-350 max=370 avg_abs=90 | fifo=0 under=1480 over=856 late=856 mdf_cb=25683 mdf_err=0
01:23:26.078   pt[856]: min=-402 max=356 avg_abs=89 | fifo=384 under=1483 over=856 late=856 mdf_cb=25714 mdf_err=0
01:23:26.339 in=14848Hz out=15200Hz ring=336 under=1483 over=856 (dt=1000000us) loglag=119274us
01:23:26.579 win  428 pos= 6574080  -50dBFS [###.................] rms=  108 peak=  402 seam=ok lag=336us
01:23:26.579   -> unknown         p=0.42  preproc=68623us infer=40974us
01:23:26.584   pt[857]: min=-280 max=372 avg_abs=81 | fifo=208 under=1483 over=858 late=858 mdf_cb=25743 mdf_err=0
01:23:27.146   pt[858]: min=-410 max=278 avg_abs=87 | fifo=480 under=1484 over=858 late=858 mdf_cb=25775 mdf_err=0
01:23:27.330 in=14848Hz out=14800Hz ring=464 under=1484 over=858 (dt=999999us) loglag=119274us
01:23:27.646 win  429 pos= 6589440  -49dBFS [###.................] rms=  111 peak=  416 seam=ok lag=334us
01:23:27.646   -> unknown         p=0.34  preproc=68630us infer=40988us
01:23:27.646 ====================================
01:23:27.646 ====================================
01:23:27.646 TAP TOTAL win=429
01:23:27.646 ====================================
01:23:27.646 ====================================
01:23:27.646 tap total: windows=430 (expected 430 from 6605056 samples) overrun=0 torn=0 skipped=0 seam ok=429 NG=0
01:23:27.648   tap lag max=340us (0 of them lower bounds) | tap write max=413862398ns avg=209563ns (25800 calls)
01:23:27.657   audio under=1484 over=858 late=858 | aed run=430 err=0 (last er=0)
01:23:27.662   preproc max=68643us avg=68626us | infer max=41003us avg=40978us
01:23:27.670   notify out=212 held=124 offlist=94 gated=0 lat max=111679us (0 lower bounds)
01:23:27.670   log sent=3149 dropped=0 lag max=119274us
01:23:27.681   disp sent=152 dropped=0 max=542712us avg=44609us
01:23:27.686 ====================================
01:23:27.687 ====================================
01:23:27.691   pt[859]: min=-416 max=374 avg_abs=88 | fifo=48 under=1484 over=860 late=860 mdf_cb=25803 mdf_err=0
01:23:28.129   pt[860]: min=-392 max=374 avg_abs=93 | fifo=64 under=1489 over=860 late=860 mdf_cb=25834 mdf_err=0
01:23:28.379 in=14848Hz out=15600Hz ring=192 under=1489 over=860 (dt=1000000us) loglag=119274us
01:23:28.695 win  430 pos= 6604800  -49dBFS [###.................] rms=  117 peak=  392 seam=ok lag=334us
01:23:28.695   -> unknown         p=0.50  preproc=68623us infer=40973us
01:23:28.695   pt[861]: min=-350 max=358 avg_abs=93 | fifo=288 under=1489 over=862 late=862 mdf_cb=25863 mdf_err=0
01:23:29.195   pt[862]: min=-436 max=456 avg_abs=103 | fifo=304 under=1492 over=862 late=862 mdf_cb=25894 mdf_err=0
01:23:29.378 in=14848Hz out=14800Hz ring=320 under=1492 over=862 (dt=999999us) loglag=119274us
01:23:29.712 {"win":431,"cls":"sneezing","p":0.90,"lat_ms":112,"under":1492,"over":862,"late":862}
01:23:29.712 win  431 pos= 6620160  -49dBFS [###.................] rms=  121 peak=  456 seam=ok lag=334us
01:23:29.712   -> sneezing        p=0.90  preproc=68626us infer=40987us
01:23:29.712   pt[863]: min=-384 max=294 avg_abs=90 | fifo=128 under=1492 over=864 late=864 mdf_cb=25923 mdf_err=0
01:23:29.787 lcd: win 431 -> SNEEZE p=0.90 (32709 us after notify)
01:23:30.233   pt[864]: min=-2338 max=2024 avg_abs=150 | fifo=144 under=1496 over=864 late=864 mdf_cb=25954 mdf_err=0
01:23:30.346 in=14848Hz out=15200Hz ring=448 under=1496 over=864 (dt=1000000us) loglag=119274us
01:23:30.787 win  432 pos= 6635520  -46dBFS [####................] rms=  173 peak= 2338 seam=ok lag=334us
01:23:30.787   -> clock_tick      p=0.80  preproc=68621us infer=40980us
01:23:30.787   pt[865]: min=-404 max=414 avg_abs=105 | fifo=0 under=1497 over=866 late=866 mdf_cb=25983 mdf_err=0
01:23:31.289   pt[866]: min=-344 max=464 avg_abs=88 | fifo=240 under=1500 over=866 late=866 mdf_cb=26015 mdf_err=0
01:23:31.346 in=14848Hz out=15600Hz ring=176 under=1500 over=866 (dt=999999us) loglag=119274us
01:23:31.790 {"win":433,"cls":"sneezing","p":0.55,"lat_ms":112,"under":1500,"over":866,"late":866}
01:23:31.790 win  433 pos= 6650880  -48dBFS [####................] rms=  132 peak=  624 seam=ok lag=337us
01:23:31.790   -> sneezing        p=0.55  preproc=68629us infer=40985us
01:23:31.792   pt[867]: min=-624 max=520 avg_abs=114 | fifo=208 under=1500 over=868 late=868 mdf_cb=26043 mdf_err=0
01:23:31.862 lcd: win 433 -> SNEEZE p=0.55 (33049 us after notify)
01:23:32.305   pt[868]: min=-416 max=414 avg_abs=99 | fifo=480 under=1501 over=868 late=868 mdf_cb=26075 mdf_err=0
01:23:32.363 in=14848Hz out=14800Hz ring=304 under=1501 over=868 (dt=999999us) loglag=119274us
01:23:32.814 win  434 pos= 6666240  -47dBFS [####................] rms=  151 peak= 2322 seam=ok lag=334us
01:23:32.819   -> clock_tick      p=0.69  preproc=68632us infer=40976us
01:23:32.826   pt[869]: min=-2322 max=1482 avg_abs=127 | fifo=48 under=1501 over=870 late=870 mdf_cb=26103 mdf_err=0
01:23:33.328   pt[870]: min=-448 max=418 avg_abs=114 | fifo=64 under=1506 over=870 late=870 mdf_cb=26134 mdf_err=0
01:23:33.404 in=14848Hz out=15200Hz ring=432 under=1506 over=870 (dt=1000000us) loglag=119274us
01:23:33.915 {"win":435,"cls":"sneezing","p":0.72,"lat_ms":112,"under":1506,"over":870,"late":870}
01:23:33.915 win  435 pos= 6681600  -46dBFS [####................] rms=  156 peak= 1102 seam=ok lag=333us
01:23:33.915   -> sneezing        p=0.72  preproc=68617us infer=40977us
01:23:33.915   pt[871]: min=-1102 max=848 avg_abs=131 | fifo=288 under=1506 over=872 late=872 mdf_cb=26163 mdf_err=0
01:23:33.915 lcd: win 435 -> SNEEZE p=0.72 (33136 us after notify)
01:23:34.415   pt[872]: min=-552 max=470 avg_abs=115 | fifo=304 under=1509 over=872 late=872 mdf_cb=26194 mdf_err=0
01:23:34.415 in=14848Hz out=15200Hz ring=160 under=1509 over=872 (dt=1000000us) loglag=119274us
01:23:34.912 {"win":436,"cls":"sneezing","p":0.91,"lat_ms":112,"under":1509,"over":872,"late":872}
01:23:34.912 win  436 pos= 6696960  -47dBFS [####................] rms=  148 peak=  592 seam=ok lag=336us
01:23:34.912   -> sneezing        p=0.91  preproc=68620us infer=40981us
01:23:34.912   pt[873]: min=-592 max=570 avg_abs=115 | fifo=128 under=1509 over=874 late=874 mdf_cb=26223 mdf_err=0
01:23:34.987 lcd: win 436 -> SNEEZE p=0.91 (32798 us after notify)
01:23:35.380 in=14848Hz out=15200Hz ring=288 under=1513 over=874 (dt=999999us) loglag=119274us
01:23:35.444   pt[874]: min=-400 max=438 avg_abs=88 | fifo=144 under=1513 over=874 late=874 mdf_cb=26254 mdf_err=0
01:23:35.945 win  437 pos= 6712320  -44dBFS [#####...............] rms=  199 peak= 1558 seam=ok lag=333us
01:23:35.945   -> clock_tick      p=0.53  preproc=68616us infer=40991us
01:23:35.946   pt[875]: min=-1246 max=1558 avg_abs=178 | fifo=0 under=1514 over=876 late=876 mdf_cb=26283 mdf_err=0
01:23:36.408 in=14848Hz out=15200Hz ring=416 under=1517 over=876 (dt=1000000us) loglag=119274us
01:23:36.479   pt[876]: min=-416 max=488 avg_abs=101 | fifo=240 under=1517 over=876 late=876 mdf_cb=26315 mdf_err=0
01:23:36.973 win  438 pos= 6727680  -48dBFS [####................] rms=  130 peak=  506 seam=ok lag=335us
01:23:36.981   -> unknown         p=0.41  preproc=68623us infer=40975us
01:23:36.986   pt[877]: min=-456 max=506 avg_abs=94 | fifo=208 under=1517 over=878 late=878 mdf_cb=26343 mdf_err=0
01:23:37.429 in=14848Hz out=15200Hz ring=144 under=1518 over=878 (dt=1000000us) loglag=119274us
01:23:37.488   pt[878]: min=-1452 max=1012 avg_abs=100 | fifo=480 under=1518 over=878 late=878 mdf_cb=26375 mdf_err=0
01:23:38.070 win  439 pos= 6743040  -48dBFS [####................] rms=  132 peak= 1452 seam=ok lag=333us
01:23:38.070   -> unknown         p=0.36  preproc=68620us infer=40970us
01:23:38.070 ====================================
01:23:38.070 ====================================
01:23:38.070 TAP TOTAL win=439
01:23:38.070 ====================================
01:23:38.070 ====================================
01:23:38.070 tap total: windows=440 (expected 440 from 6758656 samples) overrun=0 torn=0 skipped=0 seam ok=439 NG=0
01:23:38.070   tap lag max=340us (0 of them lower bounds) | tap write max=413862398ns avg=247230ns (26400 calls)
01:23:38.070   audio under=1518 over=878 late=878 | aed run=440 err=0 (last er=0)
01:23:38.070   preproc max=68643us avg=68626us | infer max=41003us avg=40978us
01:23:38.070   notify out=216 held=127 offlist=97 gated=0 lat max=111679us (0 lower bounds)
01:23:38.081   log sent=3221 dropped=0 lag max=119274us
01:23:38.083   disp sent=156 dropped=0 max=542712us avg=44310us
01:23:38.087 ====================================
01:23:38.091 ====================================
01:23:38.094   pt[879]: min=-464 max=602 avg_abs=110 | fifo=48 under=1518 over=880 late=880 mdf_cb=26403 mdf_err=0
01:23:38.422 in=14848Hz out=15200Hz ring=272 under=1523 over=880 (dt=1000000us) loglag=119274us
01:23:38.555   pt[880]: min=-2654 max=1520 avg_abs=142 | fifo=64 under=1523 over=880 late=880 mdf_cb=26434 mdf_err=0
01:23:39.071 win  440 pos= 6758400  -46dBFS [####................] rms=  166 peak= 2654 seam=ok lag=335us
01:23:39.071   -> unknown         p=0.37  preproc=68622us infer=40973us
01:23:39.071   pt[881]: min=-386 max=438 avg_abs=110 | fifo=288 under=1523 over=882 late=882 mdf_cb=26463 mdf_err=0
01:23:39.455 in=14848Hz out=14800Hz ring=384 under=1525 over=882 (dt=999999us) loglag=119274us
01:23:39.580   pt[882]: min=-478 max=440 avg_abs=105 | fifo=304 under=1526 over=882 late=882 mdf_cb=26494 mdf_err=0
01:23:40.145 {"win":441,"cls":"sneezing","p":0.88,"lat_ms":112,"under":1526,"over":882,"late":882}
01:23:40.145 win  441 pos= 6773760  -46dBFS [####................] rms=  158 peak= 2106 seam=ok lag=335us
01:23:40.145   -> sneezing        p=0.88  preproc=68624us infer=40990us
01:23:40.145   pt[883]: min=-2106 max=954 avg_abs=147 | fifo=128 under=1526 over=884 late=884 mdf_cb=26523 mdf_err=0
01:23:40.145 lcd: win 441 -> SNEEZE p=0.88 (32883 us after notify)
01:23:40.456 in=14848Hz out=15200Hz ring=528 under=1530 over=884 (dt=1000000us) loglag=119274us
01:23:40.647   pt[884]: min=-850 max=1050 avg_abs=158 | fifo=144 under=1530 over=884 late=884 mdf_cb=26554 mdf_err=0
01:23:41.146 {"win":442,"cls":"sneezing","p":0.75,"lat_ms":112,"under":1530,"over":884,"late":884}
01:23:41.146 win  442 pos= 6789120  -44dBFS [#####...............] rms=  199 peak= 1050 seam=ok lag=335us
01:23:41.148   -> sneezing        p=0.75  preproc=68617us infer=40990us
01:23:41.154   pt[885]: min=-692 max=456 avg_abs=125 | fifo=0 under=1531 over=886 late=886 mdf_cb=26583 mdf_err=0
01:23:41.162 lcd: win 442 -> SNEEZE p=0.75 (32574 us after notify)
01:23:41.428 in=14848Hz out=15600Hz ring=256 under=1535 over=886 (dt=999999us) loglag=119274us
01:23:41.680   pt[886]: min=-564 max=588 avg_abs=115 | fifo=384 under=1535 over=886 late=886 mdf_cb=26614 mdf_err=0
01:23:42.195 {"win":443,"cls":"unknown","p":0.43,"lat_ms":112,"under":1535,"over":886,"late":886}
01:23:42.195 win  443 pos= 6804480  -46dBFS [####................] rms=  158 peak= 2134 seam=ok lag=334us
01:23:42.195   -> unknown         p=0.43  preproc=68627us infer=40973us
01:23:42.195   pt[887]: min=-2134 max=1568 avg_abs=103 | fifo=208 under=1535 over=888 late=888 mdf_cb=26643 mdf_err=0
01:23:42.461 in=14848Hz out=14800Hz ring=384 under=1536 over=888 (dt=999999us) loglag=119274us
01:23:42.728   pt[888]: min=-418 max=424 avg_abs=105 | fifo=480 under=1536 over=888 late=888 mdf_cb=26675 mdf_err=0
01:23:43.245 {"win":444,"cls":"sneezing","p":0.86,"lat_ms":112,"under":1536,"over":888,"late":888}
01:23:43.245 win  444 pos= 6819840  -47dBFS [####................] rms=  147 peak=  596 seam=ok lag=334us
01:23:43.245   -> sneezing        p=0.86  preproc=68628us infer=40987us
01:23:43.245   pt[889]: min=-522 max=596 avg_abs=124 | fifo=48 under=1536 over=890 late=890 mdf_cb=26703 mdf_err=0
01:23:43.246 lcd: win 444 -> SNEEZE p=0.86 (32709 us after notify)
01:23:43.490 in=14848Hz out=15200Hz ring=512 under=1541 over=890 (dt=1000000us) loglag=119274us
01:23:43.744   pt[890]: min=-630 max=572 avg_abs=141 | fifo=64 under=1541 over=890 late=890 mdf_cb=26734 mdf_err=0
01:23:44.255 {"win":445,"cls":"unknown","p":0.34,"lat_ms":112,"under":1541,"over":890,"late":890}
01:23:44.261 win  445 pos= 6835200  -45dBFS [#####...............] rms=  184 peak= 2250 seam=ok lag=334us
01:23:44.270   -> unknown         p=0.34  preproc=68631us infer=40978us
01:23:44.275   pt[891]: min=-2062 max=2250 avg_abs=136 | fifo=288 under=1541 over=892 late=892 mdf_cb=26763 mdf_err=0
01:23:44.470 in=14848Hz out=15200Hz ring=224 under=1543 over=892 (dt=999999us) loglag=119274us
01:23:44.794   pt[892]: min=-408 max=466 avg_abs=110 | fifo=304 under=1544 over=892 late=892 mdf_cb=26794 mdf_err=0
01:23:45.354 win  446 pos= 6850560  -48dBFS [####................] rms=  133 peak=  488 seam=ok lag=334us
01:23:45.354   -> clock_tick      p=0.54  preproc=68623us infer=40978us
01:23:45.354   pt[893]: min=-370 max=374 avg_abs=97 | fifo=128 under=1544 over=894 late=894 mdf_cb=26823 mdf_err=0
01:23:45.483 in=14848Hz out=15200Hz ring=368 under=1548 over=894 (dt=999999us) loglag=119274us
01:23:45.855   pt[894]: min=-366 max=426 avg_abs=101 | fifo=144 under=1548 over=894 late=894 mdf_cb=26854 mdf_err=0
01:23:46.353 win  447 pos= 6865920  -49dBFS [###.................] rms=  123 peak=  426 seam=ok lag=336us
01:23:46.353   -> unknown         p=0.25  preproc=68625us infer=40985us
01:23:46.353   pt[895]: min=-706 max=780 avg_abs=101 | fifo=0 under=1549 over=896 late=896 mdf_cb=26883 mdf_err=0
01:23:46.471 in=14848Hz out=15200Hz ring=480 under=1551 over=896 (dt=1000000us) loglag=119274us
01:23:46.919   pt[896]: min=-784 max=586 avg_abs=125 | fifo=240 under=1552 over=896 late=896 mdf_cb=26915 mdf_err=0
01:23:47.407 {"win":448,"cls":"sneezing","p":0.52,"lat_ms":112,"under":1552,"over":896,"late":896}
01:23:47.407 win  448 pos= 6881280  -46dBFS [####................] rms=  157 peak=  784 seam=ok lag=335us
01:23:47.407   -> sneezing        p=0.52  preproc=68635us infer=40978us
01:23:47.407   pt[897]: min=-388 max=500 avg_abs=110 | fifo=208 under=1552 over=898 late=898 mdf_cb=26943 mdf_err=0
01:23:47.407 lcd: win 448 -> SNEEZE p=0.52 (33044 us after notify)
01:23:47.484 in=14848Hz out=14800Hz ring=624 under=1553 over=898 (dt=1000000us) loglag=119274us
01:23:47.935   pt[898]: min=-2284 max=2320 avg_abs=115 | fifo=224 under=1553 over=898 late=898 mdf_cb=26974 mdf_err=0
01:23:48.451 win  449 pos= 6896640  -46dBFS [####................] rms=  156 peak= 2320 seam=ok lag=335us
01:23:48.451   -> clock_tick      p=0.90  preproc=68627us infer=41001us
01:23:48.451 ====================================
01:23:48.451 ====================================
01:23:48.451 TAP TOTAL win=449
01:23:48.451 ====================================
01:23:48.451 ====================================
01:23:48.451 tap total: windows=450 (expected 450 from 6912256 samples) overrun=0 torn=0 skipped=0 seam ok=449 NG=0
01:23:48.453   tap lag max=340us (0 of them lower bounds) | tap write max=413862398ns avg=18103ns (27000 calls)
01:23:48.461   audio under=1553 over=898 late=898 | aed run=450 err=0 (last er=0)
01:23:48.467   preproc max=68643us avg=68626us | infer max=41003us avg=40978us
01:23:48.473   notify out=222 held=129 offlist=99 gated=0 lat max=111679us (0 lower bounds)
01:23:48.480   log sent=3295 dropped=0 lag max=119274us
01:23:48.484   disp sent=160 dropped=0 max=542712us avg=44022us
01:23:48.489 ====================================
01:23:48.492 ====================================
01:23:48.494   pt[899]: min=-436 max=526 avg_abs=108 | fifo=48 under=1553 over=900 late=900 mdf_cb=27003 mdf_err=0
01:23:48.504 in=14554Hz out=15560Hz ring=0 under=1555 over=900 (dt=1002563us) loglag=119274us
01:23:48.946   pt[900]: min=-344 max=362 avg_abs=89 | fifo=464 under=1558 over=900 late=900 mdf_cb=27034 mdf_err=0
01:23:49.505 {"win":450,"cls":"sneezing","p":0.56,"lat_ms":112,"under":1558,"over":900,"late":900}
01:23:49.505 win  450 pos= 6912000  -49dBFS [###.................] rms=  110 peak=  424 seam=ok lag=335us
01:23:49.505   -> sneezing        p=0.56  preproc=68625us infer=40979us
01:23:49.505   pt[901]: min=-424 max=348 avg_abs=85 | fifo=288 under=1558 over=902 late=902 mdf_cb=27063 mdf_err=0
01:23:49.505 in=14880Hz out=14831Hz ring=144 under=1558 over=902 (dt=997847us) loglag=119274us
01:23:49.505 lcd: win 450 -> SNEEZE p=0.56 (39930 us after notify)
01:23:50.011   pt[902]: min=-498 max=410 avg_abs=96 | fifo=560 under=1561 over=902 late=902 mdf_cb=27095 mdf_err=0
01:23:50.504 in=14341Hz out=14405Hz ring=416 under=1561 over=902 (dt=999588us) loglag=119274us
01:23:50.504 win  451 pos= 6927360  -48dBFS [####................] rms=  124 peak=  498 seam=ok lag=334us
01:23:50.504   -> clock_tick      p=0.51  preproc=68625us infer=40986us
01:23:50.512   pt[903]: min=-396 max=462 avg_abs=99 | fifo=128 under=1561 over=904 late=904 mdf_cb=27123 mdf_err=0
01:23:51.036   pt[904]: min=-1642 max=2184 avg_abs=133 | fifo=400 under=1565 over=904 late=904 mdf_cb=27155 mdf_err=0
01:23:51.603 in=15359Hz out=15999Hz ring=256 under=1565 over=904 (dt=1000001us) loglag=119274us
01:23:51.603 win  452 pos= 6942720  -45dBFS [#####...............] rms=  188 peak= 2184 seam=ok lag=336us
01:23:51.603   -> clock_tick      p=0.96  preproc=68629us infer=40982us
01:23:51.603   pt[905]: min=-602 max=796 avg_abs=148 | fifo=0 under=1566 over=906 late=906 mdf_cb=27183 mdf_err=0
01:23:52.054   pt[906]: min=-320 max=384 avg_abs=91 | fifo=384 under=1570 over=906 late=906 mdf_cb=27214 mdf_err=0
01:23:52.612 in=15360Hz out=15600Hz ring=496 under=1570 over=906 (dt=999998us) loglag=119274us
01:23:52.612 win  453 pos= 6958080  -48dBFS [####................] rms=  125 peak=  408 seam=ok lag=335us
01:23:52.612   -> unknown         p=0.33  preproc=68637us infer=40980us
01:23:52.612   pt[907]: min=-414 max=408 avg_abs=111 | fifo=208 under=1570 over=908 late=908 mdf_cb=27243 mdf_err=0
01:23:53.120   pt[908]: min=-414 max=408 avg_abs=96 | fifo=224 under=1571 over=908 late=908 mdf_cb=27274 mdf_err=0
01:23:53.679 in=15360Hz out=15600Hz ring=336 under=1571 over=908 (dt=1000000us) loglag=119274us
01:23:53.679 win  454 pos= 6973440  -49dBFS [###.................] rms=  113 peak=  456 seam=ok lag=333us
01:23:53.679   -> clock_tick      p=0.57  preproc=68622us infer=40977us
01:23:53.679   pt[909]: min=-332 max=456 avg_abs=78 | fifo=48 under=1571 over=910 late=910 mdf_cb=27303 mdf_err=0
01:23:54.178   pt[910]: min=-336 max=328 avg_abs=81 | fifo=464 under=1576 over=910 late=910 mdf_cb=27334 mdf_err=0
01:23:54.561 in=15104Hz out=15600Hz ring=64 under=1576 over=910 (dt=999999us) loglag=119274us
01:23:54.687 win  455 pos= 6988800  -50dBFS [###.................] rms=  102 peak=  344 seam=ok lag=336us
01:23:54.687   -> clock_tick      p=0.54  preproc=68623us infer=40977us
01:23:54.687   pt[911]: min=-320 max=344 avg_abs=83 | fifo=288 under=1576 over=912 late=912 mdf_cb=27363 mdf_err=0
01:23:55.178   pt[912]: min=-306 max=386 avg_abs=83 | fifo=560 under=1579 over=912 late=912 mdf_cb=27395 mdf_err=0
01:23:55.554 in=14848Hz out=14800Hz ring=192 under=1579 over=912 (dt=999999us) loglag=119274us
01:23:55.745 win  456 pos= 7004160  -50dBFS [###.................] rms=  103 peak=  386 seam=ok lag=335us
01:23:55.745   -> clock_tick      p=0.50  preproc=68622us infer=40991us
01:23:55.745   pt[913]: min=-520 max=894 avg_abs=90 | fifo=128 under=1579 over=914 late=914 mdf_cb=27423 mdf_err=0
01:23:56.238   pt[914]: min=-524 max=416 avg_abs=99 | fifo=144 under=1583 over=914 late=914 mdf_cb=27454 mdf_err=0
01:23:56.554 in=14848Hz out=15200Hz ring=320 under=1583 over=914 (dt=999999us) loglag=119274us
01:23:56.739 win  457 pos= 7019520  -47dBFS [####................] rms=  145 peak=  894 seam=ok lag=333us
01:23:56.744   -> clock_tick      p=0.76  preproc=68628us infer=40972us
01:23:56.750   pt[915]: min=-602 max=740 avg_abs=122 | fifo=0 under=1584 over=916 late=916 mdf_cb=27483 mdf_err=0
01:23:57.253   pt[916]: min=-456 max=358 avg_abs=89 | fifo=384 under=1587 over=916 late=916 mdf_cb=27514 mdf_err=0
01:23:57.580 in=14848Hz out=15200Hz ring=448 under=1587 over=916 (dt=999999us) loglag=119274us
01:23:57.782 win  458 pos= 7034880  -49dBFS [###.................] rms=  121 peak=  456 seam=ok lag=335us
01:23:57.785   -> unknown         p=0.40  preproc=68631us infer=40976us
01:23:57.787   pt[917]: min=-368 max=410 avg_abs=103 | fifo=208 under=1587 over=918 late=918 mdf_cb=27543 mdf_err=0
01:23:58.304   pt[918]: min=-390 max=480 avg_abs=112 | fifo=224 under=1588 over=918 late=918 mdf_cb=27574 mdf_err=0
01:23:58.612 in=14848Hz out=15200Hz ring=176 under=1588 over=918 (dt=1000000us) loglag=119274us
01:23:58.862 win  459 pos= 7050240  -48dBFS [####................] rms=  133 peak=  480 seam=ok lag=335us
01:23:58.862   -> unknown         p=0.35  preproc=68629us infer=40991us
01:23:58.862 ====================================
01:23:58.862 ====================================
01:23:58.862 TAP TOTAL win=459
01:23:58.862 ====================================
01:23:58.862 ====================================
01:23:58.862 tap total: windows=460 (expected 460 from 7065856 samples) overrun=0 torn=0 skipped=0 seam ok=459 NG=0
01:23:58.862   tap lag max=340us (0 of them lower bounds) | tap write max=413862398ns avg=58293ns (27600 calls)
01:23:58.862   audio under=1588 over=918 late=918 | aed run=460 err=0 (last er=0)
01:23:58.878   preproc max=68643us avg=68626us | infer max=41003us avg=40978us
01:23:58.878   notify out=223 held=132 offlist=105 gated=0 lat max=111679us (0 lower bounds)
01:23:58.883   log sent=3362 dropped=0 lag max=119274us
01:23:58.887   disp sent=161 dropped=0 max=542712us avg=43996us
01:23:58.887 ====================================
01:23:58.895 ====================================
01:23:58.898   pt[919]: min=-314 max=370 avg_abs=93 | fifo=48 under=1588 over=920 late=920 mdf_cb=27603 mdf_err=0
01:23:59.346   pt[920]: min=-586 max=394 avg_abs=102 | fifo=464 under=1593 over=920 late=920 mdf_cb=27634 mdf_err=0
01:23:59.595 in=14848Hz out=15200Hz ring=304 under=1593 over=920 (dt=1000000us) loglag=119274us
01:23:59.862 win  460 pos= 7065600  -48dBFS [####................] rms=  129 peak=  586 seam=ok lag=333us
01:23:59.862   -> clock_tick      p=0.53  preproc=68626us infer=40980us
01:23:59.870   pt[921]: min=-378 max=440 avg_abs=100 | fifo=288 under=1593 over=922 late=922 mdf_cb=27663 mdf_err=0
01:24:00.403   pt[922]: min=-308 max=384 avg_abs=91 | fifo=560 under=1596 over=922 late=922 mdf_cb=27695 mdf_err=0
01:24:00.578 in=14848Hz out=14800Hz ring=432 under=1596 over=922 (dt=1000000us) loglag=119274us
01:24:00.955 win  461 pos= 7080960  -50dBFS [###.................] rms=  110 peak=  448 seam=ok lag=335us
01:24:00.955   -> unknown         p=0.50  preproc=68627us infer=40974us
01:24:00.955   pt[923]: min=-448 max=346 avg_abs=82 | fifo=128 under=1596 over=924 late=924 mdf_cb=27723 mdf_err=0
01:24:01.454   pt[924]: min=-390 max=320 avg_abs=84 | fifo=400 under=1600 over=924 late=924 mdf_cb=27755 mdf_err=0
01:24:01.595 in=14848Hz out=15600Hz ring=160 under=1600 over=924 (dt=999999us) loglag=119274us
01:24:01.970 win  462 pos= 7096320  -50dBFS [###.................] rms=  110 peak=  390 seam=ok lag=335us
01:24:01.970   -> unknown         p=0.41  preproc=68630us infer=40974us
01:24:01.970   pt[925]: min=-370 max=368 avg_abs=92 | fifo=0 under=1601 over=926 late=926 mdf_cb=27783 mdf_err=0
01:24:02.480   pt[926]: min=-400 max=366 avg_abs=97 | fifo=384 under=1604 over=926 late=926 mdf_cb=27814 mdf_err=0
01:24:02.596 in=14848Hz out=15200Hz ring=288 under=1604 over=926 (dt=999999us) loglag=119274us
01:24:03.038 win  463 pos= 7111680  -48dBFS [####................] rms=  124 peak=  400 seam=ok lag=335us
01:24:03.038   -> unknown         p=0.37  preproc=68617us infer=40980us
01:24:03.038   pt[927]: min=-376 max=386 avg_abs=102 | fifo=208 under=1604 over=928 late=928 mdf_cb=27843 mdf_err=0
01:24:03.538   pt[928]: min=-386 max=360 avg_abs=99 | fifo=224 under=1605 over=928 late=928 mdf_cb=27874 mdf_err=0
01:24:03.596 in=14848Hz out=14800Hz ring=416 under=1605 over=928 (dt=1000000us) loglag=119274us
01:24:04.037 win  464 pos= 7127040  -49dBFS [###.................] rms=  118 peak=  386 seam=ok lag=335us
01:24:04.037   -> clock_tick      p=0.51  preproc=68618us infer=40972us
01:24:04.037   pt[929]: min=-346 max=374 avg_abs=85 | fifo=48 under=1605 over=930 late=930 mdf_cb=27903 mdf_err=0
01:24:04.554   pt[930]: min=-390 max=378 avg_abs=85 | fifo=464 under=1610 over=930 late=930 mdf_cb=27934 mdf_err=0
01:24:04.612 in=14848Hz out=15600Hz ring=144 under=1610 over=930 (dt=1000000us) loglag=119274us
01:24:05.113 {"win":465,"cls":"sneezing","p":0.79,"lat_ms":112,"under":1610,"over":930,"late":930}
01:24:05.113 win  465 pos= 7142400  -50dBFS [###.................] rms=  105 peak=  392 seam=ok lag=338us
01:24:05.113   -> sneezing        p=0.79  preproc=68627us infer=40974us
01:24:05.113   pt[931]: min=-392 max=326 avg_abs=79 | fifo=288 under=1610 over=932 late=932 mdf_cb=27963 mdf_err=0
01:24:05.113 lcd: win 465 -> SNEEZE p=0.79 (32964 us after notify)
01:24:05.612   pt[932]: min=-364 max=408 avg_abs=90 | fifo=560 under=1613 over=932 late=932 mdf_cb=27995 mdf_err=0
01:24:05.612 in=14848Hz out=14800Hz ring=272 under=1613 over=932 (dt=1000000us) loglag=119274us
01:24:06.116 {"win":466,"cls":"unknown","p":0.46,"lat_ms":112,"under":1613,"over":932,"late":932}
01:24:06.116 win  466 pos= 7157760  -49dBFS [###.................] rms=  114 peak=  408 seam=ok lag=332us
01:24:06.116   -> unknown         p=0.46  preproc=68626us infer=40985us
01:24:06.116   pt[933]: min=-358 max=356 avg_abs=93 | fifo=128 under=1613 over=934 late=934 mdf_cb=28023 mdf_err=0
01:24:06.645   pt[934]: min=-342 max=330 avg_abs=83 | fifo=144 under=1617 over=934 late=934 mdf_cb=28054 mdf_err=0
01:24:06.645 in=14848Hz out=15200Hz ring=400 under=1617 over=934 (dt=999999us) loglag=119274us
01:24:07.145 win  467 pos= 7173120  -50dBFS [###.................] rms=  105 peak=  352 seam=ok lag=335us
01:24:07.145   -> unknown         p=0.27  preproc=68620us infer=40984us
01:24:07.153   pt[935]: min=-288 max=382 avg_abs=86 | fifo=0 under=1618 over=936 late=936 mdf_cb=28083 mdf_err=0
01:24:07.662 in=14848Hz out=15600Hz ring=128 under=1621 over=936 (dt=999999us) loglag=119274us
01:24:07.662   pt[936]: min=-1150 max=596 avg_abs=115 | fifo=384 under=1621 over=936 late=936 mdf_cb=28114 mdf_err=0
01:24:08.221 win  468 pos= 7188480  -48dBFS [####................] rms=  134 peak= 1150 seam=ok lag=333us
01:24:08.221   -> clock_tick      p=0.61  preproc=68630us infer=40978us
01:24:08.221   pt[937]: min=-374 max=366 avg_abs=97 | fifo=208 under=1621 over=938 late=938 mdf_cb=28143 mdf_err=0
01:24:08.662 in=14848Hz out=14800Hz ring=256 under=1622 over=938 (dt=1000000us) loglag=119274us
01:24:08.721   pt[938]: min=-370 max=360 avg_abs=80 | fifo=224 under=1622 over=938 late=938 mdf_cb=28174 mdf_err=0
01:24:09.221 {"win":469,"cls":"sneezing","p":0.60,"lat_ms":112,"under":1622,"over":938,"late":938}
01:24:09.226 win  469 pos= 7203840  -50dBFS [###.................] rms=  107 peak=  372 seam=ok lag=336us
01:24:09.228   -> sneezing        p=0.60  preproc=68627us infer=40988us
01:24:09.239 ====================================
01:24:09.242 ====================================
01:24:09.245 TAP TOTAL win=469
01:24:09.245 ====================================
01:24:09.245 ====================================
01:24:09.255 tap total: windows=470 (expected 470 from 7219456 samples) overrun=0 torn=0 skipped=0 seam ok=469 NG=0
01:24:09.262   tap lag max=340us (0 of them lower bounds) | tap write max=413862398ns avg=96773ns (28200 calls)
01:24:09.270   audio under=1622 over=938 late=938 | aed run=470 err=0 (last er=0)
01:24:09.279   preproc max=68643us avg=68626us | infer max=41003us avg=40978us
01:24:09.285   notify out=226 held=136 offlist=108 gated=0 lat max=111679us (0 lower bounds)
01:24:09.291   log sent=3430 dropped=0 lag max=119274us
01:24:09.296   disp sent=163 dropped=0 max=542712us avg=43928us
01:24:09.301 ====================================
01:24:09.303 ====================================
01:24:09.303   pt[939]: min=-340 max=372 avg_abs=93 | fifo=48 under=1622 over=940 late=940 mdf_cb=28203 mdf_err=0
01:24:09.362 lcd: win 469 -> SNEEZE p=0.60 (100140 us after notify)
01:24:09.691 in=14848Hz out=15200Hz ring=384 under=1627 over=940 (dt=1000000us) loglag=119274us
01:24:09.754   pt[940]: min=-404 max=382 avg_abs=92 | fifo=320 under=1627 over=940 late=940 mdf_cb=28235 mdf_err=0
01:24:10.321 {"win":470,"cls":"sneezing","p":0.72,"lat_ms":112,"under":1627,"over":940,"late":940}
01:24:10.321 win  470 pos= 7219200  -48dBFS [####................] rms=  124 peak=  424 seam=ok lag=333us
01:24:10.321   -> sneezing        p=0.72  preproc=68632us infer=40976us
01:24:10.321   pt[941]: min=-412 max=424 avg_abs=100 | fifo=288 under=1627 over=942 late=942 mdf_cb=28263 mdf_err=0
01:24:10.321 lcd: win 470 -> SNEEZE p=0.72 (32756 us after notify)
01:24:10.696 in=14848Hz out=14800Hz ring=512 under=1630 over=942 (dt=999999us) loglag=119274us
01:24:10.821   pt[942]: min=-438 max=384 avg_abs=96 | fifo=304 under=1630 over=942 late=942 mdf_cb=28294 mdf_err=0
01:24:11.320 {"win":471,"cls":"unknown","p":0.31,"lat_ms":112,"under":1630,"over":942,"late":942}
01:24:11.320 win  471 pos= 7234560  -48dBFS [####................] rms=  124 peak=  438 seam=ok lag=336us
01:24:11.320   -> unknown         p=0.31  preproc=68621us infer=40973us
01:24:11.320   pt[943]: min=-400 max=384 avg_abs=100 | fifo=128 under=1630 over=944 late=944 mdf_cb=28323 mdf_err=0
01:24:11.703 in=14848Hz out=15600Hz ring=240 under=1634 over=944 (dt=999999us) loglag=119274us
01:24:11.838   pt[944]: min=-334 max=386 avg_abs=90 | fifo=144 under=1634 over=944 late=944 mdf_cb=28354 mdf_err=0
01:24:12.395 win  472 pos= 7249920  -49dBFS [###.................] rms=  116 peak=  416 seam=ok lag=333us
01:24:12.395   -> clock_tick      p=0.83  preproc=68633us infer=40978us
01:24:12.395   pt[945]: min=-416 max=406 avg_abs=92 | fifo=0 under=1635 over=946 late=946 mdf_cb=28383 mdf_err=0
01:24:12.711 in=14848Hz out=15200Hz ring=368 under=1638 over=946 (dt=1000000us) loglag=119274us
01:24:12.894   pt[946]: min=-432 max=428 avg_abs=107 | fifo=384 under=1638 over=946 late=946 mdf_cb=28414 mdf_err=0
01:24:13.437 win  473 pos= 7265280  -48dBFS [####................] rms=  131 peak=  432 seam=ok lag=334us
01:24:13.437   -> unknown         p=0.49  preproc=68625us infer=40976us
01:24:13.437   pt[947]: min=-402 max=388 avg_abs=101 | fifo=208 under=1638 over=948 late=948 mdf_cb=28443 mdf_err=0
01:24:13.696 in=14848Hz out=14800Hz ring=496 under=1639 over=948 (dt=999999us) loglag=119274us
01:24:13.946   pt[948]: min=-394 max=388 avg_abs=95 | fifo=480 under=1639 over=948 late=948 mdf_cb=28475 mdf_err=0
01:24:14.471 {"win":474,"cls":"sneezing","p":0.53,"lat_ms":112,"under":1639,"over":948,"late":948}
01:24:14.471 win  474 pos= 7280640  -49dBFS [###.................] rms=  114 peak=  406 seam=ok lag=334us
01:24:14.471   -> sneezing        p=0.53  preproc=68629us infer=40972us
01:24:14.471   pt[949]: min=-406 max=378 avg_abs=85 | fifo=48 under=1639 over=950 late=950 mdf_cb=28503 mdf_err=0
01:24:14.471 lcd: win 474 -> SNEEZE p=0.53 (32912 us after notify)
01:24:14.721 in=14848Hz out=15600Hz ring=224 under=1644 over=950 (dt=1000000us) loglag=119274us
01:24:14.972   pt[950]: min=-360 max=414 avg_abs=88 | fifo=64 under=1644 over=950 late=950 mdf_cb=28534 mdf_err=0
01:24:15.475 {"win":475,"cls":"unknown","p":0.29,"lat_ms":112,"under":1644,"over":950,"late":950}
01:24:15.475 win  475 pos= 7296000  -49dBFS [###.................] rms=  110 peak=  414 seam=ok lag=334us
01:24:15.475   -> unknown         p=0.29  preproc=68623us infer=40980us
01:24:15.480   pt[951]: min=-328 max=354 avg_abs=88 | fifo=288 under=1644 over=952 late=952 mdf_cb=28563 mdf_err=0
01:24:15.738 in=14848Hz out=14800Hz ring=336 under=1646 over=952 (dt=999999us) loglag=119274us
01:24:15.995   pt[952]: min=-512 max=408 avg_abs=98 | fifo=304 under=1647 over=952 late=952 mdf_cb=28594 mdf_err=0
01:24:16.554 win  476 pos= 7311360  -44dBFS [#####...............] rms=  206 peak= 1620 seam=ok lag=335us
01:24:16.554   -> clock_tick      p=0.73  preproc=68626us infer=40998us
01:24:16.554   pt[953]: min=-1620 max=1294 avg_abs=197 | fifo=128 under=1647 over=954 late=954 mdf_cb=28623 mdf_err=0
01:24:16.736 in=14848Hz out=15200Hz ring=480 under=1651 over=954 (dt=1000000us) loglag=119274us
01:24:17.060   pt[954]: min=-1506 max=1138 avg_abs=170 | fifo=144 under=1651 over=954 late=954 mdf_cb=28654 mdf_err=0
01:24:17.554 {"win":477,"cls":"sneezing","p":0.66,"lat_ms":112,"under":1651,"over":954,"late":954}
01:24:17.554 win  477 pos= 7326720  -44dBFS [#####...............] rms=  214 peak= 1506 seam=ok lag=334us
01:24:17.556   -> sneezing        p=0.66  preproc=68635us infer=40978us
01:24:17.561   pt[955]: min=-706 max=716 avg_abs=131 | fifo=0 under=1652 over=956 late=956 mdf_cb=28683 mdf_err=0
01:24:17.628 lcd: win 477 -> SNEEZE p=0.66 (34820 us after notify)
01:24:17.754 in=14848Hz out=15600Hz ring=192 under=1655 over=956 (dt=1000000us) loglag=119274us
01:24:18.070   pt[956]: min=-520 max=594 avg_abs=120 | fifo=384 under=1656 over=956 late=956 mdf_cb=28714 mdf_err=0
01:24:18.628 {"win":478,"cls":"sneezing","p":0.51,"lat_ms":112,"under":1656,"over":956,"late":956}
01:24:18.628 win  478 pos= 7342080  -44dBFS [#####...............] rms=  209 peak= 1688 seam=ok lag=334us
01:24:18.628   -> sneezing        p=0.51  preproc=68631us infer=40978us
01:24:18.628   pt[957]: min=-1382 max=1688 avg_abs=180 | fifo=208 under=1656 over=958 late=958 mdf_cb=28743 mdf_err=0
01:24:18.628 lcd: win 478 -> SNEEZE p=0.51 (32930 us after notify)
01:24:18.754 in=14848Hz out=14800Hz ring=336 under=1657 over=958 (dt=999999us) loglag=119274us
01:24:19.129   pt[958]: min=-388 max=558 avg_abs=95 | fifo=480 under=1657 over=958 late=958 mdf_cb=28775 mdf_err=0
01:24:19.628 {"win":479,"cls":"unknown","p":0.41,"lat_ms":112,"under":1657,"over":958,"late":958}
01:24:19.628 win  479 pos= 7357440  -49dBFS [###.................] rms=  121 peak=  558 seam=ok lag=335us
01:24:19.636   -> unknown         p=0.41  preproc=68627us infer=40975us
01:24:19.640 ====================================
01:24:19.645 ====================================
01:24:19.645 TAP TOTAL win=479
01:24:19.645 ====================================
01:24:19.653 ====================================
01:24:19.656 tap total: windows=480 (expected 480 from 7373056 samples) overrun=0 torn=0 skipped=0 seam ok=479 NG=0
01:24:19.662   tap lag max=340us (0 of them lower bounds) | tap write max=413862398ns avg=133653ns (28800 calls)
01:24:19.670   audio under=1657 over=958 late=958 | aed run=480 err=0 (last er=0)
01:24:19.681   preproc max=68643us avg=68626us | infer max=41003us avg=40978us
01:24:19.687   notify out=233 held=137 offlist=110 gated=0 lat max=111679us (0 lower bounds)
01:24:19.687   log sent=3506 dropped=0 lag max=119274us
01:24:19.698   disp sent=167 dropped=0 max=542712us avg=44012us
01:24:19.702 ====================================
01:24:19.703 ====================================
01:24:19.708   pt[959]: min=-426 max=448 avg_abs=96 | fifo=48 under=1657 over=960 late=960 mdf_cb=28803 mdf_err=0
01:24:19.719 in=14848Hz out=15200Hz ring=368 under=1659 over=960 (dt=999999us) loglag=119274us
01:24:20.162   pt[960]: min=-682 max=618 avg_abs=112 | fifo=320 under=1662 over=960 late=960 mdf_cb=28835 mdf_err=0
01:24:20.662 {"win":480,"cls":"sneezing","p":0.80,"lat_ms":112,"under":1662,"over":960,"late":960}
01:24:20.662 win  480 pos= 7372800  -48dBFS [####................] rms=  135 peak=  682 seam=ok lag=336us
01:24:20.670   -> sneezing        p=0.80  preproc=68632us infer=40987us
01:24:20.681   pt[961]: min=-366 max=440 avg_abs=91 | fifo=288 under=1662 over=962 late=962 mdf_cb=28863 mdf_err=0
01:24:20.745 lcd: win 480 -> SNEEZE p=0.80 (32668 us after notify)
01:24:20.745 in=14848Hz out=14800Hz ring=512 under=1662 over=962 (dt=999999us) loglag=119274us
01:24:21.184   pt[962]: min=-718 max=1278 avg_abs=130 | fifo=304 under=1665 over=962 late=962 mdf_cb=28894 mdf_err=0
01:24:21.737 {"win":481,"cls":"sneezing","p":0.80,"lat_ms":112,"under":1665,"over":962,"late":962}
01:24:21.737 win  481 pos= 7388160  -46dBFS [####................] rms=  166 peak= 1278 seam=ok lag=334us
01:24:21.737   -> sneezing        p=0.80  preproc=68626us infer=40975us
01:24:21.737   pt[963]: min=-1014 max=774 avg_abs=106 | fifo=128 under=1665 over=964 late=964 mdf_cb=28923 mdf_err=0
01:24:21.737 lcd: win 481 -> SNEEZE p=0.80 (32881 us after notify)
01:24:21.738 in=14798Hz out=15547Hz ring=256 under=1667 over=964 (dt=1003369us) loglag=119274us
01:24:22.246   pt[964]: min=-1830 max=862 avg_abs=114 | fifo=144 under=1669 over=964 late=964 mdf_cb=28954 mdf_err=0
01:24:22.761 win  482 pos= 7403520  -47dBFS [####................] rms=  154 peak= 1830 seam=ok lag=333us
01:24:22.761   -> clock_tick      p=0.70  preproc=68630us infer=40978us
01:24:22.761   pt[965]: min=-478 max=530 avg_abs=122 | fifo=0 under=1670 over=966 late=966 mdf_cb=28983 mdf_err=0
01:24:22.762 in=14808Hz out=15159Hz ring=0 under=1670 over=966 (dt=1002679us) loglag=119274us
01:24:23.279   pt[966]: min=-428 max=368 avg_abs=96 | fifo=384 under=1673 over=966 late=966 mdf_cb=29014 mdf_err=0
01:24:23.837 in=14680Hz out=14890Hz ring=496 under=1673 over=966 (dt=993950us) loglag=119274us
01:24:23.837 win  483 pos= 7418880  -49dBFS [###.................] rms=  118 peak=  462 seam=ok lag=336us
01:24:23.837   -> unknown         p=0.41  preproc=68617us infer=40981us
01:24:23.837   pt[967]: min=-394 max=478 avg_abs=94 | fifo=208 under=1673 over=968 late=968 mdf_cb=29043 mdf_err=0
01:24:24.337   pt[968]: min=-434 max=442 avg_abs=100 | fifo=224 under=1674 over=968 late=968 mdf_cb=29074 mdf_err=0
01:24:24.845 in=15360Hz out=15600Hz ring=336 under=1674 over=968 (dt=999999us) loglag=119274us
01:24:24.845 win  484 pos= 7434240  -49dBFS [###.................] rms=  117 peak=  478 seam=ok lag=335us
01:24:24.845   -> unknown         p=0.35  preproc=68632us infer=40972us
01:24:24.845   pt[969]: min=-308 max=324 avg_abs=82 | fifo=48 under=1674 over=970 late=970 mdf_cb=29103 mdf_err=0
01:24:25.345   pt[970]: min=-318 max=380 avg_abs=95 | fifo=320 under=1679 over=970 late=970 mdf_cb=29135 mdf_err=0
01:24:25.912 in=15360Hz out=15600Hz ring=576 under=1679 over=970 (dt=999999us) loglag=119274us
01:24:25.912 win  485 pos= 7449600  -49dBFS [###.................] rms=  117 peak=  524 seam=ok lag=334us
01:24:25.912   -> clock_tick      p=0.56  preproc=68642us infer=40980us
01:24:25.912   pt[971]: min=-370 max=524 avg_abs=90 | fifo=288 under=1679 over=972 late=972 mdf_cb=29163 mdf_err=0
01:24:26.415   pt[972]: min=-424 max=590 avg_abs=96 | fifo=304 under=1682 over=972 late=972 mdf_cb=29194 mdf_err=0
01:24:26.787 in=15360Hz out=15200Hz ring=560 under=1682 over=972 (dt=999999us) loglag=119274us
01:24:26.911 {"win":486,"cls":"sneezing","p":0.74,"lat_ms":112,"under":1682,"over":972,"late":972}
01:24:26.911 win  486 pos= 7464960  -46dBFS [####................] rms=  161 peak= 1390 seam=ok lag=334us
01:24:26.911   -> sneezing        p=0.74  preproc=68631us infer=40975us
01:24:26.922   pt[973]: min=-1412 max=696 avg_abs=146 | fifo=128 under=1682 over=974 late=974 mdf_cb=29223 mdf_err=0
01:24:26.988 lcd: win 486 -> SNEEZE p=0.74 (32880 us after notify)
01:24:27.439   pt[974]: min=-8756 max=14244 avg_abs=1340 | fifo=144 under=1686 over=974 late=974 mdf_cb=29254 mdf_err=0
01:24:27.820 in=14848Hz out=15600Hz ring=288 under=1686 over=974 (dt=1000000us) loglag=119274us
01:24:27.946 {"win":487,"cls":"unknown","p":0.34,"lat_ms":112,"under":1686,"over":974,"late":974}
01:24:27.946 win  487 pos= 7480320  -21dBFS [#############.......] rms= 2820 peak=32767 seam=ok lag=335us
01:24:27.958   -> unknown         p=0.34  preproc=68634us infer=40989us
01:24:27.962   pt[975]: min=-25688 max=32767 avg_abs=1334 | fifo=0 under=1687 over=976 late=976 mdf_cb=29283 mdf_err=0
01:24:28.470   pt[976]: min=-5552 max=4250 avg_abs=671 | fifo=384 under=1691 over=976 late=976 mdf_cb=29314 mdf_err=0
01:24:28.845 in=14848Hz out=15200Hz ring=416 under=1691 over=976 (dt=999999us) loglag=119274us
01:24:29.038 {"win":488,"cls":"sneezing","p":0.54,"lat_ms":112,"under":1691,"over":976,"late":976}
01:24:29.038 win  488 pos= 7495680  -21dBFS [#############.......] rms= 2808 peak=32767 seam=ok lag=335us
01:24:29.038   -> sneezing        p=0.54  preproc=68626us infer=40983us
01:24:29.038   pt[977]: min=-6402 max=6546 avg_abs=1039 | fifo=208 under=1691 over=978 late=978 mdf_cb=29343 mdf_err=0
01:24:29.038 lcd: win 488 -> SNEEZE p=0.54 (33308 us after notify)
01:24:29.537   pt[978]: min=-6528 max=8590 avg_abs=1154 | fifo=480 under=1692 over=978 late=978 mdf_cb=29375 mdf_err=0
01:24:29.846 in=14848Hz out=14800Hz ring=544 under=1692 over=978 (dt=1000000us) loglag=119274us
01:24:30.036 {"win":489,"cls":"sneezing","p":0.64,"lat_ms":112,"under":1692,"over":978,"late":978}
01:24:30.036 win  489 pos= 7511040  -23dBFS [############........] rms= 2404 peak=13504 seam=ok lag=335us
01:24:30.037   -> sneezing        p=0.64  preproc=68631us infer=40972us
01:24:30.042 ====================================
01:24:30.045 ====================================
01:24:30.045 TAP TOTAL win=489
01:24:30.045 ====================================
01:24:30.055 ====================================
01:24:30.058 tap total: windows=490 (expected 490 from 7526656 samples) overrun=0 torn=0 skipped=0 seam ok=489 NG=0
01:24:30.062   tap lag max=340us (0 of them lower bounds) | tap write max=413862398ns avg=169028ns (29400 calls)
01:24:30.070   audio under=1692 over=978 late=978 | aed run=490 err=0 (last er=0)
01:24:30.082   preproc max=68643us avg=68626us | infer max=41003us avg=40978us
01:24:30.087   notify out=239 held=139 offlist=112 gated=0 lat max=111679us (0 lower bounds)
01:24:30.095   log sent=3581 dropped=0 lag max=119274us
01:24:30.099   disp sent=172 dropped=0 max=542712us avg=43753us
01:24:30.103 ====================================
01:24:30.103 ====================================
01:24:30.111   pt[979]: min=-9872 max=13504 avg_abs=1538 | fifo=48 under=1692 over=980 late=980 mdf_cb=29403 mdf_err=0
01:24:30.189 lcd: win 489 -> SNEEZE p=0.64 (100373 us after notify)
01:24:30.587   pt[980]: min=-3560 max=4816 avg_abs=747 | fifo=320 under=1697 over=980 late=980 mdf_cb=29435 mdf_err=0
01:24:30.854 in=14848Hz out=15600Hz ring=272 under=1697 over=980 (dt=999999us) loglag=119274us
01:24:31.103 {"win":490,"cls":"crackling_fire","p":0.54,"lat_ms":112,"under":1697,"over":980,"late":980}
01:24:31.103 win  490 pos= 7526400  -30dBFS [##########..........] rms=  995 peak= 4816 seam=ok lag=333us
01:24:31.103   -> crackling_fire  p=0.54  preproc=68628us infer=40986us
01:24:31.103   pt[981]: min=-4190 max=3872 avg_abs=466 | fifo=288 under=1697 over=982 late=982 mdf_cb=29463 mdf_err=0
01:24:31.103 lcd: win 490 -> FIRE p=0.54 (32990 us after notify)
01:24:31.603   pt[982]: min=-2704 max=4110 avg_abs=298 | fifo=304 under=1700 over=982 late=982 mdf_cb=29494 mdf_err=0
01:24:31.855 in=14848Hz out=14800Hz ring=400 under=1700 over=982 (dt=999999us) loglag=119274us
01:24:32.104 {"win":491,"cls":"unknown","p":0.24,"lat_ms":112,"under":1700,"over":982,"late":982}
01:24:32.111 win  491 pos= 7541760  -32dBFS [#########...........] rms=  825 peak= 4190 seam=ok lag=335us
01:24:32.118   -> unknown         p=0.24  preproc=68632us infer=40976us
01:24:32.123   pt[983]: min=-2566 max=3228 avg_abs=682 | fifo=128 under=1700 over=984 late=984 mdf_cb=29523 mdf_err=0
01:24:32.628   pt[984]: min=-1410 max=1648 avg_abs=346 | fifo=144 under=1704 over=984 late=984 mdf_cb=29554 mdf_err=0
01:24:32.879 in=14848Hz out=15200Hz ring=528 under=1704 over=984 (dt=1000000us) loglag=119274us
01:24:33.196 win  492 pos= 7557120  -38dBFS [#######.............] rms=  412 peak= 2410 seam=ok lag=336us
01:24:33.196   -> clock_tick      p=0.62  preproc=68617us infer=40976us
01:24:33.196   pt[985]: min=-1978 max=2410 avg_abs=232 | fifo=0 under=1705 over=986 late=986 mdf_cb=29583 mdf_err=0
01:24:33.695   pt[986]: min=-1484 max=1400 avg_abs=291 | fifo=384 under=1708 over=986 late=986 mdf_cb=29614 mdf_err=0
01:24:33.890 in=14848Hz out=15600Hz ring=256 under=1708 over=986 (dt=999999us) loglag=119274us
01:24:34.221 win  493 pos= 7572480  -34dBFS [########............] rms=  629 peak= 3594 seam=ok lag=335us
01:24:34.221   -> unknown         p=0.34  preproc=68635us infer=40981us
01:24:34.221   pt[987]: min=-3594 max=2954 avg_abs=505 | fifo=208 under=1708 over=988 late=988 mdf_cb=29643 mdf_err=0
01:24:34.721   pt[988]: min=-1990 max=1880 avg_abs=523 | fifo=224 under=1709 over=988 late=988 mdf_cb=29674 mdf_err=0
01:24:34.845 in=14592Hz out=14800Hz ring=128 under=1709 over=988 (dt=1000000us) loglag=119274us
01:24:35.287 win  494 pos= 7587840  -36dBFS [########............] rms=  547 peak= 1990 seam=ok lag=335us
01:24:35.287   -> unknown         p=0.26  preproc=68630us infer=40974us
01:24:35.287   pt[989]: min=-1280 max=3486 avg_abs=308 | fifo=48 under=1709 over=990 late=990 mdf_cb=29703 mdf_err=0
01:24:35.794   pt[990]: min=-1904 max=1772 avg_abs=439 | fifo=320 under=1714 over=990 late=990 mdf_cb=29735 mdf_err=0
01:24:35.846 in=14848Hz out=15200Hz ring=256 under=1714 over=990 (dt=999999us) loglag=119274us
01:24:36.295 win  495 pos= 7603200  -29dBFS [##########..........] rms= 1098 peak= 6706 seam=ok lag=336us
01:24:36.295   -> unknown         p=0.29  preproc=68627us infer=40975us
01:24:36.295   pt[991]: min=-5958 max=6706 avg_abs=1017 | fifo=288 under=1714 over=992 late=992 mdf_cb=29763 mdf_err=0
01:24:36.803   pt[992]: min=-3954 max=3772 avg_abs=419 | fifo=304 under=1717 over=992 late=992 mdf_cb=29794 mdf_err=0
01:24:36.861 in=14848Hz out=14800Hz ring=384 under=1717 over=992 (dt=1000000us) loglag=119274us
01:24:37.303 win  496 pos= 7618560  -31dBFS [#########...........] rms=  884 peak= 6442 seam=ok lag=336us
01:24:37.311   -> unknown         p=0.48  preproc=68637us infer=40977us
01:24:37.311   pt[993]: min=-2318 max=2874 avg_abs=500 | fifo=128 under=1717 over=994 late=994 mdf_cb=29823 mdf_err=0
01:24:37.820   pt[994]: min=-3244 max=3520 avg_abs=639 | fifo=144 under=1721 over=994 late=994 mdf_cb=29854 mdf_err=0
01:24:37.879 in=14848Hz out=15600Hz ring=112 under=1721 over=994 (dt=999999us) loglag=119274us
01:24:38.379 win  497 pos= 7633920  -28dBFS [##########..........] rms= 1368 peak= 5586 seam=ok lag=335us
01:24:38.379   -> unknown         p=0.49  preproc=68630us infer=40985us
01:24:38.379   pt[995]: min=-4920 max=5586 avg_abs=1146 | fifo=0 under=1722 over=996 late=996 mdf_cb=29883 mdf_err=0
01:24:38.879   pt[996]: min=-3342 max=5278 avg_abs=550 | fifo=384 under=1725 over=996 late=996 mdf_cb=29914 mdf_err=0
01:24:38.879 in=14848Hz out=15200Hz ring=240 under=1725 over=996 (dt=999999us) loglag=119274us
01:24:39.445 win  498 pos= 7649280  -33dBFS [#########...........] rms=  764 peak= 5278 seam=ok lag=334us
01:24:39.445   -> unknown         p=0.31  preproc=68631us infer=40989us
01:24:39.445   pt[997]: min=-3704 max=4030 avg_abs=452 | fifo=208 under=1725 over=998 late=998 mdf_cb=29943 mdf_err=0
01:24:39.879 in=14848Hz out=14800Hz ring=368 under=1726 over=998 (dt=1000000us) loglag=119274us
01:24:39.953   pt[998]: min=-3672 max=3100 avg_abs=432 | fifo=480 under=1726 over=998 late=998 mdf_cb=29975 mdf_err=0
01:24:40.470 {"win":499,"cls":"sneezing","p":0.51,"lat_ms":112,"under":1726,"over":998,"late":998}
01:24:40.470 win  499 pos= 7664640  -35dBFS [########............] rms=  596 peak= 3672 seam=ok lag=336us
01:24:40.470   -> sneezing        p=0.51  preproc=68633us infer=40977us
01:24:40.470 ====================================
01:24:40.470 ====================================
01:24:40.470 TAP TOTAL win=499
01:24:40.470 ====================================
01:24:40.470 ====================================
01:24:40.470 tap total: windows=500 (expected 500 from 7680256 samples) overrun=0 torn=0 skipped=0 seam ok=499 NG=0
01:24:40.470   tap lag max=340us (0 of them lower bounds) | tap write max=413862398ns avg=202986ns (30000 calls)
01:24:40.478   audio under=1726 over=998 late=998 | aed run=500 err=0 (last er=0)
01:24:40.484   preproc max=68643us avg=68626us | infer max=41003us avg=40978us
01:24:40.486   notify out=242 held=145 offlist=113 gated=0 lat max=111679us (0 lower bounds)
01:24:40.497   log sent=3650 dropped=0 lag max=119274us
01:24:40.500   disp sent=174 dropped=0 max=542712us avg=44018us
01:24:40.506 ====================================
01:24:40.510 ====================================
01:24:40.512   pt[999]: min=-2400 max=2434 avg_abs=281 | fifo=48 under=1726 over=1000 late=1000 mdf_cb=30003 mdf_err=0
01:24:40.587 lcd: win 499 -> SNEEZE p=0.51 (100664 us after notify)
01:24:40.896 in=14848Hz out=15600Hz ring=96 under=1731 over=1000 (dt=1000000us) loglag=119274us
01:24:40.961   pt[1000]: min=-524 max=358 avg_abs=100 | fifo=64 under=1731 over=1000 late=1000 mdf_cb=30034 mdf_err=0
01:24:41.523 {"win":500,"cls":"unknown","p":0.49,"lat_ms":112,"under":1731,"over":1000,"late":1000}
01:24:41.523 win  500 pos= 7680000  -49dBFS [###.................] rms=  123 peak=  566 seam=ok lag=335us
01:24:41.523   -> unknown         p=0.49  preproc=68632us infer=40972us
01:24:41.523   pt[1001]: min=-362 max=354 avg_abs=85 | fifo=288 under=1731 over=1002 late=1002 mdf_cb=30063 mdf_err=0
01:24:41.910 in=14848Hz out=14800Hz ring=224 under=1734 over=1002 (dt=999999us) loglag=119274us
01:24:42.038   pt[1002]: min=-392 max=340 avg_abs=94 | fifo=304 under=1734 over=1002 late=1002 mdf_cb=30094 mdf_err=0
01:24:42.536 win  501 pos= 7695360  -49dBFS [###.................] rms=  120 peak=  458 seam=ok lag=334us
01:24:42.536   -> unknown         p=0.30  preproc=68625us infer=40993us
01:24:42.536   pt[1003]: min=-340 max=458 avg_abs=101 | fifo=128 under=1734 over=1004 late=1004 mdf_cb=30123 mdf_err=0
01:24:42.920 in=14848Hz out=15200Hz ring=352 under=1738 over=1004 (dt=1000000us) loglag=119274us
01:24:43.037   pt[1004]: min=-832 max=1138 avg_abs=165 | fifo=144 under=1738 over=1004 late=1004 mdf_cb=30154 mdf_err=0
01:24:43.595 {"win":502,"cls":"sneezing","p":0.80,"lat_ms":112,"under":1738,"over":1004,"late":1004}
01:24:43.595 win  502 pos= 7710720  -44dBFS [#####...............] rms=  212 peak= 1138 seam=ok lag=334us
01:24:43.595   -> sneezing        p=0.80  preproc=68628us infer=40974us
01:24:43.595   pt[1005]: min=-784 max=658 avg_abs=155 | fifo=0 under=1739 over=1006 late=1006 mdf_cb=30183 mdf_err=0
01:24:43.595 lcd: win 502 -> SNEEZE p=0.80 (33014 us after notify)
01:24:43.911 in=14848Hz out=15600Hz ring=80 under=1743 over=1006 (dt=1000000us) loglag=119274us
01:24:44.094   pt[1006]: min=-688 max=660 avg_abs=135 | fifo=384 under=1743 over=1006 late=1006 mdf_cb=30214 mdf_err=0
01:24:44.595 {"win":503,"cls":"sneezing","p":0.71,"lat_ms":112,"under":1743,"over":1006,"late":1006}
01:24:44.595 win  503 pos= 7726080  -39dBFS [#######.............] rms=  373 peak= 1758 seam=ok lag=335us
01:24:44.600   -> sneezing        p=0.71  preproc=68629us infer=40985us
01:24:44.605   pt[1007]: min=-908 max=1758 avg_abs=378 | fifo=208 under=1743 over=1008 late=1008 mdf_cb=30243 mdf_err=0
01:24:44.679 lcd: win 503 -> SNEEZE p=0.71 (33278 us after notify)
01:24:44.928 in=14848Hz out=14800Hz ring=208 under=1744 over=1008 (dt=1000000us) loglag=119274us
01:24:45.119   pt[1008]: min=-348 max=634 avg_abs=107 | fifo=480 under=1744 over=1008 late=1008 mdf_cb=30275 mdf_err=0
01:24:45.679 {"win":504,"cls":"unknown","p":0.34,"lat_ms":112,"under":1744,"over":1008,"late":1008}
01:24:45.679 win  504 pos= 7741440  -47dBFS [####................] rms=  155 peak=  786 seam=ok lag=335us
01:24:45.679   -> unknown         p=0.34  preproc=68628us infer=40988us
01:24:45.679   pt[1009]: min=-594 max=786 avg_abs=131 | fifo=48 under=1744 over=1010 late=1010 mdf_cb=30303 mdf_err=0
01:24:45.928 in=14848Hz out=15200Hz ring=336 under=1749 over=1010 (dt=999999us) loglag=119274us
01:24:46.196   pt[1010]: min=-812 max=530 avg_abs=173 | fifo=64 under=1749 over=1010 late=1010 mdf_cb=30334 mdf_err=0
01:24:46.695 {"win":505,"cls":"sneezing","p":0.63,"lat_ms":112,"under":1749,"over":1010,"late":1010}
01:24:46.695 win  505 pos= 7756800  -38dBFS [#######.............] rms=  427 peak= 2306 seam=ok lag=336us
01:24:46.695   -> sneezing        p=0.63  preproc=68631us infer=40972us
01:24:46.695   pt[1011]: min=-2306 max=1516 avg_abs=458 | fifo=288 under=1749 over=1012 late=1012 mdf_cb=30363 mdf_err=0
01:24:46.697 lcd: win 505 -> SNEEZE p=0.63 (33367 us after notify)
01:24:46.970 in=14848Hz out=14800Hz ring=448 under=1751 over=1012 (dt=1000000us) loglag=119274us
01:24:47.238   pt[1012]: min=-2734 max=2882 avg_abs=508 | fifo=304 under=1752 over=1012 late=1012 mdf_cb=30394 mdf_err=0
01:24:47.753 {"win":506,"cls":"unknown","p":0.28,"lat_ms":112,"under":1752,"over":1012,"late":1012}
01:24:47.753 win  506 pos= 7772160  -35dBFS [########............] rms=  556 peak= 2882 seam=ok lag=334us
01:24:47.753   -> unknown         p=0.28  preproc=68629us infer=40974us
01:24:47.753   pt[1013]: min=-1030 max=992 avg_abs=201 | fifo=128 under=1752 over=1014 late=1014 mdf_cb=30423 mdf_err=0
01:24:47.945 in=14848Hz out=15600Hz ring=192 under=1756 over=1014 (dt=999999us) loglag=119274us
01:24:48.254   pt[1014]: min=-2872 max=2670 avg_abs=610 | fifo=144 under=1756 over=1014 late=1014 mdf_cb=30454 mdf_err=0
01:24:48.753 win  507 pos= 7787520  -30dBFS [##########..........] rms= 1090 peak= 5140 seam=ok lag=335us
01:24:48.753   -> unknown         p=0.35  preproc=68616us infer=40986us
01:24:48.757   pt[1015]: min=-4134 max=5140 avg_abs=750 | fifo=0 under=1757 over=1016 late=1016 mdf_cb=30483 mdf_err=0
01:24:48.963 in=14848Hz out=15200Hz ring=304 under=1759 over=1016 (dt=999999us) loglag=119274us
01:24:49.278   pt[1016]: min=-3800 max=2260 avg_abs=531 | fifo=240 under=1760 over=1016 late=1016 mdf_cb=30515 mdf_err=0
01:24:49.837 win  508 pos= 7802880  -29dBFS [##########..........] rms= 1195 peak= 8532 seam=ok lag=335us
01:24:49.837   -> unknown         p=0.38  preproc=68640us infer=40973us
01:24:49.837   pt[1017]: min=-7928 max=8532 avg_abs=861 | fifo=208 under=1760 over=1018 late=1018 mdf_cb=30543 mdf_err=0
01:24:49.953 in=14848Hz out=14800Hz ring=448 under=1761 over=1018 (dt=1000000us) loglag=119274us
01:24:50.339   pt[1018]: min=-7410 max=8758 avg_abs=996 | fifo=224 under=1761 over=1018 late=1018 mdf_cb=30574 mdf_err=0
01:24:50.837 {"win":509,"cls":"crackling_fire","p":0.70,"lat_ms":112,"under":1761,"over":1018,"late":1018}
01:24:50.837 win  509 pos= 7818240  -29dBFS [##########..........] rms= 1222 peak= 8758 seam=ok lag=334us
01:24:50.843   -> crackling_fire  p=0.70  preproc=68624us infer=40987us
01:24:50.847 ====================================
01:24:50.851 ====================================
01:24:50.854 TAP TOTAL win=509
01:24:50.856 ====================================
01:24:50.859 ====================================
01:24:50.861 tap total: windows=510 (expected 510 from 7833856 samples) overrun=0 torn=0 skipped=0 seam ok=509 NG=0
01:24:50.869   tap lag max=340us (0 of them lower bounds) | tap write max=413862398ns avg=1683ns (30600 calls)
01:24:50.881   audio under=1761 over=1018 late=1018 | aed run=510 err=0 (last er=0)
01:24:50.886   preproc max=68643us avg=68626us | infer max=41003us avg=40978us
01:24:50.886   notify out=249 held=148 offlist=113 gated=0 lat max=111679us (0 lower bounds)
01:24:50.899   log sent=3725 dropped=0 lag max=119274us
01:24:50.904   disp sent=178 dropped=0 max=542712us avg=44155us
01:24:50.908 ====================================
01:24:50.910 ====================================
01:24:50.910   pt[1019]: min=-1708 max=1654 avg_abs=344 | fifo=48 under=1761 over=1020 late=1020 mdf_cb=30603 mdf_err=0
01:24:50.986 lcd: win 509 -> FIRE p=0.70 (100985 us after notify)
01:24:50.986 in=14848Hz out=15600Hz ring=112 under=1764 over=1020 (dt=1000000us) loglag=119274us
01:24:51.361   pt[1020]: min=-1328 max=1702 avg_abs=253 | fifo=64 under=1766 over=1020 late=1020 mdf_cb=30634 mdf_err=0
01:24:51.925 win  510 pos= 7833600  -38dBFS [#######.............] rms=  420 peak= 2670 seam=ok lag=333us
01:24:51.925   -> clock_tick      p=0.55  preproc=68623us infer=40983us
01:24:51.925   pt[1021]: min=-1508 max=2670 avg_abs=317 | fifo=288 under=1766 over=1022 late=1022 mdf_cb=30663 mdf_err=0
01:24:51.987 in=14848Hz out=14800Hz ring=256 under=1767 over=1022 (dt=999999us) loglag=119274us
01:24:52.428   pt[1022]: min=-584 max=486 avg_abs=122 | fifo=304 under=1769 over=1022 late=1022 mdf_cb=30694 mdf_err=0
01:24:52.928 {"win":511,"cls":"sneezing","p":0.52,"lat_ms":112,"under":1769,"over":1022,"late":1022}
01:24:52.928 win  511 pos= 7848960  -36dBFS [########............] rms=  540 peak= 4488 seam=ok lag=335us
01:24:52.928   -> sneezing        p=0.52  preproc=68627us infer=40984us
01:24:52.928   pt[1023]: min=-3246 max=4488 avg_abs=432 | fifo=128 under=1769 over=1024 late=1024 mdf_cb=30723 mdf_err=0
01:24:52.994 lcd: win 511 -> SNEEZE p=0.52 (33406 us after notify)
01:24:52.994 in=14848Hz out=15200Hz ring=368 under=1771 over=1024 (dt=1000000us) loglag=119274us
01:24:53.428   pt[1024]: min=-3928 max=6272 avg_abs=470 | fifo=144 under=1773 over=1024 late=1024 mdf_cb=30754 mdf_err=0
01:24:53.987 {"win":512,"cls":"unknown","p":0.26,"lat_ms":112,"under":1773,"over":1024,"late":1024}
01:24:53.987 win  512 pos= 7864320  -30dBFS [##########..........] rms=  979 peak= 6272 seam=ok lag=334us
01:24:53.987   -> unknown         p=0.26  preproc=68626us infer=40973us
01:24:53.987   pt[1025]: min=-2922 max=5452 avg_abs=522 | fifo=0 under=1774 over=1026 late=1026 mdf_cb=30783 mdf_err=0
01:24:53.987 in=14848Hz out=15600Hz ring=0 under=1776 over=1026 (dt=1000000us) loglag=119274us
01:24:54.487   pt[1026]: min=-8246 max=9828 avg_abs=921 | fifo=640 under=1778 over=1026 late=1026 mdf_cb=30815 mdf_err=0
01:24:55.003 win  513 pos= 7879680  -28dBFS [##########..........] rms= 1363 peak= 9828 seam=ok lag=336us
01:24:55.003   -> unknown         p=0.48  preproc=68633us infer=40987us
01:24:55.003   pt[1027]: min=-2830 max=2324 avg_abs=393 | fifo=208 under=1778 over=1028 late=1028 mdf_cb=30843 mdf_err=0
01:24:55.007 in=14802Hz out=14754Hz ring=208 under=1778 over=1028 (dt=1003107us) loglag=119274us
01:24:55.503   pt[1028]: min=-2668 max=2426 avg_abs=353 | fifo=224 under=1779 over=1028 late=1028 mdf_cb=30874 mdf_err=0
01:24:56.069 in=14637Hz out=14846Hz ring=336 under=1779 over=1028 (dt=996892us) loglag=119274us
01:24:56.069 win  514 pos= 7895040  -34dBFS [########............] rms=  692 peak= 9418 seam=ok lag=334us
01:24:56.069   -> unknown         p=0.47  preproc=68635us infer=40973us
01:24:56.069   pt[1029]: min=-9280 max=9418 avg_abs=453 | fifo=48 under=1779 over=1030 late=1030 mdf_cb=30903 mdf_err=0
01:24:56.570   pt[1030]: min=-918 max=1008 avg_abs=160 | fifo=464 under=1784 over=1030 late=1030 mdf_cb=30934 mdf_err=0
01:24:57.071 in=15360Hz out=15600Hz ring=576 under=1784 over=1030 (dt=1000000us) loglag=119274us
01:24:57.071 {"win":515,"cls":"sneezing","p":0.55,"lat_ms":112,"under":1784,"over":1030,"late":1030}
01:24:57.082 win  515 pos= 7910400  -33dBFS [#########...........] rms=  722 peak= 4276 seam=ok lag=335us
01:24:57.086   -> sneezing        p=0.55  preproc=68631us infer=40989us
01:24:57.095   pt[1031]: min=-3562 max=4276 avg_abs=653 | fifo=288 under=1784 over=1032 late=1032 mdf_cb=30963 mdf_err=0
01:24:57.161 lcd: win 515 -> SNEEZE p=0.55 (40803 us after notify)
01:24:57.595   pt[1032]: min=-3808 max=2278 avg_abs=466 | fifo=560 under=1787 over=1032 late=1032 mdf_cb=30995 mdf_err=0
01:24:58.161 in=15360Hz out=15600Hz ring=416 under=1787 over=1032 (dt=1000000us) loglag=119274us
01:24:58.161 {"win":516,"cls":"crying_baby","p":0.51,"lat_ms":112,"under":1787,"over":1032,"late":1032}
01:24:58.161 win  516 pos= 7925760  -35dBFS [########............] rms=  559 peak= 3808 seam=ok lag=334us
01:24:58.161   -> crying_baby     p=0.51  preproc=68638us infer=40972us
01:24:58.161   pt[1033]: min=-1956 max=2170 avg_abs=248 | fifo=128 under=1787 over=1034 late=1034 mdf_cb=31023 mdf_err=0
01:24:58.161 lcd: win 516 -> BABY p=0.51 (40674 us after notify)
01:24:58.661   pt[1034]: min=-928 max=724 avg_abs=188 | fifo=400 under=1791 over=1034 late=1034 mdf_cb=31055 mdf_err=0
01:24:59.037 in=15360Hz out=15600Hz ring=400 under=1791 over=1034 (dt=999999us) loglag=119274us
01:24:59.161 {"win":517,"cls":"unknown","p":0.38,"lat_ms":112,"under":1791,"over":1034,"late":1034}
01:24:59.161 win  517 pos= 7941120  -42dBFS [######..............] rms=  269 peak= 2576 seam=ok lag=334us
01:24:59.161   -> unknown         p=0.38  preproc=68636us infer=40986us
01:24:59.169   pt[1035]: min=-1402 max=2576 avg_abs=209 | fifo=0 under=1792 over=1036 late=1036 mdf_cb=31083 mdf_err=0
01:24:59.679   pt[1036]: min=-900 max=1214 avg_abs=147 | fifo=384 under=1796 over=1036 late=1036 mdf_cb=31114 mdf_err=0
01:25:00.055 in=14848Hz out=15200Hz ring=528 under=1796 over=1036 (dt=999999us) loglag=119274us
01:25:00.245 win  518 pos= 7956480  -34dBFS [########............] rms=  627 peak= 5144 seam=ok lag=334us
01:25:00.245   -> clock_tick      p=0.64  preproc=68631us infer=40983us
01:25:00.245   pt[1037]: min=-5144 max=2660 avg_abs=545 | fifo=208 under=1796 over=1038 late=1038 mdf_cb=31143 mdf_err=0
01:25:00.737   pt[1038]: min=-3090 max=2886 avg_abs=289 | fifo=224 under=1797 over=1038 late=1038 mdf_cb=31174 mdf_err=0
01:25:01.053 in=14848Hz out=15200Hz ring=256 under=1797 over=1038 (dt=999999us) loglag=119274us
01:25:01.236 win  519 pos= 7971840  -34dBFS [########............] rms=  642 peak= 3136 seam=ok lag=335us
01:25:01.236   -> unknown         p=0.32  preproc=68628us infer=40977us
01:25:01.240 ====================================
01:25:01.243 ====================================
01:25:01.245 TAP TOTAL win=519
01:25:01.245 ====================================
01:25:01.253 ====================================
01:25:01.253 tap total: windows=520 (expected 520 from 7987456 samples) overrun=0 torn=0 skipped=0 seam ok=519 NG=0
01:25:01.261   tap lag max=340us (0 of them lower bounds) | tap write max=413862398ns avg=37556ns (31200 calls)
01:25:01.269   audio under=1797 over=1038 late=1038 | aed run=520 err=0 (last er=0)
01:25:01.279   preproc max=68643us avg=68626us | infer max=41003us avg=40978us
01:25:01.286   notify out=254 held=151 offlist=115 gated=0 lat max=111679us (0 lower bounds)
01:25:01.286   log sent=3799 dropped=0 lag max=119274us
01:25:01.297   disp sent=181 dropped=0 max=542712us avg=44371us
01:25:01.302 ====================================
01:25:01.305 ====================================
01:25:01.308   pt[1039]: min=-2290 max=3136 avg_abs=540 | fifo=48 under=1797 over=1040 late=1040 mdf_cb=31203 mdf_err=0
01:25:01.770   pt[1040]: min=-2178 max=2654 avg_abs=327 | fifo=464 under=1802 over=1040 late=1040 mdf_cb=31234 mdf_err=0
01:25:02.087 in=14848Hz out=15200Hz ring=384 under=1802 over=1040 (dt=1000000us) loglag=119274us
01:25:02.270 win  520 pos= 7987200  -37dBFS [#######.............] rms=  475 peak= 2654 seam=ok lag=335us
01:25:02.270   -> unknown         p=0.38  preproc=68622us infer=40977us
01:25:02.280   pt[1041]: min=-1270 max=1366 avg_abs=213 | fifo=288 under=1802 over=1042 late=1042 mdf_cb=31263 mdf_err=0
01:25:02.786   pt[1042]: min=-2618 max=3318 avg_abs=480 | fifo=304 under=1805 over=1042 late=1042 mdf_cb=31294 mdf_err=0
01:25:03.095 in=14848Hz out=14800Hz ring=512 under=1805 over=1042 (dt=1000000us) loglag=119274us
01:25:03.352 win  521 pos= 8002560  -35dBFS [########............] rms=  604 peak= 3318 seam=ok lag=335us
01:25:03.352   -> clock_tick      p=0.58  preproc=68632us infer=40981us
01:25:03.352   pt[1043]: min=-1338 max=2054 avg_abs=310 | fifo=128 under=1805 over=1044 late=1044 mdf_cb=31323 mdf_err=0
01:25:03.853   pt[1044]: min=-1954 max=2174 avg_abs=295 | fifo=400 under=1809 over=1044 late=1044 mdf_cb=31355 mdf_err=0
01:25:04.104 in=14848Hz out=15600Hz ring=240 under=1809 over=1044 (dt=999999us) loglag=119274us
01:25:04.410 win  522 pos= 8017920  -39dBFS [#######.............] rms=  355 peak= 2174 seam=ok lag=334us
01:25:04.410   -> unknown         p=0.32  preproc=68631us infer=40984us
01:25:04.410   pt[1045]: min=-742 max=780 avg_abs=132 | fifo=0 under=1810 over=1046 late=1046 mdf_cb=31383 mdf_err=0
01:25:04.912   pt[1046]: min=-1390 max=1744 avg_abs=276 | fifo=640 under=1813 over=1046 late=1046 mdf_cb=31415 mdf_err=0
01:25:05.096 in=14848Hz out=15200Hz ring=368 under=1813 over=1046 (dt=1000000us) loglag=119274us
01:25:05.410 win  523 pos= 8033280  -40dBFS [######..............] rms=  334 peak= 1744 seam=ok lag=334us
01:25:05.410   -> clock_tick      p=0.60  preproc=68631us infer=40974us
01:25:05.410   pt[1047]: min=-628 max=730 avg_abs=141 | fifo=208 under=1813 over=1048 late=1048 mdf_cb=31443 mdf_err=0
01:25:05.920   pt[1048]: min=-452 max=426 avg_abs=109 | fifo=224 under=1814 over=1048 late=1048 mdf_cb=31474 mdf_err=0
01:25:06.104 in=14848Hz out=14800Hz ring=496 under=1814 over=1048 (dt=1000000us) loglag=119274us
01:25:06.470 win  524 pos= 8048640  -47dBFS [####................] rms=  147 peak=  562 seam=ok lag=337us
01:25:06.470   -> unknown         p=0.49  preproc=68631us infer=40974us
01:25:06.470   pt[1049]: min=-490 max=562 avg_abs=125 | fifo=48 under=1814 over=1050 late=1050 mdf_cb=31503 mdf_err=0
01:25:06.979   pt[1050]: min=-1464 max=1942 avg_abs=244 | fifo=64 under=1819 over=1050 late=1050 mdf_cb=31534 mdf_err=0
01:25:07.095 in=14848Hz out=15600Hz ring=224 under=1819 over=1050 (dt=999999us) loglag=119274us
01:25:07.478 {"win":525,"cls":"sneezing","p":0.66,"lat_ms":112,"under":1819,"over":1050,"late":1050}
01:25:07.478 win  525 pos= 8064000  -41dBFS [######..............] rms=  298 peak= 1942 seam=ok lag=334us
01:25:07.484   -> sneezing        p=0.66  preproc=68635us infer=40986us
01:25:07.486   pt[1051]: min=-768 max=992 avg_abs=147 | fifo=288 under=1819 over=1052 late=1052 mdf_cb=31563 mdf_err=0
01:25:07.553 lcd: win 525 -> SNEEZE p=0.66 (33488 us after notify)
01:25:08.004   pt[1052]: min=-596 max=614 avg_abs=102 | fifo=304 under=1822 over=1052 late=1052 mdf_cb=31594 mdf_err=0
01:25:08.138 in=14848Hz out=14800Hz ring=352 under=1822 over=1052 (dt=1000000us) loglag=119274us
01:25:08.569 {"win":526,"cls":"unknown","p":0.38,"lat_ms":112,"under":1822,"over":1052,"late":1052}
01:25:08.569 win  526 pos= 8079360  -40dBFS [######..............] rms=  318 peak= 2470 seam=ok lag=335us
01:25:08.569   -> unknown         p=0.38  preproc=68627us infer=40974us
01:25:08.569   pt[1053]: min=-1538 max=2470 avg_abs=292 | fifo=128 under=1822 over=1054 late=1054 mdf_cb=31623 mdf_err=0
01:25:09.019   pt[1054]: min=-426 max=406 avg_abs=98 | fifo=144 under=1826 over=1054 late=1054 mdf_cb=31654 mdf_err=0
01:25:09.152 in=14848Hz out=15200Hz ring=480 under=1826 over=1054 (dt=999999us) loglag=119274us
01:25:09.595 win  527 pos= 8094720  -48dBFS [####................] rms=  126 peak=  494 seam=ok lag=335us
01:25:09.595   -> clock_tick      p=0.52  preproc=68622us infer=40990us
01:25:09.595   pt[1055]: min=-402 max=346 avg_abs=94 | fifo=0 under=1827 over=1056 late=1056 mdf_cb=31683 mdf_err=0
01:25:10.095   pt[1056]: min=-326 max=322 avg_abs=80 | fifo=240 under=1830 over=1056 late=1056 mdf_cb=31715 mdf_err=0
01:25:10.163 in=14848Hz out=15600Hz ring=208 under=1830 over=1056 (dt=1000000us) loglag=119274us
01:25:10.603 win  528 pos= 8110080  -49dBFS [###.................] rms=  110 peak=  486 seam=ok lag=337us
01:25:10.603   -> clock_tick      p=0.51  preproc=68627us infer=40974us
01:25:10.603   pt[1057]: min=-486 max=396 avg_abs=97 | fifo=208 under=1830 over=1058 late=1058 mdf_cb=31743 mdf_err=0
01:25:11.110   pt[1058]: min=-354 max=374 avg_abs=88 | fifo=480 under=1831 over=1058 late=1058 mdf_cb=31775 mdf_err=0
01:25:11.179 in=14848Hz out=14800Hz ring=336 under=1831 over=1058 (dt=1000000us) loglag=119274us
01:25:11.677 win  529 pos= 8125440  -49dBFS [###.................] rms=  114 peak=  516 seam=ok lag=335us
01:25:11.677   -> clock_tick      p=0.50  preproc=68618us infer=40987us
01:25:11.677 ====================================
01:25:11.677 ====================================
01:25:11.677 TAP TOTAL win=529
01:25:11.677 ====================================
01:25:11.677 ====================================
01:25:11.677 tap total: windows=530 (expected 530 from 8141056 samples) overrun=0 torn=0 skipped=0 seam ok=529 NG=0
01:25:11.677   tap lag max=340us (0 of them lower bounds) | tap write max=413862398ns avg=72073ns (31800 calls)
01:25:11.677   audio under=1831 over=1058 late=1058 | aed run=530 err=0 (last er=0)
01:25:11.681   preproc max=68643us avg=68626us | infer max=41003us avg=40978us
01:25:11.686   notify out=256 held=154 offlist=120 gated=0 lat max=111679us (0 lower bounds)
01:25:11.696   log sent=3866 dropped=0 lag max=119274us
01:25:11.699   disp sent=182 dropped=0 max=542712us avg=44312us
01:25:11.703 ====================================
01:25:11.707 ====================================
01:25:11.710   pt[1059]: min=-516 max=390 avg_abs=92 | fifo=48 under=1831 over=1060 late=1060 mdf_cb=31803 mdf_err=0
01:25:12.162 in=14848Hz out=15200Hz ring=464 under=1836 over=1060 (dt=999999us) loglag=119274us
01:25:12.162   pt[1060]: min=-762 max=752 avg_abs=142 | fifo=320 under=1836 over=1060 late=1060 mdf_cb=31835 mdf_err=0
01:25:12.720 win  530 pos= 8140800  -37dBFS [#######.............] rms=  447 peak= 3184 seam=ok lag=335us
01:25:12.720   -> clock_tick      p=0.55  preproc=68631us infer=40990us
01:25:12.720   pt[1061]: min=-4046 max=4396 avg_abs=394 | fifo=288 under=1836 over=1062 late=1062 mdf_cb=31863 mdf_err=0
01:25:13.170 in=14848Hz out=15200Hz ring=192 under=1839 over=1062 (dt=1000000us) loglag=119274us
01:25:13.222   pt[1062]: min=-5762 max=3162 avg_abs=417 | fifo=304 under=1839 over=1062 late=1062 mdf_cb=31894 mdf_err=0
01:25:13.720 win  531 pos= 8156160  -31dBFS [#########...........] rms=  877 peak= 5762 seam=ok lag=334us
01:25:13.720   -> clock_tick      p=0.58  preproc=68622us infer=40975us
01:25:13.723   pt[1063]: min=-3686 max=5194 avg_abs=523 | fifo=128 under=1839 over=1064 late=1064 mdf_cb=31923 mdf_err=0
01:25:14.162 in=14848Hz out=15200Hz ring=320 under=1843 over=1064 (dt=999999us) loglag=119274us
01:25:14.227   pt[1064]: min=-3830 max=3692 avg_abs=575 | fifo=144 under=1843 over=1064 late=1064 mdf_cb=31954 mdf_err=0
01:25:14.786 {"win":532,"cls":"sneezing","p":0.56,"lat_ms":112,"under":1843,"over":1064,"late":1064}
01:25:14.786 win  532 pos= 8171520  -32dBFS [#########...........] rms=  857 peak= 3830 seam=ok lag=335us
01:25:14.786   -> sneezing        p=0.56  preproc=68634us infer=40979us
01:25:14.786   pt[1065]: min=-2706 max=2450 avg_abs=358 | fifo=0 under=1844 over=1066 late=1066 mdf_cb=31983 mdf_err=0
01:25:14.786 lcd: win 532 -> SNEEZE p=0.56 (33189 us after notify)
01:25:15.161 in=14848Hz out=15200Hz ring=448 under=1848 over=1066 (dt=1000000us) loglag=119274us
01:25:15.303   pt[1066]: min=-2298 max=3226 avg_abs=492 | fifo=384 under=1848 over=1066 late=1066 mdf_cb=32014 mdf_err=0
01:25:15.803 {"win":533,"cls":"unknown","p":0.23,"lat_ms":112,"under":1848,"over":1066,"late":1066}
01:25:15.803 win  533 pos= 8186880  -33dBFS [#########...........] rms=  736 peak= 4208 seam=ok lag=335us
01:25:15.805   -> unknown         p=0.23  preproc=68627us infer=40979us
01:25:15.810   pt[1067]: min=-3330 max=4520 avg_abs=530 | fifo=208 under=1848 over=1068 late=1068 mdf_cb=32043 mdf_err=0
01:25:16.195 in=14848Hz out=15200Hz ring=176 under=1849 over=1068 (dt=999999us) loglag=119274us
01:25:16.320   pt[1068]: min=-1352 max=1718 avg_abs=351 | fifo=224 under=1849 over=1068 late=1068 mdf_cb=32074 mdf_err=0
01:25:16.878 {"win":534,"cls":"sneezing","p":0.72,"lat_ms":112,"under":1849,"over":1068,"late":1068}
01:25:16.878 win  534 pos= 8202240  -32dBFS [#########...........] rms=  816 peak= 4544 seam=ok lag=335us
01:25:16.878   -> sneezing        p=0.72  preproc=68629us infer=40989us
01:25:16.878   pt[1069]: min=-4544 max=4124 avg_abs=732 | fifo=48 under=1849 over=1070 late=1070 mdf_cb=32103 mdf_err=0
01:25:16.878 lcd: win 534 -> SNEEZE p=0.72 (33320 us after notify)
01:25:17.195 in=14848Hz out=15200Hz ring=304 under=1854 over=1070 (dt=999999us) loglag=119274us
01:25:17.378   pt[1070]: min=-2438 max=4434 avg_abs=431 | fifo=320 under=1854 over=1070 late=1070 mdf_cb=32135 mdf_err=0
01:25:17.886 {"win":535,"cls":"unknown","p":0.45,"lat_ms":112,"under":1854,"over":1070,"late":1070}
01:25:17.886 win  535 pos= 8217600  -34dBFS [########............] rms=  658 peak= 4434 seam=ok lag=336us
01:25:17.886   -> unknown         p=0.45  preproc=68630us infer=40987us
01:25:17.891   pt[1071]: min=-1416 max=1958 avg_abs=438 | fifo=288 under=1854 over=1072 late=1072 mdf_cb=32163 mdf_err=0
01:25:18.221 in=14848Hz out=14800Hz ring=416 under=1856 over=1072 (dt=1000000us) loglag=119274us
01:25:18.412   pt[1072]: min=-3028 max=1552 avg_abs=187 | fifo=560 under=1857 over=1072 late=1072 mdf_cb=32195 mdf_err=0
01:25:18.910 win  536 pos= 8232960  -37dBFS [#######.............] rms=  486 peak= 3028 seam=ok lag=333us
01:25:18.910   -> unknown         p=0.38  preproc=68626us infer=40981us
01:25:18.924   pt[1073]: min=-2010 max=2328 avg_abs=498 | fifo=128 under=1857 over=1074 late=1074 mdf_cb=32223 mdf_err=0
01:25:19.236 in=14848Hz out=15600Hz ring=160 under=1861 over=1074 (dt=999999us) loglag=119274us
01:25:19.427   pt[1074]: min=-1146 max=1704 avg_abs=236 | fifo=144 under=1861 over=1074 late=1074 mdf_cb=32254 mdf_err=0
01:25:20.002 {"win":537,"cls":"sneezing","p":0.70,"lat_ms":112,"under":1861,"over":1074,"late":1074}
01:25:20.002 win  537 pos= 8248320  -40dBFS [######..............] rms=  337 peak= 1704 seam=ok lag=337us
01:25:20.002   -> sneezing        p=0.70  preproc=68636us infer=40978us
01:25:20.002   pt[1075]: min=-1122 max=1090 avg_abs=240 | fifo=0 under=1862 over=1076 late=1076 mdf_cb=32283 mdf_err=0
01:25:20.002 lcd: win 537 -> SNEEZE p=0.70 (35432 us after notify)
01:25:20.253 in=14848Hz out=15200Hz ring=272 under=1865 over=1076 (dt=1000000us) loglag=119274us
01:25:20.503   pt[1076]: min=-1204 max=1564 avg_abs=357 | fifo=384 under=1866 over=1076 late=1076 mdf_cb=32314 mdf_err=0
01:25:21.003 {"win":538,"cls":"unknown","p":0.42,"lat_ms":112,"under":1866,"over":1076,"late":1076}
01:25:21.003 win  538 pos= 8263680  -38dBFS [#######.............] rms=  412 peak= 2066 seam=ok lag=331us
01:25:21.006   -> unknown         p=0.42  preproc=68629us infer=40980us
01:25:21.010   pt[1077]: min=-2066 max=1406 avg_abs=245 | fifo=208 under=1866 over=1078 late=1078 mdf_cb=32343 mdf_err=0
01:25:21.210 in=14848Hz out=14800Hz ring=416 under=1867 over=1078 (dt=999999us) loglag=119274us
01:25:21.520   pt[1078]: min=-6078 max=5218 avg_abs=345 | fifo=224 under=1867 over=1078 late=1078 mdf_cb=32374 mdf_err=0
01:25:22.086 {"win":539,"cls":"crackling_fire","p":0.91,"lat_ms":112,"under":1867,"over":1078,"late":1078}
01:25:22.086 win  539 pos= 8279040  -36dBFS [########............] rms=  533 peak= 6078 seam=ok lag=336us
01:25:22.086   -> crackling_fire  p=0.91  preproc=68625us infer=40975us
01:25:22.086 ====================================
01:25:22.086 ====================================
01:25:22.086 TAP TOTAL win=539
01:25:22.086 ====================================
01:25:22.086 ====================================
01:25:22.086 tap total: windows=540 (expected 540 from 8294656 samples) overrun=0 torn=0 skipped=0 seam ok=539 NG=0
01:25:22.086   tap lag max=340us (0 of them lower bounds) | tap write max=413862398ns avg=105313ns (32400 calls)
01:25:22.086   audio under=1867 over=1078 late=1078 | aed run=540 err=0 (last er=0)
01:25:22.086   preproc max=68643us avg=68626us | infer max=41003us avg=40978us
01:25:22.097   notify out=263 held=155 offlist=122 gated=0 lat max=111679us (0 lower bounds)
01:25:22.105   log sent=3940 dropped=0 lag max=119274us
01:25:22.109   disp sent=186 dropped=0 max=542712us avg=44144us
01:25:22.113 ====================================
01:25:22.117 ====================================
01:25:22.120   pt[1079]: min=-3856 max=3282 avg_abs=237 | fifo=48 under=1867 over=1080 late=1080 mdf_cb=32403 mdf_err=0
01:25:22.195 lcd: win 539 -> FIRE p=0.91 (100870 us after notify)
01:25:22.252 in=14848Hz out=15600Hz ring=112 under=1871 over=1080 (dt=1000000us) loglag=119274us
01:25:22.569   pt[1080]: min=-412 max=586 avg_abs=105 | fifo=464 under=1872 over=1080 late=1080 mdf_cb=32434 mdf_err=0
01:25:23.069 {"win":540,"cls":"unknown","p":0.40,"lat_ms":112,"under":1872,"over":1080,"late":1080}
01:25:23.078 win  540 pos= 8294400  -48dBFS [####................] rms=  127 peak=  586 seam=ok lag=335us
01:25:23.086   -> unknown         p=0.40  preproc=68627us infer=40980us
01:25:23.086   pt[1081]: min=-370 max=350 avg_abs=94 | fifo=288 under=1872 over=1082 late=1082 mdf_cb=32463 mdf_err=0
01:25:23.286 in=14848Hz out=14800Hz ring=256 under=1874 over=1082 (dt=999999us) loglag=119274us
01:25:23.602   pt[1082]: min=-380 max=354 avg_abs=87 | fifo=560 under=1875 over=1082 late=1082 mdf_cb=32495 mdf_err=0
01:25:24.161 {"win":541,"cls":"sneezing","p":0.66,"lat_ms":112,"under":1875,"over":1082,"late":1082}
01:25:24.161 win  541 pos= 8309760  -49dBFS [###.................] rms=  119 peak=  502 seam=ok lag=335us
01:25:24.161   -> sneezing        p=0.66  preproc=68619us infer=40986us
01:25:24.161   pt[1083]: min=-502 max=398 avg_abs=103 | fifo=128 under=1875 over=1084 late=1084 mdf_cb=32523 mdf_err=0
01:25:24.161 lcd: win 541 -> SNEEZE p=0.66 (33230 us after notify)
01:25:24.230 in=14848Hz out=15200Hz ring=368 under=1878 over=1084 (dt=1000000us) loglag=119274us
01:25:24.678   pt[1084]: min=-3638 max=3180 avg_abs=423 | fifo=144 under=1879 over=1084 late=1084 mdf_cb=32554 mdf_err=0
01:25:25.178 {"win":542,"cls":"sneezing","p":0.70,"lat_ms":112,"under":1879,"over":1084,"late":1084}
01:25:25.178 win  542 pos= 8325120  -37dBFS [#######.............] rms=  470 peak= 3638 seam=ok lag=334us
01:25:25.178   -> sneezing        p=0.70  preproc=68631us infer=40972us
01:25:25.178   pt[1085]: min=-742 max=650 avg_abs=154 | fifo=0 under=1880 over=1086 late=1086 mdf_cb=32583 mdf_err=0
01:25:25.237 lcd: win 542 -> SNEEZE p=0.70 (33011 us after notify)
01:25:25.237 in=14848Hz out=15200Hz ring=512 under=1883 over=1086 (dt=1000000us) loglag=119274us
01:25:25.679   pt[1086]: min=-484 max=438 avg_abs=115 | fifo=384 under=1884 over=1086 late=1086 mdf_cb=32614 mdf_err=0
01:25:26.236 {"win":543,"cls":"unknown","p":0.36,"lat_ms":112,"under":1884,"over":1086,"late":1086}
01:25:26.236 win  543 pos= 8340480  -28dBFS [##########..........] rms= 1232 peak=10542 seam=ok lag=335us
01:25:26.236   -> unknown         p=0.36  preproc=68623us infer=40979us
01:25:26.236   pt[1087]: min=-10294 max=10542 avg_abs=1051 | fifo=208 under=1884 over=1088 late=1088 mdf_cb=32643 mdf_err=0
01:25:26.304 in=14848Hz out=15200Hz ring=256 under=1885 over=1088 (dt=999999us) loglag=119274us
01:25:26.736   pt[1088]: min=-1502 max=2106 avg_abs=280 | fifo=224 under=1885 over=1088 late=1088 mdf_cb=32674 mdf_err=0
01:25:27.236 {"win":544,"cls":"crackling_fire","p":0.70,"lat_ms":112,"under":1885,"over":1088,"late":1088}
01:25:27.240 win  544 pos= 8355840  -35dBFS [########............] rms=  563 peak= 4370 seam=ok lag=334us
01:25:27.244   -> crackling_fire  p=0.70  preproc=68625us infer=40978us
01:25:27.252   pt[1089]: min=-2146 max=2404 avg_abs=408 | fifo=48 under=1885 over=1090 late=1090 mdf_cb=32703 mdf_err=0
01:25:27.260 in=14820Hz out=15171Hz ring=256 under=1886 over=1090 (dt=1001861us) loglag=119274us
01:25:27.337 lcd: win 544 -> FIRE p=0.70 (40818 us after notify)
01:25:27.769   pt[1090]: min=-2470 max=2674 avg_abs=417 | fifo=320 under=1890 over=1090 late=1090 mdf_cb=32735 mdf_err=0
01:25:28.302 in=14362Hz out=14426Hz ring=576 under=1890 over=1090 (dt=998138us) loglag=119274us
01:25:28.302 {"win":545,"cls":"unknown","p":0.43,"lat_ms":112,"under":1890,"over":1090,"late":1090}
01:25:28.302 win  545 pos= 8371200  -36dBFS [########............] rms=  531 peak= 2674 seam=ok lag=334us
01:25:28.302   -> unknown         p=0.43  preproc=68642us infer=40975us
01:25:28.302   pt[1091]: min=-2088 max=1650 avg_abs=252 | fifo=288 under=1890 over=1092 late=1092 mdf_cb=32763 mdf_err=0
01:25:28.805   pt[1092]: min=-1096 max=1154 avg_abs=202 | fifo=560 under=1893 over=1092 late=1092 mdf_cb=32795 mdf_err=0
01:25:29.361 in=15360Hz out=15600Hz ring=416 under=1893 over=1092 (dt=1000000us) loglag=119274us
01:25:29.361 win  546 pos= 8386560  -41dBFS [######..............] rms=  288 peak= 2136 seam=ok lag=335us
01:25:29.361   -> unknown         p=0.26  preproc=68630us infer=40978us
01:25:29.361   pt[1093]: min=-2136 max=1564 avg_abs=218 | fifo=128 under=1893 over=1094 late=1094 mdf_cb=32823 mdf_err=0
01:25:29.860   pt[1094]: min=-1094 max=1468 avg_abs=177 | fifo=144 under=1897 over=1094 late=1094 mdf_cb=32854 mdf_err=0
01:25:30.361 in=15360Hz out=16000Hz ring=256 under=1897 over=1094 (dt=999999us) loglag=119274us
01:25:30.361 win  547 pos= 8401920  -43dBFS [#####...............] rms=  229 peak= 1468 seam=ok lag=335us
01:25:30.363   -> unknown         p=0.39  preproc=68638us infer=40974us
01:25:30.369   pt[1095]: min=-732 max=1024 avg_abs=156 | fifo=0 under=1898 over=1096 late=1096 mdf_cb=32883 mdf_err=0
01:25:30.878   pt[1096]: min=-3596 max=3310 avg_abs=434 | fifo=384 under=1902 over=1096 late=1096 mdf_cb=32914 mdf_err=0
01:25:31.444 in=15360Hz out=15600Hz ring=496 under=1902 over=1096 (dt=1000000us) loglag=119274us
01:25:31.444 {"win":548,"cls":"sneezing","p":0.63,"lat_ms":112,"under":1902,"over":1096,"late":1096}
01:25:31.444 win  548 pos= 8417280  -35dBFS [########............] rms=  615 peak= 3596 seam=ok lag=333us
01:25:31.444   -> sneezing        p=0.63  preproc=68638us infer=40981us
01:25:31.444   pt[1097]: min=-1858 max=1130 avg_abs=233 | fifo=208 under=1902 over=1098 late=1098 mdf_cb=32943 mdf_err=0
01:25:31.444 lcd: win 548 -> SNEEZE p=0.63 (40806 us after notify)
01:25:31.953   pt[1098]: min=-4096 max=4836 avg_abs=723 | fifo=224 under=1903 over=1098 late=1098 mdf_cb=32974 mdf_err=0
01:25:32.320 in=15104Hz out=14800Hz ring=624 under=1903 over=1098 (dt=999999us) loglag=119274us
01:25:32.443 {"win":549,"cls":"crackling_fire","p":0.81,"lat_ms":112,"under":1903,"over":1098,"late":1098}
01:25:32.443 win  549 pos= 8432640  -32dBFS [#########...........] rms=  836 peak= 4836 seam=ok lag=335us
01:25:32.443   -> crackling_fire  p=0.81  preproc=68624us infer=40985us
01:25:32.452 ====================================
01:25:32.452 ====================================
01:25:32.460 TAP TOTAL win=549
01:25:32.460 ====================================
01:25:32.460 ====================================
01:25:32.469 tap total: windows=550 (expected 550 from 8448256 samples) overrun=0 torn=0 skipped=0 seam ok=549 NG=0
01:25:32.478   tap lag max=340us (0 of them lower bounds) | tap write max=413862398ns avg=137343ns (33000 calls)
01:25:32.485   audio under=1903 over=1098 late=1098 | aed run=550 err=0 (last er=0)
01:25:32.493   preproc max=68643us avg=68626us | infer max=41003us avg=40978us
01:25:32.499   notify out=271 held=157 offlist=122 gated=0 lat max=111679us (0 lower bounds)
01:25:32.507   log sent=4018 dropped=0 lag max=119274us
01:25:32.510   disp sent=191 dropped=0 max=542712us avg=44292us
01:25:32.510 ====================================
01:25:32.518 ====================================
01:25:32.522   pt[1099]: min=-3182 max=2690 avg_abs=261 | fifo=48 under=1903 over=1100 late=1100 mdf_cb=33003 mdf_err=0
01:25:32.595 lcd: win 549 -> FIRE p=0.81 (100873 us after notify)
01:25:32.978   pt[1100]: min=-3456 max=4254 avg_abs=624 | fifo=64 under=1908 over=1100 late=1100 mdf_cb=33034 mdf_err=0
01:25:33.352 in=14848Hz out=15600Hz ring=352 under=1908 over=1100 (dt=1000000us) loglag=119274us
01:25:33.477 {"win":550,"cls":"unknown","p":0.47,"lat_ms":112,"under":1908,"over":1100,"late":1100}
01:25:33.480 win  550 pos= 8448000  -32dBFS [#########...........] rms=  865 peak= 6338 seam=ok lag=333us
01:25:33.486   -> unknown         p=0.47  preproc=68633us infer=40987us
01:25:33.494   pt[1101]: min=-3456 max=6338 avg_abs=588 | fifo=288 under=1908 over=1102 late=1102 mdf_cb=33063 mdf_err=0
01:25:34.010   pt[1102]: min=-894 max=722 avg_abs=107 | fifo=304 under=1911 over=1102 late=1102 mdf_cb=33094 mdf_err=0
01:25:34.320 in=14592Hz out=14800Hz ring=224 under=1911 over=1102 (dt=999999us) loglag=119274us
01:25:34.569 win  551 pos= 8463360  -43dBFS [#####...............] rms=  243 peak= 1786 seam=ok lag=335us
01:25:34.569   -> unknown         p=0.34  preproc=68619us infer=40974us
01:25:34.569   pt[1103]: min=-1786 max=1012 avg_abs=254 | fifo=128 under=1911 over=1104 late=1104 mdf_cb=33123 mdf_err=0
01:25:35.069   pt[1104]: min=-4402 max=4810 avg_abs=697 | fifo=144 under=1915 over=1104 late=1104 mdf_cb=33154 mdf_err=0
01:25:35.318 in=14848Hz out=15200Hz ring=352 under=1915 over=1104 (dt=1000000us) loglag=119274us
01:25:35.569 win  552 pos= 8478720  -31dBFS [#########...........] rms=  935 peak= 4810 seam=ok lag=335us
01:25:35.569   -> unknown         p=0.33  preproc=68623us infer=40983us
01:25:35.569   pt[1105]: min=-1376 max=1290 avg_abs=306 | fifo=0 under=1916 over=1106 late=1106 mdf_cb=33183 mdf_err=0
01:25:36.094   pt[1106]: min=-920 max=1284 avg_abs=210 | fifo=384 under=1919 over=1106 late=1106 mdf_cb=33214 mdf_err=0
01:25:36.352 in=14848Hz out=15600Hz ring=80 under=1919 over=1106 (dt=999999us) loglag=119274us
01:25:36.596 win  553 pos= 8494080  -40dBFS [######..............] rms=  319 peak= 1544 seam=ok lag=335us
01:25:36.600   -> clock_tick      p=0.57  preproc=68630us infer=40984us
01:25:36.606   pt[1107]: min=-1456 max=1544 avg_abs=227 | fifo=208 under=1919 over=1108 late=1108 mdf_cb=33243 mdf_err=0
01:25:37.120   pt[1108]: min=-1142 max=1194 avg_abs=214 | fifo=480 under=1920 over=1108 late=1108 mdf_cb=33275 mdf_err=0
01:25:37.361 in=14848Hz out=14800Hz ring=208 under=1920 over=1108 (dt=999999us) loglag=119274us
01:25:37.678 win  554 pos= 8509440  -42dBFS [######..............] rms=  248 peak= 1194 seam=ok lag=336us
01:25:37.678   -> unknown         p=0.25  preproc=68626us infer=40983us
01:25:37.678   pt[1109]: min=-620 max=494 avg_abs=116 | fifo=48 under=1920 over=1110 late=1110 mdf_cb=33303 mdf_err=0
01:25:38.178   pt[1110]: min=-826 max=950 avg_abs=146 | fifo=320 under=1925 over=1110 late=1110 mdf_cb=33335 mdf_err=0
01:25:38.361 in=14848Hz out=15200Hz ring=336 under=1925 over=1110 (dt=1000000us) loglag=119274us
01:25:38.677 win  555 pos= 8524800  -46dBFS [####................] rms=  167 peak=  950 seam=ok lag=335us
01:25:38.681   -> clock_tick      p=0.52  preproc=68619us infer=40993us
01:25:38.685   pt[1111]: min=-366 max=442 avg_abs=95 | fifo=288 under=1925 over=1112 late=1112 mdf_cb=33363 mdf_err=0
01:25:39.193   pt[1112]: min=-1730 max=2182 avg_abs=257 | fifo=304 under=1928 over=1112 late=1112 mdf_cb=33394 mdf_err=0
01:25:39.378 in=14848Hz out=15200Hz ring=64 under=1928 over=1112 (dt=999999us) loglag=119274us
01:25:39.771 {"win":556,"cls":"sneezing","p":0.53,"lat_ms":112,"under":1928,"over":1112,"late":1112}
01:25:39.771 win  556 pos= 8540160  -40dBFS [######..............] rms=  311 peak= 2182 seam=ok lag=334us
01:25:39.771   -> sneezing        p=0.53  preproc=68628us infer=40988us
01:25:39.771   pt[1113]: min=-710 max=638 avg_abs=139 | fifo=128 under=1928 over=1114 late=1114 mdf_cb=33423 mdf_err=0
01:25:39.771 lcd: win 556 -> SNEEZE p=0.53 (33525 us after notify)
01:25:40.269   pt[1114]: min=-468 max=434 avg_abs=98 | fifo=144 under=1932 over=1114 late=1114 mdf_cb=33454 mdf_err=0
01:25:40.395 in=14848Hz out=15200Hz ring=192 under=1932 over=1114 (dt=1000000us) loglag=119274us
01:25:40.786 win  557 pos= 8555520  -49dBFS [###.................] rms=  114 peak=  468 seam=ok lag=335us
01:25:40.786   -> clock_tick      p=0.53  preproc=68626us infer=40986us
01:25:40.786   pt[1115]: min=-314 max=342 avg_abs=83 | fifo=0 under=1933 over=1116 late=1116 mdf_cb=33483 mdf_err=0
01:25:41.286   pt[1116]: min=-264 max=440 avg_abs=98 | fifo=384 under=1936 over=1116 late=1116 mdf_cb=33514 mdf_err=0
01:25:41.410 in=14848Hz out=15200Hz ring=320 under=1936 over=1116 (dt=1000000us) loglag=119274us
01:25:41.852 win  558 pos= 8570880  -46dBFS [####................] rms=  164 peak= 1110 seam=ok lag=335us
01:25:41.852   -> unknown         p=0.40  preproc=68632us infer=40993us
01:25:41.852   pt[1117]: min=-650 max=1110 avg_abs=151 | fifo=208 under=1936 over=1118 late=1118 mdf_cb=33543 mdf_err=0
01:25:42.352   pt[1118]: min=-1364 max=1350 avg_abs=285 | fifo=480 under=1937 over=1118 late=1118 mdf_cb=33575 mdf_err=0
01:25:42.419 in=14848Hz out=15200Hz ring=48 under=1937 over=1118 (dt=999999us) loglag=119274us
01:25:42.852 win  559 pos= 8586240  -39dBFS [#######.............] rms=  354 peak= 1540 seam=ok lag=337us
01:25:42.852   -> unknown         p=0.44  preproc=68621us infer=40976us
01:25:42.852 ====================================
01:25:42.852 ====================================
01:25:42.852 TAP TOTAL win=559
01:25:42.852 ====================================
01:25:42.860 ====================================
01:25:42.860 tap total: windows=560 (expected 560 from 8601856 samples) overrun=0 torn=0 skipped=0 seam ok=559 NG=0
01:25:42.869   tap lag max=340us (0 of them lower bounds) | tap write max=413862398ns avg=168230ns (33600 calls)
01:25:42.881   audio under=1937 over=1118 late=1118 | aed run=560 err=0 (last er=0)
01:25:42.886   preproc max=68643us avg=68626us | infer max=41003us avg=40979us
01:25:42.894   notify out=273 held=162 offlist=125 gated=0 lat max=111679us (0 lower bounds)
01:25:42.901   log sent=4086 dropped=0 lag max=119274us
01:25:42.904   disp sent=192 dropped=0 max=542712us avg=44530us
01:25:42.908 ====================================
01:25:42.910 ====================================
01:25:42.910   pt[1119]: min=-2766 max=2484 avg_abs=229 | fifo=48 under=1937 over=1120 late=1120 mdf_cb=33603 mdf_err=0
01:25:43.360   pt[1120]: min=-3018 max=2372 avg_abs=344 | fifo=320 under=1942 over=1120 late=1120 mdf_cb=33635 mdf_err=0
01:25:43.428 in=14848Hz out=15200Hz ring=176 under=1942 over=1120 (dt=999999us) loglag=119274us
01:25:43.928 win  560 pos= 8601600  -37dBFS [#######.............] rms=  454 peak= 3018 seam=ok lag=334us
01:25:43.928   -> clock_tick      p=0.52  preproc=68620us infer=40977us
01:25:43.928   pt[1121]: min=-438 max=1038 avg_abs=110 | fifo=288 under=1942 over=1122 late=1122 mdf_cb=33663 mdf_err=0
01:25:44.428 in=14848Hz out=14800Hz ring=304 under=1945 over=1122 (dt=1000000us) loglag=119274us
01:25:44.428   pt[1122]: min=-2118 max=1880 avg_abs=409 | fifo=304 under=1945 over=1122 late=1122 mdf_cb=33694 mdf_err=0
01:25:44.927 win  561 pos= 8616960  -38dBFS [#######.............] rms=  405 peak= 2118 seam=ok lag=334us
01:25:44.927   -> unknown         p=0.42  preproc=68631us infer=40976us
01:25:44.928   pt[1123]: min=-870 max=740 avg_abs=124 | fifo=128 under=1945 over=1124 late=1124 mdf_cb=33723 mdf_err=0
01:25:45.451 in=15104Hz out=15600Hz ring=288 under=1949 over=1124 (dt=1000000us) loglag=119274us
01:25:45.451   pt[1124]: min=-732 max=736 avg_abs=138 | fifo=144 under=1949 over=1124 late=1124 mdf_cb=33754 mdf_err=0
01:25:46.003 {"win":562,"cls":"sneezing","p":0.64,"lat_ms":112,"under":1949,"over":1124,"late":1124}
01:25:46.003 win  562 pos= 8632320  -44dBFS [#####...............] rms=  196 peak= 1514 seam=ok lag=334us
01:25:46.003   -> sneezing        p=0.64  preproc=68625us infer=40973us
01:25:46.003   pt[1125]: min=-1514 max=1056 avg_abs=116 | fifo=0 under=1950 over=1126 late=1126 mdf_cb=33783 mdf_err=0
01:25:46.003 lcd: win 562 -> SNEEZE p=0.64 (33184 us after notify)
01:25:46.460 in=14848Hz out=15200Hz ring=416 under=1954 over=1126 (dt=1000000us) loglag=119274us
01:25:46.520   pt[1126]: min=-466 max=360 avg_abs=96 | fifo=384 under=1954 over=1126 late=1126 mdf_cb=33814 mdf_err=0
01:25:47.019 {"win":563,"cls":"unknown","p":0.38,"lat_ms":112,"under":1954,"over":1126,"late":1126}
01:25:47.019 win  563 pos= 8647680  -49dBFS [###.................] rms=  120 peak=  520 seam=ok lag=334us
01:25:47.019   -> unknown         p=0.38  preproc=68628us infer=40978us
01:25:47.019   pt[1127]: min=-392 max=430 avg_abs=88 | fifo=208 under=1954 over=1128 late=1128 mdf_cb=33843 mdf_err=0
01:25:47.410 in=14848Hz out=14800Hz ring=544 under=1955 over=1128 (dt=999999us) loglag=119274us
01:25:47.536   pt[1128]: min=-406 max=418 avg_abs=89 | fifo=224 under=1955 over=1128 late=1128 mdf_cb=33874 mdf_err=0
01:25:48.036 {"win":564,"cls":"crackling_fire","p":0.60,"lat_ms":112,"under":1955,"over":1128,"late":1128}
01:25:48.043 win  564 pos= 8663040  -22dBFS [############........] rms= 2629 peak=32768 seam=ok lag=334us
01:25:48.052   -> crackling_fire  p=0.60  preproc=68627us infer=40972us
01:25:48.052   pt[1129]: min=-32768 max=32767 avg_abs=1401 | fifo=48 under=1955 over=1130 late=1130 mdf_cb=33903 mdf_err=0
01:25:48.119 lcd: win 564 -> FIRE p=0.60 (33638 us after notify)
01:25:48.427 in=14848Hz out=15600Hz ring=272 under=1960 over=1130 (dt=1000000us) loglag=119274us
01:25:48.553   pt[1130]: min=-1568 max=1844 avg_abs=195 | fifo=464 under=1960 over=1130 late=1130 mdf_cb=33934 mdf_err=0
01:25:49.109 {"win":565,"cls":"crackling_fire","p":0.60,"lat_ms":112,"under":1960,"over":1130,"late":1130}
01:25:49.109 win  565 pos= 8678400  -42dBFS [######..............] rms=  254 peak= 2092 seam=ok lag=336us
01:25:49.109   -> crackling_fire  p=0.60  preproc=68632us infer=40988us
01:25:49.109   pt[1131]: min=-592 max=534 avg_abs=135 | fifo=288 under=1960 over=1132 late=1132 mdf_cb=33963 mdf_err=0
01:25:49.109 lcd: win 565 -> FIRE p=0.60 (33251 us after notify)
01:25:49.428 in=14848Hz out=14800Hz ring=384 under=1962 over=1132 (dt=1000000us) loglag=119274us
01:25:49.620   pt[1132]: min=-964 max=692 avg_abs=132 | fifo=560 under=1963 over=1132 late=1132 mdf_cb=33995 mdf_err=0
01:25:50.178 win  566 pos= 8693760  -46dBFS [####................] rms=  160 peak=  964 seam=ok lag=335us
01:25:50.178   -> clock_tick      p=0.55  preproc=68631us infer=40988us
01:25:50.178   pt[1133]: min=-468 max=396 avg_abs=108 | fifo=128 under=1963 over=1134 late=1134 mdf_cb=34023 mdf_err=0
01:25:50.486 in=14592Hz out=15200Hz ring=272 under=1967 over=1134 (dt=999999us) loglag=119274us
01:25:50.682   pt[1134]: min=-618 max=370 avg_abs=96 | fifo=144 under=1967 over=1134 late=1134 mdf_cb=34054 mdf_err=0
01:25:51.177 win  567 pos= 8709120  -48dBFS [####................] rms=  128 peak=  618 seam=ok lag=335us
01:25:51.177   -> unknown         p=0.42  preproc=68628us infer=40989us
01:25:51.177   pt[1135]: min=-474 max=558 avg_abs=108 | fifo=0 under=1968 over=1136 late=1136 mdf_cb=34083 mdf_err=0
01:25:51.495 in=14848Hz out=15200Hz ring=384 under=1970 over=1136 (dt=999999us) loglag=119274us
01:25:51.677   pt[1136]: min=-1314 max=1316 avg_abs=234 | fifo=384 under=1971 over=1136 late=1136 mdf_cb=34114 mdf_err=0
01:25:52.236 win  568 pos= 8724480  -42dBFS [######..............] rms=  249 peak= 1316 seam=ok lag=335us
01:25:52.236   -> unknown         p=0.39  preproc=68632us infer=40979us
01:25:52.236   pt[1137]: min=-762 max=1046 avg_abs=133 | fifo=208 under=1971 over=1138 late=1138 mdf_cb=34143 mdf_err=0
01:25:52.485 in=14848Hz out=15200Hz ring=128 under=1972 over=1138 (dt=1000000us) loglag=119274us
01:25:52.736   pt[1138]: min=-7966 max=7754 avg_abs=666 | fifo=224 under=1972 over=1138 late=1138 mdf_cb=34174 mdf_err=0
01:25:53.236 win  569 pos= 8739840  -32dBFS [#########...........] rms=  815 peak= 7966 seam=ok lag=336us
01:25:53.244   -> unknown         p=0.40  preproc=68635us infer=40973us
01:25:53.250 ====================================
01:25:53.252 ====================================
01:25:53.252 TAP TOTAL win=569
01:25:53.252 ====================================
01:25:53.260 ====================================
01:25:53.260 tap total: windows=570 (expected 570 from 8755456 samples) overrun=0 torn=0 skipped=0 seam ok=569 NG=0
01:25:53.269   tap lag max=340us (0 of them lower bounds) | tap write max=413862398ns avg=198031ns (34200 calls)
01:25:53.283   audio under=1972 over=1138 late=1138 | aed run=570 err=0 (last er=0)
01:25:53.285   preproc max=68643us avg=68627us | infer max=41003us avg=40979us
01:25:53.295   notify out=277 held=166 offlist=127 gated=0 lat max=111679us (0 lower bounds)
01:25:53.301   log sent=4157 dropped=0 lag max=119274us
01:25:53.306   disp sent=195 dropped=0 max=542712us avg=44358us
01:25:53.309 ====================================
01:25:53.309 ====================================
01:25:53.309   pt[1139]: min=-952 max=1128 avg_abs=208 | fifo=48 under=1972 over=1140 late=1140 mdf_cb=34203 mdf_err=0
01:25:53.503 in=14848Hz out=15200Hz ring=256 under=1977 over=1140 (dt=999999us) loglag=119274us
01:25:53.752   pt[1140]: min=-586 max=770 avg_abs=143 | fifo=464 under=1977 over=1140 late=1140 mdf_cb=34234 mdf_err=0
01:25:54.318 {"win":570,"cls":"crackling_fire","p":0.61,"lat_ms":112,"under":1977,"over":1140,"late":1140}
01:25:54.318 win  570 pos= 8755200  -44dBFS [#####...............] rms=  201 peak= 1392 seam=ok lag=333us
01:25:54.318   -> crackling_fire  p=0.61  preproc=68630us infer=40983us
01:25:54.318   pt[1141]: min=-1392 max=1088 avg_abs=163 | fifo=288 under=1977 over=1142 late=1142 mdf_cb=34263 mdf_err=0
01:25:54.318 lcd: win 570 -> FIRE p=0.61 (33424 us after notify)
01:25:54.505 in=14848Hz out=14800Hz ring=368 under=1979 over=1142 (dt=999999us) loglag=119274us
01:25:54.820   pt[1142]: min=-3320 max=2520 avg_abs=326 | fifo=560 under=1980 over=1142 late=1142 mdf_cb=34295 mdf_err=0
01:25:55.353 {"win":571,"cls":"unknown","p":0.27,"lat_ms":112,"under":1980,"over":1142,"late":1142}
01:25:55.353 win  571 pos= 8770560  -37dBFS [#######.............] rms=  440 peak= 3320 seam=ok lag=335us
01:25:55.353   -> unknown         p=0.27  preproc=68623us infer=40973us
01:25:55.353   pt[1143]: min=-1116 max=1348 avg_abs=218 | fifo=128 under=1980 over=1144 late=1144 mdf_cb=34323 mdf_err=0
01:25:55.485 in=15104Hz out=15600Hz ring=368 under=1984 over=1144 (dt=999999us) loglag=119274us
01:25:55.860   pt[1144]: min=-2448 max=3352 avg_abs=198 | fifo=400 under=1984 over=1144 late=1144 mdf_cb=34355 mdf_err=0
01:25:56.359 win  572 pos= 8785920  -41dBFS [######..............] rms=  307 peak= 3352 seam=ok lag=336us
01:25:56.437   -> unknown         p=0.46  preproc=68623us infer=40988us
01:25:56.437   pt[1145]: min=-2150 max=2172 avg_abs=221 | fifo=0 under=1985 over=1146 late=1146 mdf_cb=34383 mdf_err=0
01:25:56.503 in=14848Hz out=15200Hz ring=480 under=1987 over=1146 (dt=1000000us) loglag=119274us
01:25:56.877   pt[1146]: min=-1004 max=1422 avg_abs=188 | fifo=640 under=1988 over=1146 late=1146 mdf_cb=34415 mdf_err=0
01:25:57.451 win  573 pos= 8801280  -41dBFS [######..............] rms=  302 peak= 1494 seam=ok lag=334us
01:25:57.451   -> unknown         p=0.46  preproc=68633us infer=40981us
01:25:57.451   pt[1147]: min=-1082 max=1494 avg_abs=277 | fifo=208 under=1988 over=1148 late=1148 mdf_cb=34443 mdf_err=0
01:25:57.509 in=14848Hz out=14800Hz ring=624 under=1989 over=1148 (dt=999999us) loglag=119274us
01:25:57.944   pt[1148]: min=-1672 max=1636 avg_abs=319 | fifo=224 under=1989 over=1148 late=1148 mdf_cb=34474 mdf_err=0
01:25:58.444 win  574 pos= 8816640  -40dBFS [######..............] rms=  344 peak= 1672 seam=ok lag=334us
01:25:58.444   -> unknown         p=0.39  preproc=68631us infer=40974us
01:25:58.444   pt[1149]: min=-968 max=1090 avg_abs=186 | fifo=48 under=1989 over=1150 late=1150 mdf_cb=34503 mdf_err=0
01:25:58.526 in=14848Hz out=15600Hz ring=256 under=1991 over=1150 (dt=1000000us) loglag=119274us
01:25:58.978   pt[1150]: min=-868 max=824 avg_abs=207 | fifo=64 under=1994 over=1150 late=1150 mdf_cb=34534 mdf_err=0
01:25:59.485 win  575 pos= 8832000  -42dBFS [######..............] rms=  263 peak= 1962 seam=ok lag=336us
01:25:59.485   -> unknown         p=0.32  preproc=68625us infer=40984us
01:25:59.485   pt[1151]: min=-1246 max=1962 avg_abs=171 | fifo=288 under=1994 over=1152 late=1152 mdf_cb=34563 mdf_err=0
01:25:59.569 in=14848Hz out=14800Hz ring=400 under=1994 over=1152 (dt=1000000us) loglag=119274us
01:26:00.003   pt[1152]: min=-1954 max=2252 avg_abs=282 | fifo=304 under=1997 over=1152 late=1152 mdf_cb=34594 mdf_err=0
01:26:00.519 win  576 pos= 8847360  -40dBFS [######..............] rms=  335 peak= 2252 seam=ok lag=335us
01:26:00.525   -> unknown         p=0.43  preproc=68625us infer=40977us
01:26:00.527   pt[1153]: min=-616 max=486 avg_abs=117 | fifo=128 under=1997 over=1154 late=1154 mdf_cb=34623 mdf_err=0
01:26:00.540 in=14744Hz out=15094Hz ring=128 under=1997 over=1154 (dt=1007003us) loglag=119274us
01:26:01.035   pt[1154]: min=-516 max=614 avg_abs=128 | fifo=144 under=2001 over=1154 late=1154 mdf_cb=34654 mdf_err=0
01:26:01.609 in=14694Hz out=15307Hz ring=256 under=2001 over=1154 (dt=992997us) loglag=119274us
01:26:01.609 win  577 pos= 8862720  -44dBFS [#####...............] rms=  218 peak= 1062 seam=ok lag=334us
01:26:01.609   -> unknown         p=0.47  preproc=68622us infer=40982us
01:26:01.609   pt[1155]: min=-1020 max=1062 avg_abs=203 | fifo=0 under=2002 over=1156 late=1156 mdf_cb=34683 mdf_err=0
01:26:02.116   pt[1156]: min=-564 max=616 avg_abs=158 | fifo=384 under=2006 over=1156 late=1156 mdf_cb=34714 mdf_err=0
01:26:02.619 in=15360Hz out=15600Hz ring=496 under=2006 over=1156 (dt=999999us) loglag=119274us
01:26:02.619 win  578 pos= 8878080  -45dBFS [#####...............] rms=  178 peak=  616 seam=ok lag=333us
01:26:02.619   -> unknown         p=0.33  preproc=68637us infer=40979us
01:26:02.619   pt[1157]: min=-530 max=464 avg_abs=115 | fifo=208 under=2006 over=1158 late=1158 mdf_cb=34743 mdf_err=0
01:26:03.127   pt[1158]: min=-480 max=460 avg_abs=109 | fifo=480 under=2007 over=1158 late=1158 mdf_cb=34775 mdf_err=0
01:26:03.694 in=15360Hz out=15600Hz ring=336 under=2007 over=1158 (dt=999999us) loglag=119274us
01:26:03.694 win  579 pos= 8893440  -47dBFS [####................] rms=  139 peak=  560 seam=ok lag=335us
01:26:03.694   -> unknown         p=0.40  preproc=68638us infer=40984us
01:26:03.694 ====================================
01:26:03.694 ====================================
01:26:03.694 TAP TOTAL win=579
01:26:03.694 ====================================
01:26:03.694 ====================================
01:26:03.694 tap total: windows=580 (expected 580 from 8909056 samples) overrun=0 torn=0 skipped=0 seam ok=579 NG=0
01:26:03.694   tap lag max=340us (0 of them lower bounds) | tap write max=413862398ns avg=21108ns (34800 calls)
01:26:03.694   audio under=2007 over=1158 late=1158 | aed run=580 err=0 (last er=0)
01:26:03.698   preproc max=68643us avg=68627us | infer max=41003us avg=40979us
01:26:03.704   notify out=279 held=174 offlist=127 gated=0 lat max=111679us (0 lower bounds)
01:26:03.709   log sent=4225 dropped=0 lag max=119274us
01:26:03.709   disp sent=196 dropped=0 max=542712us avg=44302us
01:26:03.720 ====================================
01:26:03.723 ====================================
01:26:03.727   pt[1159]: min=-730 max=1046 avg_abs=130 | fifo=48 under=2007 over=1160 late=1160 mdf_cb=34803 mdf_err=0
01:26:04.178   pt[1160]: min=-1560 max=1988 avg_abs=245 | fifo=320 under=2012 over=1160 late=1160 mdf_cb=34835 mdf_err=0
01:26:04.552 in=15360Hz out=15600Hz ring=320 under=2012 over=1160 (dt=999999us) loglag=119274us
01:26:04.681 win  580 pos= 8908800  -40dBFS [######..............] rms=  334 peak= 1988 seam=ok lag=336us
01:26:04.685   -> unknown         p=0.49  preproc=68631us infer=40974us
01:26:04.694   pt[1161]: min=-824 max=834 avg_abs=172 | fifo=288 under=2012 over=1162 late=1162 mdf_cb=34863 mdf_err=0
01:26:05.209   pt[1162]: min=-790 max=870 avg_abs=133 | fifo=304 under=2015 over=1162 late=1162 mdf_cb=34894 mdf_err=0
01:26:05.594 in=14848Hz out=14800Hz ring=448 under=2015 over=1162 (dt=1000000us) loglag=119274us
01:26:05.729 win  581 pos= 8924160  -45dBFS [#####...............] rms=  187 peak=  870 seam=ok lag=335us
01:26:05.729   -> unknown         p=0.47  preproc=68626us infer=40982us
01:26:05.729   pt[1163]: min=-584 max=614 avg_abs=160 | fifo=128 under=2015 over=1164 late=1164 mdf_cb=34923 mdf_err=0
01:26:06.236   pt[1164]: min=-1710 max=2276 avg_abs=271 | fifo=144 under=2019 over=1164 late=1164 mdf_cb=34954 mdf_err=0
01:26:06.620 in=14848Hz out=15600Hz ring=176 under=2019 over=1164 (dt=999999us) loglag=119274us
01:26:06.803 win  582 pos= 8939520  -38dBFS [#######.............] rms=  400 peak= 2276 seam=ok lag=333us
01:26:06.803   -> clock_tick      p=0.78  preproc=68625us infer=40974us
01:26:06.803   pt[1165]: min=-1710 max=1366 avg_abs=244 | fifo=0 under=2020 over=1166 late=1166 mdf_cb=34983 mdf_err=0
01:26:07.303   pt[1166]: min=-4246 max=4568 avg_abs=1108 | fifo=384 under=2023 over=1166 late=1166 mdf_cb=35014 mdf_err=0
01:26:07.609 in=14848Hz out=15200Hz ring=304 under=2023 over=1166 (dt=999999us) loglag=119274us
01:26:07.802 {"win":583,"cls":"crackling_fire","p":0.50,"lat_ms":112,"under":2023,"over":1166,"late":1166}
01:26:07.807 win  583 pos= 8954880  -28dBFS [##########..........] rms= 1342 peak= 4568 seam=ok lag=334us
01:26:07.809   -> crackling_fire  p=0.50  preproc=68624us infer=40973us
01:26:07.820   pt[1167]: min=-4766 max=4340 avg_abs=826 | fifo=208 under=2023 over=1168 late=1168 mdf_cb=35043 mdf_err=0
01:26:07.828 lcd: win 583 -> FIRE p=0.50 (33428 us after notify)
01:26:08.345   pt[1168]: min=-7274 max=8240 avg_abs=1162 | fifo=224 under=2024 over=1168 late=1168 mdf_cb=35074 mdf_err=0
01:26:08.601 in=14848Hz out=14800Hz ring=432 under=2024 over=1168 (dt=1000000us) loglag=119274us
01:26:08.852 {"win":584,"cls":"crackling_fire","p":0.70,"lat_ms":112,"under":2024,"over":1168,"late":1168}
01:26:08.852 win  584 pos= 8970240  -29dBFS [##########..........] rms= 1200 peak= 8240 seam=ok lag=335us
01:26:08.852   -> crackling_fire  p=0.70  preproc=68630us infer=40973us
01:26:08.860   pt[1169]: min=-3750 max=4690 avg_abs=510 | fifo=48 under=2024 over=1170 late=1170 mdf_cb=35103 mdf_err=0
01:26:08.928 lcd: win 584 -> FIRE p=0.70 (33376 us after notify)
01:26:09.360   pt[1170]: min=-4526 max=4446 avg_abs=500 | fifo=464 under=2029 over=1170 late=1170 mdf_cb=35134 mdf_err=0
01:26:09.619 in=14848Hz out=15600Hz ring=160 under=2029 over=1170 (dt=999999us) loglag=119274us
01:26:09.927 {"win":585,"cls":"crackling_fire","p":0.57,"lat_ms":112,"under":2029,"over":1170,"late":1170}
01:26:09.927 win  585 pos= 8985600  -31dBFS [#########...........] rms=  877 peak= 5402 seam=ok lag=335us
01:26:09.927   -> crackling_fire  p=0.57  preproc=68621us infer=40973us
01:26:09.927   pt[1171]: min=-4266 max=5402 avg_abs=782 | fifo=288 under=2029 over=1172 late=1172 mdf_cb=35163 mdf_err=0
01:26:09.927 lcd: win 585 -> FIRE p=0.57 (33426 us after notify)
01:26:10.394   pt[1172]: min=-3124 max=2852 avg_abs=309 | fifo=304 under=2032 over=1172 late=1172 mdf_cb=35194 mdf_err=0
01:26:10.644 in=14848Hz out=14800Hz ring=288 under=2032 over=1172 (dt=1000000us) loglag=119274us
01:26:10.960 {"win":586,"cls":"crackling_fire","p":0.97,"lat_ms":112,"under":2032,"over":1172,"late":1172}
01:26:10.960 win  586 pos= 9000960  -36dBFS [########............] rms=  541 peak= 3900 seam=ok lag=334us
01:26:10.960   -> crackling_fire  p=0.97  preproc=68639us infer=40980us
01:26:10.960   pt[1173]: min=-3042 max=3900 avg_abs=393 | fifo=128 under=2032 over=1174 late=1174 mdf_cb=35223 mdf_err=0
01:26:10.960 lcd: win 586 -> FIRE p=0.97 (33466 us after notify)
01:26:11.461   pt[1174]: min=-1058 max=1074 avg_abs=146 | fifo=400 under=2036 over=1174 late=1174 mdf_cb=35255 mdf_err=0
01:26:11.644 in=14848Hz out=15200Hz ring=416 under=2036 over=1174 (dt=999999us) loglag=119274us
01:26:11.960 {"win":587,"cls":"sneezing","p":0.53,"lat_ms":112,"under":2036,"over":1174,"late":1174}
01:26:11.960 win  587 pos= 9016320  -43dBFS [#####...............] rms=  233 peak= 1452 seam=ok lag=336us
01:26:11.976   -> sneezing        p=0.53  preproc=68627us infer=40987us
01:26:11.980   pt[1175]: min=-1106 max=1452 avg_abs=183 | fifo=0 under=2037 over=1176 late=1176 mdf_cb=35283 mdf_err=0
01:26:12.052 lcd: win 587 -> SNEEZE p=0.53 (33186 us after notify)
01:26:12.494   pt[1176]: min=-1102 max=1206 avg_abs=207 | fifo=384 under=2041 over=1176 late=1176 mdf_cb=35314 mdf_err=0
01:26:12.678 in=14848Hz out=15600Hz ring=144 under=2041 over=1176 (dt=999999us) loglag=119274us
01:26:13.052 {"win":588,"cls":"unknown","p":0.42,"lat_ms":112,"under":2041,"over":1176,"late":1176}
01:26:13.052 win  588 pos= 9031680  -43dBFS [#####...............] rms=  238 peak= 1206 seam=ok lag=335us
01:26:13.052   -> unknown         p=0.42  preproc=68623us infer=40974us
01:26:13.052   pt[1177]: min=-808 max=846 avg_abs=143 | fifo=208 under=2041 over=1178 late=1178 mdf_cb=35343 mdf_err=0
01:26:13.552   pt[1178]: min=-828 max=1064 avg_abs=188 | fifo=224 under=2042 over=1178 late=1178 mdf_cb=35374 mdf_err=0
01:26:13.677 in=14848Hz out=14800Hz ring=272 under=2042 over=1178 (dt=1000000us) loglag=119274us
01:26:14.051 win  589 pos= 9047040  -43dBFS [#####...............] rms=  236 peak= 1064 seam=ok lag=336us
01:26:14.051   -> unknown         p=0.38  preproc=68628us infer=40974us
01:26:14.053 ====================================
01:26:14.056 ====================================
01:26:14.059 TAP TOTAL win=589
01:26:14.061 ====================================
01:26:14.064 ====================================
01:26:14.068 tap total: windows=590 (expected 590 from 9062656 samples) overrun=0 torn=0 skipped=0 seam ok=589 NG=0
01:26:14.076   tap lag max=340us (0 of them lower bounds) | tap write max=413862398ns avg=52393ns (35400 calls)
01:26:14.085   audio under=2042 over=1178 late=1178 | aed run=590 err=0 (last er=0)
01:26:14.085   preproc max=68643us avg=68627us | infer max=41003us avg=40979us
01:26:14.097   notify out=285 held=177 offlist=128 gated=0 lat max=111679us (0 lower bounds)
01:26:14.105   log sent=4300 dropped=0 lag max=119274us
01:26:14.109   disp sent=201 dropped=0 max=542712us avg=44031us
01:26:14.109 ====================================
01:26:14.118 ====================================
01:26:14.121   pt[1179]: min=-956 max=1472 avg_abs=210 | fifo=48 under=2042 over=1180 late=1180 mdf_cb=35403 mdf_err=0
01:26:14.568   pt[1180]: min=-3284 max=2916 avg_abs=474 | fifo=464 under=2047 over=1180 late=1180 mdf_cb=35434 mdf_err=0
01:26:14.694 in=14848Hz out=15200Hz ring=400 under=2047 over=1180 (dt=999999us) loglag=119274us
01:26:15.129 win  590 pos= 9062400  -28dBFS [##########..........] rms= 1334 peak= 6702 seam=ok lag=333us
01:26:15.129   -> clock_tick      p=0.82  preproc=68635us infer=40977us
01:26:15.129   pt[1181]: min=-6664 max=6702 avg_abs=1121 | fifo=288 under=2047 over=1182 late=1182 mdf_cb=35463 mdf_err=0
01:26:15.627   pt[1182]: min=-2088 max=2478 avg_abs=531 | fifo=560 under=2050 over=1182 late=1182 mdf_cb=35495 mdf_err=0
01:26:15.694 in=14848Hz out=14800Hz ring=528 under=2050 over=1182 (dt=999999us) loglag=119274us
01:26:16.136 win  591 pos= 9077760  -32dBFS [#########...........] rms=  811 peak=14412 seam=ok lag=333us
01:26:16.136   -> unknown         p=0.36  preproc=68626us infer=40983us
01:26:16.136   pt[1183]: min=-14412 max=13524 avg_abs=452 | fifo=128 under=2050 over=1184 late=1184 mdf_cb=35523 mdf_err=0
01:26:16.643   pt[1184]: min=-1284 max=1076 avg_abs=106 | fifo=144 under=2054 over=1184 late=1184 mdf_cb=35554 mdf_err=0
01:26:16.718 in=14848Hz out=15600Hz ring=256 under=2054 over=1184 (dt=1000000us) loglag=119274us
01:26:17.160 {"win":592,"cls":"sneezing","p":0.81,"lat_ms":112,"under":2054,"over":1184,"late":1184}
01:26:17.168 win  592 pos= 9093120  -47dBFS [####................] rms=  141 peak= 1284 seam=ok lag=336us
01:26:17.168   -> sneezing        p=0.81  preproc=68625us infer=40975us
01:26:17.181   pt[1185]: min=-522 max=532 avg_abs=113 | fifo=0 under=2055 over=1186 late=1186 mdf_cb=35583 mdf_err=0
01:26:17.245 lcd: win 592 -> SNEEZE p=0.81 (33012 us after notify)
01:26:17.676 in=14848Hz out=15200Hz ring=384 under=2059 over=1186 (dt=999999us) loglag=119274us
01:26:17.676   pt[1186]: min=-584 max=418 avg_abs=117 | fifo=384 under=2059 over=1186 late=1186 mdf_cb=35614 mdf_err=0
01:26:18.261 {"win":593,"cls":"sneezing","p":0.86,"lat_ms":112,"under":2059,"over":1186,"late":1186}
01:26:18.261 win  593 pos= 9108480  -48dBFS [####................] rms=  135 peak=  584 seam=ok lag=335us
01:26:18.261   -> sneezing        p=0.86  preproc=68624us infer=40986us
01:26:18.261   pt[1187]: min=-364 max=370 avg_abs=98 | fifo=208 under=2059 over=1188 late=1188 mdf_cb=35643 mdf_err=0
01:26:18.261 lcd: win 593 -> SNEEZE p=0.86 (33105 us after notify)
01:26:18.694 in=14848Hz out=14800Hz ring=512 under=2060 over=1188 (dt=1000000us) loglag=119274us
01:26:18.752   pt[1188]: min=-1044 max=1116 avg_abs=330 | fifo=224 under=2060 over=1188 late=1188 mdf_cb=35674 mdf_err=0
01:26:19.252 {"win":594,"cls":"unknown","p":0.48,"lat_ms":112,"under":2060,"over":1188,"late":1188}
01:26:19.252 win  594 pos= 9123840  -37dBFS [#######.............] rms=  485 peak= 1160 seam=ok lag=335us
01:26:19.252   -> unknown         p=0.48  preproc=68625us infer=40989us
01:26:19.260   pt[1189]: min=-890 max=1160 avg_abs=494 | fifo=48 under=2060 over=1190 late=1190 mdf_cb=35703 mdf_err=0
01:26:19.711 in=14848Hz out=15600Hz ring=240 under=2065 over=1190 (dt=999999us) loglag=119274us
01:26:19.768   pt[1190]: min=-1034 max=1284 avg_abs=448 | fifo=464 under=2065 over=1190 late=1190 mdf_cb=35734 mdf_err=0
01:26:20.336 {"win":595,"cls":"sneezing","p":0.97,"lat_ms":112,"under":2065,"over":1190,"late":1190}
01:26:20.336 win  595 pos= 9139200  -36dBFS [########............] rms=  511 peak= 1440 seam=ok lag=335us
01:26:20.336   -> sneezing        p=0.97  preproc=68626us infer=40996us
01:26:20.336   pt[1191]: min=-828 max=1440 avg_abs=329 | fifo=288 under=2065 over=1192 late=1192 mdf_cb=35763 mdf_err=0
01:26:20.336 lcd: win 595 -> SNEEZE p=0.97 (33574 us after notify)
01:26:20.709 in=14848Hz out=14800Hz ring=368 under=2068 over=1192 (dt=1000000us) loglag=119274us
01:26:20.838   pt[1192]: min=-598 max=472 avg_abs=126 | fifo=560 under=2068 over=1192 late=1192 mdf_cb=35795 mdf_err=0
01:26:21.352 {"win":596,"cls":"sneezing","p":0.68,"lat_ms":112,"under":2068,"over":1192,"late":1192}
01:26:21.352 win  596 pos= 9154560  -46dBFS [####................] rms=  165 peak= 1282 seam=ok lag=336us
01:26:21.352   -> sneezing        p=0.68  preproc=68630us infer=40971us
01:26:21.352   pt[1193]: min=-1282 max=650 avg_abs=126 | fifo=128 under=2068 over=1194 late=1194 mdf_cb=35823 mdf_err=0
01:26:21.352 lcd: win 596 -> SNEEZE p=0.68 (33319 us after notify)
01:26:21.736 in=14848Hz out=15200Hz ring=496 under=2072 over=1194 (dt=1000000us) loglag=119274us
01:26:21.860   pt[1194]: min=-438 max=344 avg_abs=103 | fifo=144 under=2072 over=1194 late=1194 mdf_cb=35854 mdf_err=0
01:26:22.369 {"win":597,"cls":"sneezing","p":0.92,"lat_ms":112,"under":2072,"over":1194,"late":1194}
01:26:22.369 win  597 pos= 9169920  -48dBFS [####................] rms=  130 peak=  438 seam=ok lag=335us
01:26:22.376   -> sneezing        p=0.92  preproc=68623us infer=40976us
01:26:22.381   pt[1195]: min=-346 max=422 avg_abs=105 | fifo=0 under=2073 over=1196 late=1196 mdf_cb=35883 mdf_err=0
01:26:22.444 lcd: win 597 -> SNEEZE p=0.92 (33013 us after notify)
01:26:22.752 in=14848Hz out=15200Hz ring=624 under=2077 over=1196 (dt=999999us) loglag=119274us
01:26:22.876   pt[1196]: min=-452 max=416 avg_abs=105 | fifo=384 under=2077 over=1196 late=1196 mdf_cb=35914 mdf_err=0
01:26:23.443 {"win":598,"cls":"sneezing","p":0.79,"lat_ms":112,"under":2077,"over":1196,"late":1196}
01:26:23.443 win  598 pos= 9185280  -47dBFS [####................] rms=  149 peak=  570 seam=ok lag=332us
01:26:23.443   -> sneezing        p=0.79  preproc=68633us infer=40972us
01:26:23.443   pt[1197]: min=-356 max=570 avg_abs=136 | fifo=208 under=2077 over=1198 late=1198 mdf_cb=35943 mdf_err=0
01:26:23.443 lcd: win 598 -> SNEEZE p=0.79 (33195 us after notify)
01:26:23.709 in=14848Hz out=15200Hz ring=352 under=2078 over=1198 (dt=999999us) loglag=119274us
01:26:23.960   pt[1198]: min=-450 max=412 avg_abs=116 | fifo=224 under=2078 over=1198 late=1198 mdf_cb=35974 mdf_err=0
01:26:24.476 {"win":599,"cls":"sneezing","p":0.72,"lat_ms":112,"under":2078,"over":1198,"late":1198}
01:26:24.476 win  599 pos= 9200640  -48dBFS [####................] rms=  138 peak=  450 seam=ok lag=334us
01:26:24.476   -> sneezing        p=0.72  preproc=68617us infer=40979us
01:26:24.476 ====================================
01:26:24.476 ====================================
01:26:24.476 TAP TOTAL win=599
01:26:24.476 ====================================
01:26:24.476 ====================================
01:26:24.478 tap total: windows=600 (expected 600 from 9216256 samples) overrun=0 torn=0 skipped=0 seam ok=599 NG=0
01:26:24.485   tap lag max=340us (0 of them lower bounds) | tap write max=413862398ns avg=82638ns (36000 calls)
01:26:24.495   audio under=2078 over=1198 late=1198 | aed run=600 err=0 (last er=0)
01:26:24.501   preproc max=68643us avg=68627us | infer max=41003us avg=40979us
01:26:24.507   notify out=293 held=178 offlist=129 gated=0 lat max=111679us (0 lower bounds)
01:26:24.509   log sent=4378 dropped=0 lag max=119274us
01:26:24.518   disp sent=208 dropped=0 max=542712us avg=43717us
01:26:24.523 ====================================
01:26:24.526 ====================================
01:26:24.527   pt[1199]: min=-444 max=446 avg_abs=107 | fifo=48 under=2078 over=1200 late=1200 mdf_cb=36003 mdf_err=0
01:26:24.539 ====================================
01:26:24.542 ====================================
01:26:24.543 PASSTHROUGH STOPPED
01:26:24.543 ====================================
01:26:24.551 ====================================
01:26:24.554 Passthrough stopped (sai_cb half=12507 cplt=12507, mdf_cb=36003 mdf_err=0, under=2078 over=1200)
01:26:24.560 ====================================
01:26:24.560 ====================================
01:26:24.627 lcd: win 599 -> SNEEZE p=0.72 (130414 us after notify)
01:26:26.501 ====================================
01:26:26.501 ====================================
01:26:26.501 FINAL
01:26:26.501 ====================================
01:26:26.501 ====================================
01:26:26.501 tap: no window for 2000 ms (audio stopped?)
01:26:26.501 tap final: windows=600 (expected 600 from 9216768 samples) overrun=0 torn=0 skipped=0 seam ok=599 NG=0
01:26:26.501   tap lag max=340us (0 of them lower bounds) | tap write max=413862398ns avg=85735ns (36003 calls)
01:26:26.501   audio under=2078 over=1200 late=1200 | aed run=600 err=0 (last er=0)
01:26:26.507   preproc max=68643us avg=68627us | infer max=41003us avg=40979us
01:26:26.509   notify out=293 held=178 offlist=129 gated=0 lat max=111679us (0 lower bounds)
01:26:26.520   log sent=4403 dropped=0 lag max=127797us
01:26:26.524   disp sent=208 dropped=0 max=542712us avg=44134us
01:26:26.527 ====================================
01:26:26.527 ====================================
