01:00:00.442 
01:00:00.442 [FAULT] vector table installed
01:00:00.442   VTOR     : 0x34080C00 -> 0x34097400
01:00:00.442   entries  : 256 (defined 211)
01:00:00.442   replaced : 184 (unhandled IRQ 179, fault exc 5)
01:00:00.442 [TRACE] CYCCNT=OK SystemCoreClock=600000000Hz (600 cyc/us) LAR_unlock=not-required
01:00:00.442 CONFIG: A production (INFER_PRIO_INVERT=0 INFER_SLOW_X=1 task_infer pri 15)
01:00:00.442 Start User-main program.
01:00:00.442 extflash init (MX66UW1G45G, XSPI2, DTR-OPI) fixes: VDDIO3_1V8=1 XSPIM=1 XSPIPHY=1 IC3=1
01:00:00.442 --- XSPI2 regs (before init) ---
01:00:00.442   PWR SVMCR3   =0x04101310  VDDIO3SV=1 VDDIO3RDY=0 VDDIO3VRSEL=1(1=1.8V) VDDIO3VMEN=0
01:00:00.469   RCC AHB5ENR  =0x00003020  XSPI2EN=1 XSPIMEN=1
01:00:00.469   RCC AHB5RSTSR=0x00000000  XSPI2RST=0 XSPIMRST=0 (1=in reset)
01:00:00.469   RCC AHB4ENR  =0x0004e0df  GPIONEN=1
01:00:00.469   RCC CCIPR6   =0x00000000  XSPI2SEL=0 (0=HCLK 1=CLKP 2=IC3 3=IC4)
01:00:00.469   RCC MISCENR  =0x00000040  XSPIPHYCOMPEN=0
01:00:00.469   RCC MISCRSTSR=0x00000000  XSPIPHY2RST=0 (1=in reset)
01:00:00.471   RCC IC3CFGR  =0x00000000  DIVENSR=0x00000000
01:00:00.475   HCLK=200000000 Hz  XSPI2 kernel clock=200000000 Hz
01:00:00.499   XSPIM CR     =0x00000010  MUXEN=0 MODE=0 CSSEL_OVR_EN=1 OVR_O2=0 REQ2ACK=0
01:00:00.499   XSPI2 CR     =0x10000301  EN=1 FMODE=1 CSSEL=0 MSEL=0 NOPREF=0
01:00:00.499   XSPI2 DCR1   =0x011a0000  DCR2=0x00000003 (PRESCALER=3)  DCR3=0x00000000  DCR4=0x00000000
01:00:00.500   XSPI2 SR     =0x00000020  BUSY=1 TCF=0 TEF=0 FTF=0 FLEVEL=0
01:00:00.506   XSPI2 CCR    =0x01002101  TCR=0x00000008  IR=0x0000005a  DLR=0x00000007
01:00:00.512   XSPI2 CALFCR =0x00000000  CALMR=0x00000000  CALSOR=0x00000000  CALSIR=0x00000000
01:00:00.520   GPION MODER  =0x03aaeaaa  OTYPER=0x00000000  OSPEEDR=0x00ff3fff  PUPDR=0x00000000
01:00:00.527   GPION AFR0   =0x09999999  AFR1=0x00009999  IDR=0x00000a29
01:00:00.533   GPION SECCFGR=0x00001fff  PRIVCFGR=0x00001fff  DELAYR0=0x00000000 DELAYR1=0x00000000  ADVCFGR0=0x00000000 ADVCFGR1=0x00000000
01:00:00.544 --- end ---
01:00:00.545   kernel clock: IC3 = PLL1 1200000000 Hz / 6
01:00:00.549   [ OK ] XSPI2 clock/reset/GPIO
01:00:00.552   [ OK ] HAL_XSPI_Init
01:00:00.555   XSPI2 kernel clock 200000000 Hz / (prescaler 3 + 1) = SCLK 50000000 Hz
01:00:00.562 --- XSPI2 regs (after HAL_XSPI_Init) ---
01:00:00.565   PWR SVMCR3   =0x04101310  VDDIO3SV=1 VDDIO3RDY=0 VDDIO3VRSEL=1(1=1.8V) VDDIO3VMEN=0
01:00:00.573   RCC AHB5ENR  =0x00003020  XSPI2EN=1 XSPIMEN=1
01:00:00.577   RCC AHB5RSTSR=0x00000000  XSPI2RST=0 XSPIMRST=0 (1=in reset)
01:00:00.583   RCC AHB4ENR  =0x0004e0df  GPIONEN=1
01:00:00.587   RCC CCIPR6   =0x00000020  XSPI2SEL=2 (0=HCLK 1=CLKP 2=IC3 3=IC4)
01:00:00.593   RCC MISCENR  =0x00000048  XSPIPHYCOMPEN=1
01:00:00.596   RCC MISCRSTSR=0x00000000  XSPIPHY2RST=0 (1=in reset)
01:00:00.601   RCC IC3CFGR  =0x00050000  DIVENSR=0x00000000
01:00:00.605   HCLK=200000000 Hz  XSPI2 kernel clock=200000000 Hz
01:00:00.610   XSPIM CR     =0x00000010  MUXEN=0 MODE=0 CSSEL_OVR_EN=1 OVR_O2=0 REQ2ACK=0
01:00:00.617   XSPI2 CR     =0x00000001  EN=1 FMODE=0 CSSEL=0 MSEL=0 NOPREF=0
01:00:00.623   XSPI2 DCR1   =0x011a0100  DCR2=0x00000003 (PRESCALER=3)  DCR3=0x00000000  DCR4=0x00000000
01:00:00.631   XSPI2 SR     =0x00000004  BUSY=0 TCF=0 TEF=0 FTF=1 FLEVEL=0
01:00:00.637   XSPI2 CCR    =0x00000000  TCR=0x00000000  IR=0x00000000  DLR=0x00000000
01:00:00.643   XSPI2 CALFCR =0x00000000  CALMR=0x00000000  CALSOR=0x00000000  CALSIR=0x00000000
01:00:00.709   GPION MODER  =0x03aaeaaa  OTYPER=0x00000000  OSPEEDR=0x00ff3fff  PUPDR=0x00000005
01:00:00.709   GPION AFR0   =0x09999999  AFR1=0x00009999  IDR=0x00000f7d
01:00:00.709   GPION SECCFGR=0x00001fff  PRIVCFGR=0x00001fff  DELAYR0=0x00000000 DELAYR1=0x00000000  ADVCFGR0=0x00000000 ADVCFGR1=0x00000000
01:00:00.709 --- end ---
01:00:00.709   [ OK ] Reset memory (SPI, STR-OPI, DTR-OPI)
01:00:00.835   [ OK ] Ready (SPI)
01:00:00.835   [ OK ] Read ID (SPI)
01:00:00.835   JEDEC ID: c2 81 3b
01:00:00.835   [ OK ] Manufacturer = Macronix (0xC2)
01:00:00.835   [ OK ] Enter DTR-OPI (CR2: 20 dummy cycles, DOPI)
01:00:00.898   [ OK ] Ready (DTR-OPI)
01:00:00.898   [ OK ] Verify CR2 = DOPI
01:00:00.898   [ OK ] Memory-mapped mode
01:00:00.898 extflash mapped at 0x70000000
01:00:00.898 extflash_init: ret=0
01:00:00.898 
01:00:00.898 [probe] reading 64B @ 0x70180000 ...
01:00:00.898 [probe] OK (no fault, D-cache was on)
01:00:00.898 70180000: f3 02 e9 fc ed 03 0d df ff 03 00 fe ff 00 fe 00
01:00:00.898 70180010: 02 01 f2 fb 00 00 fd 02 ff 06 1a 00 f6 01 01 08
01:00:00.898 70180020: 01 ff fb fa 03 00 02 f8 04 fe f5 0c 12 1b 19 e2
01:00:00.898 70180030: f9 06 02 fc f3 d6 12 f8 00 ff fe ff 00 00 01 ff
01:00:00.898 [probe] FNV-1a 0x568e47bd (expect 0x568e47bd) MATCH
01:00:00.898 npu hw init (AXISRAM3-6, NPU, CACHEAXI, RIF)
01:00:00.898   CPU cache: CCR.DC=1 CCR.IC=1  MSCR=0x0000300a (DCACTIVE=1 ICACTIVE=1 FORCEWT=0)
01:00:00.902   MPU: CTRL=0x00000007 (ENABLE=1 PRIVDEFENA=1) MAIR0=0x004f4f44 MAIR1=0x00000000, enabled regions:
01:00:00.910     region 0: 0x34080f40-0x34080fdf AttrIndx=0
01:00:00.914   RCC CFGR1=0x33330000 (SYSSWS=3, 3=IC2/IC6/IC11)  DIVENR=0x000084e7  IC6CFGR=0x00030000  IC11CFGR=0x00020000
01:00:00.924   IC6  (NPU)    : EN=1 src=PLL1 (1200000000 Hz) / 4 = 300000000 Hz
01:00:00.931   IC11 (NPU RAM): EN=1 src=PLL1 (1200000000 Hz) / 3 = 400000000 Hz
01:00:00.936   [ OK ] NPU clocks enabled by FSBL (SYSSWS=IC2/IC6/IC11, IC6EN, IC11EN)
01:00:00.943   RCC MEMENR 0x000013f0 -> 0x000017ff (AXISRAM2-6EN=11111 CACHEAXIRAMEN=1)
01:00:00.949   [ OK ] memory clocks (AXISRAM2-6, CACHEAXIRAM)
01:00:00.954   RAMCFG AXISRAM2 CR 0x00000000 -> 0x00000000 (already powered)
01:00:00.959   RAMCFG AXISRAM3 CR 0x00100000 -> 0x00000000 (was shut down)
01:00:00.965   RAMCFG AXISRAM4 CR 0x00100000 -> 0x00000000 (was shut down)
01:00:00.971   RAMCFG AXISRAM5 CR 0x00100000 -> 0x00000000 (was shut down)
01:00:00.977   RAMCFG AXISRAM6 CR 0x00100000 -> 0x00000000 (was shut down)
01:00:01.038   [ OK ] AXISRAM2-6 power on (RAMCFG SRAMSD=0)
01:00:01.038   [ram] testing AXISRAM3-6 heads 0x34200000..0x34350000 (D-cache off, interrupts masked) ...
01:00:01.038   [ram] AXISRAM3 @ 0x34200000: MATCH (0 mismatches in 64 words x 2 patterns)
01:00:01.038   [ram] AXISRAM4 @ 0x34270000: MATCH (0 mismatches in 64 words x 2 patterns)
01:00:01.038   [ram] AXISRAM5 @ 0x342e0000: MATCH (0 mismatches in 64 words x 2 patterns)
01:00:01.038   [ram] AXISRAM6 @ 0x34350000: MATCH (0 mismatches in 64 words x 2 patterns)
01:00:01.038   [ OK ] AXISRAM3-6 pattern write/read
01:00:01.041   before: AHB5ENR NPUEN=0 CACHEAXIEN=0  AHB5RSTR NPURST=0 CACHEAXIRST=0
01:00:01.047   [ OK ] NPU clock on, reset released
01:00:01.051   CACHEAXI after reset: SR=0x00000002 (BUSYF=0) after 1 us
01:00:01.056   CACHEAXI CR1=0x00000001 SR=0x00000002
01:00:01.060   [ OK ] NPU cache (CACHEAXI) enabled
01:00:01.064   locks: RIMC_CR.GLOCK=0 RISC_CR.GLOCK=0 RISC RLOCK(NPU)=0
01:00:01.068   RIMC_ATTR1 0x00000000 -> 0x00000310 (MCID=1 MSEC=1 MPRIV=1)
01:00:01.074   RISC_SECCFGR3 0x00000000 -> 0x00000400  RISC_PRIVCFGR3 0x00000000 -> 0x00000400 (NPU = bit10)
01:00:01.083   [ OK ] RIMC: NPU master = CID1, secure, privileged
01:00:01.089   [ OK ] RISC: NPU registers = secure, privileged only
01:00:01.092   [npu] reading ATON CLKCTRL VERSION @ 0x580e0004 ...
01:00:01.097   [npu] no fault. VERSION=0x01b4121f after 1 reads (TYPE=0x1f MAJOR=1 MINOR=2 AGATES=4 BGATES=0x1b) expect 0x01b4121f -> MATCH
01:00:01.108   [ OK ] NPU register read (TYPE/MAJOR/MINOR as ll_aton expects)
01:00:01.114   RISAF (expect all 0 = default filtering, secure+privileged pass):
01:00:01.121   RISAF2  AXISRAM1   : CR=0x00000000 IASR=0x00000000 BREN(region bits)=0x000
01:00:01.128   RISAF3  AXISRAM2   : CR=0x00000000 IASR=0x00000000 BREN(region bits)=0x000
01:00:01.135   RISAF4  NPU MST0   : CR=0x00000000 IASR=0x00000000 BREN(region bits)=0x000
01:00:01.141   RISAF5  NPU MST1   : CR=0x00000000 IASR=0x00000000 BREN(region bits)=0x000
01:00:01.148   RISAF6  AXISRAM3-6 : CR=0x00000000 IASR=0x00000000 BREN(region bits)=0x000
01:00:01.155   RISAF12 XSPI2 flash: CR=0x00000000 IASR=0x00000000 BREN(region bits)=0x000
01:00:01.162 npu hw ready (clk=1 mem=1 ram=1 npu=1 cache=1 rif=1 id=1)
01:00:01.167 npu_hw_init: ret=0
01:00:01.169 tap_ring_init: ret=0
01:00:01.171 notify: 4 target classes (dog crying_baby ...), OOD threshold p>0.50
01:00:01.176 notify: peak gate off (NOTIFY_GATE_PEAK_DBFS=-99)
01:00:01.181 notify_init: ret=0
01:00:01.183 lcd_task_start: ret=0
01:00:01.243 preproc_init: ret=0 (mel LUT 461 coefs, expected 461)
01:00:01.243 npu rt init (ll_aton atonn-v1.1.3-262-g7cc65410, model yamnet_1024_64x96_tl_qdq_int8_OE_3_3_1)
01:00:01.243   stai_runtime_init: rc=0x0
01:00:01.243   [ OK ] stai_runtime_init
01:00:01.243   NVIC IRQ 53 (NPU0): enabled=0 pending=0
01:00:01.243   [ OK ] NPU interrupt disabled (polling only)
01:00:01.243   stai_network_init: rc=0x0 (context 56 B)
01:00:01.243   [ OK ] stai_network_init
01:00:01.243   [ OK ] stai_network_get_info
01:00:01.243   c_model=network (2026-03-30 12:19:29), runtime 1.1.3, tool 4.0.0, macc=0, nodes=101
01:00:01.243   n_inputs=1 n_outputs=1 n_activations=39 n_weights=0
01:00:01.243   [ OK ] stai_network_get_inputs/outputs
01:00:01.243   input  "Input_0_out_0" @ 0x34350000: 6144 B, format=0x00840440, shape=1x64x96x1, scale=30530542 e-9, zero_point=33
01:00:01.251   output "Softmax_102_out_0" @ 0x34350410: 40 B, format=0x00821040, shape=1x10
01:00:01.258   [ OK ] input buffer 32B aligned
01:00:01.261 npu rt ready (inference timeout 100000 us)
01:00:01.264 npu_rt_init: ret=0
01:00:01.266 npu random-input test (reference only, not a pass/fail criterion): seed=2026
01:00:01.337   input in RAM before inference: 0 of 6144 bytes differ from aed_test_input
01:00:01.337   inference: 41369 us
01:00:01.337    # class              npu    ort  ort_noopt  (x1e-4)
01:00:01.337    0 chainsaw            24     44     23
01:00:01.337    1 clock_tick        4174   2648   3153
01:00:01.338    2 crackling_fire      17     16      9
01:00:01.341    3 crying_baby          3      3      1
01:00:01.345    4 dog                  1      1      1
01:00:01.349    5 helicopter        5309   6929   6488
01:00:01.353    6 rain               247    157    187
01:00:01.356    7 rooster            120    109     76
01:00:01.360    8 sea_waves           95     81     56
01:00:01.364    9 sneezing            10     10      6
01:00:01.368   top1: 5 helicopter (5309 x1e-4)
01:00:01.371   max |npu - ort| = 1620, max |npu - ort_noopt| = 1179 (x1e-4)
01:00:01.377   input buffer head @ 0x34350000:
01:00:01.379     expected (source input)  : 2a 79 92 5a 84 2c 4e ad 3f cc 43 86 e7 d9 51 23
01:00:01.387     before inference (RAM)   : 2a 79 92 5a 84 2c 4e ad 3f cc 43 86 e7 d9 51 23
01:00:01.394     after inference (cache)  : c3 19 bd a3 8f 1d ea de da b4 80 80 80 80 80 87
01:00:01.400     after inference (RAM)    : c3 19 bd a3 8f 1d ea de da b4 80 80 80 80 80 87
01:00:01.408   random input: top1 matches PC, output NOT within 500 x1e-4 of a PC reference (reference only)
01:00:01.480 npu logits (reference only; int8 softmax input captured just before epoch 30 @ 0x34350000):
01:00:01.480   [npu] epoch callback installed: before run=1, after run=0
01:00:01.480   [npu] epoch callback calls recorded: 0
01:00:01.480   not captured (er=0, captured=0)
01:00:01.480 ====================================
01:00:01.481 ====================================
01:00:01.484 NPU SELFTEST
01:00:01.486 ====================================
01:00:01.489 ====================================
01:00:01.492 npu clip test: SKIP (AED_USE_TEST_CLIPS=0 to save code space; the preproc test judges 2 clips instead)
01:00:01.501 npu selftest NOT JUDGED
01:00:01.504 ====================================
01:00:01.507 ====================================
01:00:01.510 npu repeat x10 (same input):
01:00:01.573   [ 1]  40730 us, max diff vs first = 0 x1e-4 (bit-identical)
01:00:01.636   [ 2]  40730 us, max diff vs first = 0 x1e-4 (bit-identical)
01:00:01.699   [ 3]  40717 us, max diff vs first = 0 x1e-4 (bit-identical)
01:00:01.699   [ 4]  40725 us, max diff vs first = 0 x1e-4 (bit-identical)
01:00:01.761   [ 5]  40709 us, max diff vs first = 0 x1e-4 (bit-identical)
01:00:01.825   [ 6]  40715 us, max diff vs first = 0 x1e-4 (bit-identical)
01:00:01.886   [ 7]  40730 us, max diff vs first = 0 x1e-4 (bit-identical)
01:00:01.886   [ 8]  40720 us, max diff vs first = 0 x1e-4 (bit-identical)
01:00:01.952   [ 9]  40716 us, max diff vs first = 0 x1e-4 (bit-identical)
01:00:02.027   [10]  40712 us, max diff vs first = 0 x1e-4 (bit-identical)
01:00:02.027   inference time: min=40709 mean=40720 max=40730 us (10 of 10 runs OK)
01:00:02.027 infer_task_start: ret=0
01:00:02.027 WM8904 Device ID = 0x8904
01:00:02.027 WM8904 init (headphone, 16kHz) start
01:00:02.027   [ OK ] SW Reset
01:00:02.027   [ OK ] Clock: CLK_SYS_ENA
01:00:02.027   [ OK ] Bias control (ISEL)
01:00:02.027   [ OK ] VMID control (enable)
01:00:02.027 lcd: pixel clock 25000000 Hz (PLL4 -> IC16, MX_LTDC_Clock_Init st=0)
01:00:02.027 lcd: 800x480, total 812x492 -> refresh 62.57 Hz
01:00:02.027 lcd: rif RIMC_ATTR10 0x00000000 -> 0x00000310 (MCID=1 MSEC=1 MPRIV=1)
01:00:02.027 lcd: rif RISC reg3 bit7 (LTDCL1) SEC 0 -> 1, PRIV 0 -> 1
01:00:02.030 lcd: rif RISAF6.IASR 0x00000000 -> 0x00000000 (cleared before enabling LTDC)
01:00:02.035 lcd: [ OK ] gpio + panel power (PQ3 on, PQ6 backlight, PG13 DE)
01:00:02.047 lcd: [ OK ] ltdc init (hs=4 hbp=4 hfp=4 vs=4 vbp=4 vfp=4)
01:00:02.047 lcd: [ OK ] layer0 L8 + CLUT 16 colors, framebuffer 0x34200000 (384000 B)
01:00:02.052 lcd_init: ret=0
01:00:02.120 lcd: [ OK ] idle "READY" (class band y=192 h=96 scale 4, beat at 8,8)
01:00:02.120   [ OK ] VMID control (settle)
01:00:02.120   [ OK ] Bias control (BIAS_EN)
01:00:02.120   [ OK ] Mic bias enable
01:00:02.120   [ OK ] Power mgmt0 (input disable)
01:00:02.120   [ OK ] Power mgmt2 (HP PGA enable)
01:00:02.120   [ OK ] Clock: CLK_DSP_ENA
01:00:02.123   [ OK ] Power mgmt6 (DAC/ADC enable)
01:00:02.126   [ OK ] Digital mic disable
01:00:02.129   [ OK ] GPIO1 control (default)
01:00:02.132   [ OK ] DRC0 (disabled)
01:00:02.134   [ OK ] Analog ADC0 (OSR128)
01:00:02.137   [ OK ] DAC digital1 (muted)
01:00:02.140   [ OK ] Audio interface0 (ADC src)
01:00:02.144   [ OK ] Audio interface1 (16b/I2S)
01:00:02.148   [ OK ] Clock rates1 (16kHz)
01:00:02.150   [ OK ] HP volume (left)
01:00:02.152   [ OK ] HP volume (right)
01:00:02.155   [ OK ] ADC digital volume (muted)
01:00:02.158   [ OK ] Charge pump enable
01:00:02.160   [ OK ] Analog HP (enable)
01:00:02.164   [ OK ] Analog HP (enable delay)
01:00:02.166   [ OK ] DC servo (channel enable)
01:00:02.169   [ OK ] DC servo (startup trigger)
01:00:02.307   [ OK ] DC servo (startup wait)
01:00:02.307   [ OK ] Analog HP (output enable)
01:00:02.307   [ OK ] Analog HP (remove short)
01:00:02.307   [ OK ] Class W (dynamic power)
01:00:02.307 WM8904 init (headphone, 16kHz) done
01:00:02.307 SAI1 peripheral init OK (kerclk=24571428 mckdiv=12 -> Fs=7998Hz)
01:00:02.307 MDF1 (PDM mic) init OK (step=6)
01:00:02.307 WM8904 DAC unmute OK
01:00:02.307 SAI1 DMA start OK (440Hz sine, output path check)
01:00:03.298 MDF1 acquisition start OK
01:00:03.363 Passthrough ACTIVE (mic -> headphone, prefill=1280 samples, mdf_cb=5)
01:00:03.363 Speak into the onboard mics; you should hear it and avg_abs should rise.
01:00:03.880   pt[0]: min=-5650 max=3932 avg_abs=342 | fifo=1072 under=0 over=0 late=0 mdf_cb=37 mdf_err=0
01:00:04.378 {"win":0,"cls":"unknown","p":0.38,"lat_ms":112,"under":0,"over":0,"late":0}
01:00:04.378 win    0 pos=       0  -37dBFS [#######.............] rms=  475 peak= 5650 seam=- lag=332us
01:00:04.380   -> unknown         p=0.38  preproc=69028us infer=41019us
01:00:04.442 in=15891Hz out=16159Hz ring=1008 under=0 over=0 (dt=1014911us) loglag=67000us
01:00:04.442   pt[1]: min=-1442 max=1482 avg_abs=435 | fifo=864 under=0 over=0 late=0 mdf_cb=69 mdf_err=0
01:00:04.940   pt[2]: min=-1054 max=856 avg_abs=283 | fifo=1056 under=0 over=0 late=0 mdf_cb=101 mdf_err=0
01:00:05.380 win    1 pos=   15360  -37dBFS [#######.............] rms=  476 peak= 1704 seam=ok lag=332us
01:00:05.380   -> unknown         p=0.45  preproc=68970us infer=41042us
01:00:05.440 in=16207Hz out=16078Hz ring=1136 under=0 over=0 (dt=995087us) loglag=67000us
01:00:05.440   pt[3]: min=-958 max=1704 avg_abs=397 | fifo=848 under=0 over=0 late=0 mdf_cb=133 mdf_err=0
01:00:05.940   pt[4]: min=-1564 max=980 avg_abs=334 | fifo=1040 under=0 over=0 late=0 mdf_cb=165 mdf_err=0
01:00:06.322 {"win":2,"cls":"crackling_fire","p":0.52,"lat_ms":112,"under":0,"over":0,"late":0}
01:00:06.322 win    2 pos=   30720  -38dBFS [#######.............] rms=  418 peak= 1564 seam=ok lag=335us
01:00:06.322   -> crackling_fire  p=0.52  preproc=69030us infer=41013us
01:00:06.322 lcd: win 2 -> FIRE p=0.52 (22677 us after notify)
01:00:06.442 in=16128Hz out=16400Hz ring=864 under=0 over=0 (dt=1000000us) loglag=67000us
01:00:06.442   pt[5]: min=-1398 max=806 avg_abs=267 | fifo=832 under=0 over=0 late=0 mdf_cb=197 mdf_err=0
01:00:07.006   pt[6]: min=-828 max=798 avg_abs=210 | fifo=1024 under=0 over=0 late=0 mdf_cb=229 mdf_err=0
01:00:07.257 {"win":3,"cls":"crackling_fire","p":0.66,"lat_ms":112,"under":0,"over":0,"late":0}
01:00:07.257 win    3 pos=   46080  -42dBFS [######..............] rms=  273 peak=  970 seam=ok lag=338us
01:00:07.261   -> crackling_fire  p=0.66  preproc=69035us infer=41017us
01:00:07.315 lcd: win 3 -> FIRE p=0.66 (22973 us after notify)
01:00:07.440 in=16128Hz out=16000Hz ring=992 under=0 over=0 (dt=999999us) loglag=67000us
01:00:07.504   pt[7]: min=-970 max=784 avg_abs=245 | fifo=1072 under=0 over=0 late=0 mdf_cb=262 mdf_err=0
01:00:08.007   pt[8]: min=-732 max=1846 avg_abs=365 | fifo=1264 under=0 over=0 late=0 mdf_cb=294 mdf_err=0
01:00:08.257 {"win":4,"cls":"unknown","p":0.26,"lat_ms":112,"under":0,"over":0,"late":0}
01:00:08.257 win    4 pos=   61440  -38dBFS [#######.............] rms=  434 peak= 1846 seam=ok lag=337us
01:00:08.257   -> unknown         p=0.26  preproc=69042us infer=41038us
01:00:08.440 in=16128Hz out=16000Hz ring=1120 under=0 over=0 (dt=999999us) loglag=67000us
01:00:08.506   pt[9]: min=-1838 max=1478 avg_abs=568 | fifo=1056 under=0 over=0 late=0 mdf_cb=326 mdf_err=0
01:00:09.064   pt[10]: min=-6476 max=3402 avg_abs=641 | fifo=1248 under=0 over=0 late=0 mdf_cb=358 mdf_err=0
01:00:09.199 win    5 pos=   76800  -32dBFS [#########...........] rms=  798 peak= 6476 seam=ok lag=337us
01:00:09.199   -> unknown         p=0.40  preproc=69025us infer=41021us
01:00:09.441 in=16128Hz out=16400Hz ring=848 under=0 over=0 (dt=1000000us) loglag=67000us
01:00:09.565   pt[11]: min=-814 max=1174 avg_abs=264 | fifo=1040 under=0 over=0 late=0 mdf_cb=390 mdf_err=0
01:00:10.131   pt[12]: min=-908 max=1146 avg_abs=262 | fifo=832 under=0 over=0 late=0 mdf_cb=422 mdf_err=0
01:00:10.131 {"win":6,"cls":"sneezing","p":0.59,"lat_ms":112,"under":0,"over":0,"late":0}
01:00:10.141 win    6 pos=   92160  -40dBFS [######..............] rms=  328 peak= 1174 seam=ok lag=338us
01:00:10.148   -> sneezing        p=0.59  preproc=68992us infer=41028us
01:00:10.224 lcd: win 6 -> SNEEZE p=0.59 (30970 us after notify)
01:00:10.475 in=16128Hz out=16000Hz ring=976 under=0 over=0 (dt=1000000us) loglag=95021us
01:00:10.599   pt[13]: min=-1058 max=1500 avg_abs=294 | fifo=1024 under=0 over=0 late=0 mdf_cb=454 mdf_err=0
01:00:11.111   pt[14]: min=-1172 max=1420 avg_abs=295 | fifo=816 under=0 over=0 late=0 mdf_cb=486 mdf_err=0
01:00:11.111 {"win":7,"cls":"unknown","p":0.45,"lat_ms":112,"under":0,"over":0,"late":0}
01:00:11.111 win    7 pos=  107520  -39dBFS [#######.............] rms=  366 peak= 1500 seam=ok lag=334us
01:00:11.111   -> unknown         p=0.45  preproc=69035us infer=41008us
01:00:11.453 in=16128Hz out=16000Hz ring=1104 under=0 over=0 (dt=999999us) loglag=95021us
01:00:11.656   pt[15]: min=-816 max=860 avg_abs=258 | fifo=1264 under=0 over=0 late=0 mdf_cb=519 mdf_err=0
01:00:12.097 {"win":8,"cls":"crackling_fire","p":0.51,"lat_ms":112,"under":0,"over":0,"late":0}
01:00:12.097 win    8 pos=  122880  -38dBFS [#######.............] rms=  418 peak= 1652 seam=ok lag=338us
01:00:12.097   -> crackling_fire  p=0.51  preproc=69026us infer=41021us
01:00:12.097 lcd: win 8 -> FIRE p=0.51 (22676 us after notify)
01:00:12.097   pt[16]: min=-1652 max=944 avg_abs=355 | fifo=1056 under=0 over=0 late=0 mdf_cb=551 mdf_err=0
01:00:12.473 in=16128Hz out=16400Hz ring=832 under=0 over=0 (dt=1000000us) loglag=95021us
01:00:12.665   pt[17]: min=-1352 max=1158 avg_abs=346 | fifo=1248 under=0 over=0 late=0 mdf_cb=583 mdf_err=0
01:00:12.856 #trace begin clk=600000000Hz entries=4096 span_us=9303872 stop=ring-full
01:00:12.856 t_us,id,arg
01:00:12.856 0,3,23
01:00:12.856 1,5,4
01:00:12.856 43,6,4
01:00:12.856 969,2,9
01:00:12.856 971,5,2
01:00:12.856 1016,13,10
01:00:12.856 1022,14,10
01:00:12.856 1022,6,2
01:00:12.856 16847,1,10
01:00:12.856 16849,5,1
01:00:12.856 16894,13,11
01:00:12.856 16900,14,11
01:00:12.856 16900,6,1
01:00:12.856 24803,4,23
01:00:12.856 24805,5,8
01:00:12.856 24846,6,8
01:00:12.923 32712,2,11
01:00:12.923 32713,5,2
01:00:12.923 32759,13,12
01:00:12.923 32764,14,12
01:00:12.923 32765,6,2
01:00:12.923 48581,1,12
01:00:12.923 48583,5,1
01:00:12.923 48628,13,13
01:00:12.923 48634,14,13
01:00:12.923 48634,6,1
01:00:12.923 49596,3,24
01:00:12.923 49597,5,4
01:00:12.923 49639,6,4
01:00:12.923 64446,2,13
01:00:12.923 64447,5,2
01:00:12.923 64493,13,14
01:00:12.923 64499,14,14
01:00:13.057 64499,6,2
01:00:13.057 74385,4,24
01:00:13.057 74386,5,8
01:00:13.057 74428,6,8
01:00:13.057 80311,1,14
01:00:13.057 80312,5,1
01:00:13.057 80358,13,15
01:00:13.057 80364,14,15
01:00:13.057 80364,6,1
01:00:13.057 96177,2,15
01:00:13.057 96178,5,2
01:00:13.057 96224,13,16
01:00:13.057 96230,14,16
01:00:13.057 96230,6,2
01:00:13.057 99173,3,25
01:00:13.057 99175,5,4
01:00:13.057 99217,6,4
01:00:13.057 112036,1,16
01:00:13.057 112037,5,1
01:00:13.057 112083,13,17
01:00:13.057 112088,14,17
01:00:13.057 112089,6,1
01:00:13.057 123951,4,25
01:00:13.057 123952,5,8
01:00:13.057 123994,6,8
01:00:13.057 127892,2,17
01:00:13.057 127894,5,2
01:00:13.057 127939,13,18
01:00:13.057 127945,14,18
01:00:13.057 127945,6,2
01:00:13.057 143755,1,18
01:00:13.118 143757,5,1
01:00:13.118 143802,13,19
01:00:13.118 143808,14,19
01:00:13.118 143808,6,1
01:00:13.118 148736,3,26
01:00:13.118 148737,5,4
01:00:13.118 148779,6,4
01:00:13.118 159624,2,19
01:00:13.118 159626,5,2
01:00:13.118 159671,13,20
01:00:13.118 159677,14,20
01:00:13.118 159678,6,2
01:00:13.118 173531,4,26
01:00:13.118 173532,5,8
01:00:13.118 173574,6,8
01:00:13.118 175493,1,20
01:00:13.118 175494,5,1
01:00:13.118 175540,13,21
01:00:13.118 175545,14,21
01:00:13.118 175546,6,1
01:00:13.118 191359,2,21
01:00:13.118 191360,5,2
01:00:13.118 191406,13,22
01:00:13.118 191412,14,22
01:00:13.118 191412,6,2
01:00:13.118 198323,3,27
01:00:13.118 198324,5,4
01:00:13.118 198366,6,4
01:00:13.118 207227,1,22
01:00:13.118 207228,5,1
01:00:13.118 207274,13,23
01:00:13.118 207279,14,23
01:00:13.181 207280,6,1
01:00:13.181 223093,2,23
01:00:13.181 223094,5,2
01:00:13.181 223115,4,27
01:00:13.181 223141,13,24
01:00:13.181 223147,14,24
01:00:13.181 223147,6,2
01:00:13.181 223148,5,8
01:00:13.181 223190,6,8
01:00:13.181 238958,1,24
01:00:13.181 238959,5,1
01:00:13.181 239004,13,25
01:00:13.181 239010,14,25
01:00:13.181 239010,6,1
01:00:13.181 247902,3,28
01:00:13.181 247904,5,4
01:00:13.181 247945,6,4
01:00:13.181 254818,2,25
01:00:13.181 254819,5,2
01:00:13.181 254865,13,26
01:00:13.181 254871,14,26
01:00:13.181 254871,6,2
01:00:13.181 270695,1,26
01:00:13.181 270697,5,1
01:00:13.181 270742,13,27
01:00:13.181 270748,14,27
01:00:13.181 270748,6,1
01:00:13.181 272701,4,28
01:00:13.181 272702,5,8
01:00:13.181 272744,6,8
01:00:13.181 286563,2,27
01:00:13.181 286564,5,2
01:00:13.186 286610,13,28
01:00:13.186 286616,14,28
01:00:13.187 286616,6,2
01:00:13.189 297498,3,29
01:00:13.189 297500,5,4
01:00:13.189 297542,6,4
01:00:13.189 302436,1,28
01:00:13.189 302437,5,1
01:00:13.189 302483,13,29
01:00:13.189 302489,14,29
01:00:13.197 302489,6,1
01:00:13.197 318300,2,29
01:00:13.198 318301,5,2
01:00:13.199 318346,13,30
01:00:13.201 318352,14,30
01:00:13.202 318353,6,2
01:00:13.272 322291,4,29
01:00:13.272 322292,5,8
01:00:13.272 322335,6,8
01:00:13.272 334165,1,30
01:00:13.272 334167,5,1
01:00:13.272 334212,13,31
01:00:13.272 334218,14,31
01:00:13.272 334218,6,1
01:00:13.272 347077,3,30
01:00:13.272 347079,5,4
01:00:13.272 347121,6,4
01:00:13.272 350033,2,31
01:00:13.272 350034,5,2
01:00:13.272 350080,13,32
01:00:13.272 350085,14,32
01:00:13.272 350086,6,2
01:00:13.272 365903,1,32
01:00:13.272 365904,5,1
01:00:13.272 365950,13,33
01:00:13.272 365955,14,33
01:00:13.272 365955,6,1
01:00:13.272 371878,4,30
01:00:13.272 371879,5,8
01:00:13.272 371921,6,8
01:00:13.272 381771,2,33
01:00:13.272 381772,5,2
01:00:13.272 381818,13,34
01:00:13.272 381823,14,34
01:00:13.272 381824,6,2
01:00:13.272 396665,3,31
01:00:13.272 396667,5,4
01:00:13.272 396709,6,4
01:00:13.272 397634,1,34
01:00:13.272 397635,5,1
01:00:13.272 397681,13,35
01:00:13.283 397686,14,35
01:00:13.283 397687,6,1
01:00:13.283 413496,2,35
01:00:13.283 413497,5,2
01:00:13.283 413543,13,36
01:00:13.285 413549,14,36
01:00:13.285 413549,6,2
01:00:13.287 421448,4,31
01:00:13.288 421450,5,8
01:00:13.289 421492,6,8
01:00:13.289 429353,1,36
01:00:13.289 429354,5,1
01:00:13.289 429400,13,37
01:00:13.347 429405,14,37
01:00:13.347 429406,6,1
01:00:13.347 445214,2,37
01:00:13.347 445216,5,2
01:00:13.347 445262,13,38
01:00:13.347 445268,14,38
01:00:13.347 445268,6,2
01:00:13.347 446228,3,32
01:00:13.347 446229,5,4
01:00:13.347 446271,6,4
01:00:13.347 461081,1,38
01:00:13.347 461083,5,1
01:00:13.347 461128,13,39
01:00:13.347 461134,14,39
01:00:13.347 461134,6,1
01:00:13.347 471025,4,32
01:00:13.347 471026,5,8
01:00:13.347 471068,6,8
01:00:13.347 476952,2,39
01:00:13.347 476953,5,2
01:00:13.347 476999,13,40
01:00:13.347 477005,14,40
01:00:13.347 477005,6,2
01:00:13.347 492812,1,40
01:00:13.347 492813,5,1
01:00:13.347 492859,13,41
01:00:13.347 492864,14,41
01:00:13.352 492865,6,1
01:00:13.352 495808,3,33
01:00:13.352 495810,5,4
01:00:13.352 495852,6,4
01:00:13.352 508678,2,41
01:00:13.414 508679,5,2
01:00:13.414 508725,13,42
01:00:13.414 508730,14,42
01:00:13.414 508731,6,2
01:00:13.414 520596,4,33
01:00:13.414 520597,5,8
01:00:13.414 520639,6,8
01:00:13.414 524537,1,42
01:00:13.414 524538,5,1
01:00:13.414 524584,13,43
01:00:13.414 524589,14,43
01:00:13.414 524590,6,1
01:00:13.414 540399,2,43
01:00:13.414 540401,5,2
01:00:13.414 540446,13,44
01:00:13.414 540452,14,44
01:00:13.414 540452,6,2
01:00:13.414 545376,3,34
01:00:13.414 545378,5,4
01:00:13.414 545420,6,4
01:00:13.414 556257,1,44
01:00:13.414 556259,5,1
01:00:13.414 556304,13,45
01:00:13.414 556310,14,45
01:00:13.414 556310,6,1
01:00:13.414 570154,4,34
01:00:13.414 570156,5,8
01:00:13.414 570198,6,8
01:00:13.414 572116,2,45
01:00:13.414 572117,5,2
01:00:13.414 572163,13,46
01:00:13.414 572168,14,46
01:00:13.472 572169,6,2
01:00:13.472 587976,1,46
01:00:13.472 587977,5,1
01:00:13.472 588023,13,47
01:00:13.472 588028,14,47
01:00:13.472 588029,6,1
01:00:13.472 594937,3,35
01:00:13.472 594939,5,4
01:00:13.472 594981,6,4
01:00:13.472 603843,2,47
01:00:13.472 603844,5,2
01:00:13.472 603890,13,48
01:00:13.472 603896,14,48
01:00:13.472 603896,6,2
01:00:13.472 619718,1,48
01:00:13.472 619719,5,1
01:00:13.472 619740,4,35
01:00:13.472 619766,13,49
01:00:13.472 619772,14,49
01:00:13.472 619772,6,1
01:00:13.472 619773,5,8
01:00:13.472 619815,6,8
01:00:13.472 635586,2,49
01:00:13.472 635588,5,2
01:00:13.472 635633,13,50
01:00:13.472 635639,14,50
01:00:13.472 635639,6,2
01:00:13.472 644535,3,36
01:00:13.472 644536,5,4
01:00:13.472 644579,6,4
01:00:13.472 651452,1,50
01:00:13.474 651453,5,1
01:00:13.548 651499,13,51
01:00:13.548 651505,14,51
01:00:13.548 651505,6,1
01:00:13.548 667324,2,51
01:00:13.548 667326,5,2
01:00:13.548 667372,13,52
01:00:13.548 667378,14,52
01:00:13.548 667378,6,2
01:00:13.548 669330,4,36
01:00:13.548 669331,5,8
01:00:13.548 669373,6,8
01:00:13.548 683196,1,52
01:00:13.548 683197,5,1
01:00:13.548 683243,13,53
01:00:13.548 683249,14,53
01:00:13.548 683249,6,1
01:00:13.548 694124,3,37
01:00:13.548 694126,5,4
01:00:13.548 694168,6,4
01:00:13.548 699059,2,53
01:00:13.548 699061,5,2
01:00:13.548 699106,13,54
01:00:13.548 699112,14,54
01:00:13.548 699112,6,2
01:00:13.548 714923,1,54
01:00:13.548 714924,5,1
01:00:13.548 714970,13,55
01:00:13.548 714975,14,55
01:00:13.548 714976,6,1
01:00:13.548 718916,4,37
01:00:13.548 718917,5,8
01:00:13.548 718960,6,8
01:00:13.548 730803,2,55
01:00:13.548 730804,5,2
01:00:13.548 730850,13,56
01:00:13.548 730856,14,56
01:00:13.548 730856,6,2
01:00:13.548 743724,3,38
01:00:13.548 743725,5,4
01:00:13.548 743767,6,4
01:00:13.548 746677,1,56
01:00:13.548 746679,5,1
01:00:13.548 746724,13,57
01:00:13.548 746730,14,57
01:00:13.548 746730,6,1
01:00:13.548 762548,2,57
01:00:13.564 762549,5,2
01:00:13.564 762595,13,58
01:00:13.631 762600,14,58
01:00:13.631 762601,6,2
01:00:13.631 768526,4,38
01:00:13.631 768527,5,8
01:00:13.631 768569,6,8
01:00:13.631 778432,1,58
01:00:13.631 778433,5,1
01:00:13.631 778479,13,59
01:00:13.631 778485,14,59
01:00:13.631 778485,6,1
01:00:13.631 793339,3,39
01:00:13.631 793341,5,4
01:00:13.631 793383,6,4
01:00:13.631 794309,2,59
01:00:13.631 794310,5,2
01:00:13.631 794356,13,60
01:00:13.631 794362,14,60
01:00:13.631 794362,6,2
01:00:13.631 810184,1,60
01:00:13.631 810186,5,1
01:00:13.631 810231,13,61
01:00:13.631 810238,15,0
01:00:13.631 810238,14,61
01:00:13.631 810238,6,1
01:00:13.631 810570,16,0
01:00:13.631 818144,4,39
01:00:13.631 818147,5,8
01:00:13.631 818189,6,8
01:00:13.631 826060,2,61
01:00:13.631 826061,5,2
01:00:13.631 826107,13,62
01:00:13.631 826113,14,62
01:00:13.691 826113,6,2
01:00:13.691 841930,1,62
01:00:13.691 841931,5,1
01:00:13.691 841977,13,63
01:00:13.691 841983,14,63
01:00:13.691 841983,6,1
01:00:13.691 842944,3,40
01:00:13.691 842946,5,4
01:00:13.691 842988,6,4
01:00:13.691 857800,2,63
01:00:13.691 857802,5,2
01:00:13.691 857847,13,64
01:00:13.691 857853,14,64
01:00:13.691 857853,6,2
01:00:13.691 867734,4,40
01:00:13.691 867736,5,8
01:00:13.691 867779,6,8
01:00:13.691 873662,1,64
01:00:13.691 873664,5,1
01:00:13.691 873710,13,65
01:00:13.691 873716,14,65
01:00:13.691 873716,6,1
01:00:13.691 881293,9,13
01:00:13.691 889531,2,65
01:00:13.691 889533,5,2
01:00:13.691 889579,13,66
01:00:13.691 889586,14,66
01:00:13.691 889586,6,2
01:00:13.691 892526,3,41
01:00:13.691 892528,5,4
01:00:13.691 892571,6,4
01:00:13.691 905393,1,66
01:00:13.757 905395,5,1
01:00:13.757 905441,13,67
01:00:13.757 905447,14,67
01:00:13.757 905448,6,1
01:00:13.757 917317,4,41
01:00:13.757 917319,5,8
01:00:13.757 917362,6,8
01:00:13.757 921262,2,67
01:00:13.757 921264,5,2
01:00:13.757 921309,13,68
01:00:13.757 921315,14,68
01:00:13.757 921316,6,2
01:00:13.757 922311,10,13
01:00:13.757 937207,1,68
01:00:13.757 937210,5,1
01:00:13.757 937256,13,69
01:00:13.757 937262,14,69
01:00:13.757 937262,6,1
01:00:13.757 942510,3,42
01:00:13.757 942512,5,4
01:00:13.757 942554,6,4
01:00:13.757 957695,2,69
01:00:13.757 957697,5,2
01:00:13.757 957743,13,70
01:00:13.757 957749,14,70
01:00:13.757 957750,6,2
01:00:13.757 966900,4,42
01:00:13.757 966902,5,8
01:00:13.757 966944,6,8
01:00:13.757 968863,1,70
01:00:13.757 968864,5,1
01:00:13.757 968910,13,71
01:00:13.768 968916,14,71
01:00:13.768 968916,6,1
01:00:13.768 984739,2,71
01:00:13.768 984740,5,2
01:00:13.768 984786,13,72
01:00:13.768 984791,14,72
01:00:13.768 984792,6,2
01:00:13.768 991706,3,43
01:00:13.768 991708,5,4
01:00:13.768 991750,6,4
01:00:13.768 1000619,1,72
01:00:13.772 1000621,5,1
01:00:13.772 1000666,13,73
01:00:13.772 1000672,14,73
01:00:13.772 1000672,6,1
01:00:13.772 1016493,2,73
01:00:13.831 1016495,5,2
01:00:13.831 1016515,4,43
01:00:13.831 1016542,13,74
01:00:13.831 1016547,14,74
01:00:13.831 1016548,6,2
01:00:13.831 1016548,5,8
01:00:13.831 1016590,6,8
01:00:13.831 1032363,1,74
01:00:13.831 1032364,5,1
01:00:13.831 1032410,13,75
01:00:13.831 1032415,14,75
01:00:13.831 1032416,6,1
01:00:13.831 1041310,3,44
01:00:13.831 1041311,5,4
01:00:13.831 1041353,6,4
01:00:13.831 1048230,2,75
01:00:13.831 1048232,5,2
01:00:13.831 1048277,13,76
01:00:13.831 1048283,14,76
01:00:13.831 1048284,6,2
01:00:13.831 1064102,1,76
01:00:13.831 1064104,5,1
01:00:13.831 1064149,13,77
01:00:13.831 1064155,14,77
01:00:13.831 1064155,6,1
01:00:13.831 1066108,4,44
01:00:13.831 1066109,5,8
01:00:13.831 1066151,6,8
01:00:13.831 1079975,2,77
01:00:13.831 1079976,5,2
01:00:13.831 1080022,13,78
01:00:13.838 1080028,14,78
01:00:13.898 1080028,6,2
01:00:13.898 1090909,3,45
01:00:13.898 1090911,5,4
01:00:14.022 1090953,6,4
01:00:14.022 1095847,1,78
01:00:14.022 1095849,5,1
01:00:14.022 1095894,13,79
01:00:14.022 1095900,14,79
01:00:14.022 1095900,6,1
01:00:14.022 1111713,2,79
01:00:14.022 1111715,5,2
01:00:14.022 1111760,13,80
01:00:14.022 1111766,14,80
01:00:14.022 1111766,6,2
01:00:14.022 1115702,4,45
01:00:14.022 1115703,5,8
01:00:14.022 1115745,6,8
01:00:14.022 1127585,1,80
01:00:14.022 1127586,5,1
01:00:14.022 1127632,13,81
01:00:14.022 1127638,14,81
01:00:14.022 1127638,6,1
01:00:14.022 1140511,3,46
01:00:14.022 1140512,5,4
01:00:14.022 1140554,6,4
01:00:14.022 1143464,2,81
01:00:14.022 1143466,5,2
01:00:14.022 1143511,13,82
01:00:14.022 1143517,14,82
01:00:14.022 1143517,6,2
01:00:14.022 1159342,1,82
01:00:14.022 1159343,5,1
01:00:14.081 1159389,13,83
01:00:14.081 1159394,14,83
01:00:14.081 1159395,6,1
01:00:14.081 1165316,4,46
01:00:14.081 1165317,5,8
01:00:14.081 1165360,6,8
01:00:14.081 1175208,2,83
01:00:14.081 1175209,5,2
01:00:14.081 1175255,13,84
01:00:14.081 1175261,14,84
01:00:14.081 1175261,6,2
01:00:14.081 1190111,3,47
01:00:14.081 1190112,5,4
01:00:14.081 1190154,6,4
01:00:14.081 1191080,1,84
01:00:14.081 1191081,5,1
01:00:14.081 1191127,13,85
01:00:14.081 1191132,14,85
01:00:14.081 1191133,6,1
01:00:14.081 1206942,2,85
01:00:14.081 1206943,5,2
01:00:14.081 1206989,13,86
01:00:14.081 1206995,14,86
01:00:14.081 1206995,6,2
01:00:14.081 1214896,4,47
01:00:14.081 1214898,5,8
01:00:14.081 1214940,6,8
01:00:14.081 1222804,1,86
01:00:14.081 1222806,5,1
01:00:14.081 1222851,13,87
01:00:14.081 1222857,14,87
01:00:14.081 1222857,6,1
01:00:14.156 1238673,2,87
01:00:14.156 1238674,5,2
01:00:14.156 1238720,13,88
01:00:14.156 1238726,14,88
01:00:14.156 1238726,6,2
01:00:14.156 1239687,3,48
01:00:14.156 1239689,5,4
01:00:14.156 1239730,6,4
01:00:14.156 1254544,1,88
01:00:14.156 1254545,5,1
01:00:14.156 1254591,13,89
01:00:14.156 1254597,14,89
01:00:14.156 1254597,6,1
01:00:14.156 1264488,4,48
01:00:14.156 1264490,5,8
01:00:14.156 1264532,6,8
01:00:14.156 1270419,2,89
01:00:14.156 1270420,5,2
01:00:14.156 1270466,13,90
01:00:14.156 1270471,14,90
01:00:14.156 1270472,6,2
01:00:14.156 1286284,1,90
01:00:14.156 1286286,5,1
01:00:14.156 1286331,13,91
01:00:14.156 1286337,14,91
01:00:14.156 1286337,6,1
01:00:14.156 1289283,3,49
01:00:14.156 1289284,5,4
01:00:14.156 1289326,6,4
01:00:14.156 1302160,2,91
01:00:14.156 1302161,5,2
01:00:14.156 1302207,13,92
01:00:14.156 1302212,14,92
01:00:14.156 1302213,6,2
01:00:14.156 1314087,4,49
01:00:14.161 1314088,5,8
01:00:14.161 1314130,6,8
01:00:14.161 1318037,1,92
01:00:14.161 1318038,5,1
01:00:14.161 1318084,13,93
01:00:14.162 1318089,14,93
01:00:14.164 1318089,6,1
01:00:14.164 1333910,2,93
01:00:14.164 1333912,5,2
01:00:14.167 1333957,13,94
01:00:14.167 1333963,14,94
01:00:14.167 1333963,6,2
01:00:14.167 1338891,3,50
01:00:14.235 1338892,5,4
01:00:14.235 1338935,6,4
01:00:14.235 1349779,1,94
01:00:14.235 1349780,5,1
01:00:14.235 1349826,13,95
01:00:14.235 1349831,14,95
01:00:14.235 1349832,6,1
01:00:14.235 1363686,4,50
01:00:14.235 1363687,5,8
01:00:14.235 1363730,6,8
01:00:14.235 1365648,2,95
01:00:14.235 1365649,5,2
01:00:14.235 1365695,13,96
01:00:14.235 1365701,14,96
01:00:14.235 1365701,6,2
01:00:14.235 1381525,1,96
01:00:14.235 1381527,5,1
01:00:14.235 1381572,13,97
01:00:14.235 1381578,14,97
01:00:14.235 1381578,6,1
01:00:14.235 1388488,3,51
01:00:14.235 1388490,5,4
01:00:14.235 1388532,6,4
01:00:14.235 1397392,2,97
01:00:14.235 1397393,5,2
01:00:14.235 1397439,13,98
01:00:14.235 1397445,14,98
01:00:14.235 1397445,6,2
01:00:14.235 1413273,1,98
01:00:14.235 1413274,5,1
01:00:14.235 1413295,4,51
01:00:14.235 1413321,13,99
01:00:14.297 1413327,14,99
01:00:14.297 1413327,6,1
01:00:14.297 1413328,5,8
01:00:14.297 1413370,6,8
01:00:14.297 1429164,2,99
01:00:14.297 1429165,5,2
01:00:14.297 1429211,13,100
01:00:14.297 1429217,14,100
01:00:14.297 1429217,6,2
01:00:14.297 1438125,3,52
01:00:14.297 1438126,5,4
01:00:14.297 1438168,6,4
01:00:14.297 1445052,1,100
01:00:14.297 1445053,5,1
01:00:14.297 1445099,13,101
01:00:14.297 1445104,14,101
01:00:14.297 1445104,6,1
01:00:14.297 1460941,2,101
01:00:14.297 1460942,5,2
01:00:14.297 1460988,13,102
01:00:14.297 1460994,14,102
01:00:14.297 1460994,6,2
01:00:14.297 1462948,4,52
01:00:14.297 1462949,5,8
01:00:14.297 1462991,6,8
01:00:14.297 1476822,1,102
01:00:14.297 1476823,5,1
01:00:14.297 1476869,13,103
01:00:14.297 1476875,14,103
01:00:14.297 1476875,6,1
01:00:14.297 1487764,3,53
01:00:14.297 1487766,5,4
01:00:14.374 1487808,6,4
01:00:14.374 1492702,2,103
01:00:14.374 1492703,5,2
01:00:14.374 1492748,13,104
01:00:14.374 1492754,14,104
01:00:14.374 1492754,6,2
01:00:14.374 1508571,1,104
01:00:14.374 1508572,5,1
01:00:14.374 1508617,13,105
01:00:14.374 1508623,14,105
01:00:14.374 1508623,6,1
01:00:14.374 1512557,4,53
01:00:14.374 1512558,5,8
01:00:14.374 1512600,6,8
01:00:14.374 1524428,2,105
01:00:14.374 1524429,5,2
01:00:14.374 1524474,13,106
01:00:14.374 1524480,14,106
01:00:14.374 1524480,6,2
01:00:14.374 1537344,3,54
01:00:14.374 1537345,5,4
01:00:14.374 1537387,6,4
01:00:14.374 1540298,1,106
01:00:14.374 1540299,5,1
01:00:14.374 1540344,13,107
01:00:14.374 1540350,14,107
01:00:14.374 1540350,6,1
01:00:14.374 1556178,2,107
01:00:14.374 1556180,5,2
01:00:14.374 1556225,13,108
01:00:14.374 1556231,14,108
01:00:14.374 1556231,6,2
01:00:14.374 1562154,4,54
01:00:14.382 1562155,5,8
01:00:14.382 1562197,6,8
01:00:14.382 1572051,1,108
01:00:14.382 1572053,5,1
01:00:14.382 1572098,13,109
01:00:14.383 1572104,14,109
01:00:14.384 1572104,6,1
01:00:14.385 1586945,3,55
01:00:14.385 1586947,5,4
01:00:14.387 1586989,6,4
01:00:14.388 1587915,2,109
01:00:14.389 1587917,5,2
01:00:14.391 1587962,13,110
01:00:14.391 1587968,14,110
01:00:14.393 1587968,6,2
01:00:14.455 1603780,1,110
01:00:14.455 1603782,5,1
01:00:14.455 1603827,13,111
01:00:14.455 1603833,14,111
01:00:14.455 1603833,6,1
01:00:14.455 1611739,4,55
01:00:14.455 1611740,5,8
01:00:14.455 1611782,6,8
01:00:14.455 1619656,2,111
01:00:14.455 1619657,5,2
01:00:14.455 1619703,13,112
01:00:14.455 1619709,14,112
01:00:14.455 1619709,6,2
01:00:14.455 1635533,1,112
01:00:14.455 1635534,5,1
01:00:14.455 1635580,13,113
01:00:14.455 1635586,14,113
01:00:14.455 1635586,6,1
01:00:14.455 1636548,3,56
01:00:14.455 1636549,5,4
01:00:14.455 1636592,6,4
01:00:14.455 1651414,2,113
01:00:14.455 1651415,5,2
01:00:14.455 1651461,13,114
01:00:14.455 1651466,14,114
01:00:14.460 1651467,6,2
01:00:14.460 1661362,4,56
01:00:14.460 1661363,5,8
01:00:14.460 1661405,6,8
01:00:14.461 1667298,1,114
01:00:14.462 1667299,5,1
01:00:14.464 1667345,13,115
01:00:14.523 1667350,14,115
01:00:14.523 1667351,6,1
01:00:14.523 1683168,2,115
01:00:14.523 1683170,5,2
01:00:14.523 1683216,13,116
01:00:14.523 1683221,14,116
01:00:14.523 1683222,6,2
01:00:14.523 1686166,3,57
01:00:14.523 1686167,5,4
01:00:14.523 1686210,6,4
01:00:14.523 1699039,1,116
01:00:14.523 1699041,5,1
01:00:14.523 1699086,13,117
01:00:14.523 1699092,14,117
01:00:14.523 1699092,6,1
01:00:14.523 1710970,4,57
01:00:14.523 1710971,5,8
01:00:14.523 1711013,6,8
01:00:14.523 1714916,2,117
01:00:14.523 1714918,5,2
01:00:14.523 1714964,13,118
01:00:14.523 1714969,14,118
01:00:14.526 1714970,6,2
01:00:14.526 1730783,1,118
01:00:14.526 1730785,5,1
01:00:14.528 1730830,13,119
01:00:14.528 1730836,14,119
01:00:14.530 1730836,6,1
01:00:14.531 1735761,3,58
01:00:14.531 1735762,5,4
01:00:14.533 1735804,6,4
01:00:14.535 1746649,2,119
01:00:14.598 1746650,5,2
01:00:14.598 1746696,13,120
01:00:14.598 1746701,14,120
01:00:14.598 1746702,6,2
01:00:14.598 1760552,4,58
01:00:14.598 1760554,5,8
01:00:14.598 1760596,6,8
01:00:14.598 1762513,1,120
01:00:14.598 1762515,5,1
01:00:14.598 1762560,13,121
01:00:14.598 1762567,15,1
01:00:14.598 1762567,14,121
01:00:14.598 1762568,6,1
01:00:14.598 1762899,16,1
01:00:14.598 1778387,2,121
01:00:14.598 1778389,5,2
01:00:14.598 1778435,13,122
01:00:14.598 1778441,14,122
01:00:14.598 1778441,6,2
01:00:14.598 1785355,3,59
01:00:14.598 1785357,5,4
01:00:14.598 1785399,6,4
01:00:14.598 1794267,1,122
01:00:14.598 1794269,5,1
01:00:14.598 1794315,13,123
01:00:14.598 1794321,14,123
01:00:14.598 1794321,6,1
01:00:14.598 1810162,2,123
01:00:14.598 1810164,5,2
01:00:14.598 1810184,4,59
01:00:14.598 1810212,13,124
01:00:14.598 1810217,14,124
01:00:14.664 1810218,6,2
01:00:14.664 1810218,5,8
01:00:14.664 1810261,6,8
01:00:14.664 1826066,1,124
01:00:14.664 1826068,5,1
01:00:14.664 1826114,13,125
01:00:14.664 1826119,14,125
01:00:14.664 1826120,6,1
01:00:14.664 1833576,9,14
01:00:14.664 1835027,3,60
01:00:14.664 1835030,5,4
01:00:14.664 1835073,6,4
01:00:14.664 1841957,2,125
01:00:14.664 1841959,5,2
01:00:14.664 1842005,13,126
01:00:14.664 1842011,14,126
01:00:14.664 1842011,6,2
01:00:14.664 1857851,1,126
01:00:14.664 1857854,5,1
01:00:14.664 1857900,13,127
01:00:14.664 1857906,14,127
01:00:14.664 1857906,6,1
01:00:14.664 1859859,4,60
01:00:14.664 1859861,5,8
01:00:14.664 1859904,6,8
01:00:14.664 1873747,2,127
01:00:14.664 1873749,5,2
01:00:14.664 1873795,13,128
01:00:14.664 1873801,14,128
01:00:14.664 1873801,6,2
01:00:14.664 1874618,10,14
01:00:14.670 1888104,3,61
01:00:14.722 1888106,5,4
01:00:14.722 1888149,6,4
01:00:14.722 1889647,1,128
01:00:14.722 1889648,5,1
01:00:14.722 1889694,13,129
01:00:14.722 1889700,14,129
01:00:14.722 1889700,6,1
01:00:14.722 1905543,2,129
01:00:14.722 1905544,5,2
01:00:14.722 1905590,13,130
01:00:14.722 1905596,14,130
01:00:14.722 1905596,6,2
01:00:14.722 1909538,4,61
01:00:14.722 1909539,5,8
01:00:14.722 1909582,6,8
01:00:14.722 1921436,1,130
01:00:14.722 1921437,5,1
01:00:14.722 1921483,13,131
01:00:14.722 1921489,14,131
01:00:14.722 1921489,6,1
01:00:14.722 1934397,3,62
01:00:14.726 1934399,5,4
01:00:14.726 1934441,6,4
01:00:14.727 1937416,2,131
01:00:14.727 1937417,5,2
01:00:14.729 1937463,13,132
01:00:14.731 1937469,14,132
01:00:14.731 1937469,6,2
01:00:14.731 1953226,1,132
01:00:14.731 1953228,5,1
01:00:14.731 1953273,13,133
01:00:14.731 1953279,14,133
01:00:14.797 1953279,6,1
01:00:14.797 1959206,4,62
01:00:14.797 1959208,5,8
01:00:14.797 1959250,6,8
01:00:14.797 1970515,2,133
01:00:14.797 1970517,5,2
01:00:14.797 1970563,13,134
01:00:14.797 1970569,14,134
01:00:14.797 1970569,6,2
01:00:14.797 1984030,3,63
01:00:14.797 1984031,5,4
01:00:14.797 1984073,6,4
01:00:14.797 1985000,1,134
01:00:14.797 1985002,5,1
01:00:14.797 1985047,13,135
01:00:14.797 1985053,14,135
01:00:14.797 1985053,6,1
01:00:14.797 2000885,2,135
01:00:14.797 2000886,5,2
01:00:14.797 2000932,13,136
01:00:14.797 2000938,14,136
01:00:14.797 2000938,6,2
01:00:14.797 2008851,4,63
01:00:14.797 2008852,5,8
01:00:14.797 2008894,6,8
01:00:14.802 2016773,1,136
01:00:14.802 2016775,5,1
01:00:14.802 2016820,13,137
01:00:14.803 2016826,14,137
01:00:14.806 2016826,6,1
01:00:14.806 2032665,2,137
01:00:14.806 2032666,5,2
01:00:14.999 2032712,13,138
01:00:14.999 2032717,14,138
01:00:14.999 2032718,6,2
01:00:14.999 2033679,3,64
01:00:14.999 2033681,5,4
01:00:14.999 2033723,6,4
01:00:14.999 2048548,1,138
01:00:14.999 2048550,5,1
01:00:14.999 2048595,13,139
01:00:14.999 2048601,14,139
01:00:14.999 2048601,6,1
01:00:14.999 2058507,4,64
01:00:14.999 2058509,5,8
01:00:14.999 2058550,6,8
01:00:14.999 2064448,2,139
01:00:14.999 2064449,5,2
01:00:14.999 2064495,13,140
01:00:14.999 2064501,14,140
01:00:14.999 2064501,6,2
01:00:14.999 2080336,1,140
01:00:14.999 2080338,5,1
01:00:14.999 2080383,13,141
01:00:14.999 2080389,14,141
01:00:14.999 2080389,6,1
01:00:14.999 2083338,3,65
01:00:14.999 2083340,5,4
01:00:14.999 2083382,6,4
01:00:14.999 2096231,2,141
01:00:14.999 2096233,5,2
01:00:14.999 2096278,13,142
01:00:14.999 2096284,14,142
01:00:14.999 2096284,6,2
01:00:15.006 2108178,4,65
01:00:15.006 2108179,5,8
01:00:15.006 2108221,6,8
01:00:15.006 2112131,1,142
01:00:15.006 2112132,5,1
01:00:15.006 2112178,13,143
01:00:15.006 2112184,14,143
01:00:15.006 2112184,6,1
01:00:15.006 2128031,2,143
01:00:15.006 2128032,5,2
01:00:15.006 2128078,13,144
01:00:15.014 2128083,14,144
01:00:15.014 2128084,6,2
01:00:15.014 2133021,3,66
01:00:15.014 2133023,5,4
01:00:15.014 2133065,6,4
01:00:15.072 2143930,1,144
01:00:15.072 2143931,5,1
01:00:15.072 2143977,13,145
01:00:15.072 2143983,14,145
01:00:15.072 2143983,6,1
01:00:15.072 2157860,4,66
01:00:15.072 2157861,5,8
01:00:15.072 2157903,6,8
01:00:15.072 2159826,2,145
01:00:15.072 2159828,5,2
01:00:15.072 2159873,13,146
01:00:15.072 2159879,14,146
01:00:15.072 2159879,6,2
01:00:15.072 2175734,1,146
01:00:15.072 2175735,5,1
01:00:15.072 2175781,13,147
01:00:15.072 2175786,14,147
01:00:15.072 2175787,6,1
01:00:15.072 2182712,3,67
01:00:15.072 2182713,5,4
01:00:15.072 2182755,6,4
01:00:15.072 2191639,2,147
01:00:15.072 2191640,5,2
01:00:15.072 2191686,13,148
01:00:15.080 2191692,14,148
01:00:15.081 2191692,6,2
01:00:15.083 2207545,1,148
01:00:15.084 2207547,5,1
01:00:15.085 2207568,4,67
01:00:15.086 2207594,13,149
01:00:15.088 2207599,14,149
01:00:15.089 2207600,6,1
01:00:15.147 2207600,5,8
01:00:15.147 2207642,6,8
01:00:15.147 2223444,2,149
01:00:15.147 2223445,5,2
01:00:15.147 2223491,13,150
01:00:15.147 2223497,14,150
01:00:15.147 2223497,6,2
01:00:15.147 2232412,3,68
01:00:15.147 2232413,5,4
01:00:15.147 2232455,6,4
01:00:15.147 2239346,1,150
01:00:15.147 2239347,5,1
01:00:15.147 2239393,13,151
01:00:15.147 2239398,14,151
01:00:15.147 2239399,6,1
01:00:15.147 2255245,2,151
01:00:15.147 2255246,5,2
01:00:15.147 2255292,13,152
01:00:15.147 2255298,14,152
01:00:15.147 2255298,6,2
01:00:15.147 2257253,4,68
01:00:15.147 2257255,5,8
01:00:15.147 2257296,6,8
01:00:15.147 2271144,1,152
01:00:15.147 2271145,5,1
01:00:15.147 2271191,13,153
01:00:15.147 2271196,14,153
01:00:15.156 2271196,6,1
01:00:15.156 2282088,3,69
01:00:15.158 2282090,5,4
01:00:15.159 2282131,6,4
01:00:15.160 2287036,2,153
01:00:15.223 2287038,5,2
01:00:15.223 2287083,13,154
01:00:15.223 2287089,14,154
01:00:15.223 2287089,6,2
01:00:15.223 2302941,1,154
01:00:15.223 2302942,5,1
01:00:15.223 2302988,13,155
01:00:15.223 2302993,14,155
01:00:15.223 2302994,6,1
01:00:15.223 2306942,4,69
01:00:15.223 2306943,5,8
01:00:15.223 2306985,6,8
01:00:15.223 2318842,2,155
01:00:15.223 2318843,5,2
01:00:15.223 2318889,13,156
01:00:15.223 2318894,14,156
01:00:15.223 2318895,6,2
01:00:15.223 2331780,3,70
01:00:15.223 2331781,5,4
01:00:15.223 2331823,6,4
01:00:15.223 2334740,1,156
01:00:15.223 2334741,5,1
01:00:15.223 2334787,13,157
01:00:15.223 2334792,14,157
01:00:15.223 2334793,6,1
01:00:15.223 2350638,2,157
01:00:15.227 2350639,5,2
01:00:15.227 2350685,13,158
01:00:15.227 2350690,14,158
01:00:15.228 2350691,6,2
01:00:15.229 2356619,4,70
01:00:15.231 2356621,5,8
01:00:15.288 2356663,6,8
01:00:15.288 2366529,1,158
01:00:15.288 2366530,5,1
01:00:15.288 2366576,13,159
01:00:15.288 2366581,14,159
01:00:15.288 2366582,6,1
01:00:15.288 2381445,3,71
01:00:15.288 2381447,5,4
01:00:15.288 2381489,6,4
01:00:15.288 2382416,2,159
01:00:15.288 2382418,5,2
01:00:15.288 2382463,13,160
01:00:15.288 2382469,14,160
01:00:15.288 2382469,6,2
01:00:15.288 2398315,1,160
01:00:15.288 2398316,5,1
01:00:15.288 2398362,13,161
01:00:15.288 2398367,14,161
01:00:15.288 2398368,6,1
01:00:15.288 2406290,4,71
01:00:15.288 2406291,5,8
01:00:15.289 2406334,6,8
01:00:15.289 2414217,2,161
01:00:15.289 2414219,5,2
01:00:15.289 2414264,13,162
01:00:15.289 2414270,14,162
01:00:15.289 2414271,6,2
01:00:15.289 2430110,1,162
01:00:15.297 2430112,5,1
01:00:15.299 2430157,13,163
01:00:15.300 2430163,14,163
01:00:15.301 2430163,6,1
01:00:15.364 2431126,3,72
01:00:15.364 2431127,5,4
01:00:15.364 2431170,6,4
01:00:15.364 2446008,2,163
01:00:15.364 2446010,5,2
01:00:15.364 2446055,13,164
01:00:15.364 2446061,14,164
01:00:15.364 2446061,6,2
01:00:15.364 2455957,4,72
01:00:15.364 2455958,5,8
01:00:15.364 2456000,6,8
01:00:15.364 2461891,1,164
01:00:15.364 2461892,5,1
01:00:15.364 2461938,13,165
01:00:15.364 2461943,14,165
01:00:15.364 2461944,6,1
01:00:15.364 2480602,2,165
01:00:15.364 2480604,5,2
01:00:15.364 2480650,13,166
01:00:15.364 2480655,14,166
01:00:15.364 2480656,6,2
01:00:15.364 2480774,3,73
01:00:15.364 2480775,5,4
01:00:15.364 2480817,6,4
01:00:15.364 2493656,1,166
01:00:15.364 2493658,5,1
01:00:15.364 2493703,13,167
01:00:15.364 2493709,14,167
01:00:15.364 2493709,6,1
01:00:15.364 2505595,4,73
01:00:15.372 2505596,5,8
01:00:15.372 2505638,6,8
01:00:15.424 2509546,2,167
01:00:15.424 2509547,5,2
01:00:15.424 2509593,13,168
01:00:15.424 2509599,14,168
01:00:15.424 2509599,6,2
01:00:15.424 2525434,1,168
01:00:15.424 2525436,5,1
01:00:15.424 2525481,13,169
01:00:15.424 2525487,14,169
01:00:15.424 2525487,6,1
01:00:15.424 2530421,3,74
01:00:15.424 2530422,5,4
01:00:15.424 2530464,6,4
01:00:15.424 2541321,2,169
01:00:15.424 2541322,5,2
01:00:15.424 2541368,13,170
01:00:15.424 2541373,14,170
01:00:15.428 2541374,6,2
01:00:15.428 2555249,4,74
01:00:15.428 2555251,5,8
01:00:15.429 2555293,6,8
01:00:15.430 2557213,1,170
01:00:15.431 2557214,5,1
01:00:15.431 2557259,13,171
01:00:15.431 2557265,14,171
01:00:15.431 2557265,6,1
01:00:15.435 2573095,2,171
01:00:15.435 2573096,5,2
01:00:15.439 2573142,13,172
01:00:15.440 2573148,14,172
01:00:15.441 2573148,6,2
01:00:15.442 2580066,3,75
01:00:15.506 2580068,5,4
01:00:15.506 2580110,6,4
01:00:15.506 2588976,1,172
01:00:15.506 2588978,5,1
01:00:15.506 2589023,13,173
01:00:15.506 2589029,14,173
01:00:15.506 2589029,6,1
01:00:15.506 2604859,2,173
01:00:15.506 2604860,5,2
01:00:15.506 2604881,4,75
01:00:15.506 2604907,13,174
01:00:15.506 2604913,14,174
01:00:15.506 2604913,6,2
01:00:15.506 2604914,5,8
01:00:15.506 2604956,6,8
01:00:15.506 2620745,1,174
01:00:15.506 2620746,5,1
01:00:15.506 2620792,13,175
01:00:15.506 2620797,14,175
01:00:15.506 2620798,6,1
01:00:15.506 2629705,3,76
01:00:15.506 2629706,5,4
01:00:15.506 2629749,6,4
01:00:15.506 2636633,2,175
01:00:15.506 2636634,5,2
01:00:15.506 2636680,13,176
01:00:15.508 2636686,14,176
01:00:15.508 2636686,6,2
01:00:15.508 2652532,1,176
01:00:15.508 2652533,5,1
01:00:15.508 2652579,13,177
01:00:15.508 2652584,14,177
01:00:15.572 2652585,6,1
01:00:15.572 2654541,4,76
01:00:15.572 2654543,5,8
01:00:15.572 2654585,6,8
01:00:15.572 2668432,2,177
01:00:15.572 2668434,5,2
01:00:15.572 2668479,13,178
01:00:15.572 2668485,14,178
01:00:15.572 2668486,6,2
01:00:15.572 2679384,3,77
01:00:15.572 2679386,5,4
01:00:15.572 2679428,6,4
01:00:15.572 2684331,1,178
01:00:15.572 2684333,5,1
01:00:15.572 2684379,13,179
01:00:15.572 2684384,14,179
01:00:15.572 2684385,6,1
01:00:15.572 2700223,2,179
01:00:15.572 2700224,5,2
01:00:15.572 2700270,13,180
01:00:15.572 2700276,14,180
01:00:15.572 2700276,6,2
01:00:15.572 2704216,4,77
01:00:15.572 2704217,5,8
01:00:15.572 2704260,6,8
01:00:15.572 2716103,1,180
01:00:15.572 2716104,5,1
01:00:15.572 2716150,13,181
01:00:15.572 2716157,15,2
01:00:15.580 2716157,14,181
01:00:15.583 2716157,6,1
01:00:15.583 2716491,16,2
01:00:15.647 2729034,3,78
01:00:15.647 2729037,5,4
01:00:15.647 2729080,6,4
01:00:15.647 2731988,2,181
01:00:15.647 2731990,5,2
01:00:15.647 2732035,13,182
01:00:15.647 2732041,14,182
01:00:15.647 2732042,6,2
01:00:15.647 2747868,1,182
01:00:15.647 2747870,5,1
01:00:15.647 2747915,13,183
01:00:15.647 2747921,14,183
01:00:15.647 2747921,6,1
01:00:15.647 2753845,4,78
01:00:15.647 2753847,5,8
01:00:15.647 2753890,6,8
01:00:15.647 2763749,2,183
01:00:15.647 2763751,5,2
01:00:15.647 2763796,13,184
01:00:15.647 2763802,14,184
01:00:15.647 2763802,6,2
01:00:15.647 2778661,3,79
01:00:15.647 2778662,5,4
01:00:15.647 2778705,6,4
01:00:15.647 2779631,1,184
01:00:15.647 2779633,5,1
01:00:15.647 2779679,13,185
01:00:15.647 2779685,14,185
01:00:15.647 2779685,6,1
01:00:15.647 2787228,9,15
01:00:15.647 2795515,2,185
01:00:15.647 2795518,5,2
01:00:15.714 2795564,13,186
01:00:15.714 2795570,14,186
01:00:15.714 2795570,6,2
01:00:15.714 2803476,4,79
01:00:15.714 2803479,5,8
01:00:15.714 2803522,6,8
01:00:15.714 2811390,1,186
01:00:15.714 2811393,5,1
01:00:15.714 2811439,13,187
01:00:15.714 2811445,14,187
01:00:15.714 2811445,6,1
01:00:15.714 2827271,2,187
01:00:15.714 2827273,5,2
01:00:15.714 2827319,13,188
01:00:15.714 2827325,14,188
01:00:15.714 2827325,6,2
01:00:15.714 2828241,10,15
01:00:15.714 2828287,3,80
01:00:15.714 2828289,5,4
01:00:15.714 2828332,6,4
01:00:15.714 2843888,1,188
01:00:15.714 2843889,5,1
01:00:15.714 2843935,13,189
01:00:15.714 2843941,14,189
01:00:15.716 2843942,6,1
01:00:15.716 2855391,4,80
01:00:15.716 2855393,5,8
01:00:15.716 2855436,6,8
01:00:15.716 2859032,2,189
01:00:15.722 2859034,5,2
01:00:15.723 2859080,13,190
01:00:15.724 2859086,14,190
01:00:15.789 2859086,6,2
01:00:15.789 2874919,1,190
01:00:15.789 2874921,5,1
01:00:15.789 2874966,13,191
01:00:15.789 2874972,14,191
01:00:15.789 2874972,6,1
01:00:15.789 2877920,3,81
01:00:15.789 2877921,5,4
01:00:15.789 2877964,6,4
01:00:15.789 2890810,2,191
01:00:15.789 2890811,5,2
01:00:15.789 2890857,13,192
01:00:15.789 2890863,14,192
01:00:15.789 2890863,6,2
01:00:15.789 2902743,4,81
01:00:15.789 2902745,5,8
01:00:15.924 2902787,6,8
01:00:15.924 2906692,1,192
01:00:15.924 2906693,5,1
01:00:15.924 2906739,13,193
01:00:15.924 2906744,14,193
01:00:15.924 2906745,6,1
01:00:15.924 2922574,2,193
01:00:15.924 2922575,5,2
01:00:15.924 2922621,13,194
01:00:15.924 2922627,14,194
01:00:15.924 2922627,6,2
01:00:15.924 2927556,3,82
01:00:15.924 2927558,5,4
01:00:15.924 2927600,6,4
01:00:15.924 2938505,1,194
01:00:15.924 2938506,5,1
01:00:15.924 2938552,13,195
01:00:15.924 2938558,14,195
01:00:15.924 2938558,6,1
01:00:15.924 2952374,4,82
01:00:15.924 2952376,5,8
01:00:15.924 2952418,6,8
01:00:15.924 2954338,2,195
01:00:15.924 2954339,5,2
01:00:15.924 2954385,13,196
01:00:15.924 2954391,14,196
01:00:15.931 2954391,6,2
01:00:15.931 2970221,1,196
01:00:15.931 2970222,5,1
01:00:15.931 2970267,13,197
01:00:15.931 2970273,14,197
01:00:15.931 2970273,6,1
01:00:16.014 2977192,3,83
01:00:16.014 2977194,5,4
01:00:16.014 2977235,6,4
01:00:16.014 2990515,2,197
01:00:16.014 2990517,5,2
01:00:16.014 2990562,13,198
01:00:16.014 2990568,14,198
01:00:16.014 2990569,6,2
01:00:16.014 3001976,1,198
01:00:16.014 3001977,5,1
01:00:16.014 3001998,4,83
01:00:16.014 3002025,13,199
01:00:16.014 3002030,14,199
01:00:16.014 3002031,6,1
01:00:16.014 3002031,5,8
01:00:16.014 3002073,6,8
01:00:16.014 3017858,2,199
01:00:16.014 3017859,5,2
01:00:16.014 3017905,13,200
01:00:16.014 3017911,14,200
01:00:16.014 3017911,6,2
01:00:16.014 3026822,3,84
01:00:16.014 3026823,5,4
01:00:16.014 3026865,6,4
01:00:16.014 3033752,1,200
01:00:16.014 3033753,5,1
01:00:16.014 3033798,13,201
01:00:16.014 3033804,14,201
01:00:16.014 3033804,6,1
01:00:16.014 3049636,2,201
01:00:16.014 3049637,5,2
01:00:16.014 3049683,13,202
01:00:16.064 3049689,14,202
01:00:16.064 3049689,6,2
01:00:16.064 3051644,4,84
01:00:16.064 3051646,5,8
01:00:16.064 3051688,6,8
01:00:16.064 3065520,1,202
01:00:16.064 3065521,5,1
01:00:16.064 3065567,13,203
01:00:16.064 3065572,14,203
01:00:16.064 3065573,6,1
01:00:16.064 3076453,3,85
01:00:16.064 3076455,5,4
01:00:16.064 3076497,6,4
01:00:16.064 3081390,2,203
01:00:16.064 3081392,5,2
01:00:16.064 3081437,13,204
01:00:16.064 3081443,14,204
01:00:16.064 3081444,6,2
01:00:16.064 3097270,1,204
01:00:16.064 3097271,5,1
01:00:16.064 3097317,13,205
01:00:16.064 3097322,14,205
01:00:16.064 3097323,6,1
01:00:16.064 3101261,4,85
01:00:16.064 3101263,5,8
01:00:16.072 3101305,6,8
01:00:16.072 3113145,2,205
01:00:16.072 3113146,5,2
01:00:16.072 3113192,13,206
01:00:16.072 3113198,14,206
01:00:16.072 3113198,6,2
01:00:16.072 3126071,3,86
01:00:16.148 3126072,5,4
01:00:16.148 3126114,6,4
01:00:16.148 3129026,1,206
01:00:16.148 3129027,5,1
01:00:16.148 3129073,13,207
01:00:16.148 3129078,14,207
01:00:16.148 3129079,6,1
01:00:16.148 3144894,2,207
01:00:16.148 3144895,5,2
01:00:16.148 3144941,13,208
01:00:16.148 3144946,14,208
01:00:16.148 3144947,6,2
01:00:16.148 3150871,4,86
01:00:16.148 3150872,5,8
01:00:16.148 3150914,6,8
01:00:16.148 3160777,1,208
01:00:16.148 3160778,5,1
01:00:16.148 3160824,13,209
01:00:16.148 3160830,14,209
01:00:16.148 3160830,6,1
01:00:16.148 3175691,3,87
01:00:16.148 3175692,5,4
01:00:16.148 3175735,6,4
01:00:16.148 3176662,2,209
01:00:16.148 3176664,5,2
01:00:16.148 3176709,13,210
01:00:16.148 3176715,14,210
01:00:16.148 3176715,6,2
01:00:16.148 3192545,1,210
01:00:16.148 3192547,5,1
01:00:16.148 3192592,13,211
01:00:16.148 3192598,14,211
01:00:16.206 3192598,6,1
01:00:16.206 3200509,4,87
01:00:16.206 3200510,5,8
01:00:16.206 3200552,6,8
01:00:16.206 3208427,2,211
01:00:16.206 3208428,5,2
01:00:16.206 3208474,13,212
01:00:16.206 3208479,14,212
01:00:16.206 3208480,6,2
01:00:16.206 3224309,1,212
01:00:16.206 3224310,5,1
01:00:16.206 3224356,13,213
01:00:16.206 3224362,14,213
01:00:16.206 3224362,6,1
01:00:16.206 3225324,3,88
01:00:16.206 3225326,5,4
01:00:16.206 3225367,6,4
01:00:16.206 3240186,2,213
01:00:16.206 3240187,5,2
01:00:16.206 3240233,13,214
01:00:16.206 3240238,14,214
01:00:16.207 3240239,6,2
01:00:16.207 3250126,4,88
01:00:16.207 3250127,5,8
01:00:16.207 3250169,6,8
01:00:16.207 3256056,1,214
01:00:16.207 3256057,5,1
01:00:16.214 3256103,13,215
01:00:16.214 3256109,14,215
01:00:16.216 3256109,6,1
01:00:16.216 3271931,2,215
01:00:16.216 3271932,5,2
01:00:16.272 3271978,13,216
01:00:16.272 3271983,14,216
01:00:16.272 3271984,6,2
01:00:16.272 3274929,3,89
01:00:16.272 3274930,5,4
01:00:16.272 3274972,6,4
01:00:16.272 3287799,1,216
01:00:16.272 3287800,5,1
01:00:16.272 3287846,13,217
01:00:16.272 3287851,14,217
01:00:16.272 3287852,6,1
01:00:16.272 3299731,4,89
01:00:16.272 3299732,5,8
01:00:16.272 3299774,6,8
01:00:16.272 3303681,2,217
01:00:16.272 3303682,5,2
01:00:16.272 3303728,13,218
01:00:16.272 3303733,14,218
01:00:16.272 3303734,6,2
01:00:16.272 3319554,1,218
01:00:16.272 3319555,5,1
01:00:16.272 3319600,13,219
01:00:16.272 3319606,14,219
01:00:16.272 3319606,6,1
01:00:16.272 3324536,3,90
01:00:16.272 3324537,5,4
01:00:16.272 3324579,6,4
01:00:16.272 3335421,2,219
01:00:16.272 3335423,5,2
01:00:16.272 3335468,13,220
01:00:16.272 3335474,14,220
01:00:16.280 3335475,6,2
01:00:16.347 3349330,4,90
01:00:16.347 3349331,5,8
01:00:16.347 3349373,6,8
01:00:16.347 3351292,1,220
01:00:16.347 3351294,5,1
01:00:16.347 3351339,13,221
01:00:16.347 3351345,14,221
01:00:16.347 3351345,6,1
01:00:16.347 3367170,2,221
01:00:16.347 3367171,5,2
01:00:16.347 3367217,13,222
01:00:16.347 3367222,14,222
01:00:16.347 3367223,6,2
01:00:16.347 3374140,3,91
01:00:16.347 3374141,5,4
01:00:16.347 3374183,6,4
01:00:16.347 3383050,1,222
01:00:16.347 3383052,5,1
01:00:16.347 3383097,13,223
01:00:16.347 3383103,14,223
01:00:16.347 3383103,6,1
01:00:16.347 3398928,2,223
01:00:16.347 3398929,5,2
01:00:16.347 3398950,4,91
01:00:16.347 3398976,13,224
01:00:16.347 3398982,14,224
01:00:16.347 3398982,6,2
01:00:16.347 3398983,5,8
01:00:16.347 3399025,6,8
01:00:16.347 3414808,1,224
01:00:16.347 3414809,5,1
01:00:16.347 3414854,13,225
01:00:16.414 3414860,14,225
01:00:16.414 3414860,6,1
01:00:16.414 3423764,3,92
01:00:16.414 3423765,5,4
01:00:16.414 3423808,6,4
01:00:16.414 3430690,2,225
01:00:16.414 3430691,5,2
01:00:16.414 3430737,13,226
01:00:16.414 3430743,14,226
01:00:16.414 3430743,6,2
01:00:16.414 3446563,1,226
01:00:16.414 3446564,5,1
01:00:16.414 3446610,13,227
01:00:16.414 3446615,14,227
01:00:16.414 3446616,6,1
01:00:16.414 3448569,4,92
01:00:16.414 3448570,5,8
01:00:16.414 3448613,6,8
01:00:16.414 3462436,2,227
01:00:16.414 3462437,5,2
01:00:16.414 3462483,13,228
01:00:16.414 3462489,14,228
01:00:16.419 3462489,6,2
01:00:16.421 3473372,3,93
01:00:16.422 3473373,5,4
01:00:16.423 3473415,6,4
01:00:16.424 3478307,1,228
01:00:16.425 3478309,5,1
01:00:16.426 3478354,13,229
01:00:16.427 3478360,14,229
01:00:16.429 3478360,6,1
01:00:16.431 3500515,2,229
01:00:16.489 3500517,4,93
01:00:16.489 3500518,5,2
01:00:16.489 3500564,13,230
01:00:16.489 3500569,14,230
01:00:16.489 3500570,6,2
01:00:16.489 3500570,5,8
01:00:16.489 3500612,6,8
01:00:16.489 3510049,1,230
01:00:16.489 3510050,5,1
01:00:16.489 3510096,13,231
01:00:16.489 3510102,14,231
01:00:16.489 3510102,6,1
01:00:16.489 3522969,3,94
01:00:16.489 3522970,5,4
01:00:16.489 3523012,6,4
01:00:16.489 3525924,2,231
01:00:16.489 3525925,5,2
01:00:16.489 3525971,13,232
01:00:16.489 3525977,14,232
01:00:16.489 3525977,6,2
01:00:16.489 3541807,1,232
01:00:16.489 3541808,5,1
01:00:16.493 3541854,13,233
01:00:16.493 3541859,14,233
01:00:16.493 3541860,6,1
01:00:16.493 3547781,4,94
01:00:16.495 3547783,5,8
01:00:16.497 3547824,6,8
01:00:16.497 3557675,2,233
01:00:16.498 3557676,5,2
01:00:16.500 3557722,13,234
01:00:16.501 3557727,14,234
01:00:16.564 3557728,6,2
01:00:16.564 3572571,3,95
01:00:16.564 3572573,5,4
01:00:16.564 3572615,6,4
01:00:16.564 3573542,1,234
01:00:16.564 3573543,5,1
01:00:16.564 3573588,13,235
01:00:16.564 3573594,14,235
01:00:16.564 3573594,6,1
01:00:16.564 3589413,2,235
01:00:16.564 3589415,5,2
01:00:16.564 3589460,13,236
01:00:16.564 3589466,14,236
01:00:16.564 3589466,6,2
01:00:16.564 3597371,4,95
01:00:16.564 3597372,5,8
01:00:16.564 3597414,6,8
01:00:16.564 3605284,1,236
01:00:16.564 3605286,5,1
01:00:16.564 3605331,13,237
01:00:16.564 3605337,14,237
01:00:16.564 3605337,6,1
01:00:16.564 3621150,2,237
01:00:16.564 3621151,5,2
01:00:16.564 3621197,13,238
01:00:16.564 3621202,14,238
01:00:16.564 3621203,6,2
01:00:16.564 3622163,3,96
01:00:16.564 3622165,5,4
01:00:16.564 3622207,6,4
01:00:16.564 3637016,1,238
01:00:16.572 3637018,5,1
01:00:16.631 3637063,13,239
01:00:16.631 3637069,14,239
01:00:16.631 3637069,6,1
01:00:16.631 3646954,4,96
01:00:16.631 3646955,5,8
01:00:16.631 3646997,6,8
01:00:16.631 3652881,2,239
01:00:16.631 3652882,5,2
01:00:16.631 3652928,13,240
01:00:16.631 3652933,14,240
01:00:16.631 3652934,6,2
01:00:16.631 3668745,1,240
01:00:16.631 3668746,5,1
01:00:16.631 3668792,13,241
01:00:16.631 3668799,15,3
01:00:16.631 3668799,14,241
01:00:16.631 3668799,6,1
01:00:16.631 3669137,16,3
01:00:16.631 3671740,3,97
01:00:16.631 3671742,5,4
01:00:16.631 3671785,6,4
01:00:16.631 3684608,2,241
01:00:16.631 3684610,5,2
01:00:16.631 3684656,13,242
01:00:16.631 3684662,14,242
01:00:16.631 3684662,6,2
01:00:16.631 3696525,4,97
01:00:16.631 3696527,5,8
01:00:16.631 3696569,6,8
01:00:16.640 3700469,1,242
01:00:16.641 3700471,5,1
01:00:16.642 3700517,13,243
01:00:16.706 3700522,14,243
01:00:16.706 3700523,6,1
01:00:16.706 3716344,2,243
01:00:16.706 3716345,5,2
01:00:16.706 3716391,13,244
01:00:16.706 3716397,14,244
01:00:16.706 3716397,6,2
01:00:16.706 3721327,3,98
01:00:16.706 3721329,5,4
01:00:16.706 3721371,6,4
01:00:16.706 3732215,1,244
01:00:16.706 3732217,5,1
01:00:16.706 3732263,13,245
01:00:16.706 3732269,14,245
01:00:16.706 3732269,6,1
01:00:16.706 3739879,9,16
01:00:16.706 3746131,4,98
01:00:16.706 3746134,5,8
01:00:16.706 3746176,6,8
01:00:16.706 3748096,2,245
01:00:16.706 3748098,5,2
01:00:16.706 3748144,13,246
01:00:16.706 3748150,14,246
01:00:16.706 3748150,6,2
01:00:16.706 3763976,1,246
01:00:16.706 3763978,5,1
01:00:16.706 3764024,13,247
01:00:16.708 3764030,14,247
01:00:16.708 3764030,6,1
01:00:16.708 3770947,3,99
01:00:16.708 3770949,5,4
01:00:16.708 3770992,6,4
01:00:16.775 3779858,2,247
01:00:16.775 3779860,5,2
01:00:16.775 3779906,13,248
01:00:16.775 3779912,14,248
01:00:16.775 3779912,6,2
01:00:16.775 3780896,10,16
01:00:16.775 3796494,1,248
01:00:16.775 3796497,4,99
01:00:16.897 3796497,5,1
01:00:16.897 3796544,13,249
01:00:16.897 3796550,14,249
01:00:16.897 3796550,6,1
01:00:16.897 3796551,5,8
01:00:16.897 3796594,6,8
01:00:16.897 3811589,2,249
01:00:16.897 3811591,5,2
01:00:16.897 3811638,13,250
01:00:16.897 3811643,14,250
01:00:16.897 3811644,6,2
01:00:16.897 3820536,3,100
01:00:16.897 3820538,5,4
01:00:16.897 3820581,6,4
01:00:16.897 3827458,1,250
01:00:16.897 3827460,5,1
01:00:16.897 3827505,13,251
01:00:16.897 3827511,14,251
01:00:16.897 3827511,6,1
01:00:16.897 3843324,2,251
01:00:16.897 3843325,5,2
01:00:16.897 3843370,13,252
01:00:16.897 3843376,14,252
01:00:16.897 3843376,6,2
01:00:16.956 3845330,4,100
01:00:16.956 3845332,5,8
01:00:16.956 3845374,6,8
01:00:16.956 3859204,1,252
01:00:16.956 3859206,5,1
01:00:16.956 3859251,13,253
01:00:16.956 3859257,14,253
01:00:16.956 3859257,6,1
01:00:16.956 3870141,3,101
01:00:16.956 3870143,5,4
01:00:16.956 3870185,6,4
01:00:16.956 3875081,2,253
01:00:16.956 3875082,5,2
01:00:16.956 3875128,13,254
01:00:16.956 3875133,14,254
01:00:16.956 3875134,6,2
01:00:16.956 3890954,1,254
01:00:16.958 3890955,5,1
01:00:16.958 3891000,13,255
01:00:16.960 3891006,14,255
01:00:16.961 3891006,6,1
01:00:16.962 3894945,4,101
01:00:16.964 3894946,5,8
01:00:16.964 3894988,6,8
01:00:16.964 3906832,2,255
01:00:16.964 3906833,5,2
01:00:16.964 3906879,13,0
01:00:16.964 3906885,14,0
01:00:16.964 3906885,6,2
01:00:16.973 3919759,3,102
01:00:16.973 3919760,5,4
01:00:16.973 3919802,6,4
01:00:17.039 3922717,1,0
01:00:17.039 3922718,5,1
01:00:17.039 3922764,13,1
01:00:17.039 3922770,14,1
01:00:17.039 3922770,6,1
01:00:17.039 3938679,2,1
01:00:17.039 3938681,5,2
01:00:17.039 3938727,13,2
01:00:17.039 3938733,14,2
01:00:17.039 3938733,6,2
01:00:17.039 3944581,4,102
01:00:17.039 3944583,5,8
01:00:17.039 3944625,6,8
01:00:17.039 3954483,1,2
01:00:17.039 3954485,5,1
01:00:17.039 3954531,13,3
01:00:17.039 3954536,14,3
01:00:17.039 3954537,6,1
01:00:17.039 3969399,3,103
01:00:17.039 3969401,5,4
01:00:17.039 3969443,6,4
01:00:17.039 3970370,2,3
01:00:17.039 3970371,5,2
01:00:17.039 3970417,13,4
01:00:17.039 3970423,14,4
01:00:17.039 3970423,6,2
01:00:17.039 3986254,1,4
01:00:17.039 3986255,5,1
01:00:17.039 3986300,13,5
01:00:17.039 3986306,14,5
01:00:17.039 3986306,6,1
01:00:17.039 3994217,4,103
01:00:17.097 3994218,5,8
01:00:17.097 3994260,6,8
01:00:17.097 4002133,2,5
01:00:17.097 4002134,5,2
01:00:17.097 4002180,13,6
01:00:17.097 4002186,14,6
01:00:17.097 4002186,6,2
01:00:17.097 4018013,1,6
01:00:17.097 4018014,5,1
01:00:17.097 4018060,13,7
01:00:17.097 4018066,14,7
01:00:17.097 4018066,6,1
01:00:17.097 4019027,3,104
01:00:17.097 4019028,5,4
01:00:17.097 4019070,6,4
01:00:17.097 4033889,2,7
01:00:17.097 4033891,5,2
01:00:17.097 4033936,13,8
01:00:17.097 4033942,14,8
01:00:17.097 4033942,6,2
01:00:17.097 4043831,4,104
01:00:17.097 4043832,5,8
01:00:17.097 4043874,6,8
01:00:17.097 4049764,1,8
01:00:17.097 4049765,5,1
01:00:17.097 4049811,13,9
01:00:17.097 4049816,14,9
01:00:17.097 4049817,6,1
01:00:17.097 4065651,2,9
01:00:17.097 4065653,5,2
01:00:17.097 4065698,13,10
01:00:17.097 4065704,14,10
01:00:17.163 4065704,6,2
01:00:17.163 4068654,3,105
01:00:17.163 4068655,5,4
01:00:17.163 4068698,6,4
01:00:17.163 4081539,1,10
01:00:17.163 4081540,5,1
01:00:17.163 4081586,13,11
01:00:17.163 4081592,14,11
01:00:17.163 4081592,6,1
01:00:17.163 4093474,4,105
01:00:17.163 4093476,5,8
01:00:17.163 4093518,6,8
01:00:17.163 4097424,2,11
01:00:17.163 4097426,5,2
01:00:17.163 4097471,13,12
01:00:17.163 4097477,14,12
01:00:17.163 4097477,6,2
01:00:17.163 4113303,1,12
01:00:17.163 4113305,5,1
01:00:17.163 4113350,13,13
01:00:17.163 4113356,14,13
01:00:17.163 4113356,6,1
01:00:17.163 4118289,3,106
01:00:17.163 4118290,5,4
01:00:17.163 4118332,6,4
01:00:17.163 4129184,2,13
01:00:17.163 4129186,5,2
01:00:17.163 4129231,13,14
01:00:17.163 4129237,14,14
01:00:17.163 4129237,6,2
01:00:17.163 4143110,4,106
01:00:17.163 4143111,5,8
01:00:17.164 4143153,6,8
01:00:17.164 4145073,1,14
01:00:17.164 4145074,5,1
01:00:17.164 4145120,13,15
01:00:17.172 4145125,14,15
01:00:17.172 4145126,6,1
01:00:17.172 4160959,2,15
01:00:17.177 4160960,5,2
01:00:17.177 4161006,13,16
01:00:17.178 4161011,14,16
01:00:17.180 4161012,6,2
01:00:17.181 4167931,3,107
01:00:17.182 4167932,5,4
01:00:17.183 4167975,6,4
01:00:17.184 4176848,1,16
01:00:17.185 4176849,5,1
01:00:17.240 4176895,13,17
01:00:17.240 4176900,14,17
01:00:17.240 4176901,6,1
01:00:17.240 4192737,2,17
01:00:17.240 4192738,5,2
01:00:17.240 4192759,4,107
01:00:17.240 4192785,13,18
01:00:17.240 4192791,14,18
01:00:17.240 4192791,6,2
01:00:17.240 4192792,5,8
01:00:17.240 4192834,6,8
01:00:17.240 4208627,1,18
01:00:17.240 4208629,5,1
01:00:17.240 4208674,13,19
01:00:17.240 4208680,14,19
01:00:17.240 4208680,6,1
01:00:17.240 4217585,3,108
01:00:17.240 4217587,5,4
01:00:17.240 4217629,6,4
01:00:17.240 4224514,2,19
01:00:17.240 4224515,5,2
01:00:17.240 4224561,13,20
01:00:17.240 4224567,14,20
01:00:17.240 4224567,6,2
01:00:17.240 4240399,1,20
01:00:17.240 4240400,5,1
01:00:17.240 4240445,13,21
01:00:17.245 4240451,14,21
01:00:17.245 4240451,6,1
01:00:17.245 4242406,4,108
01:00:17.246 4242407,5,8
01:00:17.247 4242449,6,8
01:00:17.306 4256291,2,21
01:00:17.306 4256292,5,2
01:00:17.306 4256337,13,22
01:00:17.306 4256343,14,22
01:00:17.306 4256344,6,2
01:00:17.306 4267242,3,109
01:00:17.306 4267244,5,4
01:00:17.306 4267285,6,4
01:00:17.306 4272185,1,22
01:00:17.306 4272186,5,1
01:00:17.306 4272232,13,23
01:00:17.306 4272238,14,23
01:00:17.306 4272238,6,1
01:00:17.306 4288078,2,23
01:00:17.306 4288079,5,2
01:00:17.306 4288124,13,24
01:00:17.306 4288130,14,24
01:00:17.306 4288130,6,2
01:00:17.306 4292071,4,109
01:00:17.306 4292072,5,8
01:00:17.306 4292114,6,8
01:00:17.306 4303955,1,24
01:00:17.306 4303956,5,1
01:00:17.306 4304002,13,25
01:00:17.306 4304007,14,25
01:00:17.306 4304008,6,1
01:00:17.306 4316885,3,110
01:00:17.306 4316886,5,4
01:00:17.306 4316928,6,4
01:00:17.306 4319842,2,25
01:00:17.306 4319843,5,2
01:00:17.309 4319889,13,26
01:00:17.364 4319895,14,26
01:00:17.364 4319895,6,2
01:00:17.364 4335726,1,26
01:00:17.364 4335727,5,1
01:00:17.364 4335772,13,27
01:00:17.364 4335778,14,27
01:00:17.364 4335778,6,1
01:00:17.364 4341697,4,110
01:00:17.364 4341699,5,8
01:00:17.364 4341740,6,8
01:00:17.364 4351597,2,27
01:00:17.364 4351598,5,2
01:00:17.364 4351644,13,28
01:00:17.364 4351649,14,28
01:00:17.364 4351650,6,2
01:00:17.364 4366505,3,111
01:00:17.364 4366507,5,4
01:00:17.364 4366548,6,4
01:00:17.364 4367476,1,28
01:00:17.364 4367478,5,1
01:00:17.364 4367523,13,29
01:00:17.364 4367529,14,29
01:00:17.364 4367529,6,1
01:00:17.364 4383360,2,29
01:00:17.364 4383361,5,2
01:00:17.364 4383407,13,30
01:00:17.364 4383413,14,30
01:00:17.364 4383413,6,2
01:00:17.364 4391324,4,111
01:00:17.368 4391325,5,8
01:00:17.368 4391367,6,8
01:00:17.368 4399243,1,30
01:00:17.423 4399244,5,1
01:00:17.423 4399290,13,31
01:00:17.423 4399295,14,31
01:00:17.423 4399296,6,1
01:00:17.423 4415127,2,31
01:00:17.423 4415128,5,2
01:00:17.423 4415174,13,32
01:00:17.423 4415180,14,32
01:00:17.423 4415180,6,2
01:00:17.423 4416142,3,112
01:00:17.423 4416144,5,4
01:00:17.423 4416186,6,4
01:00:17.423 4431018,1,32
01:00:17.423 4431019,5,1
01:00:17.423 4431065,13,33
01:00:17.423 4431070,14,33
01:00:17.423 4431071,6,1
01:00:17.423 4440978,4,112
01:00:17.423 4440979,5,8
01:00:17.423 4441021,6,8
01:00:17.423 4446917,2,33
01:00:17.423 4446918,5,2
01:00:17.423 4446964,13,34
01:00:17.423 4446970,14,34
01:00:17.423 4446970,6,2
01:00:17.423 4462805,1,34
01:00:17.423 4462807,5,1
01:00:17.423 4462852,13,35
01:00:17.427 4462858,14,35
01:00:17.427 4462858,6,1
01:00:17.427 4465806,3,113
01:00:17.428 4465808,5,4
01:00:17.489 4465850,6,4
01:00:17.489 4478692,2,35
01:00:17.489 4478694,5,2
01:00:17.489 4478739,13,36
01:00:17.489 4478745,14,36
01:00:17.489 4478746,6,2
01:00:17.489 4490628,4,113
01:00:17.489 4490629,5,8
01:00:17.489 4490671,6,8
01:00:17.489 4494576,1,36
01:00:17.489 4494578,5,1
01:00:17.489 4494623,13,37
01:00:17.489 4494629,14,37
01:00:17.489 4494629,6,1
01:00:17.489 4510464,2,37
01:00:17.489 4510466,5,2
01:00:17.489 4510511,13,38
01:00:17.489 4510517,14,38
01:00:17.489 4510517,6,2
01:00:17.489 4520602,3,114
01:00:17.489 4520604,5,4
01:00:17.489 4520646,6,4
01:00:17.489 4526357,1,38
01:00:17.489 4526359,5,1
01:00:17.489 4526405,13,39
01:00:17.489 4526410,14,39
01:00:17.489 4526411,6,1
01:00:17.489 4540287,4,114
01:00:17.489 4540289,5,8
01:00:17.489 4540330,6,8
01:00:17.489 4542250,2,39
01:00:17.489 4542252,5,2
01:00:17.555 4542299,13,40
01:00:17.555 4542305,14,40
01:00:17.555 4542305,6,2
01:00:17.555 4558143,1,40
01:00:17.555 4558145,5,1
01:00:17.555 4558190,13,41
01:00:17.555 4558196,14,41
01:00:17.555 4558196,6,1
01:00:17.555 4565120,3,115
01:00:17.555 4565122,5,4
01:00:17.555 4565164,6,4
01:00:17.555 4574034,2,41
01:00:17.555 4574036,5,2
01:00:17.555 4574081,13,42
01:00:17.555 4574087,14,42
01:00:17.555 4574087,6,2
01:00:17.555 4589917,1,42
01:00:17.555 4589918,5,1
01:00:17.555 4589939,4,115
01:00:17.555 4589965,13,43
01:00:17.555 4589971,14,43
01:00:17.555 4589971,6,1
01:00:17.555 4589972,5,8
01:00:17.555 4590014,6,8
01:00:17.555 4605804,2,43
01:00:17.555 4605806,5,2
01:00:17.555 4605851,13,44
01:00:17.555 4605857,14,44
01:00:17.555 4605857,6,2
01:00:17.555 4614757,3,116
01:00:17.555 4614759,5,4
01:00:17.555 4614801,6,4
01:00:17.614 4621684,1,44
01:00:17.614 4621685,5,1
01:00:17.614 4621731,13,45
01:00:17.614 4621738,15,4
01:00:17.614 4621738,14,45
01:00:17.614 4621738,6,1
01:00:17.614 4622074,16,4
01:00:17.614 4637562,2,45
01:00:17.614 4637565,5,2
01:00:17.614 4637611,13,46
01:00:17.614 4637617,14,46
01:00:17.614 4637617,6,2
01:00:17.614 4639568,4,116
01:00:17.614 4639571,5,8
01:00:17.614 4639614,6,8
01:00:17.614 4653434,1,46
01:00:17.614 4653436,5,1
01:00:17.614 4653481,13,47
01:00:17.614 4653487,14,47
01:00:17.614 4653488,6,1
01:00:17.614 4664366,3,117
01:00:17.614 4664368,5,4
01:00:17.614 4664411,6,4
01:00:17.614 4669306,2,47
01:00:17.614 4669308,5,2
01:00:17.614 4669353,13,48
01:00:17.614 4669359,14,48
01:00:17.614 4669359,6,2
01:00:17.614 4685177,1,48
01:00:17.614 4685179,5,1
01:00:17.614 4685225,13,49
01:00:17.614 4685231,14,49
01:00:17.618 4685231,6,1
01:00:17.622 4689168,4,117
01:00:17.623 4689170,5,8
01:00:17.624 4689213,6,8
01:00:17.625 4692827,9,17
01:00:17.627 4701059,2,49
01:00:17.627 4701062,5,2
01:00:17.629 4701108,13,50
01:00:17.631 4701114,14,50
01:00:17.631 4701114,6,2
01:00:17.631 4713985,3,118
01:00:17.631 4713987,5,4
01:00:17.631 4714030,6,4
01:00:17.631 4716940,1,50
01:00:17.638 4716941,5,1
01:00:17.638 4716987,13,51
01:00:17.706 4716993,14,51
01:00:17.706 4716994,6,1
01:00:17.706 4732814,2,51
01:00:17.706 4732816,5,2
01:00:17.706 4732862,13,52
01:00:17.706 4732868,14,52
01:00:17.706 4732869,6,2
01:00:17.706 4733864,10,17
01:00:17.706 4740632,4,118
01:00:17.706 4740634,5,8
01:00:17.706 4740677,6,8
01:00:17.706 4748894,1,52
01:00:17.706 4748895,5,1
01:00:17.706 4748941,13,53
01:00:17.706 4748948,14,53
01:00:17.706 4748948,6,1
01:00:17.706 4763599,3,119
01:00:17.706 4763600,5,4
01:00:17.706 4763642,6,4
01:00:17.706 4764569,2,53
01:00:17.706 4764570,5,2
01:00:17.706 4764616,13,54
01:00:17.706 4764621,14,54
01:00:17.706 4764622,6,2
01:00:17.706 4780439,1,54
01:00:17.706 4780440,5,1
01:00:17.706 4780486,13,55
01:00:17.839 4780492,14,55
01:00:17.839 4780492,6,1
01:00:17.839 4788397,4,119
01:00:17.839 4788398,5,8
01:00:17.839 4788440,6,8
01:00:17.839 4796312,2,55
01:00:17.839 4796313,5,2
01:00:17.839 4796359,13,56
01:00:17.839 4796365,14,56
01:00:17.839 4796365,6,2
01:00:17.839 4812185,1,56
01:00:17.842 4812187,5,1
01:00:17.842 4812232,13,57
01:00:17.843 4812238,14,57
01:00:17.844 4812238,6,1
01:00:17.845 4813200,3,120
01:00:17.846 4813201,5,4
01:00:17.847 4813244,6,4
01:00:17.848 4828062,2,57
01:00:17.848 4828063,5,2
01:00:17.848 4828109,13,58
01:00:17.914 4828115,14,58
01:00:17.914 4828115,6,2
01:00:17.914 4838008,4,120
01:00:17.914 4838009,5,8
01:00:17.914 4838052,6,8
01:00:17.914 4843941,1,58
01:00:17.914 4843943,5,1
01:00:17.914 4843988,13,59
01:00:17.914 4843994,14,59
01:00:17.914 4843994,6,1
01:00:17.914 4859820,2,59
01:00:17.914 4859822,5,2
01:00:17.914 4859867,13,60
01:00:17.914 4859873,14,60
01:00:17.914 4859873,6,2
01:00:17.914 4862819,3,121
01:00:17.914 4862821,5,4
01:00:17.914 4862863,6,4
01:00:17.914 4875699,1,60
01:00:17.914 4875701,5,1
01:00:17.914 4875746,13,61
01:00:17.914 4875752,14,61
01:00:17.914 4875752,6,1
01:00:17.914 4887640,4,121
01:00:17.914 4887642,5,8
01:00:17.914 4887684,6,8
01:00:17.914 4891591,2,61
01:00:17.914 4891592,5,2
01:00:17.914 4891638,13,62
01:00:17.914 4891643,14,62
01:00:17.914 4891644,6,2
01:00:17.914 4907486,1,62
01:00:17.972 4907487,5,1
01:00:17.972 4907532,13,63
01:00:17.972 4907538,14,63
01:00:17.972 4907538,6,1
01:00:17.972 4912475,3,122
01:00:17.972 4912476,5,4
01:00:17.972 4912518,6,4
01:00:17.972 4923376,2,63
01:00:17.972 4923377,5,2
01:00:17.972 4923423,13,64
01:00:17.972 4923428,14,64
01:00:17.972 4923429,6,2
01:00:17.972 4937369,4,122
01:00:17.972 4937371,5,8
01:00:17.972 4937413,6,8
01:00:17.972 4939266,1,64
01:00:17.972 4939267,5,1
01:00:17.972 4939313,13,65
01:00:17.972 4939319,14,65
01:00:17.972 4939319,6,1
01:00:17.972 4955160,2,65
01:00:17.972 4955161,5,2
01:00:17.972 4955207,13,66
01:00:17.972 4955213,14,66
01:00:17.972 4955213,6,2
01:00:17.972 4962130,3,123
01:00:17.972 4962132,5,4
01:00:17.972 4962174,6,4
01:00:17.972 4971044,1,66
01:00:17.972 4971046,5,1
01:00:17.972 4971091,13,67
01:00:17.972 4971097,14,67
01:00:18.040 4971097,6,1
01:00:18.040 4986922,2,67
01:00:18.040 4986923,5,2
01:00:18.040 4986944,4,123
01:00:18.040 4986970,13,68
01:00:18.040 4986976,14,68
01:00:18.040 4986977,6,2
01:00:18.040 4986977,5,8
01:00:18.040 4987019,6,8
01:00:18.040 5002800,1,68
01:00:18.040 5002801,5,1
01:00:18.040 5002847,13,69
01:00:18.040 5002852,14,69
01:00:18.040 5002853,6,1
01:00:18.040 5011753,3,124
01:00:18.040 5011755,5,4
01:00:18.040 5011797,6,4
01:00:18.040 5018676,2,69
01:00:18.040 5018678,5,2
01:00:18.040 5018723,13,70
01:00:18.040 5018729,14,70
01:00:18.040 5018729,6,2
01:00:18.040 5034551,1,70
01:00:18.040 5034552,5,1
01:00:18.040 5034598,13,71
01:00:18.040 5034604,14,71
01:00:18.040 5034605,6,1
01:00:18.040 5036555,4,124
01:00:18.040 5036557,5,8
01:00:18.040 5036599,6,8
01:00:18.040 5050419,2,71
01:00:18.040 5050420,5,2
01:00:18.047 5050466,13,72
01:00:18.047 5050472,14,72
01:00:18.047 5050472,6,2
01:00:18.047 5061348,3,125
01:00:18.047 5061350,5,4
01:00:18.047 5061392,6,4
01:00:18.047 5066285,1,72
01:00:18.047 5066286,5,1
01:00:18.047 5066332,13,73
01:00:18.055 5066337,14,73
01:00:18.056 5066338,6,1
01:00:18.057 5082158,2,73
01:00:18.059 5082159,5,2
01:00:18.059 5082205,13,74
01:00:18.061 5082210,14,74
01:00:18.062 5082211,6,2
01:00:18.131 5086147,4,125
01:00:18.131 5086148,5,8
01:00:18.131 5086190,6,8
01:00:18.131 5098034,1,74
01:00:18.131 5098035,5,1
01:00:18.131 5098081,13,75
01:00:18.131 5098086,14,75
01:00:18.131 5098087,6,1
01:00:18.131 5110962,3,126
01:00:18.131 5110963,5,4
01:00:18.131 5111005,6,4
01:00:18.131 5113915,2,75
01:00:18.131 5113917,5,2
01:00:18.131 5113962,13,76
01:00:18.131 5113968,14,76
01:00:18.131 5113968,6,2
01:00:18.131 5129803,1,76
01:00:18.131 5129804,5,1
01:00:18.131 5129849,13,77
01:00:18.131 5129855,14,77
01:00:18.131 5129855,6,1
01:00:18.131 5135783,4,126
01:00:18.131 5135784,5,8
01:00:18.131 5135826,6,8
01:00:18.131 5145685,2,77
01:00:18.131 5145686,5,2
01:00:18.131 5145732,13,78
01:00:18.131 5145738,14,78
01:00:18.131 5145738,6,2
01:00:18.131 5160602,3,127
01:00:18.131 5160603,5,4
01:00:18.131 5160646,6,4
01:00:18.131 5161572,1,78
01:00:18.131 5161574,5,1
01:00:18.131 5161619,13,79
01:00:18.138 5161625,14,79
01:00:18.140 5161625,6,1
01:00:18.141 5177449,2,79
01:00:18.143 5177451,5,2
01:00:18.143 5177496,13,80
01:00:18.145 5177502,14,80
01:00:18.146 5177502,6,2
01:00:18.148 5185410,4,127
01:00:18.148 5185411,5,8
01:00:18.148 5185454,6,8
01:00:18.148 5193328,1,80
01:00:18.148 5193329,5,1
01:00:18.148 5193375,13,81
01:00:18.214 5193380,14,81
01:00:18.214 5193381,6,1
01:00:18.214 5209210,2,81
01:00:18.214 5209211,5,2
01:00:18.214 5209257,13,82
01:00:18.214 5209263,14,82
01:00:18.214 5209263,6,2
01:00:18.214 5210224,3,128
01:00:18.214 5210226,5,4
01:00:18.214 5210268,6,4
01:00:18.214 5225085,1,82
01:00:18.214 5225086,5,1
01:00:18.214 5225132,13,83
01:00:18.214 5225137,14,83
01:00:18.214 5225138,6,1
01:00:18.214 5235031,4,128
01:00:18.214 5235032,5,8
01:00:18.214 5235075,6,8
01:00:18.214 5240961,2,83
01:00:18.214 5240962,5,2
01:00:18.214 5241007,13,84
01:00:18.214 5241013,14,84
01:00:18.214 5241014,6,2
01:00:18.214 5256835,1,84
01:00:18.214 5256837,5,1
01:00:18.214 5256882,13,85
01:00:18.214 5256888,14,85
01:00:18.214 5256888,6,1
01:00:18.214 5259835,3,129
01:00:18.214 5259837,5,4
01:00:18.214 5259879,6,4
01:00:18.214 5272716,2,85
01:00:18.272 5272717,5,2
01:00:18.272 5272763,13,86
01:00:18.272 5272769,14,86
01:00:18.272 5272769,6,2
01:00:18.272 5284651,4,129
01:00:18.272 5284652,5,8
01:00:18.272 5284694,6,8
01:00:18.272 5288599,1,86
01:00:18.272 5288600,5,1
01:00:18.272 5288646,13,87
01:00:18.272 5288652,14,87
01:00:18.272 5288652,6,1
01:00:18.272 5304483,2,87
01:00:18.272 5304485,5,2
01:00:18.272 5304530,13,88
01:00:18.272 5304536,14,88
01:00:18.272 5304536,6,2
01:00:18.272 5309467,3,130
01:00:18.272 5309468,5,4
01:00:18.272 5309510,6,4
01:00:18.272 5320363,1,88
01:00:18.272 5320364,5,1
01:00:18.272 5320410,13,89
01:00:18.272 5320416,14,89
01:00:18.272 5320416,6,1
01:00:18.272 5334283,4,130
01:00:18.272 5334284,5,8
01:00:18.272 5334326,6,8
01:00:18.272 5336246,2,89
01:00:18.272 5336247,5,2
01:00:18.272 5336293,13,90
01:00:18.272 5336299,14,90
01:00:18.331 5336299,6,2
01:00:18.331 5352129,1,90
01:00:18.331 5352131,5,1
01:00:18.331 5352176,13,91
01:00:18.331 5352182,14,91
01:00:18.331 5352182,6,1
01:00:18.331 5359099,3,131
01:00:18.331 5359100,5,4
01:00:18.331 5359142,6,4
01:00:18.331 5368009,2,91
01:00:18.331 5368010,5,2
01:00:18.331 5368056,13,92
01:00:18.331 5368061,14,92
01:00:18.331 5368062,6,2
01:00:18.331 5383883,1,92
01:00:18.331 5383884,5,1
01:00:18.331 5383905,4,131
01:00:18.331 5383931,13,93
01:00:18.331 5383937,14,93
01:00:18.331 5383937,6,1
01:00:18.331 5383938,5,8
01:00:18.331 5383980,6,8
01:00:18.331 5399754,2,93
01:00:18.331 5399755,5,2
01:00:18.331 5399801,13,94
01:00:18.331 5399807,14,94
01:00:18.331 5399807,6,2
01:00:18.331 5408701,3,132
01:00:18.331 5408702,5,4
01:00:18.331 5408744,6,4
01:00:18.331 5415623,1,94
01:00:18.331 5415624,5,1
01:00:18.398 5415670,13,95
01:00:18.398 5415675,14,95
01:00:18.398 5415676,6,1
01:00:18.398 5431494,2,95
01:00:18.398 5431495,5,2
01:00:18.398 5431541,13,96
01:00:18.398 5431547,14,96
01:00:18.398 5431547,6,2
01:00:18.398 5433500,4,132
01:00:18.398 5433501,5,8
01:00:18.398 5433544,6,8
01:00:18.398 5447360,1,96
01:00:18.398 5447361,5,1
01:00:18.398 5447407,13,97
01:00:18.398 5447412,14,97
01:00:18.398 5447413,6,1
01:00:18.398 5458297,3,133
01:00:18.398 5458298,5,4
01:00:18.398 5458341,6,4
01:00:18.398 5463232,2,97
01:00:18.398 5463233,5,2
01:00:18.398 5463279,13,98
01:00:18.398 5463285,14,98
01:00:18.398 5463285,6,2
01:00:18.398 5479106,1,98
01:00:18.398 5479107,5,1
01:00:18.398 5479153,13,99
01:00:18.398 5479158,14,99
01:00:18.398 5479159,6,1
01:00:18.398 5483097,4,133
01:00:18.398 5483098,5,8
01:00:18.398 5483140,6,8
01:00:18.456 5494980,2,99
01:00:18.456 5494982,5,2
01:00:18.456 5495027,13,100
01:00:18.456 5495033,14,100
01:00:18.456 5495033,6,2
01:00:18.456 5507892,3,134
01:00:18.456 5507893,5,4
01:00:18.456 5507935,6,4
01:00:18.456 5510845,1,100
01:00:18.456 5510847,5,1
01:00:18.456 5510892,13,101
01:00:18.456 5510898,14,101
01:00:18.456 5510898,6,1
01:00:18.456 5526717,2,101
01:00:18.456 5526718,5,2
01:00:18.456 5526764,13,102
01:00:18.456 5526769,14,102
01:00:18.456 5526770,6,2
01:00:18.456 5540778,4,134
01:00:18.456 5540779,5,8
01:00:18.456 5540821,6,8
01:00:18.456 5542578,1,102
01:00:18.456 5542580,5,1
01:00:18.456 5542626,13,103
01:00:18.460 5542631,14,103
01:00:18.460 5542632,6,1
01:00:18.460 5557478,3,135
01:00:18.461 5557479,5,4
01:00:18.463 5557521,6,4
01:00:18.464 5558449,2,103
01:00:18.464 5558450,5,2
01:00:18.464 5558496,13,104
01:00:18.523 5558501,14,104
01:00:18.523 5558502,6,2
01:00:18.523 5574328,1,104
01:00:18.523 5574329,5,1
01:00:18.523 5574375,13,105
01:00:18.523 5574382,15,5
01:00:18.523 5574383,14,105
01:00:18.523 5574383,6,1
01:00:18.523 5574719,16,5
01:00:18.523 5582292,4,135
01:00:18.523 5582295,5,8
01:00:18.523 5582338,6,8
01:00:18.523 5590207,2,105
01:00:18.523 5590209,5,2
01:00:18.523 5590255,13,106
01:00:18.523 5590261,14,106
01:00:18.581 5590261,6,2
01:00:18.581 5606079,1,106
01:00:18.581 5606082,5,1
01:00:18.581 5606127,13,107
01:00:18.581 5606133,14,107
01:00:18.581 5606133,6,1
01:00:18.581 5607094,3,136
01:00:18.581 5607096,5,4
01:00:18.581 5607138,6,4
01:00:18.581 5621959,2,107
01:00:18.581 5621960,5,2
01:00:18.581 5622006,13,108
01:00:18.581 5622012,14,108
01:00:18.581 5622012,6,2
01:00:18.581 5631901,4,136
01:00:18.581 5631903,5,8
01:00:18.581 5631945,6,8
01:00:18.581 5637829,1,108
01:00:18.581 5637831,5,1
01:00:18.581 5637877,13,109
01:00:18.581 5637882,14,109
01:00:18.581 5637883,6,1
01:00:18.581 5645453,9,18
01:00:18.581 5653694,2,109
01:00:18.581 5653696,5,2
01:00:18.581 5653742,13,110
01:00:18.581 5653749,14,110
01:00:18.585 5653749,6,2
01:00:18.585 5656691,3,137
01:00:18.585 5656693,5,4
01:00:18.586 5656736,6,4
01:00:18.587 5669562,1,110
01:00:18.648 5669564,5,1
01:00:18.648 5669610,13,111
01:00:18.648 5669616,14,111
01:00:18.648 5669616,6,1
01:00:18.648 5681493,4,137
01:00:18.648 5681495,5,8
01:00:18.648 5681538,6,8
01:00:18.648 5685442,2,111
01:00:18.648 5685443,5,2
01:00:18.648 5685489,13,112
01:00:18.648 5685495,14,112
01:00:18.648 5685495,6,2
01:00:18.648 5686473,10,18
01:00:18.648 5701315,1,112
01:00:18.648 5701317,5,1
01:00:18.648 5701363,13,113
01:00:18.648 5701369,14,113
01:00:18.648 5701370,6,1
01:00:18.648 5706300,3,138
01:00:18.648 5706301,5,4
01:00:18.655 5706344,6,4
01:00:18.772 5717194,2,113
01:00:18.772 5717195,5,2
01:00:18.772 5717241,13,114
01:00:18.772 5717247,14,114
01:00:18.772 5717247,6,2
01:00:18.772 5731105,4,138
01:00:18.772 5731106,5,8
01:00:18.772 5731149,6,8
01:00:18.772 5733067,1,114
01:00:18.780 5733069,5,1
01:00:18.781 5733114,13,115
01:00:18.847 5733120,14,115
01:00:18.847 5733120,6,1
01:00:18.847 5748942,2,115
01:00:18.847 5748944,5,2
01:00:18.847 5748989,13,116
01:00:18.847 5748995,14,116
01:00:18.847 5748995,6,2
01:00:18.847 5755905,3,139
01:00:18.847 5755906,5,4
01:00:18.847 5755948,6,4
01:00:18.847 5764811,1,116
01:00:18.847 5764812,5,1
01:00:18.847 5764858,13,117
01:00:18.847 5764863,14,117
01:00:18.847 5764863,6,1
01:00:18.847 5780681,2,117
01:00:18.847 5780683,5,2
01:00:18.847 5780704,4,139
01:00:18.847 5780730,13,118
01:00:18.847 5780736,14,118
01:00:18.847 5780736,6,2
01:00:18.847 5780737,5,8
01:00:18.847 5780778,6,8
01:00:18.847 5796566,1,118
01:00:18.847 5796567,5,1
01:00:18.847 5796613,13,119
01:00:18.847 5796618,14,119
01:00:18.855 5796619,6,1
01:00:18.855 5805521,3,140
01:00:18.857 5805522,5,4
01:00:18.858 5805564,6,4
01:00:18.859 5812443,2,119
01:00:18.925 5812444,5,2
01:00:18.925 5812490,13,120
01:00:18.925 5812495,14,120
01:00:18.925 5812496,6,2
01:00:18.925 5828326,1,120
01:00:18.925 5828328,5,1
01:00:18.925 5828374,13,121
01:00:18.925 5828380,14,121
01:00:18.925 5828380,6,1
01:00:18.925 5830334,4,140
01:00:18.925 5830335,5,8
01:00:18.925 5830378,6,8
01:00:18.925 5844206,2,121
01:00:18.925 5844207,5,2
01:00:18.925 5844253,13,122
01:00:18.925 5844259,14,122
01:00:18.925 5844259,6,2
01:00:18.925 5855142,3,141
01:00:18.925 5855143,5,4
01:00:18.926 5855185,6,4
01:00:18.926 5860082,1,122
01:00:18.926 5860083,5,1
01:00:18.926 5860129,13,123
01:00:18.931 5860135,14,123
01:00:18.931 5860135,6,1
01:00:18.931 5875959,2,123
01:00:18.931 5875960,5,2
01:00:18.931 5876006,13,124
01:00:18.931 5876012,14,124
01:00:18.939 5876012,6,2
01:00:18.939 5879950,4,141
01:00:18.940 5879951,5,8
01:00:19.006 5879994,6,8
01:00:19.006 5891831,1,124
01:00:19.006 5891833,5,1
01:00:19.006 5891878,13,125
01:00:19.006 5891884,14,125
01:00:19.006 5891884,6,1
01:00:19.006 5904751,3,142
01:00:19.006 5904753,5,4
01:00:19.006 5904795,6,4
01:00:19.006 5907706,2,125
01:00:19.006 5907708,5,2
01:00:19.006 5907753,13,126
01:00:19.006 5907759,14,126
01:00:19.006 5907759,6,2
01:00:19.006 5923575,1,126
01:00:19.006 5923576,5,1
01:00:19.006 5923621,13,127
01:00:19.006 5923627,14,127
01:00:19.006 5923627,6,1
01:00:19.006 5929552,4,142
01:00:19.008 5929553,5,8
01:00:19.008 5929596,6,8
01:00:19.008 5939452,2,127
01:00:19.008 5939454,5,2
01:00:19.012 5939499,13,128
01:00:19.014 5939505,14,128
01:00:19.014 5939506,6,2
01:00:19.014 5954362,3,143
01:00:19.014 5954364,5,4
01:00:19.018 5954406,6,4
01:00:19.018 5955332,1,128
01:00:19.018 5955333,5,1
01:00:19.080 5955379,13,129
01:00:19.080 5955385,14,129
01:00:19.080 5955385,6,1
01:00:19.080 5971224,2,129
01:00:19.080 5971225,5,2
01:00:19.080 5971271,13,130
01:00:19.080 5971277,14,130
01:00:19.080 5971277,6,2
01:00:19.080 5979188,4,143
01:00:19.080 5979190,5,8
01:00:19.080 5979232,6,8
01:00:19.080 5987110,1,130
01:00:19.080 5987112,5,1
01:00:19.080 5987157,13,131
01:00:19.080 5987163,14,131
01:00:19.080 5987163,6,1
01:00:19.084 6002999,2,131
01:00:19.085 6003001,5,2
01:00:19.086 6003046,13,132
01:00:19.087 6003052,14,132
01:00:19.088 6003052,6,2
01:00:19.089 6004014,3,144
01:00:19.089 6004015,5,4
01:00:19.089 6004058,6,4
01:00:19.093 6018881,1,132
01:00:19.093 6018883,5,1
01:00:19.095 6018928,13,133
01:00:19.097 6018934,14,133
01:00:19.098 6018934,6,1
01:00:19.099 6028832,4,144
01:00:19.102 6028833,5,8
01:00:19.102 6028875,6,8
01:00:19.164 6034765,2,133
01:00:19.164 6034767,5,2
01:00:19.164 6034812,13,134
01:00:19.164 6034818,14,134
01:00:19.164 6034818,6,2
01:00:19.164 6050690,1,134
01:00:19.164 6050692,5,1
01:00:19.164 6050738,13,135
01:00:19.164 6050743,14,135
01:00:19.164 6050744,6,1
01:00:19.164 6053648,3,145
01:00:19.164 6053650,5,4
01:00:19.164 6053692,6,4
01:00:19.164 6066527,2,135
01:00:19.164 6066528,5,2
01:00:19.164 6066574,13,136
01:00:19.164 6066580,14,136
01:00:19.167 6066580,6,2
01:00:19.167 6078454,4,145
01:00:19.167 6078455,5,8
01:00:19.167 6078497,6,8
01:00:19.167 6082401,1,136
01:00:19.167 6082403,5,1
01:00:19.172 6082448,13,137
01:00:19.172 6082454,14,137
01:00:19.172 6082454,6,1
01:00:19.172 6098289,2,137
01:00:19.172 6098290,5,2
01:00:19.178 6098336,13,138
01:00:19.180 6098341,14,138
01:00:19.182 6098342,6,2
01:00:19.183 6103275,3,146
01:00:19.240 6103277,5,4
01:00:19.240 6103319,6,4
01:00:19.240 6114176,1,138
01:00:19.240 6114177,5,1
01:00:19.240 6114223,13,139
01:00:19.240 6114228,14,139
01:00:19.240 6114229,6,1
01:00:19.240 6128106,4,146
01:00:19.240 6128107,5,8
01:00:19.240 6128149,6,8
01:00:19.240 6130068,2,139
01:00:19.240 6130070,5,2
01:00:19.240 6130115,13,140
01:00:19.240 6130121,14,140
01:00:19.240 6130121,6,2
01:00:19.240 6145952,1,140
01:00:19.244 6145954,5,1
01:00:19.245 6145999,13,141
01:00:19.247 6146005,14,141
01:00:19.247 6146005,6,1
01:00:19.249 6152924,3,147
01:00:19.249 6152926,5,4
01:00:19.249 6152968,6,4
01:00:19.249 6161837,2,141
01:00:19.249 6161839,5,2
01:00:19.255 6161884,13,142
01:00:19.256 6161890,14,142
01:00:19.258 6161890,6,2
01:00:19.259 6177720,1,142
01:00:19.260 6177721,5,1
01:00:19.262 6177742,4,147
01:00:19.263 6177768,13,143
01:00:19.322 6177774,14,143
01:00:19.322 6177774,6,1
01:00:19.322 6177775,5,8
01:00:19.322 6177817,6,8
01:00:19.322 6193609,2,143
01:00:19.322 6193611,5,2
01:00:19.322 6193656,13,144
01:00:19.322 6193662,14,144
01:00:19.322 6193662,6,2
01:00:19.322 6202572,3,148
01:00:19.322 6202573,5,4
01:00:19.322 6202615,6,4
01:00:19.322 6209504,1,144
01:00:19.322 6209505,5,1
01:00:19.322 6209551,13,145
01:00:19.322 6209557,14,145
01:00:19.325 6209557,6,1
01:00:19.326 6225385,2,145
01:00:19.327 6225387,5,2
01:00:19.328 6225432,13,146
01:00:19.331 6225438,14,146
01:00:19.331 6225438,6,2
01:00:19.331 6227392,4,148
01:00:19.331 6227394,5,8
01:00:19.331 6227436,6,8
01:00:19.331 6241267,1,146
01:00:19.331 6241269,5,1
01:00:19.338 6241314,13,147
01:00:19.341 6241320,14,147
01:00:19.342 6241320,6,1
01:00:19.343 6252198,3,149
01:00:19.344 6252200,5,4
01:00:19.422 6252242,6,4
01:00:19.422 6257133,2,147
01:00:19.422 6257134,5,2
01:00:19.422 6257180,13,148
01:00:19.422 6257185,14,148
01:00:19.422 6257186,6,2
01:00:19.422 6272996,1,148
01:00:19.422 6272998,5,1
01:00:19.422 6273043,13,149
01:00:19.422 6273049,14,149
01:00:19.422 6273049,6,1
01:00:19.422 6276991,4,149
01:00:19.422 6276992,5,8
01:00:19.422 6277034,6,8
01:00:19.422 6288876,2,149
01:00:19.422 6288878,5,2
01:00:19.422 6288923,13,150
01:00:19.422 6288929,14,150
01:00:19.422 6288929,6,2
01:00:19.422 6301794,3,150
01:00:19.422 6301795,5,4
01:00:19.422 6301837,6,4
01:00:19.422 6304745,1,150
01:00:19.422 6304747,5,1
01:00:19.422 6304792,13,151
01:00:19.422 6304798,14,151
01:00:19.422 6304798,6,1
01:00:19.422 6320624,2,151
01:00:19.422 6320626,5,2
01:00:19.422 6320671,13,152
01:00:19.427 6320677,14,152
01:00:19.427 6320677,6,2
01:00:19.489 6326599,4,150
01:00:19.489 6326600,5,8
01:00:19.489 6326642,6,8
01:00:19.489 6336489,1,152
01:00:19.489 6336490,5,1
01:00:19.489 6336536,13,153
01:00:19.489 6336541,14,153
01:00:19.489 6336542,6,1
01:00:19.489 6351387,3,151
01:00:19.489 6351388,5,4
01:00:19.489 6351430,6,4
01:00:19.489 6352356,2,153
01:00:19.489 6352358,5,2
01:00:19.489 6352403,13,154
01:00:19.489 6352409,14,154
01:00:19.489 6352409,6,2
01:00:19.489 6368224,1,154
01:00:19.489 6368225,5,1
01:00:19.489 6368271,13,155
01:00:19.489 6368276,14,155
01:00:19.489 6368277,6,1
01:00:19.489 6376177,4,151
01:00:19.489 6376179,5,8
01:00:19.489 6376220,6,8
01:00:19.497 6384082,2,155
01:00:19.498 6384084,5,2
01:00:19.499 6384129,13,156
01:00:19.500 6384135,14,156
01:00:19.501 6384136,6,2
01:00:19.504 6399940,1,156
01:00:19.506 6399941,5,1
01:00:19.506 6399987,13,157
01:00:19.572 6399992,14,157
01:00:19.572 6399992,6,1
01:00:19.572 6400953,3,152
01:00:19.572 6400955,5,4
01:00:19.572 6400997,6,4
01:00:19.572 6415800,2,157
01:00:19.572 6415801,5,2
01:00:19.572 6415847,13,158
01:00:19.572 6415853,14,158
01:00:19.572 6415853,6,2
01:00:19.572 6425736,4,152
01:00:19.572 6425738,5,8
01:00:19.572 6425780,6,8
01:00:19.572 6431665,1,158
01:00:19.572 6431666,5,1
01:00:19.572 6431712,13,159
01:00:19.572 6431717,14,159
01:00:19.572 6431718,6,1
01:00:19.572 6447531,2,159
01:00:19.572 6447532,5,2
01:00:19.572 6447578,13,160
01:00:19.572 6447584,14,160
01:00:19.572 6447584,6,2
01:00:19.572 6450528,3,153
01:00:19.572 6450530,5,4
01:00:19.572 6450572,6,4
01:00:19.572 6463394,1,160
01:00:19.581 6463396,5,1
01:00:19.581 6463441,13,161
01:00:19.583 6463447,14,161
01:00:19.584 6463447,6,1
01:00:19.585 6475318,4,153
01:00:19.650 6475319,5,8
01:00:19.650 6475362,6,8
01:00:19.650 6479261,2,161
01:00:19.650 6479262,5,2
01:00:19.650 6479308,13,162
01:00:19.650 6479314,14,162
01:00:19.772 6479314,6,2
01:00:19.772 6495125,1,162
01:00:19.772 6495127,5,1
01:00:19.772 6495172,13,163
01:00:19.772 6495178,14,163
01:00:19.772 6495178,6,1
01:00:19.772 6500106,3,154
01:00:19.772 6500107,5,4
01:00:19.772 6500149,6,4
01:00:19.772 6510990,2,163
01:00:19.772 6510991,5,2
01:00:19.772 6511037,13,164
01:00:19.772 6511043,14,164
01:00:19.772 6511043,6,2
01:00:19.772 6524901,4,154
01:00:19.772 6524902,5,8
01:00:19.772 6524944,6,8
01:00:19.772 6526862,1,164
01:00:19.772 6526864,5,1
01:00:19.772 6526909,13,165
01:00:19.772 6526916,15,6
01:00:19.772 6526916,14,165
01:00:19.772 6526917,6,1
01:00:19.772 6527254,16,6
01:00:19.772 6542725,2,165
01:00:19.772 6542728,5,2
01:00:19.831 6542774,13,166
01:00:19.831 6542780,14,166
01:00:19.831 6542780,6,2
01:00:19.831 6549684,3,155
01:00:19.831 6549685,5,4
01:00:19.831 6549728,6,4
01:00:19.831 6558583,1,166
01:00:19.831 6558585,5,1
01:00:19.831 6558631,13,167
01:00:19.831 6558636,14,167
01:00:19.831 6558637,6,1
01:00:19.831 6574439,2,167
01:00:19.831 6574441,5,2
01:00:19.831 6574461,4,155
01:00:19.831 6574489,13,168
01:00:19.831 6574495,14,168
01:00:19.898 6574495,6,2
01:00:19.898 6574496,5,8
01:00:19.898 6574539,6,8
01:00:19.898 6590296,1,168
01:00:19.898 6590298,5,1
01:00:19.898 6590344,13,169
01:00:19.898 6590349,14,169
01:00:19.898 6590350,6,1
01:00:19.898 6597954,9,19
01:00:19.898 6599239,3,156
01:00:19.898 6599242,5,4
01:00:19.898 6599284,6,4
01:00:19.898 6606159,2,169
01:00:19.898 6606162,5,2
01:00:19.898 6606208,13,170
01:00:19.898 6606214,14,170
01:00:19.898 6606214,6,2
01:00:19.898 6622025,1,170
01:00:19.898 6622027,5,1
01:00:19.898 6622073,13,171
01:00:19.898 6622079,14,171
01:00:19.898 6622079,6,1
01:00:19.898 6624029,4,156
01:00:19.898 6624031,5,8
01:00:19.898 6624074,6,8
01:00:19.898 6637901,2,171
01:00:19.898 6637902,5,2
01:00:19.898 6637948,13,172
01:00:19.898 6637954,14,172
01:00:19.898 6637955,6,2
01:00:19.898 6638981,10,19
01:00:19.898 6654141,1,172
01:00:19.955 6654144,3,157
01:00:19.955 6654145,5,1
01:00:19.955 6654191,13,173
01:00:19.955 6654197,14,173
01:00:19.955 6654197,6,1
01:00:19.955 6654198,5,4
01:00:19.955 6654241,6,4
01:00:19.955 6669656,2,173
01:00:19.955 6669658,5,2
01:00:19.955 6669704,13,174
01:00:19.955 6669710,14,174
01:00:19.955 6669711,6,2
01:00:19.955 6674598,4,157
01:00:19.955 6674600,5,8
01:00:19.955 6674643,6,8
01:00:19.955 6685526,1,174
01:00:19.955 6685527,5,1
01:00:19.955 6685573,13,175
01:00:19.955 6685579,14,175
01:00:19.955 6685579,6,1
01:00:19.955 6698440,3,158
01:00:19.959 6698442,5,4
01:00:19.959 6698484,6,4
01:00:19.959 6701394,2,175
01:00:19.960 6701395,5,2
01:00:19.961 6701441,13,176
01:00:19.962 6701446,14,176
01:00:20.023 6701447,6,2
01:00:20.023 6717265,1,176
01:00:20.023 6717267,5,1
01:00:20.023 6717312,13,177
01:00:20.023 6717318,14,177
01:00:20.023 6717318,6,1
01:00:20.023 6723235,4,158
01:00:20.023 6723236,5,8
01:00:20.023 6723279,6,8
01:00:20.023 6733130,2,177
01:00:20.023 6733131,5,2
01:00:20.023 6733177,13,178
01:00:20.023 6733183,14,178
01:00:20.023 6733184,6,2
01:00:20.023 6748031,3,159
01:00:20.023 6748032,5,4
01:00:20.023 6748075,6,4
01:00:20.023 6749000,1,178
01:00:20.023 6749001,5,1
01:00:20.023 6749047,13,179
01:00:20.023 6749053,14,179
01:00:20.081 6749053,6,1
01:00:20.081 6764860,2,179
01:00:20.081 6764861,5,2
01:00:20.081 6764907,13,180
01:00:20.081 6764913,14,180
01:00:20.081 6764913,6,2
01:00:20.081 6772813,4,159
01:00:20.081 6772814,5,8
01:00:20.081 6772856,6,8
01:00:20.081 6780727,1,180
01:00:20.081 6780728,5,1
01:00:20.081 6780774,13,181
01:00:20.081 6780779,14,181
01:00:20.081 6780780,6,1
01:00:20.081 6796603,2,181
01:00:20.081 6796604,5,2
01:00:20.081 6796650,13,182
01:00:20.081 6796656,14,182
01:00:20.081 6796656,6,2
01:00:20.081 6797618,3,160
01:00:20.081 6797619,5,4
01:00:20.081 6797661,6,4
01:00:20.081 6812485,1,182
01:00:20.081 6812486,5,1
01:00:20.081 6812532,13,183
01:00:20.085 6812537,14,183
01:00:20.085 6812538,6,1
01:00:20.085 6822432,4,160
01:00:20.086 6822433,5,8
01:00:20.087 6822475,6,8
01:00:20.089 6828362,2,183
01:00:20.089 6828364,5,2
01:00:20.147 6828409,13,184
01:00:20.147 6828415,14,184
01:00:20.147 6828415,6,2
01:00:20.147 6844236,1,184
01:00:20.147 6844238,5,1
01:00:20.147 6844284,13,185
01:00:20.147 6844289,14,185
01:00:20.147 6844290,6,1
01:00:20.147 6847234,3,161
01:00:20.147 6847236,5,4
01:00:20.147 6847278,6,4
01:00:20.147 6860117,2,185
01:00:20.147 6860118,5,2
01:00:20.147 6860164,13,186
01:00:20.147 6860169,14,186
01:00:20.147 6860170,6,2
01:00:20.147 6872053,4,161
01:00:20.147 6872054,5,8
01:00:20.157 6872097,6,8
01:00:20.157 6875998,1,186
01:00:20.157 6876000,5,1
01:00:20.158 6876045,13,187
01:00:20.159 6876051,14,187
01:00:20.160 6876051,6,1
01:00:20.162 6891872,2,187
01:00:20.164 6891873,5,2
01:00:20.164 6891919,13,188
01:00:20.164 6891924,14,188
01:00:20.164 6891925,6,2
01:00:20.164 6896857,3,162
01:00:20.164 6896859,5,4
01:00:20.164 6896901,6,4
01:00:20.238 6907749,1,188
01:00:20.238 6907751,5,1
01:00:20.238 6907796,13,189
01:00:20.238 6907802,14,189
01:00:20.238 6907802,6,1
01:00:20.238 6921651,4,162
01:00:20.238 6921652,5,8
01:00:20.238 6921694,6,8
01:00:20.238 6923612,2,189
01:00:20.238 6923613,5,2
01:00:20.238 6923659,13,190
01:00:20.238 6923665,14,190
01:00:20.238 6923665,6,2
01:00:20.238 6939476,1,190
01:00:20.238 6939478,5,1
01:00:20.238 6939524,13,191
01:00:20.238 6939529,14,191
01:00:20.238 6939530,6,1
01:00:20.238 6946446,3,163
01:00:20.238 6946448,5,4
01:00:20.238 6946490,6,4
01:00:20.238 6955354,2,191
01:00:20.242 6955356,5,2
01:00:20.242 6955401,13,192
01:00:20.242 6955407,14,192
01:00:20.244 6955407,6,2
01:00:20.245 6971226,1,192
01:00:20.247 6971228,5,1
01:00:20.247 6971249,4,163
01:00:20.249 6971275,13,193
01:00:20.249 6971280,14,193
01:00:20.260 6971281,6,1
01:00:20.314 6971282,5,8
01:00:20.314 6971324,6,8
01:00:20.314 6987097,2,193
01:00:20.314 6987099,5,2
01:00:20.314 6987144,13,194
01:00:20.314 6987150,14,194
01:00:20.314 6987151,6,2
01:00:20.314 6996051,3,164
01:00:20.314 6996053,5,4
01:00:20.314 6996095,6,4
01:00:20.314 7002978,1,194
01:00:20.314 7002979,5,1
01:00:20.314 7003025,13,195
01:00:20.314 7003030,14,195
01:00:20.314 7003031,6,1
01:00:20.314 7018849,2,195
01:00:20.314 7018850,5,2
01:00:20.314 7018896,13,196
01:00:20.316 7018902,14,196
01:00:20.316 7018902,6,2
01:00:20.316 7020856,4,164
01:00:20.316 7020857,5,8
01:00:20.316 7020899,6,8
01:00:20.322 7034722,1,196
01:00:20.323 7034723,5,1
01:00:20.324 7034769,13,197
01:00:20.326 7034774,14,197
01:00:20.327 7034775,6,1
01:00:20.328 7045654,3,165
01:00:20.330 7045655,5,4
01:00:20.331 7045697,6,4
01:00:20.333 7050590,2,197
01:00:20.397 7050591,5,2
01:00:20.397 7050637,13,198
01:00:20.397 7050643,14,198
01:00:20.397 7050643,6,2
01:00:20.397 7070777,1,198
01:00:20.397 7070779,4,165
01:00:20.397 7070780,5,1
01:00:20.397 7070826,13,199
01:00:20.397 7070831,14,199
01:00:20.397 7070832,6,1
01:00:20.397 7070833,5,8
01:00:20.397 7070874,6,8
01:00:20.397 7082322,2,199
01:00:20.397 7082324,5,2
01:00:20.397 7082370,13,200
01:00:20.397 7082375,14,200
01:00:20.397 7082376,6,2
01:00:20.397 7095231,3,166
01:00:20.397 7095233,5,4
01:00:20.397 7095275,6,4
01:00:20.401 7098183,1,200
01:00:20.401 7098185,5,1
01:00:20.401 7098230,13,201
01:00:20.402 7098236,14,201
01:00:20.404 7098236,6,1
01:00:20.406 7114048,2,201
01:00:20.406 7114050,5,2
01:00:20.406 7114095,13,202
01:00:20.406 7114101,14,202
01:00:20.406 7114101,6,2
01:00:20.406 7120019,4,166
01:00:20.406 7120020,5,8
01:00:20.473 7120062,6,8
01:00:20.473 7129909,1,202
01:00:20.473 7129911,5,1
01:00:20.473 7129956,13,203
01:00:20.473 7129962,14,203
01:00:20.473 7129962,6,1
01:00:20.473 7144806,3,167
01:00:20.473 7144807,5,4
01:00:20.473 7144849,6,4
01:00:20.473 7145776,2,203
01:00:20.473 7145777,5,2
01:00:20.473 7145823,13,204
01:00:20.473 7145828,14,204
01:00:20.473 7145829,6,2
01:00:20.473 7161640,1,204
01:00:20.473 7161641,5,1
01:00:20.473 7161687,13,205
01:00:20.473 7161692,14,205
01:00:20.473 7161693,6,1
01:00:20.473 7169597,4,167
01:00:20.480 7169599,5,8
01:00:20.480 7169641,6,8
01:00:20.482 7177510,2,205
01:00:20.483 7177511,5,2
01:00:20.484 7177557,13,206
01:00:20.485 7177562,14,206
01:00:20.487 7177563,6,2
01:00:20.489 7193373,1,206
01:00:20.489 7193374,5,1
01:00:20.491 7193420,13,207
01:00:20.491 7193426,14,207
01:00:20.493 7193426,6,1
01:00:20.556 7194386,3,168
01:00:20.556 7194388,5,4
01:00:20.556 7194430,6,4
01:00:20.556 7209228,2,207
01:00:20.556 7209229,5,2
01:00:20.556 7209274,13,208
01:00:20.556 7209280,14,208
01:00:20.556 7209280,6,2
01:00:20.556 7219163,4,168
01:00:20.556 7219164,5,8
01:00:20.556 7219206,6,8
01:00:20.556 7225088,1,208
01:00:20.556 7225090,5,1
01:00:20.556 7225135,13,209
01:00:20.556 7225141,14,209
01:00:20.556 7225141,6,1
01:00:20.556 7240955,2,209
01:00:20.560 7240956,5,2
01:00:20.560 7241002,13,210
01:00:20.560 7241007,14,210
01:00:20.561 7241008,6,2
01:00:20.562 7243952,3,169
01:00:20.563 7243954,5,4
01:00:20.564 7243996,6,4
01:00:20.564 7256816,1,210
01:00:20.566 7256817,5,1
01:00:20.566 7256863,13,211
01:00:20.570 7256869,14,211
01:00:20.570 7256869,6,1
01:00:20.572 7268731,4,169
01:00:20.572 7268732,5,8
01:00:20.574 7268774,6,8
01:00:20.757 7272671,2,211
01:00:20.757 7272673,5,2
01:00:20.757 7272719,13,212
01:00:20.757 7272725,14,212
01:00:20.757 7272725,6,2
01:00:20.757 7288531,1,212
01:00:20.757 7288533,5,1
01:00:20.757 7288578,13,213
01:00:20.757 7288584,14,213
01:00:20.757 7288584,6,1
01:00:20.757 7293506,3,170
01:00:20.757 7293508,5,4
01:00:20.757 7293549,6,4
01:00:20.757 7304382,2,213
01:00:20.757 7304384,5,2
01:00:20.757 7304429,13,214
01:00:20.757 7304435,14,214
01:00:20.757 7304435,6,2
01:00:20.757 7318284,4,170
01:00:20.757 7318286,5,8
01:00:20.757 7318327,6,8
01:00:20.757 7320246,1,214
01:00:20.757 7320247,5,1
01:00:20.757 7320293,13,215
01:00:20.761 7320299,14,215
01:00:20.761 7320299,6,1
01:00:20.761 7336121,2,215
01:00:20.761 7336122,5,2
01:00:20.762 7336168,13,216
01:00:20.763 7336173,14,216
01:00:20.764 7336174,6,2
01:00:20.764 7343087,3,171
01:00:20.823 7343089,5,4
01:00:20.823 7343131,6,4
01:00:20.823 7351997,1,216
01:00:20.823 7351998,5,1
01:00:20.823 7352043,13,217
01:00:20.823 7352049,14,217
01:00:20.823 7352049,6,1
01:00:20.823 7367870,2,217
01:00:20.823 7367872,5,2
01:00:20.823 7367892,4,171
01:00:20.823 7367919,13,218
01:00:20.823 7367924,14,218
01:00:20.823 7367925,6,2
01:00:20.823 7367925,5,8
01:00:20.823 7367967,6,8
01:00:20.823 7383747,1,218
01:00:20.881 7383749,5,1
01:00:20.881 7383794,13,219
01:00:20.881 7383800,14,219
01:00:20.881 7383800,6,1
01:00:20.881 7392702,3,172
01:00:20.881 7392704,5,4
01:00:20.881 7392745,6,4
01:00:20.881 7399626,2,219
01:00:20.881 7399627,5,2
01:00:20.881 7399673,13,220
01:00:20.881 7399678,14,220
01:00:20.881 7399679,6,2
01:00:20.881 7415496,1,220
01:00:20.881 7415497,5,1
01:00:20.881 7415543,13,221
01:00:20.881 7415549,14,221
01:00:20.881 7415549,6,1
01:00:20.881 7417501,4,172
01:00:20.881 7417502,5,8
01:00:20.881 7417544,6,8
01:00:20.881 7431363,2,221
01:00:20.881 7431365,5,2
01:00:20.881 7431410,13,222
01:00:20.881 7431416,14,222
01:00:20.881 7431416,6,2
01:00:20.881 7442299,3,173
01:00:20.881 7442300,5,4
01:00:20.885 7442342,6,4
01:00:20.885 7447235,1,222
01:00:20.885 7447237,5,1
01:00:20.885 7447282,13,223
01:00:20.886 7447288,14,223
01:00:20.940 7447288,6,1
01:00:20.940 7463103,2,223
01:00:20.940 7463105,5,2
01:00:20.940 7463150,13,224
01:00:20.940 7463156,14,224
01:00:20.940 7463156,6,2
01:00:20.940 7467092,4,173
01:00:20.940 7467094,5,8
01:00:20.940 7467136,6,8
01:00:20.940 7478967,1,224
01:00:20.940 7478968,5,1
01:00:20.940 7479014,13,225
01:00:20.940 7479021,15,7
01:00:20.940 7479021,14,225
01:00:20.940 7479021,6,1
01:00:20.940 7479355,16,7
01:00:21.006 7491887,3,174
01:00:21.006 7491890,5,4
01:00:21.006 7491932,6,4
01:00:21.006 7494842,2,225
01:00:21.006 7494844,5,2
01:00:21.006 7494890,13,226
01:00:21.006 7494896,14,226
01:00:21.006 7494896,6,2
01:00:21.006 7510716,1,226
01:00:21.006 7510718,5,1
01:00:21.006 7510764,13,227
01:00:21.006 7510770,14,227
01:00:21.006 7510770,6,1
01:00:21.006 7516685,4,174
01:00:21.006 7516687,5,8
01:00:21.006 7516730,6,8
01:00:21.006 7526584,2,227
01:00:21.006 7526586,5,2
01:00:21.006 7526631,13,228
01:00:21.006 7526637,14,228
01:00:21.006 7526638,6,2
01:00:21.006 7541475,3,175
01:00:21.006 7541477,5,4
01:00:21.006 7541519,6,4
01:00:21.006 7542444,1,228
01:00:21.006 7542446,5,1
01:00:21.006 7542491,13,229
01:00:21.006 7542497,14,229
01:00:21.006 7542497,6,1
01:00:21.006 7550096,9,20
01:00:21.006 7558304,2,229
01:00:21.011 7558307,5,2
01:00:21.064 7558353,13,230
01:00:21.064 7558359,14,230
01:00:21.064 7558359,6,2
01:00:21.064 7566254,4,175
01:00:21.064 7566257,5,8
01:00:21.064 7566299,6,8
01:00:21.064 7574164,1,230
01:00:21.064 7574166,5,1
01:00:21.064 7574212,13,231
01:00:21.064 7574218,14,231
01:00:21.064 7574218,6,1
01:00:21.064 7590018,2,231
01:00:21.064 7590020,5,2
01:00:21.064 7590066,13,232
01:00:21.064 7590072,14,232
01:00:21.064 7590072,6,2
01:00:21.131 7591031,3,176
01:00:21.131 7591033,5,4
01:00:21.131 7591075,6,4
01:00:21.131 7591103,10,20
01:00:21.131 7606259,1,232
01:00:21.131 7606261,5,1
01:00:21.131 7606308,13,233
01:00:21.131 7606314,14,233
01:00:21.131 7606314,6,1
01:00:21.131 7619770,4,176
01:00:21.131 7619772,5,8
01:00:21.131 7619814,6,8
01:00:21.131 7621750,2,233
01:00:21.131 7621751,5,2
01:00:21.131 7621797,13,234
01:00:21.131 7621803,14,234
01:00:21.131 7621803,6,2
01:00:21.131 7637613,1,234
01:00:21.131 7637615,5,1
01:00:21.131 7637660,13,235
01:00:21.131 7637666,14,235
01:00:21.131 7637666,6,1
01:00:21.131 7640612,3,177
01:00:21.131 7640613,5,4
01:00:21.131 7640655,6,4
01:00:21.131 7653480,2,235
01:00:21.131 7653481,5,2
01:00:21.131 7653527,13,236
01:00:21.131 7653533,14,236
01:00:21.131 7653533,6,2
01:00:21.131 7665400,4,177
01:00:21.131 7665401,5,8
01:00:21.198 7665443,6,8
01:00:21.198 7669345,1,236
01:00:21.198 7669346,5,1
01:00:21.198 7669392,13,237
01:00:21.198 7669398,14,237
01:00:21.198 7669398,6,1
01:00:21.198 7685217,2,237
01:00:21.198 7685218,5,2
01:00:21.198 7685264,13,238
01:00:21.198 7685270,14,238
01:00:21.198 7685270,6,2
01:00:21.198 7690200,3,178
01:00:21.198 7690201,5,4
01:00:21.198 7690243,6,4
01:00:21.198 7701088,1,238
01:00:21.198 7701090,5,1
01:00:21.198 7701135,13,239
01:00:21.198 7701141,14,239
01:00:21.198 7701141,6,1
01:00:21.198 7714997,4,178
01:00:21.198 7714998,5,8
01:00:21.198 7715040,6,8
01:00:21.198 7716956,2,239
01:00:21.203 7716958,5,2
01:00:21.203 7717004,13,240
01:00:21.203 7717009,14,240
01:00:21.204 7717010,6,2
01:00:21.204 7732821,1,240
01:00:21.206 7732822,5,1
01:00:21.206 7732868,13,241
01:00:21.208 7732874,14,241
01:00:21.210 7732874,6,1
01:00:21.273 7739787,3,179
01:00:21.273 7739788,5,4
01:00:21.273 7739830,6,4
01:00:21.273 7748690,2,241
01:00:21.273 7748691,5,2
01:00:21.273 7748737,13,242
01:00:21.273 7748743,14,242
01:00:21.273 7748743,6,2
01:00:21.273 7764542,1,242
01:00:21.273 7764543,5,1
01:00:21.273 7764564,4,179
01:00:21.273 7764590,13,243
01:00:21.273 7764596,14,243
01:00:21.273 7764596,6,1
01:00:21.273 7764597,5,8
01:00:21.273 7764639,6,8
01:00:21.273 7780393,2,243
01:00:21.273 7780394,5,2
01:00:21.273 7780440,13,244
01:00:21.275 7780446,14,244
01:00:21.275 7780446,6,2
01:00:21.275 7789332,3,180
01:00:21.275 7789333,5,4
01:00:21.280 7789375,6,4
01:00:21.281 7796246,1,244
01:00:21.282 7796247,5,1
01:00:21.284 7796293,13,245
01:00:21.284 7796299,14,245
01:00:21.286 7796299,6,1
01:00:21.287 7812112,2,245
01:00:21.289 7812113,5,2
01:00:21.289 7812159,13,246
01:00:21.351 7812165,14,246
01:00:21.351 7812165,6,2
01:00:21.351 7814117,4,180
01:00:21.351 7814119,5,8
01:00:21.351 7814160,6,8
01:00:21.351 7827975,1,246
01:00:21.351 7827976,5,1
01:00:21.351 7828022,13,247
01:00:21.351 7828027,14,247
01:00:21.351 7828028,6,1
01:00:21.351 7838901,3,181
01:00:21.351 7838902,5,4
01:00:21.351 7838944,6,4
01:00:21.351 7843838,2,247
01:00:21.351 7843840,5,2
01:00:21.351 7843886,13,248
01:00:21.357 7843891,14,248
01:00:21.357 7843892,6,2
01:00:21.357 7859707,1,248
01:00:21.357 7859708,5,1
01:00:21.357 7859754,13,249
01:00:21.359 7859759,14,249
01:00:21.360 7859760,6,1
01:00:21.362 7863697,4,181
01:00:21.362 7863698,5,8
01:00:21.364 7863741,6,8
01:00:21.364 7875574,2,249
01:00:21.364 7875575,5,2
01:00:21.364 7875621,13,250
01:00:21.364 7875627,14,250
01:00:21.370 7875627,6,2
01:00:21.370 7888488,3,182
01:00:21.438 7888490,5,4
01:00:21.438 7888532,6,4
01:00:21.438 7891439,1,250
01:00:21.438 7891441,5,1
01:00:21.438 7891486,13,251
01:00:21.438 7891492,14,251
01:00:21.438 7891492,6,1
01:00:21.438 7907303,2,251
01:00:21.438 7907304,5,2
01:00:21.438 7907350,13,252
01:00:21.438 7907355,14,252
01:00:21.438 7907356,6,2
01:00:21.438 7913270,4,182
01:00:21.438 7913271,5,8
01:00:21.438 7913313,6,8
01:00:21.438 7923156,1,252
01:00:21.438 7923157,5,1
01:00:21.438 7923203,13,253
01:00:21.438 7923208,14,253
01:00:21.438 7923209,6,1
01:00:21.438 7938068,3,183
01:00:21.438 7938069,5,4
01:00:21.443 7938112,6,4
01:00:21.443 7939163,2,253
01:00:21.443 7939165,5,2
01:00:21.444 7939210,13,254
01:00:21.445 7939216,14,254
01:00:21.447 7939217,6,2
01:00:21.448 7954877,1,254
01:00:21.448 7954879,5,1
01:00:21.448 7954925,13,255
01:00:21.448 7954930,14,255
01:00:21.522 7954931,6,1
01:00:21.522 7962833,4,183
01:00:21.522 7962834,5,8
01:00:21.522 7962877,6,8
01:00:21.522 7970745,2,255
01:00:21.522 7970746,5,2
01:00:21.522 7970792,13,0
01:00:21.522 7970797,14,0
01:00:21.522 7970798,6,2
01:00:21.522 7986619,1,0
01:00:21.522 7986621,5,1
01:00:21.522 7986666,13,1
01:00:21.522 7986672,14,1
01:00:21.522 7986672,6,1
01:00:21.522 7987633,3,184
01:00:21.522 7987635,5,4
01:00:21.522 7987677,6,4
01:00:21.522 8002480,2,1
01:00:21.522 8002481,5,2
01:00:21.522 8002527,13,2
01:00:21.522 8002533,14,2
01:00:21.522 8002533,6,2
01:00:21.522 8012421,4,184
01:00:21.522 8012422,5,8
01:00:21.522 8012464,6,8
01:00:21.522 8018348,1,2
01:00:21.522 8018349,5,1
01:00:21.522 8018395,13,3
01:00:21.522 8018400,14,3
01:00:21.522 8018401,6,1
01:00:21.522 8034217,2,3
01:00:21.522 8034219,5,2
01:00:21.582 8034265,13,4
01:00:21.582 8034270,14,4
01:00:21.706 8034271,6,2
01:00:21.706 8037214,3,185
01:00:21.706 8037216,5,4
01:00:21.706 8037258,6,4
01:00:21.706 8050077,1,4
01:00:21.706 8050078,5,1
01:00:21.706 8050124,13,5
01:00:21.706 8050129,14,5
01:00:21.706 8050130,6,1
01:00:21.706 8061997,4,185
01:00:21.706 8061998,5,8
01:00:21.706 8062040,6,8
01:00:21.706 8065942,2,5
01:00:21.706 8065944,5,2
01:00:21.706 8065990,13,6
01:00:21.706 8065995,14,6
01:00:21.706 8065996,6,2
01:00:21.706 8081815,1,6
01:00:21.706 8081816,5,1
01:00:21.706 8081862,13,7
01:00:21.706 8081868,14,7
01:00:21.706 8081868,6,1
01:00:21.706 8090603,3,186
01:00:21.706 8090605,5,4
01:00:21.706 8090647,6,4
01:00:21.706 8097688,2,7
01:00:21.706 8097689,5,2
01:00:21.706 8097735,13,8
01:00:21.706 8097741,14,8
01:00:21.706 8097741,6,2
01:00:21.772 8111589,4,186
01:00:21.772 8111590,5,8
01:00:21.772 8111632,6,8
01:00:21.772 8113552,1,8
01:00:21.772 8113553,5,1
01:00:21.772 8113599,13,9
01:00:21.772 8113604,14,9
01:00:21.772 8113605,6,1
01:00:21.772 8129421,2,9
01:00:21.772 8129422,5,2
01:00:21.772 8129468,13,10
01:00:21.772 8129474,14,10
01:00:21.772 8129474,6,2
01:00:21.772 8136385,3,187
01:00:21.772 8136386,5,4
01:00:21.772 8136428,6,4
01:00:21.772 8145290,1,10
01:00:21.772 8145291,5,1
01:00:21.772 8145337,13,11
01:00:21.772 8145342,14,11
01:00:21.772 8145343,6,1
01:00:21.772 8161159,2,11
01:00:21.772 8161160,5,2
01:00:21.772 8161181,4,187
01:00:21.772 8161208,13,12
01:00:21.772 8161213,14,12
01:00:21.772 8161214,6,2
01:00:21.772 8161214,5,8
01:00:21.772 8161256,6,8
01:00:21.772 8177034,1,12
01:00:21.772 8177035,5,1
01:00:21.772 8177081,13,13
01:00:21.772 8177086,14,13
01:00:21.772 8177086,6,1
01:00:21.772 8185989,3,188
01:00:21.772 8185990,5,4
01:00:21.780 8186032,6,4
01:00:21.781 8192908,2,13
01:00:21.782 8192910,5,2
01:00:21.783 8192955,13,14
01:00:21.785 8192961,14,14
01:00:21.786 8192961,6,2
01:00:21.787 8208784,1,14
01:00:21.788 8208785,5,1
01:00:21.789 8208831,13,15
01:00:21.789 8208836,14,15
01:00:21.789 8208836,6,1
01:00:21.789 8210790,4,188
01:00:21.848 8210792,5,8
01:00:21.848 8210834,6,8
01:00:21.848 8224652,2,15
01:00:21.848 8224653,5,2
01:00:21.848 8224699,13,16
01:00:21.848 8224704,14,16
01:00:21.848 8224705,6,2
01:00:21.848 8235581,3,189
01:00:21.848 8235582,5,4
01:00:21.848 8235625,6,4
01:00:21.848 8240517,1,16
01:00:21.848 8240518,5,1
01:00:21.848 8240564,13,17
01:00:21.848 8240569,14,17
01:00:21.848 8240570,6,1
01:00:21.848 8256385,2,17
01:00:21.848 8256386,5,2
01:00:21.848 8256432,13,18
01:00:21.848 8256438,14,18
01:00:21.848 8256438,6,2
01:00:21.848 8260375,4,189
01:00:21.848 8260376,5,8
01:00:21.848 8260419,6,8
01:00:21.848 8272255,1,18
01:00:21.848 8272256,5,1
01:00:21.848 8272304,13,19
01:00:21.848 8272309,14,19
01:00:21.848 8272310,6,1
01:00:21.848 8285173,3,190
01:00:21.848 8285174,5,4
01:00:21.848 8285216,6,4
01:00:21.848 8288124,2,19
01:00:21.914 8288125,5,2
01:00:21.914 8288171,13,20
01:00:21.914 8288177,14,20
01:00:21.914 8288177,6,2
01:00:21.914 8303982,1,20
01:00:21.914 8303984,5,1
01:00:21.914 8304029,13,21
01:00:21.914 8304035,14,21
01:00:21.914 8304035,6,1
01:00:21.914 8309953,4,190
01:00:21.914 8309954,5,8
01:00:21.914 8309996,6,8
01:00:21.914 8319847,2,21
01:00:21.914 8319848,5,2
01:00:21.914 8319894,13,22
01:00:21.914 8319899,14,22
01:00:21.914 8319900,6,2
01:00:21.914 8334737,3,191
01:00:21.914 8334738,5,4
01:00:21.914 8334780,6,4
01:00:21.914 8335706,1,22
01:00:21.914 8335708,5,1
01:00:21.914 8335753,13,23
01:00:21.914 8335759,14,23
01:00:21.914 8335759,6,1
01:00:21.914 8351574,2,23
01:00:21.914 8351576,5,2
01:00:21.914 8351621,13,24
01:00:21.914 8351627,14,24
01:00:21.914 8351627,6,2
01:00:21.914 8359534,4,191
01:00:21.914 8359535,5,8
01:00:21.972 8359577,6,8
01:00:21.972 8367447,1,24
01:00:21.972 8367449,5,1
01:00:21.972 8367494,13,25
01:00:21.972 8367500,14,25
01:00:21.972 8367500,6,1
01:00:21.972 8383313,2,25
01:00:21.972 8383314,5,2
01:00:21.972 8383360,13,26
01:00:21.972 8383365,14,26
01:00:21.972 8383365,6,2
01:00:21.972 8384326,3,192
01:00:21.972 8384327,5,4
01:00:21.972 8384369,6,4
01:00:21.972 8399181,1,26
01:00:21.972 8399182,5,1
01:00:21.972 8399227,13,27
01:00:21.972 8399233,14,27
01:00:21.972 8399233,6,1
01:00:21.972 8409112,4,192
01:00:21.972 8409114,5,8
01:00:21.972 8409156,6,8
01:00:21.972 8415043,2,27
01:00:21.972 8415044,5,2
01:00:21.972 8415090,13,28
01:00:21.972 8415095,14,28
01:00:21.972 8415096,6,2
01:00:21.972 8430906,1,28
01:00:21.972 8430908,5,1
01:00:21.972 8430953,13,29
01:00:21.972 8430960,15,8
01:00:21.972 8430961,14,29
01:00:22.038 8430961,6,1
01:00:22.038 8431298,16,8
01:00:22.038 8433904,3,193
01:00:22.038 8433906,5,4
01:00:22.038 8433949,6,4
01:00:22.038 8446775,2,29
01:00:22.038 8446777,5,2
01:00:22.038 8446823,13,30
01:00:22.038 8446829,14,30
01:00:22.038 8446829,6,2
01:00:22.038 8458694,4,193
01:00:22.038 8458696,5,8
01:00:22.038 8458738,6,8
01:00:22.038 8462637,1,30
01:00:22.038 8462639,5,1
01:00:22.038 8462685,13,31
01:00:22.038 8462691,14,31
01:00:22.038 8462691,6,1
01:00:22.038 8478497,2,31
01:00:22.038 8478498,5,2
01:00:22.038 8478544,13,32
01:00:22.038 8478550,14,32
01:00:22.038 8478550,6,2
01:00:22.038 8483475,3,194
01:00:22.038 8483477,5,4
01:00:22.038 8483519,6,4
01:00:22.038 8494359,1,32
01:00:22.038 8494361,5,1
01:00:22.038 8494407,13,33
01:00:22.038 8494413,14,33
01:00:22.038 8494413,6,1
01:00:22.038 8502034,9,21
01:00:22.097 8508271,4,194
01:00:22.097 8508274,5,8
01:00:22.097 8508317,6,8
01:00:22.097 8510233,2,33
01:00:22.097 8510235,5,2
01:00:22.097 8510281,13,34
01:00:22.097 8510288,14,34
01:00:22.097 8510288,6,2
01:00:22.097 8526111,1,34
01:00:22.097 8526113,5,1
01:00:22.097 8526159,13,35
01:00:22.097 8526165,14,35
01:00:22.097 8526165,6,1
01:00:22.097 8533077,3,195
01:00:22.097 8533079,5,4
01:00:22.097 8533121,6,4
01:00:22.097 8541989,2,35
01:00:22.097 8541991,5,2
01:00:22.097 8542037,13,36
01:00:22.097 8542043,14,36
01:00:22.097 8542043,6,2
01:00:22.097 8543055,10,21
01:00:22.097 8558651,1,36
01:00:22.097 8558654,4,195
01:00:22.097 8558655,5,1
01:00:22.097 8558701,13,37
01:00:22.097 8558707,14,37
01:00:22.097 8558708,6,1
01:00:22.097 8558709,5,8
01:00:22.097 8558751,6,8
01:00:22.097 8573743,2,37
01:00:22.097 8573745,5,2
01:00:22.172 8573791,13,38
01:00:22.172 8573797,14,38
01:00:22.172 8573797,6,2
01:00:22.172 8582700,3,196
01:00:22.172 8582701,5,4
01:00:22.172 8582744,6,4
01:00:22.172 8589629,1,38
01:00:22.172 8589631,5,1
01:00:22.172 8589676,13,39
01:00:22.172 8589682,14,39
01:00:22.172 8589682,6,1
01:00:22.172 8605509,2,39
01:00:22.172 8605511,5,2
01:00:22.172 8605557,13,40
01:00:22.172 8605562,14,40
01:00:22.172 8605563,6,2
01:00:22.172 8607517,4,196
01:00:22.172 8607518,5,8
01:00:22.172 8607561,6,8
01:00:22.172 8621391,1,40
01:00:22.172 8621392,5,1
01:00:22.172 8621438,13,41
01:00:22.172 8621444,14,41
01:00:22.172 8621444,6,1
01:00:22.172 8632320,3,197
01:00:22.172 8632322,5,4
01:00:22.172 8632364,6,4
01:00:22.172 8637257,2,41
01:00:22.172 8637258,5,2
01:00:22.172 8637304,13,42
01:00:22.172 8637310,14,42
01:00:22.172 8637310,6,2
01:00:22.172 8653128,1,42
01:00:22.172 8653130,5,1
01:00:22.172 8653175,13,43
01:00:22.172 8653181,14,43
01:00:22.172 8653181,6,1
01:00:22.172 8657119,4,197
01:00:22.172 8657120,5,8
01:00:22.172 8657162,6,8
01:00:22.172 8668999,2,43
01:00:22.180 8669000,5,2
01:00:22.180 8669046,13,44
01:00:22.181 8669051,14,44
01:00:22.183 8669052,6,2
01:00:22.184 8681912,3,198
01:00:22.186 8681913,5,4
01:00:22.186 8681955,6,4
01:00:22.255 8684867,1,44
01:00:22.255 8684869,5,1
01:00:22.255 8684914,13,45
01:00:22.255 8684920,14,45
01:00:22.255 8684920,6,1
01:00:22.255 8700750,2,45
01:00:22.255 8700752,5,2
01:00:22.255 8700797,13,46
01:00:22.255 8700803,14,46
01:00:22.255 8700803,6,2
01:00:22.255 8706729,4,198
01:00:22.255 8706731,5,8
01:00:22.255 8706773,6,8
01:00:22.255 8716635,1,46
01:00:22.255 8716636,5,1
01:00:22.255 8716682,13,47
01:00:22.255 8716687,14,47
01:00:22.255 8716688,6,1
01:00:22.255 8731541,3,199
01:00:22.255 8731543,5,4
01:00:22.255 8731585,6,4
01:00:22.255 8732511,2,47
01:00:22.255 8732512,5,2
01:00:22.255 8732558,13,48
01:00:22.255 8732564,14,48
01:00:22.255 8732564,6,2
01:00:22.255 8748379,1,48
01:00:22.255 8748380,5,1
01:00:22.255 8748426,13,49
01:00:22.255 8748432,14,49
01:00:22.255 8748432,6,1
01:00:22.255 8756337,4,199
01:00:22.260 8756339,5,8
01:00:22.260 8756381,6,8
01:00:22.261 8764254,2,49
01:00:22.262 8764256,5,2
01:00:22.263 8764301,13,50
01:00:22.264 8764307,14,50
01:00:22.267 8764307,6,2
01:00:22.267 8780135,1,50
01:00:22.267 8780136,5,1
01:00:22.267 8780182,13,51
01:00:22.267 8780187,14,51
01:00:22.272 8780187,6,1
01:00:22.274 8781150,3,200
01:00:22.274 8781152,5,4
01:00:22.274 8781194,6,4
01:00:22.274 8796018,2,51
01:00:22.331 8796019,5,2
01:00:22.331 8796065,13,52
01:00:22.331 8796071,14,52
01:00:22.331 8796071,6,2
01:00:22.331 8805970,4,200
01:00:22.331 8805972,5,8
01:00:22.331 8806014,6,8
01:00:22.331 8811905,1,52
01:00:22.331 8811906,5,1
01:00:22.331 8811952,13,53
01:00:22.331 8811957,14,53
01:00:22.331 8811958,6,1
01:00:22.331 8827786,2,53
01:00:22.331 8827788,5,2
01:00:22.331 8827833,13,54
01:00:22.331 8827839,14,54
01:00:22.331 8827839,6,2
01:00:22.331 8830787,3,201
01:00:22.331 8830789,5,4
01:00:22.331 8830830,6,4
01:00:22.331 8843667,1,54
01:00:22.331 8843668,5,1
01:00:22.331 8843713,13,55
01:00:22.331 8843719,14,55
01:00:22.331 8843719,6,1
01:00:22.331 8855591,4,201
01:00:22.331 8855593,5,8
01:00:22.331 8855635,6,8
01:00:22.331 8859538,2,55
01:00:22.331 8859539,5,2
01:00:22.331 8859585,13,56
01:00:22.338 8859591,14,56
01:00:22.397 8859591,6,2
01:00:22.397 8875412,1,56
01:00:22.397 8875413,5,1
01:00:22.397 8875459,13,57
01:00:22.397 8875464,14,57
01:00:22.397 8875465,6,1
01:00:22.397 8880394,3,202
01:00:22.397 8880396,5,4
01:00:22.397 8880438,6,4
01:00:22.397 8891289,2,57
01:00:22.397 8891290,5,2
01:00:22.397 8891336,13,58
01:00:22.397 8891342,14,58
01:00:22.397 8891342,6,2
01:00:22.397 8905203,4,202
01:00:22.397 8905204,5,8
01:00:22.397 8905246,6,8
01:00:22.397 8907164,1,58
01:00:22.397 8907165,5,1
01:00:22.397 8907211,13,59
01:00:22.397 8907216,14,59
01:00:22.397 8907216,6,1
01:00:22.397 8923029,2,59
01:00:22.397 8923030,5,2
01:00:22.397 8923075,13,60
01:00:22.397 8923081,14,60
01:00:22.397 8923081,6,2
01:00:22.397 8929989,3,203
01:00:22.397 8929990,5,4
01:00:22.397 8930032,6,4
01:00:22.397 8938941,1,60
01:00:22.402 8938943,5,1
01:00:22.455 8938988,13,61
01:00:22.455 8938994,14,61
01:00:22.455 8938994,6,1
01:00:22.455 8954738,2,61
01:00:22.455 8954740,5,2
01:00:22.455 8954760,4,203
01:00:22.455 8954787,13,62
01:00:22.455 8954793,14,62
01:00:22.455 8954793,6,2
01:00:22.455 8954794,5,8
01:00:22.455 8954836,6,8
01:00:22.455 8970595,1,62
01:00:22.455 8970596,5,1
01:00:22.455 8970642,13,63
01:00:22.455 8970648,14,63
01:00:22.455 8970648,6,1
01:00:22.455 8979542,3,204
01:00:22.455 8979543,5,4
01:00:22.455 8979585,6,4
01:00:22.455 8986458,2,63
01:00:22.455 8986459,5,2
01:00:22.455 8986505,13,64
01:00:22.455 8986510,14,64
01:00:22.455 8986511,6,2
01:00:22.455 9002311,1,64
01:00:22.455 9002313,5,1
01:00:22.455 9002358,13,65
01:00:22.455 9002364,14,65
01:00:22.455 9002364,6,1
01:00:22.460 9004316,4,204
01:00:22.460 9004318,5,8
01:00:22.460 9004360,6,8
01:00:22.523 9018172,2,65
01:00:22.523 9018174,5,2
01:00:22.523 9018219,13,66
01:00:22.523 9018225,14,66
01:00:22.523 9018225,6,2
01:00:22.523 9029112,3,205
01:00:22.523 9029113,5,4
01:00:22.523 9029155,6,4
01:00:22.523 9034051,1,66
01:00:22.523 9034053,5,1
01:00:22.523 9034098,13,67
01:00:22.523 9034104,14,67
01:00:22.523 9034104,6,1
01:00:22.523 9049926,2,67
01:00:22.523 9049928,5,2
01:00:22.523 9049973,13,68
01:00:22.648 9049979,14,68
01:00:22.648 9049979,6,2
01:00:22.648 9053916,4,205
01:00:22.648 9053917,5,8
01:00:22.648 9053959,6,8
01:00:22.648 9065798,1,68
01:00:22.648 9065799,5,1
01:00:22.648 9065844,13,69
01:00:22.648 9065850,14,69
01:00:22.648 9065850,6,1
01:00:22.648 9078709,3,206
01:00:22.648 9078711,5,4
01:00:22.648 9078753,6,4
01:00:22.648 9081661,2,69
01:00:22.648 9081663,5,2
01:00:22.648 9081708,13,70
01:00:22.648 9081714,14,70
01:00:22.648 9081714,6,2
01:00:22.648 9097536,1,70
01:00:22.648 9097537,5,1
01:00:22.648 9097583,13,71
01:00:22.648 9097588,14,71
01:00:22.648 9097588,6,1
01:00:22.648 9110778,4,206
01:00:22.648 9110779,5,8
01:00:22.648 9110821,6,8
01:00:22.655 9113407,2,71
01:00:22.656 9113409,5,2
01:00:22.656 9113454,13,72
01:00:22.657 9113460,14,72
01:00:22.659 9113461,6,2
01:00:22.660 9128309,3,207
01:00:22.722 9128311,5,4
01:00:22.722 9128353,6,4
01:00:22.722 9129279,1,72
01:00:22.722 9129280,5,1
01:00:22.722 9129326,13,73
01:00:22.722 9129332,14,73
01:00:22.722 9129332,6,1
01:00:22.722 9145157,2,73
01:00:22.722 9145158,5,2
01:00:22.722 9145204,13,74
01:00:22.722 9145210,14,74
01:00:22.722 9145210,6,2
01:00:22.722 9153120,4,207
01:00:22.722 9153121,5,8
01:00:22.722 9153163,6,8
01:00:22.722 9161031,1,74
01:00:22.722 9161033,5,1
01:00:22.722 9161078,13,75
01:00:22.722 9161084,14,75
01:00:22.722 9161084,6,1
01:00:22.722 9176904,2,75
01:00:22.722 9176905,5,2
01:00:22.722 9176951,13,76
01:00:22.722 9176956,14,76
01:00:22.722 9176957,6,2
01:00:22.722 9177918,3,208
01:00:22.722 9177919,5,4
01:00:22.722 9177961,6,4
01:00:22.722 9192769,1,76
01:00:22.722 9192771,5,1
01:00:22.722 9192816,13,77
01:00:22.722 9192822,14,77
01:00:22.789 9192822,6,1
01:00:22.789 9202710,4,208
01:00:22.789 9202711,5,8
01:00:22.789 9202753,6,8
01:00:22.789 9208643,2,77
01:00:22.789 9208644,5,2
01:00:22.789 9208690,13,78
01:00:22.789 9208696,14,78
01:00:22.789 9208696,6,2
01:00:22.789 9224513,1,78
01:00:22.789 9224515,5,1
01:00:22.789 9224560,13,79
01:00:22.789 9224566,14,79
01:00:22.789 9224566,6,1
01:00:22.789 9227511,3,209
01:00:22.789 9227512,5,4
01:00:22.789 9227554,6,4
01:00:22.789 9240379,2,79
01:00:22.789 9240381,5,2
01:00:22.789 9240426,13,80
01:00:22.789 9240432,14,80
01:00:22.789 9240432,6,2
01:00:22.789 9252299,4,209
01:00:22.789 9252300,5,8
01:00:22.789 9252343,6,8
01:00:22.789 9256245,1,80
01:00:22.789 9256246,5,1
01:00:22.789 9256292,13,81
01:00:22.789 9256298,14,81
01:00:22.789 9256298,6,1
01:00:22.789 9272123,2,81
01:00:22.789 9272124,5,2
01:00:22.792 9272170,13,82
01:00:22.794 9272175,14,82
01:00:22.794 9272176,6,2
01:00:22.797 9277105,3,210
01:00:22.798 9277106,5,4
01:00:22.800 9277149,6,4
01:00:22.800 9287993,1,82
01:00:22.802 9287994,5,1
01:00:22.803 9288040,13,83
01:00:22.804 9288045,14,83
01:00:22.806 9288046,6,1
01:00:22.806 9301906,4,210
01:00:22.806 9301908,5,8
01:00:22.806 9301950,6,8
01:00:22.806 9303870,2,83
01:00:22.806 9303872,5,2
01:00:22.884 #trace end dropped=0 muted=47
01:00:22.940   pt[37]: min=-1032 max=632 avg_abs=241 | fifo=800 under=0 over=0 late=0 mdf_cb=1225 mdf_err=0
01:00:23.440   pt[38]: min=-1146 max=1068 avg_abs=323 | fifo=1248 under=0 over=0 late=0 mdf_cb=1258 mdf_err=0
01:00:23.881 in=16127Hz out=15999Hz ring=1040 under=0 over=0 (dt=1000001us) loglag=8607us
01:00:23.881 ====================================
01:00:23.883 ====================================
01:00:23.886 PREPROC TEST
01:00:23.888 ====================================
01:00:23.889 ====================================
01:00:23.889 preproc test: 2 clips, board log-mel (Application/aed/preproc.c) vs PC (scripts/aed_clips.py)
01:00:23.904   15600 x int16 -> int8 1x64x96 (6144 B), zp=33, mel LUT 461 coefs (expected 461)
01:00:23.906   [0] 5-203128-A-0.wav (dog)
01:00:23.913       preproc 68999 us
01:00:23.914       int8 vs PC: same 6144 diff 0 of 6144, max |d| 0, |d|>1: 0
01:00:23.922       board tensor -> top1 4 dog p=9998 x1e-4 (40949 us) ok
01:00:23.927       pc tensor    -> top1 4 dog p=9998 x1e-4 (40848 us) ok
01:00:23.931       PC reference: ort top1 4 dog p=9998 / noopt top1 4 dog p=9997 (x1e-4)
01:00:23.940   [1] 5-201194-A-38.wav (clock_tick)
01:00:23.943       preproc 69047 us
01:00:23.945       int8 vs PC: same 6144 diff 0 of 6144, max |d| 0, |d|>1: 0
01:00:23.947       board tensor -> top1 1 clock_tick p=9998 x1e-4 (40910 us) ok
01:00:23.956       pc tensor    -> top1 1 clock_tick p=9998 x1e-4 (40936 us) ok
01:00:23.962       PC reference: ort top1 1 clock_tick p=9998 / noopt top1 1 clock_tick p=9998 (x1e-4)
01:00:23.964   totals: same 12288 diff 0 of 12288, max |d| 0, |d|>1: 0
01:00:23.972   top1 == PC: board tensor 2/2, pc tensor 2/2
01:00:23.972 preproc test PASS (no |d| > 1, and top1 from the board tensor matches PC)
01:00:23.986   audio before: under=0 over=0 late=0 / after: under=0 over=0 late=0
01:00:23.989 ====================================
01:00:23.989 ====================================
01:00:24.000 ====================================
01:00:24.003 ====================================
01:00:24.006 READY  起動確認おわり。ここから本番
01:00:24.006 ====================================
01:00:24.014 ====================================
01:00:24.014 win   20 pos=  307200  -39dBFS [#######.............] rms=  347 peak= 1146 seam=ok lag=335us
01:00:24.025   -> clock_tick      p=0.56  preproc=69013us infer=41046us
01:00:24.031   pt[39]: min=-626 max=886 avg_abs=240 | fifo=1040 under=0 over=0 late=0 mdf_cb=1290 mdf_err=0
01:00:24.539   pt[40]: min=-844 max=572 avg_abs=203 | fifo=1232 under=0 over=0 late=0 mdf_cb=1322 mdf_err=0
01:00:24.539 {"win":21,"cls":"sneezing","p":0.67,"lat_ms":112,"under":0,"over":0,"late":0}
01:00:24.545 win   21 pos=  322560  -42dBFS [######..............] rms=  274 peak=  886 seam=ok lag=336us
01:00:24.548   -> sneezing        p=0.67  preproc=68984us infer=41073us
01:00:24.558 in=16122Hz out=15994Hz ring=1168 under=0 over=0 (dt=1000333us) loglag=100325us
01:00:24.631 lcd: win 21 -> SNEEZE p=0.67 (38189 us after notify)
01:00:25.007   pt[41]: min=-628 max=866 avg_abs=221 | fifo=1024 under=0 over=0 late=0 mdf_cb=1354 mdf_err=0
01:00:25.514   pt[42]: min=-1026 max=1176 avg_abs=301 | fifo=816 under=0 over=0 late=0 mdf_cb=1386 mdf_err=0
01:00:25.514 {"win":22,"cls":"unknown","p":0.37,"lat_ms":112,"under":0,"over":0,"late":0}
01:00:25.514 win   22 pos=  337920  -40dBFS [######..............] rms=  336 peak= 1176 seam=ok lag=333us
01:00:25.514   -> unknown         p=0.37  preproc=69025us infer=41042us
01:00:25.565 in=16133Hz out=16405Hz ring=896 under=0 over=0 (dt=999666us) loglag=100325us
01:00:26.016   pt[43]: min=-1002 max=1184 avg_abs=375 | fifo=1008 under=0 over=0 late=0 mdf_cb=1418 mdf_err=0
01:00:26.456 {"win":23,"cls":"sneezing","p":0.60,"lat_ms":112,"under":0,"over":0,"late":0}
01:00:26.456 win   23 pos=  353280  -39dBFS [#######.............] rms=  369 peak= 1184 seam=ok lag=337us
01:00:26.464   -> sneezing        p=0.60  preproc=69014us infer=41066us
01:00:26.523 lcd: win 23 -> SNEEZE p=0.60 (22701 us after notify)
01:00:26.523   pt[44]: min=-876 max=662 avg_abs=200 | fifo=800 under=0 over=0 late=0 mdf_cb=1450 mdf_err=0
01:00:26.580 in=16128Hz out=16000Hz ring=1024 under=0 over=0 (dt=999999us) loglag=100325us
01:00:27.016   pt[45]: min=-646 max=688 avg_abs=196 | fifo=992 under=0 over=0 late=0 mdf_cb=1482 mdf_err=0
01:00:27.457 {"win":24,"cls":"unknown","p":0.38,"lat_ms":112,"under":0,"over":0,"late":0}
01:00:27.457 win   24 pos=  368640  -42dBFS [######..............] rms=  249 peak= 1022 seam=ok lag=333us
01:00:27.457   -> unknown         p=0.38  preproc=69018us infer=41040us
01:00:27.523   pt[46]: min=-774 max=1022 avg_abs=199 | fifo=1040 under=0 over=0 late=0 mdf_cb=1515 mdf_err=0
01:00:27.599 in=16128Hz out=16000Hz ring=1152 under=0 over=0 (dt=999999us) loglag=100325us
01:00:28.040   pt[47]: min=-618 max=604 avg_abs=179 | fifo=1232 under=0 over=0 late=0 mdf_cb=1547 mdf_err=0
01:00:28.414 {"win":25,"cls":"sneezing","p":0.64,"lat_ms":112,"under":0,"over":0,"late":0}
01:00:28.414 win   25 pos=  384000  -44dBFS [#####...............] rms=  210 peak=  618 seam=ok lag=336us
01:00:28.414   -> sneezing        p=0.64  preproc=69012us infer=41034us
01:00:28.414 lcd: win 25 -> SNEEZE p=0.64 (22704 us after notify)
01:00:28.599   pt[48]: min=-580 max=510 avg_abs=171 | fifo=1024 under=0 over=0 late=0 mdf_cb=1579 mdf_err=0
01:00:28.599 in=16128Hz out=16400Hz ring=880 under=0 over=0 (dt=1000000us) loglag=100325us
01:00:29.098   pt[49]: min=-610 max=730 avg_abs=181 | fifo=1216 under=0 over=0 late=0 mdf_cb=1611 mdf_err=0
01:00:29.356 win   26 pos=  399360  -43dBFS [#####...............] rms=  226 peak= 1088 seam=ok lag=332us
01:00:29.356   -> clock_tick      p=0.93  preproc=68970us infer=41089us
01:00:29.615 in=16128Hz out=16000Hz ring=1008 under=0 over=0 (dt=999999us) loglag=100325us
01:00:29.615   pt[50]: min=-1088 max=798 avg_abs=216 | fifo=1008 under=0 over=0 late=0 mdf_cb=1643 mdf_err=0
01:00:30.115   pt[51]: min=-1152 max=908 avg_abs=288 | fifo=800 under=0 over=0 late=0 mdf_cb=1675 mdf_err=0
01:00:30.306 win   27 pos=  414720  -40dBFS [######..............] rms=  319 peak= 1152 seam=ok lag=332us
01:00:30.306   -> clock_tick      p=0.84  preproc=69022us infer=41089us
01:00:30.632 in=16128Hz out=16000Hz ring=1136 under=0 over=0 (dt=1000000us) loglag=100325us
01:00:30.632   pt[52]: min=-2634 max=3394 avg_abs=700 | fifo=992 under=0 over=0 late=0 mdf_cb=1707 mdf_err=0
01:00:31.131   pt[53]: min=-5006 max=5266 avg_abs=752 | fifo=784 under=0 over=0 late=0 mdf_cb=1739 mdf_err=0
01:00:31.256 win   28 pos=  430080  -30dBFS [##########..........] rms=  993 peak= 5266 seam=ok lag=337us
01:00:31.258   -> unknown         p=0.29  preproc=69022us infer=41027us
01:00:31.631 in=16128Hz out=16400Hz ring=864 under=0 over=0 (dt=1000000us) loglag=100325us
01:00:31.689   pt[54]: min=-3844 max=6422 avg_abs=699 | fifo=1232 under=0 over=0 late=0 mdf_cb=1772 mdf_err=0
01:00:32.262   pt[55]: min=-1410 max=1056 avg_abs=279 | fifo=1024 under=0 over=0 late=0 mdf_cb=1804 mdf_err=0
01:00:32.262 win   29 pos=  445440  -34dBFS [########............] rms=  686 peak= 6422 seam=ok lag=335us
01:00:32.262   -> clock_tick      p=1.00  preproc=69041us infer=41039us
01:00:32.262 ====================================
01:00:32.262 ====================================
01:00:32.262 TAP TOTAL win=29
01:00:32.262 ====================================
01:00:32.262 ====================================
01:00:32.262 tap total: windows=30 (expected 30 from 462848 samples) overrun=0 torn=0 skipped=0 seam ok=29 NG=0
01:00:32.262   tap lag max=339us (0 of them lower bounds) | tap write max=7118ns avg=5331ns (1808 calls)
01:00:32.264   audio under=0 over=0 late=0 | aed run=30 err=0 (last er=0)
01:00:32.272   preproc max=69042us avg=69015us | infer max=41089us avg=41031us
01:00:32.272   notify out=16 held=7 offlist=7 gated=0 lat max=112161us (0 lower bounds)
01:00:32.282   log sent=217 dropped=0 lag max=100325us
01:00:32.286   disp sent=10 dropped=0 max=38189us avg=18985us
01:00:32.289 ====================================
01:00:32.289 ====================================
01:00:32.615 in=16128Hz out=16000Hz ring=992 under=0 over=0 (dt=1000000us) loglag=100325us
01:00:32.689   pt[56]: min=-1272 max=1850 avg_abs=463 | fifo=1216 under=0 over=0 late=0 mdf_cb=1836 mdf_err=0
01:00:33.197 {"win":30,"cls":"sneezing","p":0.67,"lat_ms":112,"under":0,"over":0,"late":0}
01:00:33.197 win   30 pos=  460800  -35dBFS [########............] rms=  551 peak= 1850 seam=ok lag=336us
01:00:33.197   -> sneezing        p=0.67  preproc=69026us infer=40994us
01:00:33.197   pt[57]: min=-1236 max=1282 avg_abs=357 | fifo=1008 under=0 over=0 late=0 mdf_cb=1868 mdf_err=0
01:00:33.256 lcd: win 30 -> SNEEZE p=0.67 (31336 us after notify)
01:00:33.631 in=16128Hz out=16000Hz ring=1120 under=0 over=0 (dt=1000000us) loglag=100325us
01:00:33.706   pt[58]: min=-618 max=640 avg_abs=190 | fifo=800 under=0 over=0 late=0 mdf_cb=1900 mdf_err=0
01:00:34.148 {"win":31,"cls":"sneezing","p":0.72,"lat_ms":112,"under":0,"over":0,"late":0}
01:00:34.148 win   31 pos=  476160  -44dBFS [#####...............] rms=  217 peak=  640 seam=ok lag=335us
01:00:34.148   -> sneezing        p=0.72  preproc=68963us infer=41085us
01:00:34.150 lcd: win 31 -> SNEEZE p=0.72 (22700 us after notify)
01:00:34.222   pt[59]: min=-612 max=570 avg_abs=156 | fifo=992 under=0 over=0 late=0 mdf_cb=1932 mdf_err=0
01:00:34.673 in=16128Hz out=16400Hz ring=848 under=0 over=0 (dt=1000000us) loglag=100325us
01:00:34.740   pt[60]: min=-574 max=734 avg_abs=158 | fifo=784 under=0 over=0 late=0 mdf_cb=1964 mdf_err=0
01:00:35.115 win   32 pos=  491520  -44dBFS [#####...............] rms=  200 peak=  734 seam=ok lag=334us
01:00:35.115   -> clock_tick      p=0.57  preproc=69025us infer=41032us
01:00:35.240   pt[61]: min=-540 max=1270 avg_abs=229 | fifo=1232 under=0 over=0 late=0 mdf_cb=1997 mdf_err=0
01:00:35.673 in=16128Hz out=16000Hz ring=976 under=0 over=0 (dt=999999us) loglag=100325us
01:00:35.815   pt[62]: min=-1762 max=1288 avg_abs=437 | fifo=1024 under=0 over=0 late=0 mdf_cb=2029 mdf_err=0
01:00:36.064 win   33 pos=  506880  -37dBFS [#######.............] rms=  461 peak= 1762 seam=ok lag=336us
01:00:36.064   -> unknown         p=0.35  preproc=69019us infer=41054us
01:00:36.272   pt[63]: min=-1098 max=816 avg_abs=253 | fifo=1216 under=0 over=0 late=0 mdf_cb=2061 mdf_err=0
01:00:36.656 in=16128Hz out=16000Hz ring=1104 under=0 over=0 (dt=1000000us) loglag=100325us
01:00:36.789   pt[64]: min=-832 max=930 avg_abs=258 | fifo=1008 under=0 over=0 late=0 mdf_cb=2093 mdf_err=0
01:00:37.039 win   34 pos=  522240  -40dBFS [######..............] rms=  320 peak= 1098 seam=ok lag=336us
01:00:37.039   -> unknown         p=0.37  preproc=69030us infer=41039us
01:00:37.347   pt[65]: min=-926 max=656 avg_abs=228 | fifo=1200 under=0 over=0 late=0 mdf_cb=2125 mdf_err=0
01:00:37.672 in=16128Hz out=16400Hz ring=832 under=0 over=0 (dt=1000000us) loglag=100325us
01:00:37.814   pt[66]: min=-2666 max=2602 avg_abs=299 | fifo=992 under=0 over=0 late=0 mdf_cb=2157 mdf_err=0
01:00:38.014 {"win":35,"cls":"sneezing","p":0.55,"lat_ms":112,"under":0,"over":0,"late":0}
01:00:38.014 win   35 pos=  537600  -38dBFS [#######.............] rms=  405 peak= 2666 seam=ok lag=334us
01:00:38.014   -> sneezing        p=0.55  preproc=69022us infer=41023us
01:00:38.014 lcd: win 35 -> SNEEZE p=0.55 (22706 us after notify)
01:00:38.381   pt[67]: min=-2860 max=3150 avg_abs=553 | fifo=784 under=0 over=0 late=0 mdf_cb=2189 mdf_err=0
01:00:38.690 in=16128Hz out=16000Hz ring=960 under=0 over=0 (dt=999999us) loglag=100325us
01:00:38.939   pt[68]: min=-4140 max=2934 avg_abs=633 | fifo=976 under=0 over=0 late=0 mdf_cb=2221 mdf_err=0
01:00:38.939 {"win":36,"cls":"unknown","p":0.43,"lat_ms":112,"under":0,"over":0,"late":0}
01:00:38.946 win   36 pos=  552960  -32dBFS [#########...........] rms=  784 peak= 4140 seam=ok lag=335us
01:00:38.955   -> unknown         p=0.43  preproc=68999us infer=41034us
01:00:39.407   pt[69]: min=-3428 max=2554 avg_abs=600 | fifo=1024 under=0 over=0 late=0 mdf_cb=2254 mdf_err=0
01:00:39.683 in=16128Hz out=16000Hz ring=1088 under=0 over=0 (dt=999999us) loglag=105300us
01:00:39.939   pt[70]: min=-7780 max=6550 avg_abs=1379 | fifo=1216 under=0 over=0 late=0 mdf_cb=2286 mdf_err=0
01:00:39.939 win   37 pos=  568320  -26dBFS [###########.........] rms= 1563 peak= 7780 seam=ok lag=334us
01:00:39.939   -> unknown         p=0.34  preproc=69015us infer=41085us
01:00:40.388   pt[71]: min=-10710 max=13954 avg_abs=606 | fifo=1008 under=0 over=0 late=0 mdf_cb=2318 mdf_err=0
01:00:40.690 in=16128Hz out=16400Hz ring=816 under=0 over=0 (dt=999999us) loglag=105300us
01:00:40.880 {"win":38,"cls":"crackling_fire","p":0.58,"lat_ms":112,"under":0,"over":0,"late":0}
01:00:40.880 win   38 pos=  583680  -31dBFS [#########...........] rms=  963 peak=13954 seam=ok lag=334us
01:00:40.880   -> crackling_fire  p=0.58  preproc=69025us infer=41057us
01:00:40.880 lcd: win 38 -> FIRE p=0.58 (22760 us after notify)
01:00:40.939   pt[72]: min=-1776 max=1774 avg_abs=409 | fifo=1200 under=0 over=0 late=0 mdf_cb=2350 mdf_err=0
01:00:41.440   pt[73]: min=-2340 max=2878 avg_abs=294 | fifo=992 under=0 over=0 late=0 mdf_cb=2382 mdf_err=0
01:00:41.699 in=16128Hz out=16000Hz ring=944 under=0 over=0 (dt=1000000us) loglag=105300us
01:00:41.814 {"win":39,"cls":"unknown","p":0.24,"lat_ms":112,"under":0,"over":0,"late":0}
01:00:41.814 win   39 pos=  599040  -37dBFS [#######.............] rms=  486 peak= 2878 seam=ok lag=335us
01:00:41.827   -> unknown         p=0.24  preproc=69027us infer=41018us
01:00:41.830 ====================================
01:00:41.830 ====================================
01:00:41.839 TAP TOTAL win=39
01:00:41.841 ====================================
01:00:41.845 ====================================
01:00:41.847 tap total: windows=40 (expected 40 from 616448 samples) overrun=0 torn=0 skipped=0 seam ok=39 NG=0
01:00:41.856   tap lag max=339us (0 of them lower bounds) | tap write max=7118ns avg=5330ns (2408 calls)
01:00:41.864   audio under=0 over=0 late=0 | aed run=40 err=0 (last er=0)
01:00:41.867   preproc max=69042us avg=69015us | infer max=41089us avg=41034us
01:00:41.872   notify out=22 held=10 offlist=8 gated=0 lat max=112161us (0 lower bounds)
01:00:41.882   log sent=289 dropped=0 lag max=105300us
01:00:41.886   disp sent=14 dropped=0 max=38189us avg=20668us
01:00:41.889 ====================================
01:00:41.897 ====================================
01:00:41.956   pt[74]: min=-7038 max=8600 avg_abs=535 | fifo=784 under=0 over=0 late=0 mdf_cb=2414 mdf_err=0
01:00:42.456   pt[75]: min=-3026 max=2410 avg_abs=263 | fifo=976 under=0 over=0 late=0 mdf_cb=2446 mdf_err=0
01:00:42.772 in=16128Hz out=16000Hz ring=1072 under=0 over=0 (dt=1000000us) loglag=105300us
01:00:42.772 win   40 pos=  614400  -32dBFS [#########...........] rms=  781 peak= 8600 seam=ok lag=334us
01:00:42.786   -> clock_tick      p=0.96  preproc=69034us infer=40990us
01:00:42.973   pt[76]: min=-1564 max=1720 avg_abs=420 | fifo=1024 under=0 over=0 late=0 mdf_cb=2479 mdf_err=0
01:00:43.489   pt[77]: min=-1376 max=1558 avg_abs=419 | fifo=1216 under=0 over=0 late=0 mdf_cb=2511 mdf_err=0
01:00:43.740 in=16127Hz out=16399Hz ring=800 under=0 over=0 (dt=1000001us) loglag=105300us
01:00:43.740 win   41 pos=  629760  -36dBFS [########............] rms=  529 peak= 1558 seam=ok lag=334us
01:00:43.747   -> clock_tick      p=0.74  preproc=68975us infer=41040us
01:00:43.995   pt[78]: min=-3274 max=4016 avg_abs=624 | fifo=1008 under=0 over=0 late=0 mdf_cb=2543 mdf_err=0
01:00:44.548   pt[79]: min=-2470 max=1892 avg_abs=417 | fifo=1200 under=0 over=0 late=0 mdf_cb=2575 mdf_err=0
01:00:44.740 {"win":42,"cls":"crackling_fire","p":0.56,"lat_ms":112,"under":0,"over":0,"late":0}
01:00:44.740 win   42 pos=  645120  -33dBFS [#########...........] rms=  776 peak= 4016 seam=ok lag=333us
01:00:44.740   -> crackling_fire  p=0.56  preproc=69024us infer=41074us
01:00:44.740 in=16031Hz out=15904Hz ring=928 under=0 over=0 (dt=1006011us) loglag=105300us
01:00:44.740 lcd: win 42 -> FIRE p=0.56 (29678 us after notify)
01:00:45.047   pt[80]: min=-1796 max=1770 avg_abs=458 | fifo=992 under=0 over=0 late=0 mdf_cb=2607 mdf_err=0
01:00:45.547   pt[81]: min=-768 max=1334 avg_abs=282 | fifo=784 under=0 over=0 late=0 mdf_cb=2639 mdf_err=0
01:00:45.680 {"win":43,"cls":"unknown","p":0.35,"lat_ms":112,"under":0,"over":0,"late":0}
01:00:45.680 win   43 pos=  660480  -37dBFS [#######.............] rms=  456 peak= 1770 seam=ok lag=334us
01:00:45.680   -> unknown         p=0.35  preproc=69022us infer=41037us
01:00:45.740 in=16225Hz out=16096Hz ring=1056 under=0 over=0 (dt=993987us) loglag=105300us
01:00:46.056   pt[82]: min=-1052 max=746 avg_abs=262 | fifo=976 under=0 over=0 late=0 mdf_cb=2671 mdf_err=0
01:00:46.614   pt[83]: min=-792 max=1026 avg_abs=298 | fifo=768 under=0 over=0 late=0 mdf_cb=2703 mdf_err=0
01:00:46.614 win   44 pos=  675840  -39dBFS [#######.............] rms=  348 peak= 1052 seam=ok lag=339us
01:00:46.629   -> unknown         p=0.40  preproc=69056us infer=41004us
01:00:46.757 in=16128Hz out=16400Hz ring=784 under=0 over=0 (dt=999999us) loglag=105300us
01:00:47.064   pt[84]: min=-910 max=976 avg_abs=287 | fifo=1216 under=0 over=0 late=0 mdf_cb=2736 mdf_err=0
01:00:47.631 {"win":45,"cls":"sneezing","p":0.65,"lat_ms":112,"under":0,"over":0,"late":0}
01:00:47.631 win   45 pos=  691200  -41dBFS [######..............] rms=  299 peak=  976 seam=ok lag=337us
01:00:47.631   -> sneezing        p=0.65  preproc=69021us infer=41044us
01:00:47.631   pt[85]: min=-608 max=652 avg_abs=163 | fifo=1008 under=0 over=0 late=0 mdf_cb=2768 mdf_err=0
01:00:47.631 lcd: win 45 -> SNEEZE p=0.65 (31163 us after notify)
01:00:47.772 in=16128Hz out=16000Hz ring=912 under=0 over=0 (dt=1000000us) loglag=105300us
01:00:48.147   pt[86]: min=-554 max=460 avg_abs=140 | fifo=1200 under=0 over=0 late=0 mdf_cb=2800 mdf_err=0
01:00:48.581 win   46 pos=  706560  -45dBFS [#####...............] rms=  194 peak=  630 seam=ok lag=335us
01:00:48.581   -> clock_tick      p=0.59  preproc=68961us infer=41032us
01:00:48.648   pt[87]: min=-678 max=540 avg_abs=187 | fifo=992 under=0 over=0 late=0 mdf_cb=2832 mdf_err=0
01:00:48.772 in=16128Hz out=16000Hz ring=1040 under=0 over=0 (dt=1000000us) loglag=105300us
01:00:49.148   pt[88]: min=-506 max=702 avg_abs=165 | fifo=1184 under=0 over=0 late=0 mdf_cb=2864 mdf_err=0
01:00:49.523 win   47 pos=  721920  -44dBFS [#####...............] rms=  207 peak=  702 seam=ok lag=338us
01:00:49.523   -> unknown         p=0.44  preproc=69022us infer=41054us
01:00:49.648   pt[89]: min=-612 max=526 avg_abs=148 | fifo=976 under=0 over=0 late=0 mdf_cb=2896 mdf_err=0
01:00:49.781 in=16128Hz out=16000Hz ring=1168 under=0 over=0 (dt=999999us) loglag=105300us
01:00:50.165   pt[90]: min=-700 max=476 avg_abs=152 | fifo=768 under=0 over=0 late=0 mdf_cb=2928 mdf_err=0
01:00:50.472 {"win":48,"cls":"sneezing","p":0.57,"lat_ms":112,"under":0,"over":0,"late":0}
01:00:50.472 win   48 pos=  737280  -45dBFS [#####...............] rms=  181 peak=  700 seam=ok lag=336us
01:00:50.472   -> sneezing        p=0.57  preproc=69016us infer=41025us
01:00:50.472 lcd: win 48 -> SNEEZE p=0.57 (22700 us after notify)
01:00:50.659   pt[91]: min=-504 max=484 avg_abs=127 | fifo=960 under=0 over=0 late=0 mdf_cb=2960 mdf_err=0
01:00:50.789 in=16128Hz out=16400Hz ring=896 under=0 over=0 (dt=1000000us) loglag=105300us
01:00:51.228   pt[92]: min=-474 max=626 avg_abs=143 | fifo=752 under=0 over=0 late=0 mdf_cb=2992 mdf_err=0
01:00:51.414 {"win":49,"cls":"unknown","p":0.49,"lat_ms":112,"under":0,"over":0,"late":0}
01:00:51.414 win   49 pos=  752640  -46dBFS [####................] rms=  172 peak=  626 seam=ok lag=334us
01:00:51.429   -> unknown         p=0.49  preproc=69028us infer=41026us
01:00:51.430 ====================================
01:00:51.430 ====================================
01:00:51.440 TAP TOTAL win=49
01:00:51.442 ====================================
01:00:51.445 ====================================
01:00:51.447 tap total: windows=50 (expected 50 from 770048 samples) overrun=0 torn=0 skipped=0 seam ok=49 NG=0
01:00:51.457   tap lag max=339us (0 of them lower bounds) | tap write max=7118ns avg=5330ns (3008 calls)
01:00:51.464   audio under=0 over=0 late=0 | aed run=50 err=0 (last er=0)
01:00:51.471   preproc max=69056us avg=69015us | infer max=41089us avg=41033us
01:00:51.472   notify out=27 held=12 offlist=11 gated=0 lat max=112161us (0 lower bounds)
01:00:51.483   log sent=359 dropped=0 lag max=105300us
01:00:51.488   disp sent=17 dropped=0 max=38189us avg=21935us
01:00:51.489 ====================================
01:00:51.496 ====================================
01:00:51.740   pt[93]: min=-484 max=460 avg_abs=133 | fifo=1200 under=0 over=0 late=0 mdf_cb=3025 mdf_err=0
01:00:51.798 in=16128Hz out=16000Hz ring=1024 under=0 over=0 (dt=999999us) loglag=105300us
01:00:52.247   pt[94]: min=-528 max=452 avg_abs=127 | fifo=992 under=0 over=0 late=0 mdf_cb=3057 mdf_err=0
01:00:52.423 win   50 pos=  768000  -46dBFS [####................] rms=  158 peak=  528 seam=ok lag=336us
01:00:52.423   -> clock_tick      p=0.63  preproc=69025us infer=41011us
01:00:52.740   pt[95]: min=-810 max=1022 avg_abs=246 | fifo=1184 under=0 over=0 late=0 mdf_cb=3089 mdf_err=0
01:00:52.806 in=16128Hz out=16000Hz ring=1152 under=0 over=0 (dt=1000000us) loglag=105300us
01:00:53.364   pt[96]: min=-628 max=758 avg_abs=174 | fifo=976 under=0 over=0 late=0 mdf_cb=3121 mdf_err=0
01:00:53.364 win   51 pos=  783360  -41dBFS [######..............] rms=  278 peak= 1022 seam=ok lag=335us
01:00:53.364   -> unknown         p=0.42  preproc=68991us infer=41059us
01:00:53.806   pt[97]: min=-492 max=510 avg_abs=150 | fifo=1168 under=0 over=0 late=0 mdf_cb=3153 mdf_err=0
01:00:53.806 in=16128Hz out=16400Hz ring=880 under=0 over=0 (dt=1000000us) loglag=112338us
01:00:54.306   pt[98]: min=-610 max=652 avg_abs=179 | fifo=960 under=0 over=0 late=0 mdf_cb=3185 mdf_err=0
01:00:54.306 win   52 pos=  798720  -44dBFS [#####...............] rms=  203 peak=  652 seam=ok lag=333us
01:00:54.306   -> unknown         p=0.49  preproc=69026us infer=41113us
01:00:54.815   pt[99]: min=-730 max=678 avg_abs=199 | fifo=752 under=0 over=0 late=0 mdf_cb=3217 mdf_err=0
01:00:54.815 in=16128Hz out=16000Hz ring=1008 under=0 over=0 (dt=1000000us) loglag=112338us
01:00:55.256 win   53 pos=  814080  -44dBFS [#####...............] rms=  212 peak=  730 seam=ok lag=337us
01:00:55.261   -> clock_tick      p=0.64  preproc=69021us infer=41095us
01:00:55.322   pt[100]: min=-604 max=524 avg_abs=134 | fifo=944 under=0 over=0 late=0 mdf_cb=3249 mdf_err=0
01:00:55.814 in=16128Hz out=16000Hz ring=1136 under=0 over=0 (dt=999999us) loglag=112338us
01:00:55.814   pt[101]: min=-662 max=532 avg_abs=132 | fifo=992 under=0 over=0 late=0 mdf_cb=3282 mdf_err=0
01:00:56.256 win   54 pos=  829440  -45dBFS [#####...............] rms=  175 peak=  662 seam=ok lag=338us
01:00:56.256   -> clock_tick      p=0.56  preproc=69017us infer=41054us
01:00:56.314   pt[102]: min=-646 max=560 avg_abs=160 | fifo=1184 under=0 over=0 late=0 mdf_cb=3314 mdf_err=0
01:00:56.814 in=16128Hz out=16400Hz ring=864 under=0 over=0 (dt=999999us) loglag=112338us
01:00:56.881   pt[103]: min=-518 max=558 avg_abs=120 | fifo=976 under=0 over=0 late=0 mdf_cb=3346 mdf_err=0
01:00:57.198 {"win":55,"cls":"sneezing","p":0.64,"lat_ms":112,"under":0,"over":0,"late":0}
01:00:57.198 win   55 pos=  844800  -46dBFS [####................] rms=  170 peak=  560 seam=ok lag=333us
01:00:57.198   -> sneezing        p=0.64  preproc=69020us infer=41038us
01:00:57.198 lcd: win 55 -> SNEEZE p=0.64 (22702 us after notify)
01:00:57.382   pt[104]: min=-530 max=564 avg_abs=136 | fifo=1168 under=0 over=0 late=0 mdf_cb=3378 mdf_err=0
01:00:57.814 in=16128Hz out=16000Hz ring=992 under=0 over=0 (dt=1000000us) loglag=112338us
01:00:57.881   pt[105]: min=-468 max=428 avg_abs=108 | fifo=960 under=0 over=0 late=0 mdf_cb=3410 mdf_err=0
01:00:58.189 {"win":56,"cls":"unknown","p":0.40,"lat_ms":112,"under":0,"over":0,"late":0}
01:00:58.189 win   56 pos=  860160  -47dBFS [####................] rms=  152 peak=  564 seam=ok lag=334us
01:00:58.189   -> unknown         p=0.40  preproc=68966us infer=41028us
01:00:58.383   pt[106]: min=-742 max=508 avg_abs=129 | fifo=1152 under=0 over=0 late=0 mdf_cb=3442 mdf_err=0
01:00:58.814 in=16128Hz out=16000Hz ring=1120 under=0 over=0 (dt=999999us) loglag=112338us
01:00:58.885   pt[107]: min=-588 max=574 avg_abs=144 | fifo=944 under=0 over=0 late=0 mdf_cb=3474 mdf_err=0
01:00:59.140 win   57 pos=  875520  -46dBFS [####................] rms=  173 peak=  742 seam=ok lag=332us
01:00:59.140   -> clock_tick      p=0.51  preproc=69011us infer=41068us
01:00:59.399   pt[108]: min=-484 max=584 avg_abs=139 | fifo=736 under=0 over=0 late=0 mdf_cb=3506 mdf_err=0
01:00:59.830 in=16128Hz out=16400Hz ring=848 under=0 over=0 (dt=1000000us) loglag=112338us
01:00:59.956   pt[109]: min=-558 max=472 avg_abs=118 | fifo=1184 under=0 over=0 late=0 mdf_cb=3539 mdf_err=0
01:01:00.081 win   58 pos=  890880  -46dBFS [####................] rms=  161 peak=  584 seam=ok lag=335us
01:01:00.081   -> clock_tick      p=0.58  preproc=69015us infer=41066us
01:01:00.455   pt[110]: min=-462 max=494 avg_abs=133 | fifo=976 under=0 over=0 late=0 mdf_cb=3571 mdf_err=0
01:01:00.831 in=16128Hz out=16000Hz ring=976 under=0 over=0 (dt=999999us) loglag=112338us
01:01:01.023   pt[111]: min=-508 max=420 avg_abs=135 | fifo=1168 under=0 over=0 late=0 mdf_cb=3603 mdf_err=0
01:01:01.023 {"win":59,"cls":"sneezing","p":0.54,"lat_ms":112,"under":0,"over":0,"late":0}
01:01:01.030 win   59 pos=  906240  -46dBFS [####................] rms=  164 peak=  508 seam=ok lag=332us
01:01:01.038   -> sneezing        p=0.54  preproc=69041us infer=41032us
01:01:01.043 ====================================
01:01:01.047 ====================================
01:01:01.047 TAP TOTAL win=59
01:01:01.047 ====================================
01:01:01.055 ====================================
01:01:01.059 tap total: windows=60 (expected 60 from 923648 samples) overrun=0 torn=0 skipped=0 seam ok=59 NG=0
01:01:01.065   tap lag max=339us (0 of them lower bounds) | tap write max=7118ns avg=5328ns (3608 calls)
01:01:01.072   audio under=0 over=0 late=0 | aed run=60 err=0 (last er=0)
01:01:01.081   preproc max=69056us avg=69015us | infer max=41113us avg=41037us
01:01:01.088   notify out=30 held=14 offlist=16 gated=0 lat max=112161us (0 lower bounds)
01:01:01.089   log sent=426 dropped=0 lag max=112338us
01:01:01.099   disp sent=19 dropped=0 max=38189us avg=21977us
01:01:01.104 ====================================
01:01:01.106 ====================================
01:01:01.163 lcd: win 59 -> SNEEZE p=0.54 (96245 us after notify)
01:01:01.472   pt[112]: min=-476 max=468 avg_abs=116 | fifo=960 under=0 over=0 late=0 mdf_cb=3635 mdf_err=0
01:01:01.847 in=16128Hz out=16000Hz ring=1104 under=0 over=0 (dt=1000000us) loglag=112338us
01:01:02.038   pt[113]: min=-518 max=542 avg_abs=135 | fifo=1152 under=0 over=0 late=0 mdf_cb=3667 mdf_err=0
01:01:02.038 win   60 pos=  921600  -47dBFS [####................] rms=  152 peak=  518 seam=ok lag=334us
01:01:02.038   -> clock_tick      p=0.76  preproc=69015us infer=41019us
01:01:02.539   pt[114]: min=-504 max=392 avg_abs=126 | fifo=944 under=0 over=0 late=0 mdf_cb=3699 mdf_err=0
01:01:02.974 in=16128Hz out=16000Hz ring=1232 under=0 over=0 (dt=1000000us) loglag=112338us
01:01:02.974 win   61 pos=  936960  -46dBFS [####................] rms=  167 peak=  542 seam=ok lag=339us
01:01:02.974   -> unknown         p=0.40  preproc=68977us infer=41044us
01:01:03.040   pt[115]: min=-498 max=534 avg_abs=142 | fifo=736 under=0 over=0 late=0 mdf_cb=3731 mdf_err=0
01:01:03.555   pt[116]: min=-762 max=512 avg_abs=148 | fifo=928 under=0 over=0 late=0 mdf_cb=3763 mdf_err=0
01:01:03.939 in=16128Hz out=16400Hz ring=960 under=0 over=0 (dt=999999us) loglag=112338us
01:01:03.939 {"win":62,"cls":"sneezing","p":0.54,"lat_ms":112,"under":0,"over":0,"late":0}
01:01:03.939 win   62 pos=  952320  -45dBFS [#####...............] rms=  181 peak=  762 seam=ok lag=336us
01:01:03.939   -> sneezing        p=0.54  preproc=69029us infer=41035us
01:01:03.939 lcd: win 62 -> SNEEZE p=0.54 (29574 us after notify)
01:01:04.065   pt[117]: min=-684 max=596 avg_abs=138 | fifo=976 under=0 over=0 late=0 mdf_cb=3796 mdf_err=0
01:01:04.572   pt[118]: min=-3406 max=3290 avg_abs=291 | fifo=1168 under=0 over=0 late=0 mdf_cb=3828 mdf_err=0
01:01:04.880 {"win":63,"cls":"sneezing","p":0.60,"lat_ms":112,"under":0,"over":0,"late":0}
01:01:04.880 win   63 pos=  967680  -38dBFS [#######.............] rms=  395 peak= 3406 seam=ok lag=335us
01:01:04.880   -> sneezing        p=0.60  preproc=69016us infer=41097us
01:01:04.880 in=16092Hz out=15964Hz ring=1088 under=0 over=0 (dt=1002237us) loglag=112338us
01:01:04.940 lcd: win 63 -> SNEEZE p=0.60 (29701 us after notify)
01:01:05.063   pt[119]: min=-3320 max=3430 avg_abs=469 | fifo=960 under=0 over=0 late=0 mdf_cb=3860 mdf_err=0
01:01:05.581   pt[120]: min=-32768 max=32767 avg_abs=7995 | fifo=1152 under=0 over=0 late=0 mdf_cb=3892 mdf_err=0
01:01:05.831 {"win":64,"cls":"sneezing","p":0.87,"lat_ms":112,"under":0,"over":0,"late":0}
01:01:05.831 win   64 pos=  983040   -8dBFS [#################...] rms=12554 peak=32768 seam=ok lag=335us
01:01:05.832   -> sneezing        p=0.87  preproc=69026us infer=41087us
01:01:05.898 lcd: win 64 -> SNEEZE p=0.87 (22705 us after notify)
01:01:05.898 in=16164Hz out=16035Hz ring=1216 under=0 over=0 (dt=997762us) loglag=112338us
01:01:06.083   pt[121]: min=-32768 max=32767 avg_abs=5325 | fifo=944 under=0 over=0 late=0 mdf_cb=3924 mdf_err=0
01:01:06.648   pt[122]: min=-6054 max=5794 avg_abs=941 | fifo=1136 under=0 over=0 late=0 mdf_cb=3956 mdf_err=0
01:01:06.774 {"win":65,"cls":"unknown","p":0.46,"lat_ms":112,"under":0,"over":0,"late":0}
01:01:06.782 win   65 pos=  998400  -24dBFS [############........] rms= 2113 peak=21534 seam=ok lag=335us
01:01:06.789   -> unknown         p=0.46  preproc=69020us infer=41020us
01:01:06.931 in=16128Hz out=16400Hz ring=944 under=0 over=0 (dt=999999us) loglag=112338us
01:01:07.114   pt[123]: min=-7038 max=8818 avg_abs=590 | fifo=928 under=0 over=0 late=0 mdf_cb=3988 mdf_err=0
01:01:07.681   pt[124]: min=-2056 max=2394 avg_abs=373 | fifo=720 under=0 over=0 late=0 mdf_cb=4020 mdf_err=0
01:01:07.755 win   66 pos= 1013760  -33dBFS [#########...........] rms=  730 peak= 8818 seam=ok lag=334us
01:01:07.755   -> unknown         p=0.32  preproc=69025us infer=41041us
01:01:07.940 in=16128Hz out=16000Hz ring=1072 under=0 over=0 (dt=999999us) loglag=120755us
01:01:08.189   pt[125]: min=-920 max=702 avg_abs=187 | fifo=1168 under=0 over=0 late=0 mdf_cb=4053 mdf_err=0
01:01:08.756   pt[126]: min=-2830 max=3648 avg_abs=378 | fifo=960 under=0 over=0 late=0 mdf_cb=4085 mdf_err=0
01:01:08.756 {"win":67,"cls":"dog","p":0.81,"lat_ms":112,"under":0,"over":0,"late":0}
01:01:08.756 win   67 pos= 1029120  -40dBFS [######..............] rms=  329 peak= 2568 seam=ok lag=335us
01:01:08.756   -> dog             p=0.81  preproc=69049us infer=41022us
01:01:08.756 lcd: win 67 -> DOG p=0.81 (30154 us after notify)
01:01:08.938 in=16128Hz out=16000Hz ring=1200 under=0 over=0 (dt=1000000us) loglag=120755us
01:01:09.189   pt[127]: min=-7736 max=3994 avg_abs=507 | fifo=1152 under=0 over=0 late=0 mdf_cb=4117 mdf_err=0
01:01:09.688 {"win":68,"cls":"dog","p":0.60,"lat_ms":112,"under":0,"over":0,"late":0}
01:01:09.688 win   68 pos= 1044480  -29dBFS [##########..........] rms= 1226 peak= 7736 seam=ok lag=333us
01:01:09.688   -> dog             p=0.60  preproc=69025us infer=41043us
01:01:09.688 lcd: win 68 -> DOG p=0.60 (21593 us after notify)
01:01:09.688   pt[128]: min=-7638 max=5918 avg_abs=1276 | fifo=944 under=0 over=0 late=0 mdf_cb=4149 mdf_err=0
01:01:09.938 in=16128Hz out=16400Hz ring=928 under=0 over=0 (dt=1000000us) loglag=120755us
01:01:10.189   pt[129]: min=-15936 max=27700 avg_abs=1460 | fifo=1136 under=0 over=0 late=0 mdf_cb=4181 mdf_err=0
01:01:10.630 {"win":69,"cls":"unknown","p":0.32,"lat_ms":112,"under":0,"over":0,"late":0}
01:01:10.630 win   69 pos= 1059840  -21dBFS [#############.......] rms= 3001 peak=27700 seam=ok lag=335us
01:01:10.630   -> unknown         p=0.32  preproc=69013us infer=41068us
01:01:10.630 ====================================
01:01:10.640 ====================================
01:01:10.644 TAP TOTAL win=69
01:01:10.645 ====================================
01:01:10.647 ====================================
01:01:10.647 tap total: windows=70 (expected 70 from 1077248 samples) overrun=0 torn=0 skipped=0 seam ok=69 NG=0
01:01:10.661   tap lag max=339us (0 of them lower bounds) | tap write max=7118ns avg=5328ns (4208 calls)
01:01:10.664   audio under=0 over=0 late=0 | aed run=70 err=0 (last er=0)
01:01:10.672   preproc max=69056us avg=69015us | infer max=41113us avg=41038us
01:01:10.681   notify out=37 held=16 offlist=17 gated=0 lat max=112165us (0 lower bounds)
01:01:10.688   log sent=500 dropped=0 lag max=120755us
01:01:10.688   disp sent=24 dropped=0 max=96245us avg=26065us
01:01:10.688 ====================================
01:01:10.699 ====================================
01:01:10.755   pt[130]: min=-15178 max=19294 avg_abs=1635 | fifo=928 under=0 over=0 late=0 mdf_cb=4213 mdf_err=0
01:01:10.939 in=16128Hz out=16000Hz ring=1056 under=0 over=0 (dt=999999us) loglag=120755us
01:01:11.255   pt[131]: min=-12080 max=15150 avg_abs=900 | fifo=1120 under=0 over=0 late=0 mdf_cb=4245 mdf_err=0
01:01:11.631 {"win":70,"cls":"crackling_fire","p":0.90,"lat_ms":112,"under":0,"over":0,"late":0}
01:01:11.631 win   70 pos= 1075200  -15dBFS [###############.....] rms= 5731 peak=32768 seam=ok lag=337us
01:01:11.631   -> crackling_fire  p=0.90  preproc=69028us infer=41004us
01:01:11.631 lcd: win 70 -> FIRE p=0.90 (22764 us after notify)
01:01:11.756   pt[132]: min=-32768 max=32767 avg_abs=3665 | fifo=912 under=0 over=0 late=0 mdf_cb=4277 mdf_err=0
01:01:11.939 in=16128Hz out=16000Hz ring=1184 under=0 over=0 (dt=1000000us) loglag=120755us
01:01:12.263   pt[133]: min=-8426 max=8592 avg_abs=454 | fifo=960 under=0 over=0 late=0 mdf_cb=4310 mdf_err=0
01:01:12.563 {"win":71,"cls":"crackling_fire","p":0.74,"lat_ms":112,"under":0,"over":0,"late":0}
01:01:12.563 win   71 pos= 1090560  -28dBFS [##########..........] rms= 1235 peak=19952 seam=ok lag=332us
01:01:12.563   -> crackling_fire  p=0.74  preproc=68965us infer=41086us
01:01:12.563 lcd: win 71 -> FIRE p=0.74 (22759 us after notify)
01:01:12.813   pt[134]: min=-11314 max=5896 avg_abs=289 | fifo=1152 under=0 over=0 late=0 mdf_cb=4342 mdf_err=0
01:01:12.938 in=16128Hz out=16400Hz ring=912 under=0 over=0 (dt=1000000us) loglag=120755us
01:01:13.313   pt[135]: min=-766 max=912 avg_abs=141 | fifo=944 under=0 over=0 late=0 mdf_cb=4374 mdf_err=0
01:01:13.505 {"win":72,"cls":"unknown","p":0.47,"lat_ms":112,"under":0,"over":0,"late":0}
01:01:13.505 win   72 pos= 1105920  -43dBFS [#####...............] rms=  230 peak= 2846 seam=ok lag=333us
01:01:13.505   -> unknown         p=0.47  preproc=69029us infer=41013us
01:01:13.814   pt[136]: min=-446 max=308 avg_abs=122 | fifo=1136 under=0 over=0 late=0 mdf_cb=4406 mdf_err=0
01:01:13.940 in=16128Hz out=16000Hz ring=1040 under=0 over=0 (dt=999999us) loglag=120755us
01:01:14.313   pt[137]: min=-424 max=288 avg_abs=99 | fifo=928 under=0 over=0 late=0 mdf_cb=4438 mdf_err=0
01:01:14.505 {"win":73,"cls":"sneezing","p":0.80,"lat_ms":112,"under":0,"over":0,"late":0}
01:01:14.505 win   73 pos= 1121280  -48dBFS [####................] rms=  132 peak=  446 seam=ok lag=334us
01:01:14.505   -> sneezing        p=0.80  preproc=69016us infer=41075us
01:01:14.505 lcd: win 73 -> SNEEZE p=0.80 (22703 us after notify)
01:01:14.882   pt[138]: min=-430 max=384 avg_abs=100 | fifo=1120 under=0 over=0 late=0 mdf_cb=4470 mdf_err=0
01:01:14.939 in=16128Hz out=16000Hz ring=1168 under=0 over=0 (dt=1000000us) loglag=120755us
01:01:15.439   pt[139]: min=-446 max=348 avg_abs=97 | fifo=912 under=0 over=0 late=0 mdf_cb=4502 mdf_err=0
01:01:15.439 {"win":74,"cls":"sneezing","p":0.82,"lat_ms":112,"under":0,"over":0,"late":0}
01:01:15.439 win   74 pos= 1136640  -48dBFS [####................] rms=  125 peak=  446 seam=ok lag=331us
01:01:15.441   -> sneezing        p=0.82  preproc=69045us infer=41040us
01:01:15.447 lcd: win 74 -> SNEEZE p=0.82 (31105 us after notify)
01:01:15.897   pt[140]: min=-452 max=394 avg_abs=108 | fifo=1104 under=0 over=0 late=0 mdf_cb=4534 mdf_err=0
01:01:15.955 in=16128Hz out=16000Hz ring=896 under=0 over=0 (dt=1000000us) loglag=120755us
01:01:16.397   pt[141]: min=-502 max=366 avg_abs=105 | fifo=1152 under=0 over=0 late=0 mdf_cb=4567 mdf_err=0
01:01:16.397 {"win":75,"cls":"unknown","p":0.47,"lat_ms":112,"under":0,"over":0,"late":0}
01:01:16.397 win   75 pos= 1152000  -48dBFS [####................] rms=  136 peak=  502 seam=ok lag=331us
01:01:16.401   -> unknown         p=0.47  preproc=69014us infer=41057us
01:01:16.901   pt[142]: min=-416 max=302 avg_abs=95 | fifo=944 under=0 over=0 late=0 mdf_cb=4599 mdf_err=0
01:01:16.956 in=16128Hz out=16400Hz ring=1024 under=0 over=0 (dt=999999us) loglag=120755us
01:01:17.397 {"win":76,"cls":"sneezing","p":0.83,"lat_ms":112,"under":0,"over":0,"late":0}
01:01:17.397 win   76 pos= 1167360  -49dBFS [###.................] rms=  122 peak=  416 seam=ok lag=338us
01:01:17.397   -> sneezing        p=0.83  preproc=68956us infer=41041us
01:01:17.397 lcd: win 76 -> SNEEZE p=0.83 (22993 us after notify)
01:01:17.397   pt[143]: min=-376 max=382 avg_abs=104 | fifo=1136 under=0 over=0 late=0 mdf_cb=4631 mdf_err=0
01:01:17.956   pt[144]: min=-388 max=362 avg_abs=98 | fifo=928 under=0 over=0 late=0 mdf_cb=4663 mdf_err=0
01:01:18.022 in=16128Hz out=16000Hz ring=1152 under=0 over=0 (dt=1000000us) loglag=120755us
01:01:18.339 {"win":77,"cls":"sneezing","p":0.64,"lat_ms":112,"under":0,"over":0,"late":0}
01:01:18.339 win   77 pos= 1182720  -48dBFS [####................] rms=  124 peak=  388 seam=ok lag=338us
01:01:18.339   -> sneezing        p=0.64  preproc=69009us infer=41083us
01:01:18.339 lcd: win 77 -> SNEEZE p=0.64 (22654 us after notify)
01:01:18.457   pt[145]: min=-416 max=352 avg_abs=95 | fifo=1120 under=0 over=0 late=0 mdf_cb=4695 mdf_err=0
01:01:18.956   pt[146]: min=-428 max=312 avg_abs=98 | fifo=912 under=0 over=0 late=0 mdf_cb=4727 mdf_err=0
01:01:19.021 in=16128Hz out=16000Hz ring=1280 under=0 over=0 (dt=999999us) loglag=120755us
01:01:19.272 {"win":78,"cls":"unknown","p":0.48,"lat_ms":112,"under":0,"over":0,"late":0}
01:01:19.272 win   78 pos= 1198080  -48dBFS [####................] rms=  126 peak=  428 seam=ok lag=335us
01:01:19.272   -> unknown         p=0.48  preproc=69020us infer=41009us
01:01:19.456   pt[147]: min=-452 max=398 avg_abs=112 | fifo=1104 under=0 over=0 late=0 mdf_cb=4759 mdf_err=0
01:01:20.023   pt[148]: min=-368 max=410 avg_abs=102 | fifo=896 under=0 over=0 late=0 mdf_cb=4791 mdf_err=0
01:01:20.023 in=16128Hz out=16400Hz ring=1008 under=0 over=0 (dt=999999us) loglag=120755us
01:01:20.271 win   79 pos= 1213440  -48dBFS [####................] rms=  130 peak=  452 seam=ok lag=335us
01:01:20.271   -> unknown         p=0.47  preproc=69030us infer=41059us
01:01:20.271 ====================================
01:01:20.271 ====================================
01:01:20.271 TAP TOTAL win=79
01:01:20.271 ====================================
01:01:20.271 ====================================
01:01:20.271 tap total: windows=80 (expected 80 from 1230848 samples) overrun=0 torn=0 skipped=0 seam ok=79 NG=0
01:01:20.271   tap lag max=339us (0 of them lower bounds) | tap write max=7118ns avg=5326ns (4808 calls)
01:01:20.271   audio under=0 over=0 late=0 | aed run=80 err=0 (last er=0)
01:01:20.271   preproc max=69056us avg=69015us | infer max=41113us avg=41039us
01:01:20.271   notify out=46 held=17 offlist=17 gated=0 lat max=112165us (0 lower bounds)
01:01:20.283   log sent=578 dropped=0 lag max=120755us
01:01:20.286   disp sent=30 dropped=0 max=96245us avg=25685us
01:01:20.288 ====================================
01:01:20.288 ====================================
01:01:20.488   pt[149]: min=-340 max=348 avg_abs=97 | fifo=1088 under=0 over=0 late=0 mdf_cb=4823 mdf_err=0
01:01:20.989 in=16128Hz out=16000Hz ring=1136 under=0 over=0 (dt=1000000us) loglag=120755us
01:01:20.993   pt[150]: min=-476 max=420 avg_abs=101 | fifo=1136 under=0 over=0 late=0 mdf_cb=4856 mdf_err=0
01:01:21.188 {"win":80,"cls":"sneezing","p":0.73,"lat_ms":112,"under":0,"over":0,"late":0}
01:01:21.188 win   80 pos= 1228800  -48dBFS [####................] rms=  125 peak=  476 seam=ok lag=335us
01:01:21.188   -> sneezing        p=0.73  preproc=69025us infer=41042us
01:01:21.264 lcd: win 80 -> SNEEZE p=0.73 (22704 us after notify)
01:01:21.505   pt[151]: min=-390 max=380 avg_abs=107 | fifo=928 under=0 over=0 late=0 mdf_cb=4888 mdf_err=0
01:01:22.005 in=16128Hz out=16000Hz ring=1264 under=0 over=0 (dt=1000000us) loglag=120755us
01:01:22.072   pt[152]: min=-428 max=364 avg_abs=96 | fifo=1120 under=0 over=0 late=0 mdf_cb=4920 mdf_err=0
01:01:22.189 {"win":81,"cls":"unknown","p":0.40,"lat_ms":112,"under":0,"over":0,"late":0}
01:01:22.189 win   81 pos= 1244160  -48dBFS [####................] rms=  125 peak=  428 seam=ok lag=335us
01:01:22.189   -> unknown         p=0.40  preproc=68956us infer=41086us
01:01:22.572   pt[153]: min=-410 max=404 avg_abs=89 | fifo=912 under=0 over=0 late=0 mdf_cb=4952 mdf_err=0
01:01:23.130 in=16128Hz out=16400Hz ring=992 under=0 over=0 (dt=1000000us) loglag=120755us
01:01:23.130   pt[154]: min=-448 max=458 avg_abs=108 | fifo=1104 under=0 over=0 late=0 mdf_cb=4984 mdf_err=0
01:01:23.130 {"win":82,"cls":"sneezing","p":0.61,"lat_ms":112,"under":0,"over":0,"late":0}
01:01:23.130 win   82 pos= 1259520  -49dBFS [###.................] rms=  123 peak=  458 seam=ok lag=336us
01:01:23.130   -> sneezing        p=0.61  preproc=69056us infer=41015us
01:01:23.189 lcd: win 82 -> SNEEZE p=0.61 (38187 us after notify)
01:01:23.563   pt[155]: min=-430 max=466 avg_abs=105 | fifo=896 under=0 over=0 late=0 mdf_cb=5016 mdf_err=0
01:01:24.064 in=16128Hz out=16000Hz ring=1120 under=0 over=0 (dt=999999us) loglag=120755us
01:01:24.064 win   83 pos= 1274880  -49dBFS [###.................] rms=  121 peak=  466 seam=ok lag=337us
01:01:24.071   -> clock_tick      p=0.62  preproc=69029us infer=41060us
01:01:24.080   pt[156]: min=-446 max=374 avg_abs=89 | fifo=944 under=0 over=0 late=0 mdf_cb=5049 mdf_err=0
01:01:24.647   pt[157]: min=-404 max=384 avg_abs=84 | fifo=880 under=0 over=0 late=0 mdf_cb=5080 mdf_err=0
01:01:25.022 in=16128Hz out=16000Hz ring=1248 under=0 over=0 (dt=999999us) loglag=120755us
01:01:25.025 {"win":84,"cls":"sneezing","p":0.76,"lat_ms":112,"under":0,"over":0,"late":0}
01:01:25.030 win   84 pos= 1290240  -49dBFS [###.................] rms=  110 peak=  404 seam=ok lag=334us
01:01:25.041   -> sneezing        p=0.76  preproc=69017us infer=41083us
01:01:25.047 lcd: win 84 -> SNEEZE p=0.76 (29615 us after notify)
01:01:25.114   pt[158]: min=-408 max=390 avg_abs=93 | fifo=928 under=0 over=0 late=0 mdf_cb=5113 mdf_err=0
01:01:25.613   pt[159]: min=-406 max=466 avg_abs=101 | fifo=1120 under=0 over=0 late=0 mdf_cb=5145 mdf_err=0
01:01:25.988 {"win":85,"cls":"unknown","p":0.37,"lat_ms":112,"under":0,"over":0,"late":0}
01:01:25.988 win   85 pos= 1305600  -48dBFS [####................] rms=  127 peak=  466 seam=ok lag=334us
01:01:25.988   -> unknown         p=0.37  preproc=69017us infer=41006us
01:01:26.065 in=16128Hz out=16400Hz ring=976 under=0 over=0 (dt=1000000us) loglag=120755us
01:01:26.130   pt[160]: min=-506 max=418 avg_abs=100 | fifo=912 under=0 over=0 late=0 mdf_cb=5177 mdf_err=0
01:01:26.689   pt[161]: min=-432 max=380 avg_abs=87 | fifo=1104 under=0 over=0 late=0 mdf_cb=5209 mdf_err=0
01:01:26.939 {"win":86,"cls":"sneezing","p":0.85,"lat_ms":112,"under":0,"over":0,"late":0}
01:01:26.947 win   86 pos= 1320960  -49dBFS [###.................] rms=  113 peak=  506 seam=ok lag=336us
01:01:26.955   -> sneezing        p=0.85  preproc=68963us infer=41077us
01:01:27.022 lcd: win 86 -> SNEEZE p=0.85 (22700 us after notify)
01:01:27.081 in=16128Hz out=16000Hz ring=1104 under=0 over=0 (dt=999999us) loglag=120755us
01:01:27.214   pt[162]: min=-384 max=436 avg_abs=92 | fifo=896 under=0 over=0 late=0 mdf_cb=5241 mdf_err=0
01:01:27.706   pt[163]: min=-432 max=444 avg_abs=107 | fifo=1088 under=0 over=0 late=0 mdf_cb=5273 mdf_err=0
01:01:27.957 {"win":87,"cls":"sneezing","p":0.72,"lat_ms":112,"under":0,"over":0,"late":0}
01:01:27.957 win   87 pos= 1336320  -48dBFS [####................] rms=  129 peak=  454 seam=ok lag=335us
01:01:27.957   -> sneezing        p=0.72  preproc=69031us infer=41086us
01:01:27.957 lcd: win 87 -> SNEEZE p=0.72 (22656 us after notify)
01:01:28.088 in=15872Hz out=16000Hz ring=976 under=0 over=0 (dt=1000000us) loglag=120755us
01:01:28.213   pt[164]: min=-488 max=392 avg_abs=98 | fifo=880 under=0 over=0 late=0 mdf_cb=5305 mdf_err=0
01:01:28.705   pt[165]: min=-422 max=370 avg_abs=98 | fifo=1072 under=0 over=0 late=0 mdf_cb=5337 mdf_err=0
01:01:28.897 {"win":88,"cls":"sneezing","p":0.59,"lat_ms":112,"under":0,"over":0,"late":0}
01:01:28.897 win   88 pos= 1351680  -49dBFS [###.................] rms=  122 peak=  488 seam=ok lag=334us
01:01:28.897   -> sneezing        p=0.59  preproc=69024us infer=41043us
01:01:28.897 lcd: win 88 -> SNEEZE p=0.59 (22703 us after notify)
01:01:29.080 in=16128Hz out=16400Hz ring=704 under=0 over=0 (dt=1000000us) loglag=120755us
01:01:29.272   pt[166]: min=-376 max=422 avg_abs=100 | fifo=1120 under=0 over=0 late=0 mdf_cb=5370 mdf_err=0
01:01:29.830   pt[167]: min=-438 max=396 avg_abs=107 | fifo=912 under=0 over=0 late=0 mdf_cb=5402 mdf_err=0
01:01:29.830 {"win":89,"cls":"sneezing","p":0.75,"lat_ms":112,"under":0,"over":0,"late":0}
01:01:29.830 win   89 pos= 1367040  -48dBFS [####................] rms=  127 peak=  438 seam=ok lag=334us
01:01:29.843   -> sneezing        p=0.75  preproc=69037us infer=41085us
01:01:29.847 ====================================
01:01:29.847 ====================================
01:01:29.855 TAP TOTAL win=89
01:01:29.856 ====================================
01:01:29.861 ====================================
01:01:29.863 tap total: windows=90 (expected 90 from 1384448 samples) overrun=0 torn=0 skipped=0 seam ok=89 NG=0
01:01:29.871   tap lag max=339us (0 of them lower bounds) | tap write max=7118ns avg=5326ns (5408 calls)
01:01:29.880   audio under=0 over=0 late=0 | aed run=90 err=0 (last er=0)
01:01:29.886   preproc max=69056us avg=69015us | infer max=41113us avg=41041us
01:01:29.888   notify out=55 held=17 offlist=18 gated=0 lat max=112171us (0 lower bounds)
01:01:29.899   log sent=655 dropped=0 lag max=120755us
01:01:29.903   disp sent=37 dropped=0 max=96245us avg=25808us
01:01:29.905 ====================================
01:01:29.905 ====================================
01:01:29.980 lcd: win 89 -> SNEEZE p=0.75 (96243 us after notify)
01:01:30.098 in=16128Hz out=16000Hz ring=832 under=0 over=0 (dt=999999us) loglag=120755us
01:01:30.289   pt[168]: min=-388 max=352 avg_abs=95 | fifo=1104 under=0 over=0 late=0 mdf_cb=5434 mdf_err=0
01:01:30.788   pt[169]: min=-486 max=324 avg_abs=92 | fifo=896 under=0 over=0 late=0 mdf_cb=5466 mdf_err=0
01:01:30.788 {"win":90,"cls":"sneezing","p":0.57,"lat_ms":112,"under":0,"over":0,"late":0}
01:01:30.796 win   90 pos= 1382400  -49dBFS [###.................] rms=  115 peak=  388 seam=ok lag=330us
01:01:30.804   -> sneezing        p=0.57  preproc=69021us infer=41018us
01:01:30.864 lcd: win 90 -> SNEEZE p=0.57 (31057 us after notify)
01:01:31.114 in=16128Hz out=16000Hz ring=960 under=0 over=0 (dt=999999us) loglag=120755us
01:01:31.308   pt[170]: min=-478 max=534 avg_abs=119 | fifo=1088 under=0 over=0 late=0 mdf_cb=5498 mdf_err=0
01:01:31.803 {"win":91,"cls":"unknown","p":0.44,"lat_ms":112,"under":0,"over":0,"late":0}
01:01:31.803 win   91 pos= 1397760  -47dBFS [####................] rms=  142 peak=  534 seam=ok lag=334us
01:01:31.803   -> unknown         p=0.44  preproc=68965us infer=41053us
01:01:31.803   pt[171]: min=-452 max=364 avg_abs=105 | fifo=880 under=0 over=0 late=0 mdf_cb=5530 mdf_err=0
01:01:32.112 in=16128Hz out=16000Hz ring=1088 under=0 over=0 (dt=999999us) loglag=120755us
01:01:32.323   pt[172]: min=-358 max=380 avg_abs=87 | fifo=1072 under=0 over=0 late=0 mdf_cb=5562 mdf_err=0
01:01:32.701 win   92 pos= 1413120  -49dBFS [###.................] rms=  117 peak=  432 seam=ok lag=337us
01:01:32.709   -> clock_tick      p=0.56  preproc=69029us infer=41040us
01:01:32.842   pt[173]: min=-432 max=420 avg_abs=91 | fifo=864 under=0 over=0 late=0 mdf_cb=5594 mdf_err=0
01:01:33.112 in=16128Hz out=16400Hz ring=816 under=0 over=0 (dt=1000000us) loglag=120755us
01:01:33.366   pt[174]: min=-426 max=406 avg_abs=94 | fifo=1056 under=0 over=0 late=0 mdf_cb=5626 mdf_err=0
01:01:33.693 win   93 pos= 1428480  -45dBFS [#####...............] rms=  175 peak= 1588 seam=ok lag=336us
01:01:33.693   -> clock_tick      p=0.67  preproc=69019us infer=41045us
01:01:33.882   pt[175]: min=-2730 max=2926 avg_abs=193 | fifo=1104 under=0 over=0 late=0 mdf_cb=5659 mdf_err=0
01:01:34.131 in=16128Hz out=16000Hz ring=944 under=0 over=0 (dt=999999us) loglag=120755us
01:01:34.379   pt[176]: min=-1650 max=1434 avg_abs=104 | fifo=896 under=0 over=0 late=0 mdf_cb=5691 mdf_err=0
01:01:34.630 win   94 pos= 1443840  -44dBFS [#####...............] rms=  208 peak= 2926 seam=ok lag=335us
01:01:34.630   -> clock_tick      p=0.95  preproc=69029us infer=41047us
01:01:34.881   pt[177]: min=-380 max=416 avg_abs=91 | fifo=1088 under=0 over=0 late=0 mdf_cb=5723 mdf_err=0
01:01:35.130 in=16128Hz out=16000Hz ring=1072 under=0 over=0 (dt=1000000us) loglag=120755us
01:01:35.381   pt[178]: min=-576 max=672 avg_abs=110 | fifo=880 under=0 over=0 late=0 mdf_cb=5755 mdf_err=0
01:01:35.639 win   95 pos= 1459200  -48dBFS [####................] rms=  128 peak=  672 seam=ok lag=336us
01:01:35.639   -> unknown         p=0.37  preproc=69027us infer=41035us
01:01:35.939   pt[179]: min=-502 max=444 avg_abs=114 | fifo=1072 under=0 over=0 late=0 mdf_cb=5787 mdf_err=0
01:01:36.138 in=16128Hz out=16400Hz ring=800 under=0 over=0 (dt=999999us) loglag=120755us
01:01:36.438   pt[180]: min=-1118 max=1092 avg_abs=104 | fifo=864 under=0 over=0 late=0 mdf_cb=5819 mdf_err=0
01:01:36.573 win   96 pos= 1474560  -47dBFS [####................] rms=  139 peak= 1118 seam=ok lag=340us
01:01:36.573   -> clock_tick      p=0.56  preproc=68962us infer=41058us
01:01:36.939   pt[181]: min=-422 max=542 avg_abs=106 | fifo=1056 under=0 over=0 late=0 mdf_cb=5851 mdf_err=0
01:01:37.130 in=16128Hz out=16000Hz ring=928 under=0 over=0 (dt=1000000us) loglag=120755us
01:01:37.505   pt[182]: min=-516 max=496 avg_abs=116 | fifo=848 under=0 over=0 late=0 mdf_cb=5883 mdf_err=0
01:01:37.509 win   97 pos= 1489920  -47dBFS [####................] rms=  140 peak=  542 seam=ok lag=338us
01:01:37.571   -> unknown         p=0.41  preproc=69045us infer=41031us
01:01:37.954   pt[183]: min=-492 max=334 avg_abs=103 | fifo=1296 under=0 over=0 late=0 mdf_cb=5916 mdf_err=0
01:01:38.146 in=16128Hz out=16000Hz ring=1056 under=0 over=0 (dt=999999us) loglag=120755us
01:01:38.464 {"win":98,"cls":"sneezing","p":0.58,"lat_ms":112,"under":0,"over":0,"late":0}
01:01:38.466 win   98 pos= 1505280  -48dBFS [####................] rms=  125 peak=  492 seam=ok lag=336us
01:01:38.476   -> sneezing        p=0.58  preproc=69023us infer=41081us
01:01:38.481   pt[184]: min=-344 max=388 avg_abs=93 | fifo=1088 under=0 over=0 late=0 mdf_cb=5948 mdf_err=0
01:01:38.539 lcd: win 98 -> SNEEZE p=0.58 (31159 us after notify)
01:01:39.038   pt[185]: min=-424 max=406 avg_abs=104 | fifo=880 under=0 over=0 late=0 mdf_cb=5980 mdf_err=0
01:01:39.167 in=16128Hz out=16400Hz ring=784 under=0 over=0 (dt=1000000us) loglag=120755us
01:01:39.471 {"win":99,"cls":"sneezing","p":0.87,"lat_ms":112,"under":0,"over":0,"late":0}
01:01:39.471 win   99 pos= 1520640  -48dBFS [####................] rms=  129 peak=  470 seam=ok lag=335us
01:01:39.471   -> sneezing        p=0.87  preproc=69015us infer=41043us
01:01:39.471 ====================================
01:01:39.471 ====================================
01:01:39.471 TAP TOTAL win=99
01:01:39.471 ====================================
01:01:39.471 ====================================
01:01:39.471 tap total: windows=100 (expected 100 from 1538048 samples) overrun=0 torn=0 skipped=0 seam ok=99 NG=0
01:01:39.471   tap lag max=340us (0 of them lower bounds) | tap write max=7118ns avg=5326ns (6008 calls)
01:01:39.471   audio under=0 over=0 late=0 | aed run=100 err=0 (last er=0)
01:01:39.537   preproc max=69056us avg=69015us | infer max=41113us avg=41042us
01:01:39.537   notify out=59 held=19 offlist=22 gated=0 lat max=112171us (0 lower bounds)
01:01:39.537   log sent=724 dropped=0 lag max=120755us
01:01:39.537   disp sent=40 dropped=0 max=96245us avg=27886us
01:01:39.537 ====================================
01:01:39.537 ====================================
01:01:39.537   pt[186]: min=-470 max=436 avg_abs=107 | fifo=1072 under=0 over=0 late=0 mdf_cb=6012 mdf_err=0
01:01:39.537 lcd: win 99 -> SNEEZE p=0.87 (96608 us after notify)
01:01:40.039   pt[187]: min=-438 max=384 avg_abs=98 | fifo=864 under=0 over=0 late=0 mdf_cb=6044 mdf_err=0
01:01:40.163 in=16128Hz out=16000Hz ring=912 under=0 over=0 (dt=999999us) loglag=120755us
01:01:40.412 {"win":100,"cls":"sneezing","p":0.54,"lat_ms":112,"under":0,"over":0,"late":0}
01:01:40.412 win  100 pos= 1536000  -49dBFS [###.................] rms=  120 peak=  438 seam=ok lag=333us
01:01:40.412   -> sneezing        p=0.54  preproc=69023us infer=41037us
01:01:40.412 lcd: win 100 -> SNEEZE p=0.54 (22791 us after notify)
01:01:40.539   pt[188]: min=-362 max=336 avg_abs=90 | fifo=1056 under=0 over=0 late=0 mdf_cb=6076 mdf_err=0
01:01:41.038   pt[189]: min=-388 max=340 avg_abs=96 | fifo=848 under=0 over=0 late=0 mdf_cb=6108 mdf_err=0
01:01:41.164 in=16128Hz out=16000Hz ring=1040 under=0 over=0 (dt=1000000us) loglag=120755us
01:01:41.363 {"win":101,"cls":"unknown","p":0.39,"lat_ms":112,"under":0,"over":0,"late":0}
01:01:41.363 win  101 pos= 1551360  -49dBFS [###.................] rms=  120 peak=  438 seam=ok lag=334us
01:01:41.363   -> unknown         p=0.39  preproc=68950us infer=41007us
01:01:41.555   pt[190]: min=-526 max=438 avg_abs=92 | fifo=1040 under=0 over=0 late=0 mdf_cb=6140 mdf_err=0
01:01:42.114   pt[191]: min=-436 max=374 avg_abs=96 | fifo=1088 under=0 over=0 late=0 mdf_cb=6173 mdf_err=0
01:01:42.180 in=16128Hz out=16400Hz ring=768 under=0 over=0 (dt=999999us) loglag=120755us
01:01:42.312 {"win":102,"cls":"sneezing","p":0.91,"lat_ms":112,"under":0,"over":0,"late":0}
01:01:42.312 win  102 pos= 1566720  -49dBFS [###.................] rms=  119 peak=  526 seam=ok lag=333us
01:01:42.314   -> sneezing        p=0.91  preproc=69023us infer=41056us
01:01:42.379 lcd: win 102 -> SNEEZE p=0.91 (22742 us after notify)
01:01:42.630   pt[192]: min=-352 max=354 avg_abs=85 | fifo=880 under=0 over=0 late=0 mdf_cb=6205 mdf_err=0
01:01:43.147   pt[193]: min=-400 max=382 avg_abs=98 | fifo=1072 under=0 over=0 late=0 mdf_cb=6237 mdf_err=0
01:01:43.271 in=16128Hz out=16000Hz ring=896 under=0 over=0 (dt=1000000us) loglag=120755us
01:01:43.271 {"win":103,"cls":"sneezing","p":0.70,"lat_ms":112,"under":0,"over":0,"late":0}
01:01:43.330 win  103 pos= 1582080  -49dBFS [###.................] rms=  117 peak=  400 seam=ok lag=334us
01:01:43.330   -> sneezing        p=0.70  preproc=69024us infer=40990us
01:01:43.330 lcd: win 103 -> SNEEZE p=0.70 (29703 us after notify)
01:01:43.647   pt[194]: min=-408 max=466 avg_abs=100 | fifo=864 under=0 over=0 late=0 mdf_cb=6269 mdf_err=0
01:01:44.271   pt[195]: min=-360 max=378 avg_abs=96 | fifo=1056 under=0 over=0 late=0 mdf_cb=6301 mdf_err=0
01:01:44.271 in=16128Hz out=16000Hz ring=1024 under=0 over=0 (dt=999999us) loglag=120755us
01:01:44.271 {"win":104,"cls":"unknown","p":0.50,"lat_ms":112,"under":0,"over":0,"late":0}
01:01:44.271 win  104 pos= 1597440  -49dBFS [###.................] rms=  122 peak=  466 seam=ok lag=333us
01:01:44.271   -> unknown         p=0.50  preproc=69048us infer=41013us
01:01:44.646   pt[196]: min=-372 max=392 avg_abs=95 | fifo=848 under=0 over=0 late=0 mdf_cb=6333 mdf_err=0
01:01:45.204   pt[197]: min=-460 max=386 avg_abs=93 | fifo=1040 under=0 over=0 late=0 mdf_cb=6365 mdf_err=0
01:01:45.204 in=16128Hz out=16400Hz ring=752 under=0 over=0 (dt=999999us) loglag=120755us
01:01:45.204 {"win":105,"cls":"sneezing","p":0.72,"lat_ms":112,"under":0,"over":0,"late":0}
01:01:45.204 win  105 pos= 1612800  -49dBFS [###.................] rms=  119 peak=  460 seam=ok lag=337us
01:01:45.271   -> sneezing        p=0.72  preproc=69023us infer=41030us
01:01:45.271 lcd: win 105 -> SNEEZE p=0.72 (38054 us after notify)
01:01:45.705   pt[198]: min=-438 max=470 avg_abs=109 | fifo=1088 under=0 over=0 late=0 mdf_cb=6398 mdf_err=0
01:01:46.147 {"win":106,"cls":"sneezing","p":0.66,"lat_ms":112,"under":0,"over":0,"late":0}
01:01:46.149 win  106 pos= 1628160  -48dBFS [####................] rms=  133 peak=  470 seam=ok lag=332us
01:01:46.205   -> sneezing        p=0.66  preproc=68968us infer=41089us
01:01:46.205 lcd: win 106 -> SNEEZE p=0.66 (22788 us after notify)
01:01:46.205   pt[199]: min=-450 max=432 avg_abs=106 | fifo=1280 under=0 over=0 late=0 mdf_cb=6430 mdf_err=0
01:01:46.205 in=16128Hz out=16000Hz ring=880 under=0 over=0 (dt=1000000us) loglag=120755us
01:01:46.714   pt[200]: min=-400 max=322 avg_abs=86 | fifo=1072 under=0 over=0 late=0 mdf_cb=6462 mdf_err=0
01:01:47.147 win  107 pos= 1643520  -49dBFS [###.................] rms=  114 peak=  440 seam=ok lag=334us
01:01:47.147   -> clock_tick      p=0.63  preproc=69019us infer=41088us
01:01:47.212 in=16128Hz out=16000Hz ring=1008 under=0 over=0 (dt=999999us) loglag=120755us
01:01:47.212   pt[201]: min=-440 max=336 avg_abs=94 | fifo=864 under=0 over=0 late=0 mdf_cb=6494 mdf_err=0
01:01:47.771   pt[202]: min=-428 max=506 avg_abs=129 | fifo=1056 under=0 over=0 late=0 mdf_cb=6526 mdf_err=0
01:01:48.079 win  108 pos= 1658880  -47dBFS [####................] rms=  148 peak=  506 seam=ok lag=336us
01:01:48.079   -> unknown         p=0.47  preproc=69016us infer=41071us
01:01:48.205 in=16128Hz out=16400Hz ring=736 under=0 over=0 (dt=1000000us) loglag=120755us
01:01:48.271   pt[203]: min=-430 max=382 avg_abs=107 | fifo=848 under=0 over=0 late=0 mdf_cb=6558 mdf_err=0
01:01:48.772   pt[204]: min=-398 max=280 avg_abs=98 | fifo=1040 under=0 over=0 late=0 mdf_cb=6590 mdf_err=0
01:01:49.079 {"win":109,"cls":"sneezing","p":0.56,"lat_ms":112,"under":0,"over":0,"late":0}
01:01:49.079 win  109 pos= 1674240  -48dBFS [####................] rms=  123 peak=  430 seam=ok lag=337us
01:01:49.079   -> sneezing        p=0.56  preproc=69014us infer=41030us
01:01:49.079 ====================================
01:01:49.079 ====================================
01:01:49.079 TAP TOTAL win=109
01:01:49.079 ====================================
01:01:49.079 ====================================
01:01:49.079 tap total: windows=110 (expected 110 from 1691648 samples) overrun=0 torn=0 skipped=0 seam ok=109 NG=0
01:01:49.079   tap lag max=340us (0 of them lower bounds) | tap write max=7118ns avg=5326ns (6608 calls)
01:01:49.079   audio under=0 over=0 late=0 | aed run=110 err=0 (last er=0)
01:01:49.146   preproc max=69056us avg=69014us | infer max=41113us avg=41042us
01:01:49.146   notify out=67 held=20 offlist=23 gated=0 lat max=112171us (0 lower bounds)
01:01:49.146   log sent=800 dropped=0 lag max=120755us
01:01:49.146   disp sent=46 dropped=0 max=96608us avg=29339us
01:01:49.146 ====================================
01:01:49.146 ====================================
01:01:49.146 lcd: win 109 -> SNEEZE p=0.56 (88321 us after notify)
01:01:49.272 in=16128Hz out=16000Hz ring=864 under=0 over=0 (dt=1000000us) loglag=120755us
01:01:49.272   pt[205]: min=-394 max=358 avg_abs=102 | fifo=832 under=0 over=0 late=0 mdf_cb=6622 mdf_err=0
01:01:49.830   pt[206]: min=-412 max=374 avg_abs=99 | fifo=1280 under=0 over=0 late=0 mdf_cb=6655 mdf_err=0
01:01:50.021 {"win":110,"cls":"sneezing","p":0.78,"lat_ms":112,"under":0,"over":0,"late":0}
01:01:50.021 win  110 pos= 1689600  -48dBFS [####................] rms=  123 peak=  412 seam=ok lag=334us
01:01:50.021   -> sneezing        p=0.78  preproc=69022us infer=41040us
01:01:50.021 lcd: win 110 -> SNEEZE p=0.78 (22791 us after notify)
01:01:50.266 in=16128Hz out=16000Hz ring=992 under=0 over=0 (dt=1000000us) loglag=120755us
01:01:50.331   pt[207]: min=-356 max=376 avg_abs=91 | fifo=1072 under=0 over=0 late=0 mdf_cb=6687 mdf_err=0
01:01:50.830   pt[208]: min=-348 max=412 avg_abs=86 | fifo=864 under=0 over=0 late=0 mdf_cb=6719 mdf_err=0
01:01:50.954 {"win":111,"cls":"sneezing","p":0.66,"lat_ms":112,"under":0,"over":0,"late":0}
01:01:50.954 win  111 pos= 1704960  -49dBFS [###.................] rms=  111 peak=  412 seam=ok lag=336us
01:01:50.958   -> sneezing        p=0.66  preproc=68975us infer=41042us
01:01:51.022 lcd: win 111 -> SNEEZE p=0.66 (22791 us after notify)
01:01:51.271 in=16128Hz out=16000Hz ring=1120 under=0 over=0 (dt=999999us) loglag=120755us
01:01:51.338   pt[209]: min=-392 max=336 avg_abs=85 | fifo=1056 under=0 over=0 late=0 mdf_cb=6751 mdf_err=0
01:01:51.955   pt[210]: min=-390 max=424 avg_abs=108 | fifo=848 under=0 over=0 late=0 mdf_cb=6783 mdf_err=0
01:01:51.955 {"win":112,"cls":"unknown","p":0.45,"lat_ms":112,"under":0,"over":0,"late":0}
01:01:51.955 win  112 pos= 1720320  -49dBFS [###.................] rms=  121 peak=  424 seam=ok lag=338us
01:01:51.955   -> unknown         p=0.45  preproc=69039us infer=41034us
01:01:52.271 in=16128Hz out=16400Hz ring=848 under=0 over=0 (dt=999999us) loglag=120755us
01:01:52.396   pt[211]: min=-412 max=322 avg_abs=90 | fifo=1040 under=0 over=0 late=0 mdf_cb=6815 mdf_err=0
01:01:52.896   pt[212]: min=-424 max=474 avg_abs=92 | fifo=832 under=0 over=0 late=0 mdf_cb=6847 mdf_err=0
01:01:52.896 {"win":113,"cls":"sneezing","p":0.70,"lat_ms":112,"under":0,"over":0,"late":0}
01:01:52.896 win  113 pos= 1735680  -49dBFS [###.................] rms=  115 peak=  424 seam=ok lag=337us
01:01:52.896   -> sneezing        p=0.70  preproc=69017us infer=41081us
01:01:52.896 lcd: win 113 -> SNEEZE p=0.70 (31141 us after notify)
01:01:53.272 in=16128Hz out=16000Hz ring=976 under=0 over=0 (dt=1000000us) loglag=120755us
01:01:53.397   pt[213]: min=-486 max=386 avg_abs=96 | fifo=1024 under=0 over=0 late=0 mdf_cb=6879 mdf_err=0
01:01:53.830 {"win":114,"cls":"sneezing","p":0.84,"lat_ms":112,"under":0,"over":0,"late":0}
01:01:53.830 win  114 pos= 1751040  -48dBFS [####................] rms=  128 peak=  486 seam=ok lag=336us
01:01:53.896   -> sneezing        p=0.84  preproc=69031us infer=41096us
01:01:53.896 lcd: win 114 -> SNEEZE p=0.84 (22793 us after notify)
01:01:53.896   pt[214]: min=-450 max=446 avg_abs=112 | fifo=816 under=0 over=0 late=0 mdf_cb=6911 mdf_err=0
01:01:54.271 in=16128Hz out=16000Hz ring=1104 under=0 over=0 (dt=1000000us) loglag=120755us
01:01:54.455   pt[215]: min=-506 max=384 avg_abs=104 | fifo=1264 under=0 over=0 late=0 mdf_cb=6944 mdf_err=0
01:01:54.838 {"win":115,"cls":"sneezing","p":0.82,"lat_ms":112,"under":0,"over":0,"late":0}
01:01:54.838 win  115 pos= 1766400  -48dBFS [####................] rms=  132 peak=  506 seam=ok lag=334us
01:01:54.838   -> sneezing        p=0.82  preproc=69022us infer=40992us
01:01:54.838 lcd: win 115 -> SNEEZE p=0.82 (22790 us after notify)
01:01:54.956   pt[216]: min=-484 max=396 avg_abs=105 | fifo=1056 under=0 over=0 late=0 mdf_cb=6976 mdf_err=0
01:01:55.272 in=16128Hz out=16400Hz ring=832 under=0 over=0 (dt=1000000us) loglag=120755us
01:01:55.456   pt[217]: min=-592 max=412 avg_abs=116 | fifo=1248 under=0 over=0 late=0 mdf_cb=7008 mdf_err=0
01:01:55.770 {"win":116,"cls":"sneezing","p":0.68,"lat_ms":112,"under":0,"over":0,"late":0}
01:01:55.770 win  116 pos= 1781760  -47dBFS [####................] rms=  141 peak=  592 seam=ok lag=335us
01:01:55.770   -> sneezing        p=0.68  preproc=68962us infer=41096us
01:01:55.770 lcd: win 116 -> SNEEZE p=0.68 (22788 us after notify)
01:01:55.954   pt[218]: min=-418 max=510 avg_abs=108 | fifo=1040 under=0 over=0 late=0 mdf_cb=7040 mdf_err=0
01:01:56.271 in=16128Hz out=16000Hz ring=960 under=0 over=0 (dt=999999us) loglag=120755us
01:01:56.521   pt[219]: min=-428 max=368 avg_abs=94 | fifo=832 under=0 over=0 late=0 mdf_cb=7072 mdf_err=0
01:01:56.706 {"win":117,"cls":"unknown","p":0.29,"lat_ms":112,"under":0,"over":0,"late":0}
01:01:56.706 win  117 pos= 1797120  -48dBFS [####................] rms=  123 peak=  510 seam=ok lag=334us
01:01:56.713   -> unknown         p=0.29  preproc=69019us infer=41009us
01:01:56.971   pt[220]: min=-372 max=446 avg_abs=86 | fifo=1024 under=0 over=0 late=0 mdf_cb=7104 mdf_err=0
01:01:57.288 in=16128Hz out=16000Hz ring=1088 under=0 over=0 (dt=1000000us) loglag=120755us
01:01:57.539   pt[221]: min=-436 max=348 avg_abs=90 | fifo=816 under=0 over=0 late=0 mdf_cb=7136 mdf_err=0
01:01:57.664 {"win":118,"cls":"sneezing","p":0.51,"lat_ms":112,"under":0,"over":0,"late":0}
01:01:57.671 win  118 pos= 1812480  -49dBFS [###.................] rms=  117 peak=  446 seam=ok lag=336us
01:01:57.739   -> sneezing        p=0.51  preproc=69018us infer=41049us
01:01:57.739 lcd: win 118 -> SNEEZE p=0.51 (22792 us after notify)
01:01:58.055   pt[222]: min=-424 max=444 avg_abs=118 | fifo=1008 under=0 over=0 late=0 mdf_cb=7168 mdf_err=0
01:01:58.305 in=16128Hz out=16400Hz ring=816 under=0 over=0 (dt=1000000us) loglag=120755us
01:01:58.678   pt[223]: min=-826 max=632 avg_abs=126 | fifo=1056 under=0 over=0 late=0 mdf_cb=7201 mdf_err=0
01:01:58.678 {"win":119,"cls":"sneezing","p":0.52,"lat_ms":112,"under":0,"over":0,"late":0}
01:01:58.678 win  119 pos= 1827840  -47dBFS [####................] rms=  152 peak=  826 seam=ok lag=333us
01:01:58.678   -> sneezing        p=0.52  preproc=69025us infer=41016us
01:01:58.678 ====================================
01:01:58.678 ====================================
01:01:58.678 TAP TOTAL win=119
01:01:58.678 ====================================
01:01:58.678 ====================================
01:01:58.678 tap total: windows=120 (expected 120 from 1845248 samples) overrun=0 torn=0 skipped=0 seam ok=119 NG=0
01:01:58.678   tap lag max=340us (0 of them lower bounds) | tap write max=7118ns avg=5326ns (7208 calls)
01:01:58.738   audio under=0 over=0 late=0 | aed run=120 err=0 (last er=0)
01:01:58.738   preproc max=69056us avg=69014us | infer max=41113us avg=41042us
01:01:58.738   notify out=77 held=20 offlist=23 gated=0 lat max=112179us (0 lower bounds)
01:01:58.738   log sent=881 dropped=0 lag max=120755us
01:01:58.738   disp sent=54 dropped=0 max=96608us avg=29744us
01:01:58.738 ====================================
01:01:58.738 ====================================
01:01:58.738 lcd: win 119 -> SNEEZE p=0.52 (96849 us after notify)
01:01:59.056   pt[224]: min=-2174 max=3214 avg_abs=248 | fifo=1248 under=0 over=0 late=0 mdf_cb=7233 mdf_err=0
01:01:59.305 in=16128Hz out=16000Hz ring=944 under=0 over=0 (dt=999999us) loglag=120755us
01:01:59.612   pt[225]: min=-2996 max=4674 avg_abs=744 | fifo=1040 under=0 over=0 late=0 mdf_cb=7265 mdf_err=0
01:01:59.612 {"win":120,"cls":"unknown","p":0.33,"lat_ms":112,"under":0,"over":0,"late":0}
01:01:59.612 win  120 pos= 1843200  -33dBFS [#########...........] rms=  763 peak= 4674 seam=ok lag=332us
01:01:59.612   -> unknown         p=0.33  preproc=69039us infer=41051us
01:02:00.054   pt[226]: min=-25270 max=23600 avg_abs=1876 | fifo=1232 under=0 over=0 late=0 mdf_cb=7297 mdf_err=0
01:02:00.306 in=16128Hz out=16000Hz ring=1072 under=0 over=0 (dt=999999us) loglag=120755us
01:02:00.549 {"win":121,"cls":"dog","p":0.54,"lat_ms":112,"under":0,"over":0,"late":0}
01:02:00.552 win  121 pos= 1858560  -20dBFS [#############.......] rms= 3222 peak=25270 seam=ok lag=334us
01:02:00.613   -> dog             p=0.54  preproc=68963us infer=41039us
01:02:00.613 lcd: win 121 -> DOG p=0.54 (21682 us after notify)
01:02:00.613   pt[227]: min=-2984 max=4398 avg_abs=521 | fifo=1024 under=0 over=0 late=0 mdf_cb=7329 mdf_err=0
01:02:01.118   pt[228]: min=-4306 max=3396 avg_abs=541 | fifo=816 under=0 over=0 late=0 mdf_cb=7361 mdf_err=0
01:02:01.305 in=16128Hz out=16000Hz ring=1200 under=0 over=0 (dt=999999us) loglag=120755us
01:02:01.555 {"win":122,"cls":"crackling_fire","p":0.53,"lat_ms":112,"under":0,"over":0,"late":0}
01:02:01.555 win  122 pos= 1873920  -28dBFS [##########..........] rms= 1275 peak= 5842 seam=ok lag=333us
01:02:01.555   -> crackling_fire  p=0.53  preproc=69019us infer=41017us
01:02:01.555 lcd: win 122 -> FIRE p=0.53 (22851 us after notify)
01:02:01.613   pt[229]: min=-5758 max=5842 avg_abs=1034 | fifo=1008 under=0 over=0 late=0 mdf_cb=7393 mdf_err=0
01:02:02.113   pt[230]: min=-5904 max=5094 avg_abs=1118 | fifo=800 under=0 over=0 late=0 mdf_cb=7425 mdf_err=0
01:02:02.364 in=16128Hz out=16400Hz ring=928 under=0 over=0 (dt=1000000us) loglag=120755us
01:02:02.487 {"win":123,"cls":"unknown","p":0.35,"lat_ms":112,"under":0,"over":0,"late":0}
01:02:02.487 win  123 pos= 1889280  -27dBFS [###########.........] rms= 1412 peak= 5904 seam=ok lag=337us
01:02:02.487   -> unknown         p=0.35  preproc=69035us infer=41031us
01:02:02.681   pt[231]: min=-4674 max=4410 avg_abs=726 | fifo=992 under=0 over=0 late=0 mdf_cb=7457 mdf_err=0
01:02:03.180   pt[232]: min=-5804 max=6228 avg_abs=995 | fifo=1040 under=0 over=0 late=0 mdf_cb=7490 mdf_err=0
01:02:03.429 in=16128Hz out=16000Hz ring=1056 under=0 over=0 (dt=1000000us) loglag=120755us
01:02:03.431 win  124 pos= 1904640  -29dBFS [##########..........] rms= 1195 peak= 6228 seam=ok lag=337us
01:02:03.440   -> unknown         p=0.32  preproc=69032us infer=41051us
01:02:03.697   pt[233]: min=-1722 max=1848 avg_abs=343 | fifo=1232 under=0 over=0 late=0 mdf_cb=7522 mdf_err=0
01:02:04.198   pt[234]: min=-32768 max=32767 avg_abs=2389 | fifo=1024 under=0 over=0 late=0 mdf_cb=7554 mdf_err=0
01:02:04.446 in=16128Hz out=16000Hz ring=1184 under=0 over=0 (dt=999999us) loglag=120755us
01:02:04.446 win  125 pos= 1920000  -13dBFS [###############.....] rms= 7273 peak=32768 seam=ok lag=337us
01:02:04.446   -> unknown         p=0.35  preproc=69023us infer=41025us
01:02:04.698   pt[235]: min=-32768 max=32767 avg_abs=3636 | fifo=1216 under=0 over=0 late=0 mdf_cb=7586 mdf_err=0
01:02:05.195   pt[236]: min=-16094 max=10636 avg_abs=389 | fifo=1008 under=0 over=0 late=0 mdf_cb=7618 mdf_err=0
01:02:05.379 in=16128Hz out=16400Hz ring=912 under=0 over=0 (dt=1000000us) loglag=120755us
01:02:05.379 win  126 pos= 1935360  -24dBFS [############........] rms= 2078 peak=16268 seam=ok lag=334us
01:02:05.379   -> clock_tick      p=0.73  preproc=68961us infer=41036us
01:02:05.754   pt[237]: min=-514 max=466 avg_abs=112 | fifo=800 under=0 over=0 late=0 mdf_cb=7650 mdf_err=0
01:02:06.327   pt[238]: min=-614 max=490 avg_abs=126 | fifo=992 under=0 over=0 late=0 mdf_cb=7682 mdf_err=0
01:02:06.327 win  127 pos= 1950720  -47dBFS [####................] rms=  150 peak=  614 seam=ok lag=337us
01:02:06.327   -> clock_tick      p=0.62  preproc=69050us infer=41032us
01:02:06.379 in=16128Hz out=16000Hz ring=1040 under=0 over=0 (dt=999999us) loglag=120755us
01:02:06.771   pt[239]: min=-930 max=966 avg_abs=130 | fifo=784 under=0 over=0 late=0 mdf_cb=7714 mdf_err=0
01:02:07.271   pt[240]: min=-1094 max=912 avg_abs=168 | fifo=976 under=0 over=0 late=0 mdf_cb=7746 mdf_err=0
01:02:07.274 win  128 pos= 1966080  -45dBFS [#####...............] rms=  182 peak= 1094 seam=ok lag=336us
01:02:07.332   -> clock_tick      p=0.89  preproc=69013us infer=41101us
01:02:07.397 in=16128Hz out=16000Hz ring=1168 under=0 over=0 (dt=1000000us) loglag=120755us
01:02:07.771   pt[241]: min=-610 max=598 avg_abs=128 | fifo=1024 under=0 over=0 late=0 mdf_cb=7779 mdf_err=0
01:02:08.270 win  129 pos= 1981440  -45dBFS [#####...............] rms=  181 peak=  836 seam=ok lag=337us
01:02:08.270   -> clock_tick      p=0.91  preproc=69015us infer=41052us
01:02:08.270 ====================================
01:02:08.270 ====================================
01:02:08.270 TAP TOTAL win=129
01:02:08.270 ====================================
01:02:08.270 ====================================
01:02:08.270 tap total: windows=130 (expected 130 from 1998848 samples) overrun=0 torn=0 skipped=0 seam ok=129 NG=0
01:02:08.270   tap lag max=340us (0 of them lower bounds) | tap write max=7118ns avg=5326ns (7808 calls)
01:02:08.270   audio under=0 over=0 late=0 | aed run=130 err=0 (last er=0)
01:02:08.329   preproc max=69056us avg=69014us | infer max=41113us avg=41042us
01:02:08.329   notify out=81 held=22 offlist=27 gated=0 lat max=112179us (0 lower bounds)
01:02:08.329   log sent=949 dropped=0 lag max=120755us
01:02:08.329   disp sent=56 dropped=0 max=96849us avg=30675us
01:02:08.329 ====================================
01:02:08.329 ====================================
01:02:08.329   pt[242]: min=-510 max=674 avg_abs=134 | fifo=1216 under=0 over=0 late=0 mdf_cb=7811 mdf_err=0
01:02:08.397 in=16128Hz out=16000Hz ring=1296 under=0 over=0 (dt=999999us) loglag=120755us
01:02:08.830   pt[243]: min=-372 max=326 avg_abs=97 | fifo=1008 under=0 over=0 late=0 mdf_cb=7843 mdf_err=0
01:02:09.204 win  130 pos= 1996800  -48dBFS [####................] rms=  134 peak=  674 seam=ok lag=335us
01:02:09.204   -> clock_tick      p=0.61  preproc=69024us infer=41014us
01:02:09.330   pt[244]: min=-384 max=318 avg_abs=85 | fifo=1200 under=0 over=0 late=0 mdf_cb=7875 mdf_err=0
01:02:09.399 in=16128Hz out=16400Hz ring=1024 under=0 over=0 (dt=1000000us) loglag=120755us
01:02:09.829   pt[245]: min=-368 max=430 avg_abs=94 | fifo=992 under=0 over=0 late=0 mdf_cb=7907 mdf_err=0
01:02:10.146 win  131 pos= 2012160  -49dBFS [###.................] rms=  112 peak=  430 seam=ok lag=336us
01:02:10.148   -> clock_tick      p=0.66  preproc=68963us infer=41091us
01:02:10.346   pt[246]: min=-394 max=372 avg_abs=84 | fifo=1184 under=0 over=0 late=0 mdf_cb=7939 mdf_err=0
01:02:10.413 in=16128Hz out=16000Hz ring=1152 under=0 over=0 (dt=999999us) loglag=120755us
01:02:10.847   pt[247]: min=-318 max=328 avg_abs=78 | fifo=976 under=0 over=0 late=0 mdf_cb=7971 mdf_err=0
01:02:11.163 win  132 pos= 2027520  -50dBFS [###.................] rms=  102 peak=  394 seam=ok lag=334us
01:02:11.163   -> clock_tick      p=0.74  preproc=69025us infer=41025us
01:02:11.413   pt[248]: min=-398 max=406 avg_abs=84 | fifo=768 under=0 over=0 late=0 mdf_cb=8003 mdf_err=0
01:02:11.413 in=16128Hz out=16000Hz ring=1280 under=0 over=0 (dt=999999us) loglag=120755us
01:02:11.913   pt[249]: min=-2848 max=2302 avg_abs=235 | fifo=1216 under=0 over=0 late=0 mdf_cb=8036 mdf_err=0
01:02:12.097 win  133 pos= 2042880  -41dBFS [######..............] rms=  294 peak= 2848 seam=ok lag=334us
01:02:12.097   -> unknown         p=0.50  preproc=69007us infer=41046us
01:02:12.412 in=16128Hz out=16400Hz ring=1008 under=0 over=0 (dt=1000000us) loglag=120755us
01:02:12.412   pt[250]: min=-768 max=676 avg_abs=110 | fifo=1008 under=0 over=0 late=0 mdf_cb=8068 mdf_err=0
01:02:12.912   pt[251]: min=-5516 max=6188 avg_abs=395 | fifo=1200 under=0 over=0 late=0 mdf_cb=8100 mdf_err=0
01:02:13.038 {"win":134,"cls":"sneezing","p":0.52,"lat_ms":112,"under":0,"over":0,"late":0}
01:02:13.038 win  134 pos= 2058240  -36dBFS [########............] rms=  531 peak= 6188 seam=ok lag=334us
01:02:13.042   -> sneezing        p=0.52  preproc=69023us infer=41065us
01:02:13.104 lcd: win 134 -> SNEEZE p=0.52 (22790 us after notify)
01:02:13.412 in=16128Hz out=16000Hz ring=1136 under=0 over=0 (dt=1000000us) loglag=120755us
01:02:13.471   pt[252]: min=-3298 max=3372 avg_abs=230 | fifo=992 under=0 over=0 late=0 mdf_cb=8132 mdf_err=0
01:02:14.038   pt[253]: min=-32768 max=32767 avg_abs=7618 | fifo=1184 under=0 over=0 late=0 mdf_cb=8164 mdf_err=0
01:02:14.038 win  135 pos= 2073600  -11dBFS [################....] rms= 9006 peak=32768 seam=ok lag=332us
01:02:14.038   -> rain            p=0.52  preproc=69045us infer=40996us
01:02:14.412 in=16128Hz out=16000Hz ring=1264 under=0 over=0 (dt=999999us) loglag=120755us
01:02:14.471   pt[254]: min=-32768 max=27464 avg_abs=2768 | fifo=976 under=0 over=0 late=0 mdf_cb=8196 mdf_err=0
01:02:14.970 win  136 pos= 2088960  -15dBFS [###############.....] rms= 6061 peak=32768 seam=ok lag=335us
01:02:14.970   -> unknown         p=0.41  preproc=68957us infer=41083us
01:02:14.970   pt[255]: min=-890 max=890 avg_abs=128 | fifo=768 under=0 over=0 late=0 mdf_cb=8228 mdf_err=0
01:02:15.413 in=16128Hz out=16400Hz ring=992 under=0 over=0 (dt=1000000us) loglag=120755us
01:02:15.538   pt[256]: min=-1784 max=2142 avg_abs=219 | fifo=960 under=0 over=0 late=0 mdf_cb=8260 mdf_err=0
01:02:15.913 {"win":137,"cls":"sneezing","p":0.62,"lat_ms":112,"under":0,"over":0,"late":0}
01:02:15.913 win  137 pos= 2104320  -42dBFS [######..............] rms=  264 peak= 2142 seam=ok lag=334us
01:02:15.922   -> sneezing        p=0.62  preproc=69018us infer=41031us
01:02:15.988 lcd: win 137 -> SNEEZE p=0.62 (22792 us after notify)
01:02:15.988   pt[257]: min=-2136 max=2404 avg_abs=176 | fifo=1008 under=0 over=0 late=0 mdf_cb=8293 mdf_err=0
01:02:16.429 in=16128Hz out=16000Hz ring=1120 under=0 over=0 (dt=1000000us) loglag=120755us
01:02:16.555   pt[258]: min=-3894 max=4114 avg_abs=329 | fifo=1200 under=0 over=0 late=0 mdf_cb=8325 mdf_err=0
01:02:16.929 {"win":138,"cls":"unknown","p":0.44,"lat_ms":112,"under":0,"over":0,"late":0}
01:02:16.929 win  138 pos= 2119680  -38dBFS [#######.............] rms=  410 peak= 4114 seam=ok lag=335us
01:02:16.929   -> unknown         p=0.44  preproc=69022us infer=41079us
01:02:17.055   pt[259]: min=-596 max=578 avg_abs=112 | fifo=992 under=0 over=0 late=0 mdf_cb=8357 mdf_err=0
01:02:17.429 in=16128Hz out=16000Hz ring=1248 under=0 over=0 (dt=999999us) loglag=120755us
01:02:17.554   pt[260]: min=-3368 max=3260 avg_abs=237 | fifo=1184 under=0 over=0 late=0 mdf_cb=8389 mdf_err=0
01:02:17.862 win  139 pos= 2135040  -40dBFS [######..............] rms=  323 peak= 3368 seam=ok lag=338us
01:02:17.862   -> unknown         p=0.29  preproc=69032us infer=41080us
01:02:17.862 ====================================
01:02:17.862 ====================================
01:02:17.862 TAP TOTAL win=139
01:02:17.862 ====================================
01:02:17.862 ====================================
01:02:17.862 tap total: windows=140 (expected 140 from 2152448 samples) overrun=0 torn=0 skipped=0 seam ok=139 NG=0
01:02:17.929   tap lag max=340us (0 of them lower bounds) | tap write max=7118ns avg=5326ns (8408 calls)
01:02:17.929   audio under=0 over=0 late=0 | aed run=140 err=0 (last er=0)
01:02:17.929   preproc max=69056us avg=69014us | infer max=41113us avg=41043us
01:02:17.929   notify out=84 held=25 offlist=31 gated=0 lat max=112179us (0 lower bounds)
01:02:17.929   log sent=1017 dropped=0 lag max=120755us
01:02:17.929   disp sent=58 dropped=0 max=96849us avg=30404us
01:02:17.929 ====================================
01:02:17.929 ====================================
01:02:18.055   pt[261]: min=-540 max=570 avg_abs=105 | fifo=976 under=0 over=0 late=0 mdf_cb=8421 mdf_err=0
01:02:18.488 in=16128Hz out=16400Hz ring=976 under=0 over=0 (dt=1000000us) loglag=120755us
01:02:18.613   pt[262]: min=-1410 max=1452 avg_abs=159 | fifo=1168 under=0 over=0 late=0 mdf_cb=8453 mdf_err=0
01:02:18.804 win  140 pos= 2150400  -45dBFS [#####...............] rms=  186 peak= 1452 seam=ok lag=338us
01:02:18.804   -> unknown         p=0.49  preproc=69031us infer=41018us
01:02:19.118   pt[263]: min=-28722 max=31238 avg_abs=1689 | fifo=960 under=0 over=0 late=0 mdf_cb=8485 mdf_err=0
01:02:19.513 in=15872Hz out=16000Hz ring=848 under=0 over=0 (dt=999999us) loglag=120755us
01:02:19.630   pt[264]: min=-3814 max=5144 avg_abs=359 | fifo=752 under=0 over=0 late=0 mdf_cb=8517 mdf_err=0
01:02:19.754 {"win":141,"cls":"crackling_fire","p":0.54,"lat_ms":112,"under":0,"over":0,"late":0}
01:02:19.756 win  141 pos= 2165760  -21dBFS [#############.......] rms= 2789 peak=31238 seam=ok lag=335us
01:02:19.764   -> crackling_fire  p=0.54  preproc=68966us infer=41041us
01:02:19.821 lcd: win 141 -> FIRE p=0.54 (22853 us after notify)
01:02:20.129   pt[265]: min=-32768 max=32767 avg_abs=2747 | fifo=944 under=0 over=0 late=0 mdf_cb=8549 mdf_err=0
01:02:20.505 in=16128Hz out=16000Hz ring=976 under=0 over=0 (dt=1000000us) loglag=120755us
01:02:20.754   pt[266]: min=-32768 max=32767 avg_abs=4888 | fifo=992 under=0 over=0 late=0 mdf_cb=8582 mdf_err=0
01:02:20.754 win  142 pos= 2181120  -13dBFS [###############.....] rms= 7153 peak=32768 seam=ok lag=337us
01:02:20.754   -> clock_tick      p=0.70  preproc=69054us infer=41040us
01:02:21.137   pt[267]: min=-1430 max=1046 avg_abs=155 | fifo=1184 under=0 over=0 late=0 mdf_cb=8614 mdf_err=0
01:02:21.505 in=16128Hz out=16000Hz ring=1104 under=0 over=0 (dt=999999us) loglag=120755us
01:02:21.695   pt[268]: min=-15384 max=19058 avg_abs=810 | fifo=976 under=0 over=0 late=0 mdf_cb=8646 mdf_err=0
01:02:21.695 win  143 pos= 2196480  -27dBFS [###########.........] rms= 1454 peak=19058 seam=ok lag=337us
01:02:21.695   -> unknown         p=0.29  preproc=69021us infer=41077us
01:02:22.197   pt[269]: min=-4536 max=6076 avg_abs=588 | fifo=1168 under=0 over=0 late=0 mdf_cb=8678 mdf_err=0
01:02:22.506 in=16128Hz out=16400Hz ring=832 under=0 over=0 (dt=999999us) loglag=120755us
01:02:22.630 {"win":144,"cls":"sneezing","p":0.63,"lat_ms":112,"under":0,"over":0,"late":0}
01:02:22.634 win  144 pos= 2211840  -32dBFS [#########...........] rms=  829 peak= 6076 seam=ok lag=336us
01:02:22.643   -> sneezing        p=0.63  preproc=69020us infer=41084us
01:02:22.706 lcd: win 144 -> SNEEZE p=0.63 (22790 us after notify)
01:02:22.706   pt[270]: min=-2890 max=3000 avg_abs=456 | fifo=960 under=0 over=0 late=0 mdf_cb=8710 mdf_err=0
01:02:23.204   pt[271]: min=-444 max=528 avg_abs=102 | fifo=1152 under=0 over=0 late=0 mdf_cb=8742 mdf_err=0
01:02:23.520 in=16128Hz out=16000Hz ring=960 under=0 over=0 (dt=1000000us) loglag=120755us
01:02:23.646 {"win":145,"cls":"unknown","p":0.39,"lat_ms":112,"under":0,"over":0,"late":0}
01:02:23.646 win  145 pos= 2227200  -47dBFS [####................] rms=  138 peak=  854 seam=ok lag=335us
01:02:23.646   -> unknown         p=0.39  preproc=69018us infer=41027us
01:02:23.704   pt[272]: min=-474 max=488 avg_abs=108 | fifo=944 under=0 over=0 late=0 mdf_cb=8774 mdf_err=0
01:02:24.271   pt[273]: min=-11208 max=16016 avg_abs=810 | fifo=1136 under=0 over=0 late=0 mdf_cb=8806 mdf_err=0
01:02:24.578 in=16128Hz out=16000Hz ring=1088 under=0 over=0 (dt=1000000us) loglag=120755us
01:02:24.578 win  146 pos= 2242560  -28dBFS [##########..........] rms= 1242 peak=16016 seam=ok lag=333us
01:02:24.578   -> clock_tick      p=0.68  preproc=68973us infer=41074us
01:02:24.771   pt[274]: min=-1328 max=1424 avg_abs=218 | fifo=928 under=0 over=0 late=0 mdf_cb=8838 mdf_err=0
01:02:25.270   pt[275]: min=-2428 max=3938 avg_abs=586 | fifo=976 under=0 over=0 late=0 mdf_cb=8871 mdf_err=0
01:02:25.520 in=16128Hz out=16400Hz ring=816 under=0 over=0 (dt=1000000us) loglag=120755us
01:02:25.520 win  147 pos= 2257920  -33dBFS [#########...........] rms=  723 peak= 3938 seam=ok lag=334us
01:02:25.579   -> unknown         p=0.39  preproc=69026us infer=41046us
01:02:25.771   pt[276]: min=-6146 max=7268 avg_abs=795 | fifo=1168 under=0 over=0 late=0 mdf_cb=8903 mdf_err=0
01:02:26.271   pt[277]: min=-5398 max=7692 avg_abs=1028 | fifo=960 under=0 over=0 late=0 mdf_cb=8935 mdf_err=0
01:02:26.520 {"win":148,"cls":"crackling_fire","p":0.74,"lat_ms":112,"under":0,"over":0,"late":0}
01:02:26.520 win  148 pos= 2273280  -26dBFS [###########.........] rms= 1711 peak= 7692 seam=ok lag=334us
01:02:26.520   -> crackling_fire  p=0.74  preproc=69026us infer=41088us
01:02:26.520 lcd: win 148 -> FIRE p=0.74 (22849 us after notify)
01:02:26.520 in=16118Hz out=15990Hz ring=944 under=0 over=0 (dt=1000592us) loglag=120755us
01:02:26.830   pt[278]: min=-3856 max=4814 avg_abs=533 | fifo=1152 under=0 over=0 late=0 mdf_cb=8967 mdf_err=0
01:02:27.329   pt[279]: min=-1936 max=2148 avg_abs=400 | fifo=944 under=0 over=0 late=0 mdf_cb=8999 mdf_err=0
01:02:27.453 {"win":149,"cls":"unknown","p":0.27,"lat_ms":112,"under":0,"over":0,"late":0}
01:02:27.453 win  149 pos= 2288640  -36dBFS [########............] rms=  525 peak= 2148 seam=ok lag=334us
01:02:27.453   -> unknown         p=0.27  preproc=69020us infer=41072us
01:02:27.453 ====================================
01:02:27.453 ====================================
01:02:27.456 TAP TOTAL win=149
01:02:27.458 ====================================
01:02:27.463 ====================================
01:02:27.463 tap total: windows=150 (expected 150 from 2306048 samples) overrun=0 torn=0 skipped=0 seam ok=149 NG=0
01:02:27.537   tap lag max=340us (0 of them lower bounds) | tap write max=7118ns avg=5326ns (9008 calls)
01:02:27.537   audio under=0 over=0 late=0 | aed run=150 err=0 (last er=0)
01:02:27.537   preproc max=69056us avg=69014us | infer max=41113us avg=41044us
01:02:27.537   notify out=89 held=28 offlist=33 gated=0 lat max=112179us (0 lower bounds)
01:02:27.537   log sent=1087 dropped=0 lag max=120755us
01:02:27.537   disp sent=61 dropped=0 max=96849us avg=30031us
01:02:27.537 ====================================
01:02:27.537 ====================================
01:02:27.537 in=16120Hz out=15992Hz ring=1072 under=0 over=0 (dt=1000494us) loglag=120755us
01:02:27.855   pt[280]: min=-1138 max=868 avg_abs=176 | fifo=1136 under=0 over=0 late=0 mdf_cb=9031 mdf_err=0
01:02:28.412   pt[281]: min=-386 max=376 avg_abs=89 | fifo=928 under=0 over=0 late=0 mdf_cb=9063 mdf_err=0
01:02:28.412 win  150 pos= 2304000  -45dBFS [#####...............] rms=  183 peak= 1138 seam=ok lag=332us
01:02:28.412   -> clock_tick      p=0.63  preproc=69047us infer=41036us
01:02:28.538 in=16145Hz out=16417Hz ring=800 under=0 over=0 (dt=998912us) loglag=120755us
01:02:28.846   pt[282]: min=-304 max=374 avg_abs=80 | fifo=1120 under=0 over=0 late=0 mdf_cb=9095 mdf_err=0
01:02:29.413   pt[283]: min=-372 max=360 avg_abs=88 | fifo=912 under=0 over=0 late=0 mdf_cb=9127 mdf_err=0
01:02:29.413 win  151 pos= 2319360  -50dBFS [###.................] rms=  103 peak=  374 seam=ok lag=338us
01:02:29.413   -> unknown         p=0.47  preproc=68958us infer=41039us
01:02:29.538 in=16128Hz out=16000Hz ring=928 under=0 over=0 (dt=1000000us) loglag=120755us
01:02:29.913   pt[284]: min=-428 max=394 avg_abs=104 | fifo=960 under=0 over=0 late=0 mdf_cb=9160 mdf_err=0
01:02:30.346 win  152 pos= 2334720  -49dBFS [###.................] rms=  123 peak=  428 seam=ok lag=331us
01:02:30.346   -> clock_tick      p=0.59  preproc=69009us infer=41040us
01:02:30.422   pt[285]: min=-386 max=304 avg_abs=94 | fifo=1152 under=0 over=0 late=0 mdf_cb=9192 mdf_err=0
01:02:30.554 in=16128Hz out=16000Hz ring=1056 under=0 over=0 (dt=999999us) loglag=120755us
01:02:30.929   pt[286]: min=-342 max=442 avg_abs=104 | fifo=944 under=0 over=0 late=0 mdf_cb=9224 mdf_err=0
01:02:31.324 win  153 pos= 2350080  -48dBFS [####................] rms=  124 peak=  442 seam=ok lag=332us
01:02:31.324   -> unknown         p=0.43  preproc=69012us infer=41067us
01:02:31.446   pt[287]: min=-404 max=372 avg_abs=88 | fifo=1136 under=0 over=0 late=0 mdf_cb=9256 mdf_err=0
01:02:31.571 in=16128Hz out=16000Hz ring=1184 under=0 over=0 (dt=1000000us) loglag=120755us
01:02:31.946   pt[288]: min=-324 max=294 avg_abs=78 | fifo=928 under=0 over=0 late=0 mdf_cb=9288 mdf_err=0
01:02:32.263 win  154 pos= 2365440  -50dBFS [###.................] rms=   98 peak=  372 seam=ok lag=337us
01:02:32.263   -> unknown         p=0.35  preproc=69014us infer=41057us
01:02:32.446   pt[289]: min=-332 max=384 avg_abs=88 | fifo=1120 under=0 over=0 late=0 mdf_cb=9320 mdf_err=0
01:02:32.571 in=16128Hz out=16400Hz ring=912 under=0 over=0 (dt=999999us) loglag=120755us
01:02:32.947   pt[290]: min=-404 max=332 avg_abs=88 | fifo=912 under=0 over=0 late=0 mdf_cb=9352 mdf_err=0
01:02:33.203 win  155 pos= 2380800  -50dBFS [###.................] rms=  109 peak=  404 seam=ok lag=337us
01:02:33.203   -> unknown         p=0.41  preproc=69026us infer=41038us
01:02:33.522   pt[291]: min=-294 max=308 avg_abs=72 | fifo=1104 under=0 over=0 late=0 mdf_cb=9384 mdf_err=0
01:02:33.580 in=16128Hz out=16000Hz ring=1040 under=0 over=0 (dt=999999us) loglag=120755us
01:02:34.021   pt[292]: min=-328 max=314 avg_abs=84 | fifo=896 under=0 over=0 late=0 mdf_cb=9416 mdf_err=0
01:02:34.204 win  156 pos= 2396160  -50dBFS [###.................] rms=  100 peak=  328 seam=ok lag=338us
01:02:34.204   -> unknown         p=0.31  preproc=68969us infer=41099us
01:02:34.522   pt[293]: min=-338 max=318 avg_abs=80 | fifo=944 under=0 over=0 late=0 mdf_cb=9449 mdf_err=0
01:02:34.580 in=16128Hz out=16000Hz ring=1168 under=0 over=0 (dt=1000000us) loglag=120755us
01:02:35.146   pt[294]: min=-292 max=340 avg_abs=83 | fifo=1136 under=0 over=0 late=0 mdf_cb=9481 mdf_err=0
01:02:35.146 win  157 pos= 2411520  -50dBFS [###.................] rms=  101 peak=  340 seam=ok lag=335us
01:02:35.146   -> unknown         p=0.34  preproc=69038us infer=41033us
01:02:35.521   pt[295]: min=-322 max=438 avg_abs=88 | fifo=928 under=0 over=0 late=0 mdf_cb=9513 mdf_err=0
01:02:35.580 in=16128Hz out=16400Hz ring=896 under=0 over=0 (dt=999999us) loglag=120755us
01:02:36.086   pt[296]: min=-286 max=306 avg_abs=79 | fifo=1120 under=0 over=0 late=0 mdf_cb=9545 mdf_err=0
01:02:36.086 win  158 pos= 2426880  -50dBFS [###.................] rms=  106 peak=  438 seam=ok lag=334us
01:02:36.087   -> unknown         p=0.44  preproc=69034us infer=41095us
01:02:36.578   pt[297]: min=-310 max=348 avg_abs=78 | fifo=912 under=0 over=0 late=0 mdf_cb=9577 mdf_err=0
01:02:36.578 in=16128Hz out=16000Hz ring=1024 under=0 over=0 (dt=999999us) loglag=120755us
01:02:37.086 win  159 pos= 2442240  -50dBFS [###.................] rms=  100 peak=  352 seam=ok lag=336us
01:02:37.086   -> unknown         p=0.30  preproc=69017us infer=41086us
01:02:37.086 ====================================
01:02:37.086 ====================================
01:02:37.086 TAP TOTAL win=159
01:02:37.086 ====================================
01:02:37.086 ====================================
01:02:37.086 tap total: windows=160 (expected 160 from 2459648 samples) overrun=0 torn=0 skipped=0 seam ok=159 NG=0
01:02:37.086   tap lag max=340us (0 of them lower bounds) | tap write max=7118ns avg=5325ns (9608 calls)
01:02:37.086   audio under=0 over=0 late=0 | aed run=160 err=0 (last er=0)
01:02:37.086   preproc max=69056us avg=69014us | infer max=41113us avg=41044us
01:02:37.145   notify out=89 held=36 offlist=35 gated=0 lat max=112179us (0 lower bounds)
01:02:37.145   log sent=1149 dropped=0 lag max=120755us
01:02:37.145   disp sent=61 dropped=0 max=96849us avg=30031us
01:02:37.145 ====================================
01:02:37.145 ====================================
01:02:37.145   pt[298]: min=-352 max=386 avg_abs=84 | fifo=1104 under=0 over=0 late=0 mdf_cb=9609 mdf_err=0
01:02:37.578   pt[299]: min=-326 max=310 avg_abs=91 | fifo=896 under=0 over=0 late=0 mdf_cb=9641 mdf_err=0
01:02:37.578 in=16128Hz out=16000Hz ring=1152 under=0 over=0 (dt=1000000us) loglag=120755us
01:02:38.021 win  160 pos= 2457600  -50dBFS [###.................] rms=  107 peak=  386 seam=ok lag=334us
01:02:38.021   -> clock_tick      p=0.69  preproc=69023us infer=41052us
01:02:38.087   pt[300]: min=-318 max=288 avg_abs=76 | fifo=1088 under=0 over=0 late=0 mdf_cb=9673 mdf_err=0
01:02:38.645 in=16128Hz out=16400Hz ring=880 under=0 over=0 (dt=999999us) loglag=120755us
01:02:38.645   pt[301]: min=-334 max=350 avg_abs=80 | fifo=880 under=0 over=0 late=0 mdf_cb=9705 mdf_err=0
01:02:38.954 win  161 pos= 2472960  -51dBFS [###.................] rms=   96 peak=  354 seam=ok lag=336us
01:02:39.021   -> unknown         p=0.32  preproc=68957us infer=41083us
01:02:39.146   pt[302]: min=-354 max=352 avg_abs=79 | fifo=928 under=0 over=0 late=0 mdf_cb=9738 mdf_err=0
01:02:39.645 in=16128Hz out=16000Hz ring=1008 under=0 over=0 (dt=1000000us) loglag=120755us
01:02:39.645   pt[303]: min=-326 max=308 avg_abs=81 | fifo=1120 under=0 over=0 late=0 mdf_cb=9770 mdf_err=0
01:02:39.953 win  162 pos= 2488320  -50dBFS [###.................] rms=  105 peak=  488 seam=ok lag=336us
01:02:39.953   -> unknown         p=0.40  preproc=69022us infer=41039us
01:02:40.146   pt[304]: min=-488 max=318 avg_abs=78 | fifo=912 under=0 over=0 late=0 mdf_cb=9802 mdf_err=0
01:02:40.646 in=16128Hz out=16000Hz ring=1136 under=0 over=0 (dt=999999us) loglag=120755us
01:02:40.704   pt[305]: min=-312 max=354 avg_abs=81 | fifo=1104 under=0 over=0 late=0 mdf_cb=9834 mdf_err=0
01:02:40.896 win  163 pos= 2503680  -50dBFS [###.................] rms=  101 peak=  408 seam=ok lag=335us
01:02:40.896   -> unknown         p=0.41  preproc=69037us infer=41022us
01:02:41.212   pt[306]: min=-338 max=408 avg_abs=77 | fifo=896 under=0 over=0 late=0 mdf_cb=9866 mdf_err=0
01:02:41.646 in=16128Hz out=16000Hz ring=1264 under=0 over=0 (dt=1000000us) loglag=120755us
01:02:41.704   pt[307]: min=-326 max=314 avg_abs=78 | fifo=1088 under=0 over=0 late=0 mdf_cb=9898 mdf_err=0
01:02:41.895 win  164 pos= 2519040  -51dBFS [###.................] rms=   95 peak=  330 seam=ok lag=335us
01:02:41.895   -> unknown         p=0.41  preproc=69018us infer=41088us
01:02:42.204   pt[308]: min=-310 max=318 avg_abs=80 | fifo=880 under=0 over=0 late=0 mdf_cb=9930 mdf_err=0
01:02:42.646 in=16128Hz out=16400Hz ring=992 under=0 over=0 (dt=1000000us) loglag=120755us
01:02:42.828   pt[309]: min=-394 max=338 avg_abs=93 | fifo=1072 under=0 over=0 late=0 mdf_cb=9962 mdf_err=0
01:02:42.828 win  165 pos= 2534400  -50dBFS [###.................] rms=  108 peak=  394 seam=ok lag=333us
01:02:42.828   -> unknown         p=0.42  preproc=69043us infer=40991us
01:02:43.271   pt[310]: min=-390 max=306 avg_abs=97 | fifo=1120 under=0 over=0 late=0 mdf_cb=9995 mdf_err=0
01:02:43.646 in=16128Hz out=16000Hz ring=1120 under=0 over=0 (dt=1000000us) loglag=120755us
01:02:43.770   pt[311]: min=-438 max=408 avg_abs=96 | fifo=912 under=0 over=0 late=0 mdf_cb=10027 mdf_err=0
01:02:43.770 win  166 pos= 2549760  -49dBFS [###.................] rms=  122 peak=  438 seam=ok lag=333us
01:02:43.770   -> clock_tick      p=0.56  preproc=68971us infer=41027us
01:02:44.270   pt[312]: min=-368 max=402 avg_abs=85 | fifo=1104 under=0 over=0 late=0 mdf_cb=10059 mdf_err=0
01:02:44.778 in=16128Hz out=16000Hz ring=1248 under=0 over=0 (dt=1000000us) loglag=120755us
01:02:44.778 win  167 pos= 2565120  -49dBFS [###.................] rms=  111 peak=  402 seam=ok lag=335us
01:02:44.778   -> unknown         p=0.38  preproc=69026us infer=41049us
01:02:44.778   pt[313]: min=-352 max=338 avg_abs=84 | fifo=896 under=0 over=0 late=0 mdf_cb=10091 mdf_err=0
01:02:45.330   pt[314]: min=-336 max=342 avg_abs=78 | fifo=1088 under=0 over=0 late=0 mdf_cb=10123 mdf_err=0
01:02:45.712 in=16128Hz out=16400Hz ring=976 under=0 over=0 (dt=1000000us) loglag=120755us
01:02:45.712 win  168 pos= 2580480  -50dBFS [###.................] rms=   98 peak=  372 seam=ok lag=334us
01:02:45.712   -> clock_tick      p=0.60  preproc=69014us infer=41044us
01:02:45.829   pt[315]: min=-372 max=324 avg_abs=91 | fifo=880 under=0 over=0 late=0 mdf_cb=10155 mdf_err=0
01:02:46.339   pt[316]: min=-326 max=402 avg_abs=94 | fifo=1072 under=0 over=0 late=0 mdf_cb=10187 mdf_err=0
01:02:46.645 win  169 pos= 2595840  -49dBFS [###.................] rms=  116 peak=  402 seam=ok lag=333us
01:02:46.645   -> unknown         p=0.35  preproc=69011us infer=41069us
01:02:46.646 ====================================
01:02:46.711 ====================================
01:02:46.711 TAP TOTAL win=169
01:02:46.711 ====================================
01:02:46.711 ====================================
01:02:46.711 tap total: windows=170 (expected 170 from 2613248 samples) overrun=0 torn=0 skipped=0 seam ok=169 NG=0
01:02:46.711   tap lag max=340us (0 of them lower bounds) | tap write max=7118ns avg=5325ns (10208 calls)
01:02:46.711   audio under=0 over=0 late=0 | aed run=170 err=0 (last er=0)
01:02:46.711   preproc max=69056us avg=69014us | infer max=41113us avg=41045us
01:02:46.711   notify out=89 held=43 offlist=38 gated=0 lat max=112179us (0 lower bounds)
01:02:46.711   log sent=1211 dropped=0 lag max=120755us
01:02:46.711   disp sent=61 dropped=0 max=96849us avg=30031us
01:02:46.711 ====================================
01:02:46.711 ====================================
01:02:46.711 in=16110Hz out=15982Hz ring=1104 under=0 over=0 (dt=1001089us) loglag=120755us
01:02:46.838   pt[317]: min=-778 max=782 avg_abs=109 | fifo=864 under=0 over=0 late=0 mdf_cb=10219 mdf_err=0
01:02:47.395   pt[318]: min=-644 max=580 avg_abs=168 | fifo=1312 under=0 over=0 late=0 mdf_cb=10252 mdf_err=0
01:02:47.646 win  170 pos= 2611200  -45dBFS [#####...............] rms=  184 peak=  782 seam=ok lag=338us
01:02:47.646   -> clock_tick      p=0.54  preproc=69026us infer=41014us
01:02:47.704 in=16145Hz out=16017Hz ring=1232 under=0 over=0 (dt=998910us) loglag=120755us
01:02:47.896   pt[319]: min=-4316 max=5464 avg_abs=392 | fifo=1104 under=0 over=0 late=0 mdf_cb=10284 mdf_err=0
01:02:48.397   pt[320]: min=-1792 max=1010 avg_abs=227 | fifo=896 under=0 over=0 late=0 mdf_cb=10316 mdf_err=0
01:02:48.587 {"win":171,"cls":"sneezing","p":0.63,"lat_ms":112,"under":0,"over":0,"late":0}
01:02:48.587 win  171 pos= 2626560  -34dBFS [########............] rms=  649 peak= 5464 seam=ok lag=338us
01:02:48.587   -> sneezing        p=0.63  preproc=68960us infer=41061us
01:02:48.587 lcd: win 171 -> SNEEZE p=0.63 (22788 us after notify)
01:02:48.712 in=16128Hz out=16400Hz ring=960 under=0 over=0 (dt=999999us) loglag=120755us
01:02:48.899   pt[321]: min=-1418 max=1180 avg_abs=203 | fifo=1088 under=0 over=0 late=0 mdf_cb=10348 mdf_err=0
01:02:49.396   pt[322]: min=-5750 max=3630 avg_abs=418 | fifo=880 under=0 over=0 late=0 mdf_cb=10380 mdf_err=0
01:02:49.521 {"win":172,"cls":"dog","p":0.52,"lat_ms":112,"under":0,"over":0,"late":0}
01:02:49.523 win  172 pos= 2641920  -36dBFS [########............] rms=  517 peak= 5750 seam=ok lag=337us
01:02:49.529   -> dog             p=0.52  preproc=69023us infer=41053us
01:02:49.581 lcd: win 172 -> DOG p=0.52 (21688 us after notify)
01:02:49.704 in=16128Hz out=16000Hz ring=1088 under=0 over=0 (dt=1000000us) loglag=120872us
01:02:49.955   pt[323]: min=-5252 max=3850 avg_abs=877 | fifo=1072 under=0 over=0 late=0 mdf_cb=10412 mdf_err=0
01:02:50.520   pt[324]: min=-27046 max=10390 avg_abs=810 | fifo=864 under=0 over=0 late=0 mdf_cb=10444 mdf_err=0
01:02:50.520 {"win":173,"cls":"crackling_fire","p":0.61,"lat_ms":112,"under":0,"over":0,"late":0}
01:02:50.520 win  173 pos= 2657280  -27dBFS [###########.........] rms= 1409 peak=27046 seam=ok lag=336us
01:02:50.520   -> crackling_fire  p=0.61  preproc=69049us infer=40995us
01:02:50.520 lcd: win 173 -> FIRE p=0.61 (31730 us after notify)
01:02:50.704 in=16128Hz out=16000Hz ring=1216 under=0 over=0 (dt=999999us) loglag=120872us
01:02:50.954   pt[325]: min=-3890 max=2238 avg_abs=256 | fifo=912 under=0 over=0 late=0 mdf_cb=10477 mdf_err=0
01:02:51.461 {"win":174,"cls":"crackling_fire","p":0.96,"lat_ms":112,"under":0,"over":0,"late":0}
01:02:51.461 win  174 pos= 2672640  -40dBFS [######..............] rms=  334 peak= 3890 seam=ok lag=335us
01:02:51.461   -> crackling_fire  p=0.96  preproc=69029us infer=41008us
01:02:51.461   pt[326]: min=-810 max=650 avg_abs=155 | fifo=1104 under=0 over=0 late=0 mdf_cb=10509 mdf_err=0
01:02:51.522 lcd: win 174 -> FIRE p=0.96 (31534 us after notify)
01:02:51.712 in=16128Hz out=16400Hz ring=944 under=0 over=0 (dt=1000000us) loglag=120872us
01:02:52.021   pt[327]: min=-906 max=948 avg_abs=106 | fifo=896 under=0 over=0 late=0 mdf_cb=10541 mdf_err=0
01:02:52.396 {"win":175,"cls":"sneezing","p":0.90,"lat_ms":112,"under":0,"over":0,"late":0}
01:02:52.400 win  175 pos= 2688000  -47dBFS [####................] rms=  142 peak=  948 seam=ok lag=336us
01:02:52.471   -> sneezing        p=0.90  preproc=69027us infer=41017us
01:02:52.471 lcd: win 175 -> SNEEZE p=0.90 (22789 us after notify)
01:02:52.538   pt[328]: min=-628 max=760 avg_abs=160 | fifo=1088 under=0 over=0 late=0 mdf_cb=10573 mdf_err=0
01:02:52.722 in=16128Hz out=16000Hz ring=1072 under=0 over=0 (dt=999999us) loglag=120872us
01:02:53.038   pt[329]: min=-626 max=780 avg_abs=195 | fifo=880 under=0 over=0 late=0 mdf_cb=10605 mdf_err=0
01:02:53.412 {"win":176,"cls":"unknown","p":0.32,"lat_ms":112,"under":0,"over":0,"late":0}
01:02:53.412 win  176 pos= 2703360  -43dBFS [#####...............] rms=  236 peak=  780 seam=ok lag=334us
01:02:53.412   -> unknown         p=0.32  preproc=68954us infer=41084us
01:02:53.538   pt[330]: min=-392 max=512 avg_abs=139 | fifo=1072 under=0 over=0 late=0 mdf_cb=10637 mdf_err=0
01:02:53.723 in=16128Hz out=16000Hz ring=1200 under=0 over=0 (dt=999999us) loglag=120872us
01:02:54.038   pt[331]: min=-484 max=536 avg_abs=126 | fifo=864 under=0 over=0 late=0 mdf_cb=10669 mdf_err=0
01:02:54.346 win  177 pos= 2718720  -46dBFS [####................] rms=  169 peak=  536 seam=ok lag=334us
01:02:54.346   -> unknown         p=0.33  preproc=69013us infer=41035us
01:02:54.537   pt[332]: min=-354 max=510 avg_abs=104 | fifo=1312 under=0 over=0 late=0 mdf_cb=10702 mdf_err=0
01:02:54.721 in=16128Hz out=16400Hz ring=928 under=0 over=0 (dt=1000000us) loglag=120872us
01:02:55.096   pt[333]: min=-392 max=634 avg_abs=83 | fifo=1104 under=0 over=0 late=0 mdf_cb=10734 mdf_err=0
01:02:55.287 win  178 pos= 2734080  -50dBFS [###.................] rms=  105 peak=  634 seam=ok lag=335us
01:02:55.287   -> clock_tick      p=0.80  preproc=69017us infer=41032us
01:02:55.595   pt[334]: min=-300 max=332 avg_abs=79 | fifo=896 under=0 over=0 late=0 mdf_cb=10766 mdf_err=0
01:02:55.788 in=16128Hz out=16000Hz ring=1056 under=0 over=0 (dt=1000000us) loglag=120872us
01:02:56.096   pt[335]: min=-432 max=352 avg_abs=94 | fifo=1088 under=0 over=0 late=0 mdf_cb=10798 mdf_err=0
01:02:56.286 win  179 pos= 2749440  -49dBFS [###.................] rms=  112 peak=  432 seam=ok lag=335us
01:02:56.286   -> unknown         p=0.49  preproc=69017us infer=41033us
01:02:56.286 ====================================
01:02:56.286 ====================================
01:02:56.286 TAP TOTAL win=179
01:02:56.286 ====================================
01:02:56.286 ====================================
01:02:56.286 tap total: windows=180 (expected 180 from 2766848 samples) overrun=0 torn=0 skipped=0 seam ok=179 NG=0
01:02:56.286   tap lag max=340us (0 of them lower bounds) | tap write max=7118ns avg=5325ns (10808 calls)
01:02:56.286   audio under=0 over=0 late=0 | aed run=180 err=0 (last er=0)
01:02:56.286   preproc max=69056us avg=69014us | infer max=41113us avg=41044us
01:02:56.354   notify out=95 held=45 offlist=40 gated=0 lat max=112179us (0 lower bounds)
01:02:56.354   log sent=1285 dropped=0 lag max=120872us
01:02:56.354   disp sent=66 dropped=0 max=96849us avg=29734us
01:02:56.354 ====================================
01:02:56.354 ====================================
01:02:56.597   pt[336]: min=-466 max=378 avg_abs=99 | fifo=880 under=0 over=0 late=0 mdf_cb=10830 mdf_err=0
01:02:56.795 in=16128Hz out=16000Hz ring=1184 under=0 over=0 (dt=999999us) loglag=120872us
01:02:57.219   pt[337]: min=-362 max=360 avg_abs=90 | fifo=1072 under=0 over=0 late=0 mdf_cb=10862 mdf_err=0
01:02:57.219 {"win":180,"cls":"sneezing","p":0.56,"lat_ms":112,"under":0,"over":0,"late":0}
01:02:57.219 win  180 pos= 2764800  -49dBFS [###.................] rms=  119 peak=  466 seam=ok lag=332us
01:02:57.219   -> sneezing        p=0.56  preproc=69044us infer=41007us
01:02:57.288 lcd: win 180 -> SNEEZE p=0.56 (31320 us after notify)
01:02:57.662   pt[338]: min=-422 max=374 avg_abs=104 | fifo=864 under=0 over=0 late=0 mdf_cb=10894 mdf_err=0
01:02:57.788 in=16128Hz out=16400Hz ring=912 under=0 over=0 (dt=1000000us) loglag=120872us
01:02:58.163   pt[339]: min=-378 max=266 avg_abs=83 | fifo=1312 under=0 over=0 late=0 mdf_cb=10927 mdf_err=0
01:02:58.163 win  181 pos= 2780160  -49dBFS [###.................] rms=  118 peak=  422 seam=ok lag=331us
01:02:58.170   -> clock_tick      p=0.66  preproc=68959us infer=41116us
01:02:58.662   pt[340]: min=-404 max=392 avg_abs=100 | fifo=1104 under=0 over=0 late=0 mdf_cb=10959 mdf_err=0
01:02:58.787 in=16128Hz out=16000Hz ring=1040 under=0 over=0 (dt=999999us) loglag=120872us
01:02:59.163 win  182 pos= 2795520  -49dBFS [###.................] rms=  117 peak=  404 seam=ok lag=332us
01:02:59.163   -> unknown         p=0.38  preproc=69018us infer=41064us
01:02:59.221   pt[341]: min=-356 max=364 avg_abs=81 | fifo=896 under=0 over=0 late=0 mdf_cb=10991 mdf_err=0
01:02:59.729   pt[342]: min=-362 max=318 avg_abs=80 | fifo=1088 under=0 over=0 late=0 mdf_cb=11023 mdf_err=0
01:02:59.788 in=16128Hz out=16000Hz ring=1168 under=0 over=0 (dt=1000000us) loglag=120872us
01:03:00.095 win  183 pos= 2810880  -51dBFS [###.................] rms=   98 peak=  364 seam=ok lag=334us
01:03:00.095   -> clock_tick      p=0.54  preproc=69030us infer=40999us
01:03:00.220   pt[343]: min=-322 max=376 avg_abs=73 | fifo=880 under=0 over=0 late=0 mdf_cb=11055 mdf_err=0
01:03:00.729   pt[344]: min=-342 max=476 avg_abs=82 | fifo=1072 under=0 over=0 late=0 mdf_cb=11087 mdf_err=0
01:03:00.793 in=16128Hz out=16400Hz ring=896 under=0 over=0 (dt=1000000us) loglag=120872us
01:03:01.037 win  184 pos= 2826240  -50dBFS [###.................] rms=  107 peak=  476 seam=ok lag=331us
01:03:01.043   -> unknown         p=0.42  preproc=69016us infer=41010us
01:03:01.287   pt[345]: min=-390 max=456 avg_abs=105 | fifo=864 under=0 over=0 late=0 mdf_cb=11119 mdf_err=0
01:03:01.787   pt[346]: min=-472 max=330 avg_abs=85 | fifo=1056 under=0 over=0 late=0 mdf_cb=11151 mdf_err=0
01:03:01.787 in=16128Hz out=16000Hz ring=1024 under=0 over=0 (dt=999999us) loglag=120872us
01:03:02.038 win  185 pos= 2841600  -49dBFS [###.................] rms=  119 peak=  472 seam=ok lag=329us
01:03:02.038   -> unknown         p=0.40  preproc=69022us infer=41013us
01:03:02.287   pt[347]: min=-386 max=418 avg_abs=92 | fifo=1104 under=0 over=0 late=0 mdf_cb=11184 mdf_err=0
01:03:02.787   pt[348]: min=-416 max=374 avg_abs=94 | fifo=896 under=0 over=0 late=0 mdf_cb=11216 mdf_err=0
01:03:02.787 in=16128Hz out=16000Hz ring=1152 under=0 over=0 (dt=999999us) loglag=120872us
01:03:02.970 win  186 pos= 2856960  -49dBFS [###.................] rms=  116 peak=  418 seam=ok lag=337us
01:03:02.970   -> unknown         p=0.33  preproc=68966us infer=41069us
01:03:03.287   pt[349]: min=-356 max=322 avg_abs=86 | fifo=1088 under=0 over=0 late=0 mdf_cb=11248 mdf_err=0
01:03:03.845 in=16128Hz out=16400Hz ring=880 under=0 over=0 (dt=1000000us) loglag=120872us
01:03:03.845   pt[350]: min=-308 max=362 avg_abs=81 | fifo=880 under=0 over=0 late=0 mdf_cb=11280 mdf_err=0
01:03:03.970 win  187 pos= 2872320  -50dBFS [###.................] rms=  104 peak=  362 seam=ok lag=338us
01:03:03.970   -> unknown         p=0.43  preproc=69013us infer=41103us
01:03:04.346   pt[351]: min=-352 max=344 avg_abs=89 | fifo=1072 under=0 over=0 late=0 mdf_cb=11312 mdf_err=0
01:03:04.920 in=16128Hz out=16000Hz ring=1008 under=0 over=0 (dt=1000000us) loglag=127547us
01:03:04.920   pt[352]: min=-362 max=376 avg_abs=86 | fifo=864 under=0 over=0 late=0 mdf_cb=11344 mdf_err=0
01:03:04.920 win  188 pos= 2887680  -50dBFS [###.................] rms=  109 peak=  376 seam=ok lag=337us
01:03:04.920   -> unknown         p=0.45  preproc=69051us infer=41014us
01:03:05.345   pt[353]: min=-308 max=314 avg_abs=78 | fifo=1056 under=0 over=0 late=0 mdf_cb=11376 mdf_err=0
01:03:05.847 in=16128Hz out=16000Hz ring=1136 under=0 over=0 (dt=1000000us) loglag=127547us
01:03:05.847 win  189 pos= 2903040  -50dBFS [###.................] rms=  103 peak=  374 seam=ok lag=338us
01:03:05.850   -> unknown         p=0.28  preproc=69024us infer=41038us
01:03:05.911 ====================================
01:03:05.911 ====================================
01:03:05.911 TAP TOTAL win=189
01:03:05.911 ====================================
01:03:05.911 ====================================
01:03:05.911 tap total: windows=190 (expected 190 from 2920448 samples) overrun=0 torn=0 skipped=0 seam ok=189 NG=0
01:03:05.911   tap lag max=340us (0 of them lower bounds) | tap write max=7118ns avg=5325ns (11408 calls)
01:03:05.911   audio under=0 over=0 late=0 | aed run=190 err=0 (last er=0)
01:03:05.911   preproc max=69056us avg=69014us | infer max=41116us avg=41044us
01:03:05.911   notify out=96 held=52 offlist=42 gated=0 lat max=112179us (0 lower bounds)
01:03:05.911   log sent=1349 dropped=0 lag max=127547us
01:03:05.911   disp sent=67 dropped=0 max=96849us avg=29757us
01:03:05.912 ====================================
01:03:05.917 ====================================
01:03:05.980   pt[354]: min=-15042 max=17106 avg_abs=519 | fifo=1104 under=0 over=0 late=0 mdf_cb=11409 mdf_err=0
01:03:06.412   pt[355]: min=-21760 max=27246 avg_abs=1743 | fifo=1296 under=0 over=0 late=0 mdf_cb=11441 mdf_err=0
01:03:06.855 win  190 pos= 2918400  -22dBFS [############........] rms= 2724 peak=27246 seam=ok lag=335us
01:03:06.855   -> clock_tick      p=0.90  preproc=69027us infer=41050us
01:03:06.855 in=16128Hz out=16400Hz ring=864 under=0 over=0 (dt=999999us) loglag=127547us
01:03:06.912   pt[356]: min=-534 max=388 avg_abs=87 | fifo=1088 under=0 over=0 late=0 mdf_cb=11473 mdf_err=0
01:03:07.413   pt[357]: min=-362 max=404 avg_abs=90 | fifo=880 under=0 over=0 late=0 mdf_cb=11505 mdf_err=0
01:03:07.787 win  191 pos= 2933760  -50dBFS [###.................] rms=  108 peak=  404 seam=ok lag=336us
01:03:07.787   -> unknown         p=0.39  preproc=68969us infer=41042us
01:03:07.846 in=16128Hz out=16000Hz ring=992 under=0 over=0 (dt=999999us) loglag=127547us
01:03:07.915   pt[358]: min=-330 max=412 avg_abs=89 | fifo=1072 under=0 over=0 late=0 mdf_cb=11537 mdf_err=0
01:03:08.470   pt[359]: min=-474 max=462 avg_abs=104 | fifo=864 under=0 over=0 late=0 mdf_cb=11569 mdf_err=0
01:03:08.720 win  192 pos= 2949120  -48dBFS [####................] rms=  128 peak=  474 seam=ok lag=337us
01:03:08.723   -> unknown         p=0.40  preproc=69020us infer=41083us
01:03:08.846 in=16128Hz out=16000Hz ring=1120 under=0 over=0 (dt=999999us) loglag=127547us
01:03:08.970   pt[360]: min=-484 max=380 avg_abs=112 | fifo=1056 under=0 over=0 late=0 mdf_cb=11601 mdf_err=0
01:03:09.479   pt[361]: min=-416 max=312 avg_abs=90 | fifo=848 under=0 over=0 late=0 mdf_cb=11633 mdf_err=0
01:03:09.721 win  193 pos= 2964480  -49dBFS [###.................] rms=  121 peak=  484 seam=ok lag=337us
01:03:09.721   -> unknown         p=0.37  preproc=69020us infer=41071us
01:03:09.846 in=16128Hz out=16400Hz ring=848 under=0 over=0 (dt=1000000us) loglag=127547us
01:03:09.979   pt[362]: min=-360 max=342 avg_abs=87 | fifo=1040 under=0 over=0 late=0 mdf_cb=11665 mdf_err=0
01:03:10.538   pt[363]: min=-358 max=420 avg_abs=91 | fifo=1088 under=0 over=0 late=0 mdf_cb=11698 mdf_err=0
01:03:10.662 win  194 pos= 2979840  -49dBFS [###.................] rms=  111 peak=  420 seam=ok lag=335us
01:03:10.662   -> unknown         p=0.37  preproc=69022us infer=41034us
01:03:10.906 in=16128Hz out=16000Hz ring=976 under=0 over=0 (dt=999999us) loglag=127547us
01:03:11.038   pt[364]: min=-406 max=396 avg_abs=89 | fifo=1280 under=0 over=0 late=0 mdf_cb=11730 mdf_err=0
01:03:11.664   pt[365]: min=-388 max=350 avg_abs=90 | fifo=1072 under=0 over=0 late=0 mdf_cb=11762 mdf_err=0
01:03:11.664 win  195 pos= 2995200  -49dBFS [###.................] rms=  113 peak=  406 seam=ok lag=335us
01:03:11.664   -> unknown         p=0.43  preproc=69051us infer=41008us
01:03:11.913 in=16128Hz out=16000Hz ring=1104 under=0 over=0 (dt=999999us) loglag=127547us
01:03:12.036   pt[366]: min=-426 max=410 avg_abs=102 | fifo=864 under=0 over=0 late=0 mdf_cb=11794 mdf_err=0
01:03:12.594   pt[367]: min=-414 max=478 avg_abs=106 | fifo=1056 under=0 over=0 late=0 mdf_cb=11826 mdf_err=0
01:03:12.594 win  196 pos= 3010560  -48dBFS [####................] rms=  129 peak=  478 seam=ok lag=335us
01:03:12.594   -> unknown         p=0.38  preproc=68962us infer=41100us
01:03:12.912 in=16128Hz out=16000Hz ring=1232 under=0 over=0 (dt=1000000us) loglag=127547us
01:03:13.096   pt[368]: min=-392 max=398 avg_abs=94 | fifo=848 under=0 over=0 late=0 mdf_cb=11858 mdf_err=0
01:03:13.536 win  197 pos= 3025920  -49dBFS [###.................] rms=  121 peak=  408 seam=ok lag=334us
01:03:13.536   -> unknown         p=0.36  preproc=69001us infer=41014us
01:03:13.596   pt[369]: min=-366 max=442 avg_abs=95 | fifo=1040 under=0 over=0 late=0 mdf_cb=11890 mdf_err=0
01:03:13.912 in=16128Hz out=16400Hz ring=960 under=0 over=0 (dt=999999us) loglag=127547us
01:03:14.096   pt[370]: min=-1506 max=602 avg_abs=127 | fifo=1088 under=0 over=0 late=0 mdf_cb=11923 mdf_err=0
01:03:14.538 {"win":198,"cls":"sneezing","p":0.76,"lat_ms":112,"under":0,"over":0,"late":0}
01:03:14.538 win  198 pos= 3041280  -46dBFS [####................] rms=  159 peak= 1506 seam=ok lag=332us
01:03:14.538   -> sneezing        p=0.76  preproc=69018us infer=40977us
01:03:14.538 lcd: win 198 -> SNEEZE p=0.76 (22788 us after notify)
01:03:14.595   pt[371]: min=-1342 max=632 avg_abs=118 | fifo=1280 under=0 over=0 late=0 mdf_cb=11955 mdf_err=0
01:03:14.912 in=16128Hz out=16000Hz ring=1088 under=0 over=0 (dt=1000000us) loglag=127547us
01:03:15.163   pt[372]: min=-352 max=340 avg_abs=89 | fifo=1072 under=0 over=0 late=0 mdf_cb=11987 mdf_err=0
01:03:15.469 {"win":199,"cls":"unknown","p":0.46,"lat_ms":112,"under":0,"over":0,"late":0}
01:03:15.469 win  199 pos= 3056640  -48dBFS [####................] rms=  137 peak= 1342 seam=ok lag=335us
01:03:15.469   -> unknown         p=0.46  preproc=69020us infer=41027us
01:03:15.469 ====================================
01:03:15.469 ====================================
01:03:15.469 TAP TOTAL win=199
01:03:15.469 ====================================
01:03:15.469 ====================================
01:03:15.469 tap total: windows=200 (expected 200 from 3074048 samples) overrun=0 torn=0 skipped=0 seam ok=199 NG=0
01:03:15.536   tap lag max=340us (0 of them lower bounds) | tap write max=7118ns avg=5325ns (12008 calls)
01:03:15.536   audio under=0 over=0 late=0 | aed run=200 err=0 (last er=0)
01:03:15.536   preproc max=69056us avg=69013us | infer max=41116us avg=41044us
01:03:15.536   notify out=98 held=59 offlist=43 gated=0 lat max=112179us (0 lower bounds)
01:03:15.536   log sent=1414 dropped=0 lag max=127547us
01:03:15.536   disp sent=68 dropped=0 max=96849us avg=29655us
01:03:15.536 ====================================
01:03:15.536 ====================================
01:03:15.662   pt[373]: min=-542 max=518 avg_abs=118 | fifo=864 under=0 over=0 late=0 mdf_cb=12019 mdf_err=0
01:03:15.912 in=16128Hz out=16400Hz ring=816 under=0 over=0 (dt=999999us) loglag=127547us
01:03:16.163   pt[374]: min=-434 max=436 avg_abs=106 | fifo=1056 under=0 over=0 late=0 mdf_cb=12051 mdf_err=0
01:03:16.411 {"win":200,"cls":"sneezing","p":0.67,"lat_ms":112,"under":0,"over":0,"late":0}
01:03:16.411 win  200 pos= 3072000  -48dBFS [####................] rms=  135 peak=  478 seam=ok lag=334us
01:03:16.412   -> sneezing        p=0.67  preproc=69024us infer=40987us
01:03:16.470 lcd: win 200 -> SNEEZE p=0.67 (22792 us after notify)
01:03:16.662   pt[375]: min=-444 max=438 avg_abs=90 | fifo=848 under=0 over=0 late=0 mdf_cb=12083 mdf_err=0
01:03:16.911 in=16128Hz out=16000Hz ring=944 under=0 over=0 (dt=1000000us) loglag=127547us
01:03:17.221   pt[376]: min=-356 max=370 avg_abs=86 | fifo=1040 under=0 over=0 late=0 mdf_cb=12115 mdf_err=0
01:03:17.412 {"win":201,"cls":"unknown","p":0.33,"lat_ms":112,"under":0,"over":0,"late":0}
01:03:17.412 win  201 pos= 3087360  -49dBFS [###.................] rms=  111 peak=  444 seam=ok lag=333us
01:03:17.412   -> unknown         p=0.33  preproc=68965us infer=41098us
01:03:17.720   pt[377]: min=-388 max=364 avg_abs=97 | fifo=1088 under=0 over=0 late=0 mdf_cb=12148 mdf_err=0
01:03:17.912 in=16128Hz out=16000Hz ring=1072 under=0 over=0 (dt=999999us) loglag=127547us
01:03:18.221   pt[378]: min=-422 max=464 avg_abs=96 | fifo=1280 under=0 over=0 late=0 mdf_cb=12180 mdf_err=0
01:03:18.354 win  202 pos= 3102720  -49dBFS [###.................] rms=  122 peak=  464 seam=ok lag=337us
01:03:18.354   -> unknown         p=0.45  preproc=69019us infer=41052us
01:03:18.721   pt[379]: min=-390 max=484 avg_abs=106 | fifo=1072 under=0 over=0 late=0 mdf_cb=12212 mdf_err=0
01:03:18.980 in=16128Hz out=16400Hz ring=800 under=0 over=0 (dt=999999us) loglag=127547us
01:03:19.287   pt[380]: min=-412 max=420 avg_abs=113 | fifo=864 under=0 over=0 late=0 mdf_cb=12244 mdf_err=0
01:03:19.287 {"win":203,"cls":"sneezing","p":0.57,"lat_ms":112,"under":0,"over":0,"late":0}
01:03:19.346 win  203 pos= 3118080  -48dBFS [####................] rms=  138 peak=  484 seam=ok lag=338us
01:03:19.346   -> sneezing        p=0.57  preproc=69041us infer=41012us
01:03:19.346 lcd: win 203 -> SNEEZE p=0.57 (31316 us after notify)
01:03:19.787   pt[381]: min=-360 max=374 avg_abs=90 | fifo=1056 under=0 over=0 late=0 mdf_cb=12276 mdf_err=0
01:03:19.970 in=16128Hz out=16000Hz ring=928 under=0 over=0 (dt=1000000us) loglag=127547us
01:03:20.287 win  204 pos= 3133440  -49dBFS [###.................] rms=  112 peak=  444 seam=ok lag=338us
01:03:20.287   -> clock_tick      p=0.51  preproc=69021us infer=41032us
01:03:20.287   pt[382]: min=-422 max=444 avg_abs=84 | fifo=848 under=0 over=0 late=0 mdf_cb=12308 mdf_err=0
01:03:20.787   pt[383]: min=-462 max=434 avg_abs=92 | fifo=1040 under=0 over=0 late=0 mdf_cb=12340 mdf_err=0
01:03:20.971 in=16128Hz out=16000Hz ring=1056 under=0 over=0 (dt=999999us) loglag=127547us
01:03:21.220 win  205 pos= 3148800  -49dBFS [###.................] rms=  115 peak=  462 seam=ok lag=335us
01:03:21.220   -> unknown         p=0.49  preproc=69024us infer=40978us
01:03:21.287   pt[384]: min=-350 max=340 avg_abs=87 | fifo=1088 under=0 over=0 late=0 mdf_cb=12373 mdf_err=0
01:03:21.855   pt[385]: min=-310 max=360 avg_abs=78 | fifo=1280 under=0 over=0 late=0 mdf_cb=12405 mdf_err=0
01:03:21.970 in=16128Hz out=16400Hz ring=784 under=0 over=0 (dt=1000000us) loglag=127547us
01:03:22.162 {"win":206,"cls":"sneezing","p":0.55,"lat_ms":112,"under":0,"over":0,"late":0}
01:03:22.164 win  206 pos= 3164160  -50dBFS [###.................] rms=  107 peak=  456 seam=ok lag=335us
01:03:22.229   -> sneezing        p=0.55  preproc=68969us infer=41088us
01:03:22.229 lcd: win 206 -> SNEEZE p=0.55 (22787 us after notify)
01:03:22.346   pt[386]: min=-382 max=456 avg_abs=95 | fifo=1072 under=0 over=0 late=0 mdf_cb=12437 mdf_err=0
01:03:22.854   pt[387]: min=-3258 max=2720 avg_abs=249 | fifo=864 under=0 over=0 late=0 mdf_cb=12469 mdf_err=0
01:03:22.970 in=16128Hz out=16000Hz ring=912 under=0 over=0 (dt=1000000us) loglag=127547us
01:03:23.171 {"win":207,"cls":"unknown","p":0.45,"lat_ms":112,"under":0,"over":0,"late":0}
01:03:23.171 win  207 pos= 3179520  -39dBFS [#######.............] rms=  351 peak= 3258 seam=ok lag=334us
01:03:23.171   -> unknown         p=0.45  preproc=69033us infer=41037us
01:03:23.362   pt[388]: min=-32768 max=32767 avg_abs=3157 | fifo=1056 under=0 over=0 late=0 mdf_cb=12501 mdf_err=0
01:03:23.861   pt[389]: min=-19492 max=22120 avg_abs=697 | fifo=848 under=0 over=0 late=0 mdf_cb=12533 mdf_err=0
01:03:23.987 in=16128Hz out=16000Hz ring=1040 under=0 over=0 (dt=999999us) loglag=127547us
01:03:24.117 win  208 pos= 3194880  -16dBFS [##############......] rms= 4953 peak=32768 seam=ok lag=337us
01:03:24.117   -> clock_tick      p=0.55  preproc=69024us infer=41017us
01:03:24.429   pt[390]: min=-428 max=426 avg_abs=95 | fifo=1040 under=0 over=0 late=0 mdf_cb=12565 mdf_err=0
01:03:24.929   pt[391]: min=-438 max=424 avg_abs=100 | fifo=1088 under=0 over=0 late=0 mdf_cb=12598 mdf_err=0
01:03:25.059 in=16128Hz out=16400Hz ring=768 under=0 over=0 (dt=1000000us) loglag=127547us
01:03:25.059 win  209 pos= 3210240  -48dBFS [####................] rms=  124 peak=  438 seam=ok lag=337us
01:03:25.059   -> unknown         p=0.37  preproc=69009us infer=41064us
01:03:25.059 ====================================
01:03:25.119 ====================================
01:03:25.119 TAP TOTAL win=209
01:03:25.119 ====================================
01:03:25.119 ====================================
01:03:25.119 tap total: windows=210 (expected 210 from 3227648 samples) overrun=0 torn=0 skipped=0 seam ok=209 NG=0
01:03:25.119   tap lag max=340us (0 of them lower bounds) | tap write max=7118ns avg=5325ns (12608 calls)
01:03:25.119   audio under=0 over=0 late=0 | aed run=210 err=0 (last er=0)
01:03:25.119   preproc max=69056us avg=69013us | infer max=41116us avg=41043us
01:03:25.119   notify out=103 held=62 offlist=45 gated=0 lat max=112179us (0 lower bounds)
01:03:25.119   log sent=1485 dropped=0 lag max=127547us
01:03:25.119   disp sent=71 dropped=0 max=96849us avg=29485us
01:03:25.119 ====================================
01:03:25.179 ====================================
01:03:25.429   pt[392]: min=-454 max=424 avg_abs=108 | fifo=1280 under=0 over=0 late=0 mdf_cb=12630 mdf_err=0
01:03:26.053   pt[393]: min=-374 max=472 avg_abs=101 | fifo=1072 under=0 over=0 late=0 mdf_cb=12662 mdf_err=0
01:03:26.053 in=16128Hz out=16000Hz ring=896 under=0 over=0 (dt=999999us) loglag=127547us
01:03:26.053 {"win":210,"cls":"sneezing","p":0.50,"lat_ms":112,"under":0,"over":0,"late":0}
01:03:26.053 win  210 pos= 3225600  -48dBFS [####................] rms=  133 peak=  472 seam=ok lag=335us
01:03:26.053   -> sneezing        p=0.50  preproc=69047us infer=40992us
01:03:26.053 lcd: win 210 -> SNEEZE p=0.50 (38230 us after notify)
01:03:26.429   pt[394]: min=-368 max=396 avg_abs=100 | fifo=864 under=0 over=0 late=0 mdf_cb=12694 mdf_err=0
01:03:26.994   pt[395]: min=-498 max=448 avg_abs=107 | fifo=1056 under=0 over=0 late=0 mdf_cb=12726 mdf_err=0
01:03:26.994 {"win":211,"cls":"sneezing","p":0.55,"lat_ms":112,"under":0,"over":0,"late":0}
01:03:26.994 win  211 pos= 3240960  -48dBFS [####................] rms=  131 peak=  498 seam=ok lag=335us
01:03:26.994   -> sneezing        p=0.55  preproc=68966us infer=41032us
01:03:26.994 in=16115Hz out=15987Hz ring=1024 under=0 over=0 (dt=1000796us) loglag=127547us
01:03:27.054 lcd: win 211 -> SNEEZE p=0.55 (38452 us after notify)
01:03:27.487   pt[396]: min=-436 max=426 avg_abs=93 | fifo=848 under=0 over=0 late=0 mdf_cb=12758 mdf_err=0
01:03:27.929 {"win":212,"cls":"unknown","p":0.39,"lat_ms":112,"under":0,"over":0,"late":0}
01:03:27.929 win  212 pos= 3256320  -48dBFS [####................] rms=  127 peak=  436 seam=ok lag=335us
01:03:27.987   -> unknown         p=0.39  preproc=69022us infer=41064us
01:03:27.987   pt[397]: min=-396 max=378 avg_abs=103 | fifo=1040 under=0 over=0 late=0 mdf_cb=12790 mdf_err=0
01:03:28.062 in=16140Hz out=16413Hz ring=752 under=0 over=0 (dt=999202us) loglag=127547us
01:03:28.504   pt[398]: min=-1798 max=720 avg_abs=128 | fifo=1088 under=0 over=0 late=0 mdf_cb=12823 mdf_err=0
01:03:28.886 {"win":213,"cls":"sneezing","p":0.57,"lat_ms":112,"under":0,"over":0,"late":0}
01:03:28.887 win  213 pos= 3271680  -45dBFS [#####...............] rms=  176 peak= 1798 seam=ok lag=335us
01:03:28.895   -> sneezing        p=0.57  preproc=69015us infer=41029us
01:03:28.954 lcd: win 213 -> SNEEZE p=0.57 (22788 us after notify)
01:03:29.019   pt[399]: min=-1494 max=900 avg_abs=121 | fifo=880 under=0 over=0 late=0 mdf_cb=12855 mdf_err=0
01:03:29.019 in=16128Hz out=16000Hz ring=880 under=0 over=0 (dt=1000000us) loglag=127547us
01:03:29.523   pt[400]: min=-486 max=384 avg_abs=96 | fifo=1072 under=0 over=0 late=0 mdf_cb=12887 mdf_err=0
01:03:29.894 {"win":214,"cls":"unknown","p":0.48,"lat_ms":112,"under":0,"over":0,"late":0}
01:03:29.894 win  214 pos= 3287040  -48dBFS [####................] rms=  123 peak=  900 seam=ok lag=333us
01:03:29.894   -> unknown         p=0.48  preproc=69025us infer=41031us
01:03:30.021 in=16128Hz out=16000Hz ring=1008 under=0 over=0 (dt=999999us) loglag=127547us
01:03:30.080   pt[401]: min=-436 max=498 avg_abs=97 | fifo=864 under=0 over=0 late=0 mdf_cb=12919 mdf_err=0
01:03:30.587   pt[402]: min=-384 max=304 avg_abs=87 | fifo=1056 under=0 over=0 late=0 mdf_cb=12951 mdf_err=0
01:03:30.838 win  215 pos= 3302400  -49dBFS [###.................] rms=  122 peak=  498 seam=ok lag=335us
01:03:30.838   -> unknown         p=0.50  preproc=69016us infer=41028us
01:03:31.021 in=16128Hz out=16400Hz ring=736 under=0 over=0 (dt=999999us) loglag=127547us
01:03:31.080   pt[403]: min=-456 max=408 avg_abs=106 | fifo=848 under=0 over=0 late=0 mdf_cb=12983 mdf_err=0
01:03:31.595   pt[404]: min=-392 max=362 avg_abs=96 | fifo=1040 under=0 over=0 late=0 mdf_cb=13015 mdf_err=0
01:03:31.787 win  216 pos= 3317760  -48dBFS [####................] rms=  130 peak=  456 seam=ok lag=335us
01:03:31.787   -> unknown         p=0.47  preproc=68962us infer=41099us
01:03:32.036 in=16128Hz out=16000Hz ring=864 under=0 over=0 (dt=1000000us) loglag=127547us
01:03:32.095   pt[405]: min=-382 max=394 avg_abs=102 | fifo=1088 under=0 over=0 late=0 mdf_cb=13048 mdf_err=0
01:03:32.596   pt[406]: min=-390 max=366 avg_abs=91 | fifo=1280 under=0 over=0 late=0 mdf_cb=13080 mdf_err=0
01:03:32.721 win  217 pos= 3333120  -49dBFS [###.................] rms=  118 peak=  394 seam=ok lag=332us
01:03:32.728   -> unknown         p=0.41  preproc=69015us infer=41021us
01:03:33.095 in=16128Hz out=16000Hz ring=992 under=0 over=0 (dt=999999us) loglag=127547us
01:03:33.162   pt[407]: min=-342 max=328 avg_abs=82 | fifo=1072 under=0 over=0 late=0 mdf_cb=13112 mdf_err=0
01:03:33.720   pt[408]: min=-428 max=396 avg_abs=101 | fifo=864 under=0 over=0 late=0 mdf_cb=13144 mdf_err=0
01:03:33.720 win  218 pos= 3348480  -49dBFS [###.................] rms=  112 peak=  378 seam=ok lag=336us
01:03:33.720   -> unknown         p=0.37  preproc=69042us infer=41007us
01:03:34.096 in=16128Hz out=16400Hz ring=720 under=0 over=0 (dt=999999us) loglag=127547us
01:03:34.162   pt[409]: min=-454 max=454 avg_abs=114 | fifo=1056 under=0 over=0 late=0 mdf_cb=13176 mdf_err=0
01:03:34.669 {"win":219,"cls":"sneezing","p":0.64,"lat_ms":112,"under":0,"over":0,"late":0}
01:03:34.669 win  219 pos= 3363840  -47dBFS [####................] rms=  138 peak=  482 seam=ok lag=337us
01:03:34.669   -> sneezing        p=0.64  preproc=69014us infer=41041us
01:03:34.669 ====================================
01:03:34.669 ====================================
01:03:34.669 TAP TOTAL win=219
01:03:34.670 ====================================
01:03:34.670 ====================================
01:03:34.670 tap total: windows=220 (expected 220 from 3381248 samples) overrun=0 torn=0 skipped=0 seam ok=219 NG=0
01:03:34.736   tap lag max=340us (0 of them lower bounds) | tap write max=7118ns avg=5325ns (13208 calls)
01:03:34.736   audio under=0 over=0 late=0 | aed run=220 err=0 (last er=0)
01:03:34.736   preproc max=69056us avg=69013us | infer max=41116us avg=41043us
01:03:34.736   notify out=109 held=66 offlist=45 gated=0 lat max=112179us (0 lower bounds)
01:03:34.736   log sent=1555 dropped=0 lag max=127547us
01:03:34.736   disp sent=75 dropped=0 max=96849us avg=29634us
01:03:34.736 ====================================
01:03:34.736 ====================================
01:03:34.736   pt[410]: min=-482 max=382 avg_abs=96 | fifo=1104 under=0 over=0 late=0 mdf_cb=13209 mdf_err=0
01:03:34.804 lcd: win 219 -> SNEEZE p=0.64 (97129 us after notify)
01:03:35.111 in=16128Hz out=16000Hz ring=848 under=0 over=0 (dt=1000000us) loglag=127547us
01:03:35.178   pt[411]: min=-312 max=390 avg_abs=95 | fifo=1040 under=0 over=0 late=0 mdf_cb=13240 mdf_err=0
01:03:35.611 {"win":220,"cls":"unknown","p":0.35,"lat_ms":112,"under":0,"over":0,"late":0}
01:03:35.611 win  220 pos= 3379200  -49dBFS [###.................] rms=  121 peak=  482 seam=ok lag=335us
01:03:35.612   -> unknown         p=0.35  preproc=69022us infer=40985us
01:03:35.680   pt[412]: min=-410 max=482 avg_abs=107 | fifo=1088 under=0 over=0 late=0 mdf_cb=13273 mdf_err=0
01:03:36.070 in=16384Hz out=16000Hz ring=1232 under=0 over=0 (dt=1000000us) loglag=127547us
01:03:36.196   pt[413]: min=-380 max=442 avg_abs=87 | fifo=1280 under=0 over=0 late=0 mdf_cb=13305 mdf_err=0
01:03:36.587 win  221 pos= 3394560  -49dBFS [###.................] rms=  119 peak=  472 seam=ok lag=337us
01:03:36.587   -> unknown         p=0.43  preproc=68954us infer=41041us
01:03:36.711   pt[414]: min=-406 max=346 avg_abs=101 | fifo=1072 under=0 over=0 late=0 mdf_cb=13337 mdf_err=0
01:03:37.096 in=15872Hz out=16400Hz ring=704 under=0 over=0 (dt=999999us) loglag=127547us
01:03:37.287   pt[415]: min=-468 max=366 avg_abs=97 | fifo=864 under=0 over=0 late=0 mdf_cb=13369 mdf_err=0
01:03:37.536 win  222 pos= 3409920  -48dBFS [####................] rms=  125 peak=  468 seam=ok lag=335us
01:03:37.536   -> unknown         p=0.48  preproc=69024us infer=41017us
01:03:37.787   pt[416]: min=-456 max=436 avg_abs=103 | fifo=1056 under=0 over=0 late=0 mdf_cb=13401 mdf_err=0
01:03:38.094 in=16128Hz out=16000Hz ring=832 under=0 over=0 (dt=999999us) loglag=127547us
01:03:38.289   pt[417]: min=-392 max=364 avg_abs=93 | fifo=848 under=0 over=0 late=0 mdf_cb=13433 mdf_err=0
01:03:38.538 win  223 pos= 3425280  -48dBFS [####................] rms=  126 peak=  456 seam=ok lag=333us
01:03:38.538   -> unknown         p=0.27  preproc=69029us infer=41042us
01:03:38.786   pt[418]: min=-362 max=380 avg_abs=101 | fifo=1040 under=0 over=0 late=0 mdf_cb=13465 mdf_err=0
01:03:39.095 in=16128Hz out=16000Hz ring=960 under=0 over=0 (dt=999999us) loglag=127547us
01:03:39.287   pt[419]: min=-436 max=446 avg_abs=113 | fifo=832 under=0 over=0 late=0 mdf_cb=13497 mdf_err=0
01:03:39.470 win  224 pos= 3440640  -48dBFS [####................] rms=  133 peak=  446 seam=ok lag=339us
01:03:39.470   -> unknown         p=0.46  preproc=69016us infer=41054us
01:03:39.845   pt[420]: min=-450 max=462 avg_abs=94 | fifo=1024 under=0 over=0 late=0 mdf_cb=13529 mdf_err=0
01:03:40.095 in=16128Hz out=16000Hz ring=1088 under=0 over=0 (dt=1000000us) loglag=127547us
01:03:40.412   pt[421]: min=-414 max=466 avg_abs=104 | fifo=1072 under=0 over=0 late=0 mdf_cb=13562 mdf_err=0
01:03:40.412 {"win":225,"cls":"sneezing","p":0.59,"lat_ms":112,"under":0,"over":0,"late":0}
01:03:40.470 win  225 pos= 3456000  -48dBFS [####................] rms=  125 peak=  466 seam=ok lag=335us
01:03:40.470   -> sneezing        p=0.59  preproc=69047us infer=41027us
01:03:40.470 lcd: win 225 -> SNEEZE p=0.59 (31406 us after notify)
01:03:40.853   pt[422]: min=-422 max=506 avg_abs=106 | fifo=1264 under=0 over=0 late=0 mdf_cb=13594 mdf_err=0
01:03:41.162 in=16128Hz out=16400Hz ring=816 under=0 over=0 (dt=1000000us) loglag=127547us
01:03:41.411   pt[423]: min=-418 max=336 avg_abs=92 | fifo=1056 under=0 over=0 late=0 mdf_cb=13626 mdf_err=0
01:03:41.411 {"win":226,"cls":"unknown","p":0.44,"lat_ms":112,"under":0,"over":0,"late":0}
01:03:41.411 win  226 pos= 3471360  -48dBFS [####................] rms=  128 peak=  506 seam=ok lag=334us
01:03:41.411   -> unknown         p=0.44  preproc=68961us infer=41071us
01:03:41.912   pt[424]: min=-402 max=328 avg_abs=92 | fifo=848 under=0 over=0 late=0 mdf_cb=13658 mdf_err=0
01:03:42.162 in=16128Hz out=16000Hz ring=944 under=0 over=0 (dt=999999us) loglag=127547us
01:03:42.344 {"win":227,"cls":"sneezing","p":0.59,"lat_ms":112,"under":0,"over":0,"late":0}
01:03:42.344 win  227 pos= 3486720  -49dBFS [###.................] rms=  112 peak=  402 seam=ok lag=335us
01:03:42.344   -> sneezing        p=0.59  preproc=69021us infer=41075us
01:03:42.344 lcd: win 227 -> SNEEZE p=0.59 (22744 us after notify)
01:03:42.412   pt[425]: min=-356 max=342 avg_abs=85 | fifo=1040 under=0 over=0 late=0 mdf_cb=13690 mdf_err=0
01:03:42.911   pt[426]: min=-350 max=330 avg_abs=82 | fifo=832 under=0 over=0 late=0 mdf_cb=13722 mdf_err=0
01:03:43.162 in=16128Hz out=16000Hz ring=1072 under=0 over=0 (dt=1000000us) loglag=127547us
01:03:43.286 {"win":228,"cls":"unknown","p":0.38,"lat_ms":112,"under":0,"over":0,"late":0}
01:03:43.289 win  228 pos= 3502080  -50dBFS [###.................] rms=  104 peak=  386 seam=ok lag=336us
01:03:43.346   -> unknown         p=0.38  preproc=69022us infer=41029us
01:03:43.412   pt[427]: min=-372 max=386 avg_abs=85 | fifo=1024 under=0 over=0 late=0 mdf_cb=13754 mdf_err=0
01:03:43.911   pt[428]: min=-340 max=408 avg_abs=85 | fifo=816 under=0 over=0 late=0 mdf_cb=13786 mdf_err=0
01:03:44.161 in=16128Hz out=16400Hz ring=800 under=0 over=0 (dt=999999us) loglag=127547us
01:03:44.286 win  229 pos= 3517440  -50dBFS [###.................] rms=  109 peak=  410 seam=ok lag=333us
01:03:44.286   -> unknown         p=0.48  preproc=69026us infer=41084us
01:03:44.286 ====================================
01:03:44.286 ====================================
01:03:44.286 TAP TOTAL win=229
01:03:44.286 ====================================
01:03:44.286 ====================================
01:03:44.286 tap total: windows=230 (expected 230 from 3534848 samples) overrun=0 torn=0 skipped=0 seam ok=229 NG=0
01:03:44.286   tap lag max=340us (0 of them lower bounds) | tap write max=7118ns avg=5325ns (13808 calls)
01:03:44.353   audio under=0 over=0 late=0 | aed run=230 err=0 (last er=0)
01:03:44.353   preproc max=69056us avg=69013us | infer max=41116us avg=41043us
01:03:44.353   notify out=114 held=71 offlist=45 gated=0 lat max=112179us (0 lower bounds)
01:03:44.353   log sent=1626 dropped=0 lag max=127547us
01:03:44.353   disp sent=77 dropped=0 max=97129us avg=30444us
01:03:44.353 ====================================
01:03:44.353 ====================================
01:03:44.470   pt[429]: min=-318 max=410 avg_abs=86 | fifo=1264 under=0 over=0 late=0 mdf_cb=13819 mdf_err=0
01:03:44.969   pt[430]: min=-454 max=374 avg_abs=103 | fifo=1056 under=0 over=0 late=0 mdf_cb=13851 mdf_err=0
01:03:45.221 in=16128Hz out=16000Hz ring=928 under=0 over=0 (dt=1000000us) loglag=127547us
01:03:45.221 {"win":230,"cls":"sneezing","p":0.63,"lat_ms":112,"under":0,"over":0,"late":0}
01:03:45.221 win  230 pos= 3532800  -49dBFS [###.................] rms=  121 peak=  454 seam=ok lag=333us
01:03:45.224   -> sneezing        p=0.63  preproc=69034us infer=41020us
01:03:45.293 lcd: win 230 -> SNEEZE p=0.63 (29699 us after notify)
01:03:45.470   pt[431]: min=-412 max=494 avg_abs=96 | fifo=1248 under=0 over=0 late=0 mdf_cb=13883 mdf_err=0
01:03:45.970   pt[432]: min=-428 max=404 avg_abs=103 | fifo=1040 under=0 over=0 late=0 mdf_cb=13915 mdf_err=0
01:03:46.221 in=16128Hz out=16000Hz ring=1056 under=0 over=0 (dt=1000000us) loglag=127547us
01:03:46.221 {"win":231,"cls":"unknown","p":0.42,"lat_ms":112,"under":0,"over":0,"late":0}
01:03:46.221 win  231 pos= 3548160  -48dBFS [####................] rms=  128 peak=  494 seam=ok lag=333us
01:03:46.221   -> unknown         p=0.42  preproc=68957us infer=41094us
01:03:46.538   pt[433]: min=-416 max=420 avg_abs=95 | fifo=832 under=0 over=0 late=0 mdf_cb=13947 mdf_err=0
01:03:47.036   pt[434]: min=-496 max=334 avg_abs=103 | fifo=1024 under=0 over=0 late=0 mdf_cb=13979 mdf_err=0
01:03:47.162 win  232 pos= 3563520  -48dBFS [####................] rms=  128 peak=  516 seam=ok lag=334us
01:03:47.162   -> unknown         p=0.30  preproc=69022us infer=41100us
01:03:47.162 in=16128Hz out=16400Hz ring=784 under=0 over=0 (dt=999999us) loglag=127547us
01:03:47.537   pt[435]: min=-516 max=418 avg_abs=102 | fifo=816 under=0 over=0 late=0 mdf_cb=14011 mdf_err=0
01:03:48.094   pt[436]: min=-460 max=374 avg_abs=101 | fifo=1008 under=0 over=0 late=0 mdf_cb=14043 mdf_err=0
01:03:48.094 win  233 pos= 3578880  -48dBFS [####................] rms=  128 peak=  516 seam=ok lag=336us
01:03:48.099   -> unknown         p=0.46  preproc=69037us infer=41095us
01:03:48.161 in=16128Hz out=16000Hz ring=912 under=0 over=0 (dt=1000000us) loglag=127547us
01:03:48.536   pt[437]: min=-356 max=446 avg_abs=103 | fifo=800 under=0 over=0 late=0 mdf_cb=14075 mdf_err=0
01:03:49.095 win  234 pos= 3594240  -49dBFS [###.................] rms=  121 peak=  460 seam=ok lag=334us
01:03:49.095   -> unknown         p=0.44  preproc=69019us infer=41084us
01:03:49.095   pt[438]: min=-384 max=298 avg_abs=83 | fifo=848 under=0 over=0 late=0 mdf_cb=14108 mdf_err=0
01:03:49.221 in=16128Hz out=16000Hz ring=1040 under=0 over=0 (dt=999999us) loglag=127547us
01:03:49.594   pt[439]: min=-342 max=366 avg_abs=86 | fifo=1040 under=0 over=0 late=0 mdf_cb=14140 mdf_err=0
01:03:50.036 win  235 pos= 3609600  -50dBFS [###.................] rms=  107 peak=  382 seam=ok lag=339us
01:03:50.036   -> unknown         p=0.26  preproc=69023us infer=41035us
01:03:50.095   pt[440]: min=-354 max=382 avg_abs=79 | fifo=1232 under=0 over=0 late=0 mdf_cb=14172 mdf_err=0
01:03:50.219 in=16128Hz out=16000Hz ring=1168 under=0 over=0 (dt=999999us) loglag=127547us
01:03:50.594   pt[441]: min=-406 max=336 avg_abs=86 | fifo=1024 under=0 over=0 late=0 mdf_cb=14204 mdf_err=0
01:03:50.970 win  236 pos= 3624960  -50dBFS [###.................] rms=  104 peak=  406 seam=ok lag=337us
01:03:50.972   -> unknown         p=0.44  preproc=68964us infer=41063us
01:03:51.162   pt[442]: min=-358 max=368 avg_abs=81 | fifo=816 under=0 over=0 late=0 mdf_cb=14236 mdf_err=0
01:03:51.220 in=16128Hz out=16400Hz ring=896 under=0 over=0 (dt=1000000us) loglag=127547us
01:03:51.662   pt[443]: min=-310 max=388 avg_abs=76 | fifo=1008 under=0 over=0 late=0 mdf_cb=14268 mdf_err=0
01:03:51.970 win  237 pos= 3640320  -50dBFS [###.................] rms=  100 peak=  388 seam=ok lag=337us
01:03:51.970   -> clock_tick      p=0.51  preproc=69016us infer=41088us
01:03:52.162   pt[444]: min=-374 max=444 avg_abs=80 | fifo=800 under=0 over=0 late=0 mdf_cb=14300 mdf_err=0
01:03:52.219 in=16128Hz out=16000Hz ring=1024 under=0 over=0 (dt=1000000us) loglag=127547us
01:03:52.662   pt[445]: min=-342 max=376 avg_abs=87 | fifo=992 under=0 over=0 late=0 mdf_cb=14332 mdf_err=0
01:03:52.911 win  238 pos= 3655680  -50dBFS [###.................] rms=  104 peak=  444 seam=ok lag=335us
01:03:52.911   -> unknown         p=0.44  preproc=69022us infer=41015us
01:03:53.161   pt[446]: min=-322 max=336 avg_abs=75 | fifo=1040 under=0 over=0 late=0 mdf_cb=14365 mdf_err=0
01:03:53.220 in=16128Hz out=16000Hz ring=1152 under=0 over=0 (dt=1000000us) loglag=127547us
01:03:53.720   pt[447]: min=-344 max=364 avg_abs=85 | fifo=1232 under=0 over=0 late=0 mdf_cb=14397 mdf_err=0
01:03:53.845 win  239 pos= 3671040  -50dBFS [###.................] rms=  103 peak=  364 seam=ok lag=339us
01:03:53.851   -> unknown         p=0.40  preproc=69022us infer=41052us
01:03:53.911 ====================================
01:03:53.911 ====================================
01:03:53.911 TAP TOTAL win=239
01:03:53.911 ====================================
01:03:53.911 ====================================
01:03:53.911 tap total: windows=240 (expected 240 from 3688448 samples) overrun=0 torn=0 skipped=0 seam ok=239 NG=0
01:03:53.911   tap lag max=340us (0 of them lower bounds) | tap write max=7118ns avg=5325ns (14408 calls)
01:03:53.911   audio under=0 over=0 late=0 | aed run=240 err=0 (last er=0)
01:03:53.911   preproc max=69056us avg=69013us | infer max=41116us avg=41044us
01:03:53.911   notify out=116 held=78 offlist=46 gated=0 lat max=112179us (0 lower bounds)
01:03:53.911   log sent=1691 dropped=0 lag max=127547us
01:03:53.911   disp sent=78 dropped=0 max=97129us avg=30434us
01:03:53.970 ====================================
01:03:53.970 ====================================
01:03:54.220   pt[448]: min=-332 max=404 avg_abs=83 | fifo=1024 under=0 over=0 late=0 mdf_cb=14429 mdf_err=0
01:03:54.220 in=16128Hz out=16400Hz ring=880 under=0 over=0 (dt=999999us) loglag=127547us
01:03:54.844   pt[449]: min=-440 max=350 avg_abs=83 | fifo=1216 under=0 over=0 late=0 mdf_cb=14461 mdf_err=0
01:03:54.844 win  240 pos= 3686400  -50dBFS [###.................] rms=  106 peak=  440 seam=ok lag=335us
01:03:54.844   -> unknown         p=0.27  preproc=69044us infer=40994us
01:03:55.219 in=16128Hz out=16000Hz ring=1008 under=0 over=0 (dt=999999us) loglag=127547us
01:03:55.219   pt[450]: min=-318 max=310 avg_abs=78 | fifo=1008 under=0 over=0 late=0 mdf_cb=14493 mdf_err=0
01:03:55.785   pt[451]: min=-316 max=334 avg_abs=90 | fifo=800 under=0 over=0 late=0 mdf_cb=14525 mdf_err=0
01:03:55.785 win  241 pos= 3701760  -50dBFS [###.................] rms=  104 peak=  334 seam=ok lag=336us
01:03:55.785   -> unknown         p=0.33  preproc=68952us infer=41077us
01:03:56.286 in=16128Hz out=16000Hz ring=1136 under=0 over=0 (dt=1000000us) loglag=127547us
01:03:56.286   pt[452]: min=-340 max=354 avg_abs=75 | fifo=992 under=0 over=0 late=0 mdf_cb=14557 mdf_err=0
01:03:56.786 win  242 pos= 3717120  -50dBFS [###.................] rms=  102 peak=  358 seam=ok lag=333us
01:03:56.786   -> clock_tick      p=0.55  preproc=69024us infer=41083us
01:03:56.786   pt[453]: min=-418 max=322 avg_abs=86 | fifo=1040 under=0 over=0 late=0 mdf_cb=14590 mdf_err=0
01:03:57.286 in=16128Hz out=16400Hz ring=864 under=0 over=0 (dt=1000000us) loglag=127547us
01:03:57.286   pt[454]: min=-366 max=420 avg_abs=84 | fifo=1232 under=0 over=0 late=0 mdf_cb=14622 mdf_err=0
01:03:57.719 win  243 pos= 3732480  -50dBFS [###.................] rms=  102 peak=  420 seam=ok lag=339us
01:03:57.719   -> unknown         p=0.43  preproc=69023us infer=41080us
01:03:57.786   pt[455]: min=-328 max=358 avg_abs=80 | fifo=1024 under=0 over=0 late=0 mdf_cb=14654 mdf_err=0
01:03:58.286 in=16128Hz out=16000Hz ring=992 under=0 over=0 (dt=999999us) loglag=127547us
01:03:58.352   pt[456]: min=-344 max=394 avg_abs=89 | fifo=1216 under=0 over=0 late=0 mdf_cb=14686 mdf_err=0
01:03:58.661 win  244 pos= 3747840  -49dBFS [###.................] rms=  110 peak=  408 seam=ok lag=334us
01:03:58.661   -> unknown         p=0.27  preproc=69013us infer=41029us
01:03:58.845   pt[457]: min=-692 max=864 avg_abs=93 | fifo=1008 under=0 over=0 late=0 mdf_cb=14718 mdf_err=0
01:03:59.287 in=16128Hz out=16000Hz ring=1120 under=0 over=0 (dt=1000000us) loglag=127547us
01:03:59.353   pt[458]: min=-314 max=302 avg_abs=81 | fifo=800 under=0 over=0 late=0 mdf_cb=14750 mdf_err=0
01:03:59.662 win  245 pos= 3763200  -49dBFS [###.................] rms=  113 peak=  864 seam=ok lag=334us
01:03:59.662   -> clock_tick      p=0.81  preproc=69016us infer=41029us
01:03:59.845   pt[459]: min=-370 max=382 avg_abs=85 | fifo=992 under=0 over=0 late=0 mdf_cb=14782 mdf_err=0
01:04:00.287 in=16128Hz out=16400Hz ring=848 under=0 over=0 (dt=1000000us) loglag=127547us
01:04:00.410   pt[460]: min=-340 max=338 avg_abs=81 | fifo=784 under=0 over=0 late=0 mdf_cb=14814 mdf_err=0
01:04:00.595 win  246 pos= 3778560  -50dBFS [###.................] rms=  104 peak=  382 seam=ok lag=333us
01:04:00.595   -> unknown         p=0.46  preproc=68966us infer=41096us
01:04:00.911   pt[461]: min=-392 max=416 avg_abs=87 | fifo=1232 under=0 over=0 late=0 mdf_cb=14847 mdf_err=0
01:04:01.286 in=16128Hz out=16000Hz ring=976 under=0 over=0 (dt=1000000us) loglag=127547us
01:04:01.411   pt[462]: min=-362 max=434 avg_abs=86 | fifo=1024 under=0 over=0 late=0 mdf_cb=14879 mdf_err=0
01:04:01.537 win  247 pos= 3793920  -50dBFS [###.................] rms=  108 peak=  434 seam=ok lag=331us
01:04:01.537   -> unknown         p=0.38  preproc=69013us infer=41081us
01:04:01.919   pt[463]: min=-264 max=308 avg_abs=75 | fifo=1216 under=0 over=0 late=0 mdf_cb=14911 mdf_err=0
01:04:02.287 in=16128Hz out=16000Hz ring=1104 under=0 over=0 (dt=999999us) loglag=127547us
01:04:02.536   pt[464]: min=-312 max=318 avg_abs=77 | fifo=1008 under=0 over=0 late=0 mdf_cb=14943 mdf_err=0
01:04:02.536 win  248 pos= 3809280  -51dBFS [###.................] rms=   96 peak=  318 seam=ok lag=336us
01:04:02.536   -> clock_tick      p=0.54  preproc=69034us infer=41033us
01:04:02.970   pt[465]: min=-364 max=344 avg_abs=77 | fifo=800 under=0 over=0 late=0 mdf_cb=14975 mdf_err=0
01:04:03.287 in=16128Hz out=16400Hz ring=832 under=0 over=0 (dt=999999us) loglag=127547us
01:04:03.481   pt[466]: min=-274 max=296 avg_abs=71 | fifo=992 under=0 over=0 late=0 mdf_cb=15007 mdf_err=0
01:04:03.481 win  249 pos= 3824640  -51dBFS [###.................] rms=   94 peak=  364 seam=ok lag=337us
01:04:03.481   -> unknown         p=0.41  preproc=69013us infer=41049us
01:04:03.481 ====================================
01:04:03.481 ====================================
01:04:03.481 TAP TOTAL win=249
01:04:03.481 ====================================
01:04:03.481 ====================================
01:04:03.483 tap total: windows=250 (expected 250 from 3842048 samples) overrun=0 torn=0 skipped=0 seam ok=249 NG=0
01:04:03.553   tap lag max=340us (0 of them lower bounds) | tap write max=7118ns avg=5325ns (15008 calls)
01:04:03.553   audio under=0 over=0 late=0 | aed run=250 err=0 (last er=0)
01:04:03.553   preproc max=69056us avg=69013us | infer max=41116us avg=41044us
01:04:03.553   notify out=116 held=85 offlist=49 gated=0 lat max=112179us (0 lower bounds)
01:04:03.553   log sent=1754 dropped=0 lag max=127547us
01:04:03.553   disp sent=78 dropped=0 max=97129us avg=30434us
01:04:03.553 ====================================
01:04:03.553 ====================================
01:04:03.987   pt[467]: min=-344 max=332 avg_abs=78 | fifo=784 under=0 over=0 late=0 mdf_cb=15039 mdf_err=0
01:04:04.311 in=16128Hz out=16000Hz ring=960 under=0 over=0 (dt=1000000us) loglag=127547us
01:04:04.427 win  250 pos= 3840000  -50dBFS [###.................] rms=  101 peak=  388 seam=ok lag=337us
01:04:04.427   -> unknown         p=0.43  preproc=69024us infer=40960us
01:04:04.495   pt[468]: min=-388 max=290 avg_abs=82 | fifo=976 under=0 over=0 late=0 mdf_cb=15071 mdf_err=0
01:04:04.986   pt[469]: min=-324 max=364 avg_abs=75 | fifo=1024 under=0 over=0 late=0 mdf_cb=15104 mdf_err=0
01:04:05.428 in=16128Hz out=16000Hz ring=1088 under=0 over=0 (dt=1000000us) loglag=127547us
01:04:05.428 win  251 pos= 3855360  -51dBFS [###.................] rms=   97 peak=  364 seam=ok lag=336us
01:04:05.428   -> clock_tick      p=0.60  preproc=68966us infer=41083us
01:04:05.552   pt[470]: min=-404 max=348 avg_abs=82 | fifo=1216 under=0 over=0 late=0 mdf_cb=15136 mdf_err=0
01:04:06.053   pt[471]: min=-376 max=374 avg_abs=90 | fifo=1008 under=0 over=0 late=0 mdf_cb=15168 mdf_err=0
01:04:06.361 in=16128Hz out=16400Hz ring=816 under=0 over=0 (dt=1000000us) loglag=127547us
01:04:06.361 win  252 pos= 3870720  -49dBFS [###.................] rms=  110 peak=  404 seam=ok lag=336us
01:04:06.361   -> unknown         p=0.46  preproc=69016us infer=41036us
01:04:06.553   pt[472]: min=-318 max=326 avg_abs=82 | fifo=1200 under=0 over=0 late=0 mdf_cb=15200 mdf_err=0
01:04:07.053   pt[473]: min=-382 max=364 avg_abs=86 | fifo=992 under=0 over=0 late=0 mdf_cb=15232 mdf_err=0
01:04:07.302 win  253 pos= 3886080  -50dBFS [###.................] rms=  105 peak=  382 seam=ok lag=335us
01:04:07.302   -> unknown         p=0.46  preproc=69024us infer=41050us
01:04:07.362 in=16128Hz out=16000Hz ring=944 under=0 over=0 (dt=999999us) loglag=127547us
01:04:07.553   pt[474]: min=-456 max=332 avg_abs=87 | fifo=784 under=0 over=0 late=0 mdf_cb=15264 mdf_err=0
01:04:08.111   pt[475]: min=-334 max=316 avg_abs=78 | fifo=976 under=0 over=0 late=0 mdf_cb=15296 mdf_err=0
01:04:08.304 win  254 pos= 3901440  -50dBFS [###.................] rms=  105 peak=  456 seam=ok lag=334us
01:04:08.304   -> unknown         p=0.40  preproc=69022us infer=41086us
01:04:08.361 in=16128Hz out=16000Hz ring=1072 under=0 over=0 (dt=999999us) loglag=127547us
01:04:08.610   pt[476]: min=-370 max=500 avg_abs=91 | fifo=768 under=0 over=0 late=0 mdf_cb=15328 mdf_err=0
01:04:09.235   pt[477]: min=-418 max=412 avg_abs=87 | fifo=1216 under=0 over=0 late=0 mdf_cb=15361 mdf_err=0
01:04:09.235 win  255 pos= 3916800  -49dBFS [###.................] rms=  114 peak=  500 seam=ok lag=337us
01:04:09.235   -> clock_tick      p=0.53  preproc=69015us infer=41050us
01:04:09.361 in=16128Hz out=16000Hz ring=1200 under=0 over=0 (dt=999999us) loglag=127547us
01:04:09.610   pt[478]: min=-374 max=344 avg_abs=88 | fifo=1008 under=0 over=0 late=0 mdf_cb=15393 mdf_err=0
01:04:10.177   pt[479]: min=-370 max=410 avg_abs=86 | fifo=1200 under=0 over=0 late=0 mdf_cb=15425 mdf_err=0
01:04:10.177 win  256 pos= 3932160  -50dBFS [###.................] rms=  109 peak=  410 seam=ok lag=334us
01:04:10.182   -> unknown         p=0.40  preproc=68983us infer=41044us
01:04:10.362 in=16128Hz out=16400Hz ring=928 under=0 over=0 (dt=999999us) loglag=127547us
01:04:10.679   pt[480]: min=-358 max=372 avg_abs=97 | fifo=992 under=0 over=0 late=0 mdf_cb=15457 mdf_err=0
01:04:11.179 win  257 pos= 3947520  -49dBFS [###.................] rms=  118 peak=  372 seam=ok lag=335us
01:04:11.179   -> unknown         p=0.44  preproc=69019us infer=41039us
01:04:11.179   pt[481]: min=-370 max=344 avg_abs=93 | fifo=1184 under=0 over=0 late=0 mdf_cb=15489 mdf_err=0
01:04:11.361 in=16128Hz out=16000Hz ring=1056 under=0 over=0 (dt=999999us) loglag=127547us
01:04:11.677   pt[482]: min=-412 max=426 avg_abs=109 | fifo=976 under=0 over=0 late=0 mdf_cb=15521 mdf_err=0
01:04:12.110 win  258 pos= 3962880  -48dBFS [####................] rms=  131 peak=  454 seam=ok lag=334us
01:04:12.110   -> unknown         p=0.49  preproc=69019us infer=41114us
01:04:12.177   pt[483]: min=-454 max=340 avg_abs=98 | fifo=768 under=0 over=0 late=0 mdf_cb=15553 mdf_err=0
01:04:12.361 in=16128Hz out=16000Hz ring=1184 under=0 over=0 (dt=999999us) loglag=127547us
01:04:12.737   pt[484]: min=-334 max=418 avg_abs=88 | fifo=960 under=0 over=0 late=0 mdf_cb=15585 mdf_err=0
01:04:13.048 win  259 pos= 3978240  -50dBFS [###.................] rms=  107 peak=  418 seam=ok lag=334us
01:04:13.054   -> unknown         p=0.38  preproc=69023us infer=41065us
01:04:13.060 ====================================
01:04:13.063 ====================================
01:04:13.063 TAP TOTAL win=259
01:04:13.135 ====================================
01:04:13.135 ====================================
01:04:13.135 tap total: windows=260 (expected 260 from 3995648 samples) overrun=0 torn=0 skipped=0 seam ok=259 NG=0
01:04:13.135   tap lag max=340us (0 of them lower bounds) | tap write max=7118ns avg=5325ns (15608 calls)
01:04:13.135   audio under=0 over=0 late=0 | aed run=260 err=0 (last er=0)
01:04:13.135   preproc max=69056us avg=69013us | infer max=41116us avg=41044us
01:04:13.135   notify out=116 held=93 offlist=51 gated=0 lat max=112179us (0 lower bounds)
01:04:13.135   log sent=1815 dropped=0 lag max=127547us
01:04:13.135   disp sent=78 dropped=0 max=97129us avg=30434us
01:04:13.135 ====================================
01:04:13.135 ====================================
01:04:13.253   pt[485]: min=-288 max=312 avg_abs=82 | fifo=752 under=0 over=0 late=0 mdf_cb=15617 mdf_err=0
01:04:13.377 in=16128Hz out=16400Hz ring=912 under=0 over=0 (dt=1000000us) loglag=127547us
01:04:13.753   pt[486]: min=-302 max=344 avg_abs=80 | fifo=1200 under=0 over=0 late=0 mdf_cb=15650 mdf_err=0
01:04:14.069 win  260 pos= 3993600  -50dBFS [###.................] rms=  105 peak=  374 seam=ok lag=335us
01:04:14.069   -> unknown         p=0.49  preproc=69016us infer=41036us
01:04:14.261   pt[487]: min=-374 max=360 avg_abs=90 | fifo=992 under=0 over=0 late=0 mdf_cb=15682 mdf_err=0
01:04:14.379 in=16128Hz out=16000Hz ring=1040 under=0 over=0 (dt=999999us) loglag=127547us
01:04:14.752   pt[488]: min=-372 max=344 avg_abs=87 | fifo=1184 under=0 over=0 late=0 mdf_cb=15714 mdf_err=0
01:04:15.010 win  261 pos= 4008960  -49dBFS [###.................] rms=  113 peak=  378 seam=ok lag=334us
01:04:15.010   -> unknown         p=0.33  preproc=68954us infer=41052us
01:04:15.320   pt[489]: min=-504 max=378 avg_abs=88 | fifo=976 under=0 over=0 late=0 mdf_cb=15746 mdf_err=0
01:04:15.377 in=16128Hz out=16000Hz ring=1168 under=0 over=0 (dt=1000000us) loglag=127547us
01:04:15.819   pt[490]: min=-356 max=412 avg_abs=94 | fifo=1168 under=0 over=0 late=0 mdf_cb=15778 mdf_err=0
01:04:15.944 win  262 pos= 4024320  -49dBFS [###.................] rms=  114 peak=  504 seam=ok lag=336us
01:04:15.944   -> unknown         p=0.37  preproc=69019us infer=41042us
01:04:16.320   pt[491]: min=-396 max=340 avg_abs=94 | fifo=960 under=0 over=0 late=0 mdf_cb=15810 mdf_err=0
01:04:16.445 in=16128Hz out=16400Hz ring=896 under=0 over=0 (dt=1000000us) loglag=127547us
01:04:16.894   pt[492]: min=-348 max=418 avg_abs=100 | fifo=1152 under=0 over=0 late=0 mdf_cb=15842 mdf_err=0
01:04:16.896 {"win":263,"cls":"sneezing","p":0.71,"lat_ms":112,"under":0,"over":0,"late":0}
01:04:16.969 win  263 pos= 4039680  -49dBFS [###.................] rms=  120 peak=  418 seam=ok lag=334us
01:04:16.969   -> sneezing        p=0.71  preproc=69034us infer=41056us
01:04:16.969 lcd: win 263 -> SNEEZE p=0.71 (31402 us after notify)
01:04:17.353   pt[493]: min=-426 max=372 avg_abs=96 | fifo=944 under=0 over=0 late=0 mdf_cb=15874 mdf_err=0
01:04:17.411 in=16128Hz out=16000Hz ring=1024 under=0 over=0 (dt=1000000us) loglag=127547us
01:04:17.853   pt[494]: min=-320 max=388 avg_abs=88 | fifo=736 under=0 over=0 late=0 mdf_cb=15906 mdf_err=0
01:04:17.853 {"win":264,"cls":"unknown","p":0.38,"lat_ms":112,"under":0,"over":0,"late":0}
01:04:17.862 win  264 pos= 4055040  -49dBFS [###.................] rms=  115 peak=  426 seam=ok lag=339us
01:04:17.870   -> unknown         p=0.38  preproc=69016us infer=41065us
01:04:18.377   pt[495]: min=-384 max=436 avg_abs=109 | fifo=1184 under=0 over=0 late=0 mdf_cb=15939 mdf_err=0
01:04:18.445 in=16128Hz out=16000Hz ring=1152 under=0 over=0 (dt=999999us) loglag=127547us
01:04:18.821 {"win":265,"cls":"sneezing","p":0.65,"lat_ms":112,"under":0,"over":0,"late":0}
01:04:18.821 win  265 pos= 4070400  -48dBFS [####................] rms=  127 peak=  436 seam=ok lag=336us
01:04:18.823   -> sneezing        p=0.65  preproc=69020us infer=40982us
01:04:18.886 lcd: win 265 -> SNEEZE p=0.65 (22791 us after notify)
01:04:18.886   pt[496]: min=-424 max=396 avg_abs=101 | fifo=976 under=0 over=0 late=0 mdf_cb=15971 mdf_err=0
01:04:19.378   pt[497]: min=-342 max=328 avg_abs=90 | fifo=1168 under=0 over=0 late=0 mdf_cb=16003 mdf_err=0
01:04:19.445 in=16128Hz out=16000Hz ring=1280 under=0 over=0 (dt=1000000us) loglag=127547us
01:04:19.820 {"win":266,"cls":"sneezing","p":0.52,"lat_ms":112,"under":0,"over":0,"late":0}
01:04:19.820 win  266 pos= 4085760  -48dBFS [####................] rms=  124 peak=  486 seam=ok lag=336us
01:04:19.820   -> sneezing        p=0.52  preproc=68962us infer=41015us
01:04:19.820 lcd: win 266 -> SNEEZE p=0.52 (22788 us after notify)
01:04:19.945   pt[498]: min=-486 max=372 avg_abs=100 | fifo=960 under=0 over=0 late=0 mdf_cb=16035 mdf_err=0
01:04:20.445   pt[499]: min=-392 max=368 avg_abs=107 | fifo=1152 under=0 over=0 late=0 mdf_cb=16067 mdf_err=0
01:04:20.445 in=16128Hz out=16400Hz ring=1008 under=0 over=0 (dt=1000000us) loglag=127547us
01:04:20.752 {"win":267,"cls":"unknown","p":0.39,"lat_ms":112,"under":0,"over":0,"late":0}
01:04:20.752 win  267 pos= 4101120  -48dBFS [####................] rms=  130 peak=  454 seam=ok lag=335us
01:04:20.752   -> unknown         p=0.39  preproc=69023us infer=41017us
01:04:20.945   pt[500]: min=-384 max=454 avg_abs=106 | fifo=944 under=0 over=0 late=0 mdf_cb=16099 mdf_err=0
01:04:21.444 in=16128Hz out=16000Hz ring=1136 under=0 over=0 (dt=999999us) loglag=127547us
01:04:21.444   pt[501]: min=-462 max=358 avg_abs=94 | fifo=736 under=0 over=0 late=0 mdf_cb=16131 mdf_err=0
01:04:21.695 win  268 pos= 4116480  -48dBFS [####................] rms=  124 peak=  462 seam=ok lag=336us
01:04:21.696   -> unknown         p=0.41  preproc=69024us infer=41029us
01:04:21.945   pt[502]: min=-392 max=376 avg_abs=99 | fifo=928 under=0 over=0 late=0 mdf_cb=16163 mdf_err=0
01:04:22.446 in=16128Hz out=16000Hz ring=1264 under=0 over=0 (dt=999999us) loglag=127547us
01:04:22.504   pt[503]: min=-398 max=410 avg_abs=109 | fifo=976 under=0 over=0 late=0 mdf_cb=16196 mdf_err=0
01:04:22.693 win  269 pos= 4131840  -48dBFS [####................] rms=  128 peak=  410 seam=ok lag=336us
01:04:22.693   -> unknown         p=0.30  preproc=69014us infer=41057us
01:04:22.693 ====================================
01:04:22.693 ====================================
01:04:22.693 TAP TOTAL win=269
01:04:22.693 ====================================
01:04:22.693 ====================================
01:04:22.693 tap total: windows=270 (expected 270 from 4149248 samples) overrun=0 torn=0 skipped=0 seam ok=269 NG=0
01:04:22.693   tap lag max=340us (0 of them lower bounds) | tap write max=7321ns avg=5325ns (16208 calls)
01:04:22.695   audio under=0 over=0 late=0 | aed run=270 err=0 (last er=0)
01:04:22.753   preproc max=69056us avg=69013us | infer max=41116us avg=41044us
01:04:22.753   notify out=121 held=98 offlist=51 gated=0 lat max=112179us (0 lower bounds)
01:04:22.753   log sent=1886 dropped=0 lag max=127547us
01:04:22.753   disp sent=81 dropped=0 max=97129us avg=30257us
01:04:22.753 ====================================
01:04:22.753 ====================================
01:04:23.002   pt[504]: min=-478 max=348 avg_abs=99 | fifo=1168 under=0 over=0 late=0 mdf_cb=16228 mdf_err=0
01:04:23.444 in=16128Hz out=16400Hz ring=992 under=0 over=0 (dt=1000000us) loglag=127547us
01:04:23.502   pt[505]: min=-380 max=388 avg_abs=101 | fifo=960 under=0 over=0 late=0 mdf_cb=16260 mdf_err=0
01:04:23.635 win  270 pos= 4147200  -48dBFS [####................] rms=  125 peak=  478 seam=ok lag=332us
01:04:23.635   -> unknown         p=0.47  preproc=69026us infer=41008us
01:04:24.009   pt[506]: min=-342 max=376 avg_abs=85 | fifo=1152 under=0 over=0 late=0 mdf_cb=16292 mdf_err=0
01:04:24.448 in=16128Hz out=16000Hz ring=1120 under=0 over=0 (dt=999999us) loglag=127547us
01:04:24.577   pt[507]: min=-346 max=306 avg_abs=85 | fifo=944 under=0 over=0 late=0 mdf_cb=16324 mdf_err=0
01:04:24.577 win  271 pos= 4162560  -50dBFS [###.................] rms=  105 peak=  376 seam=ok lag=335us
01:04:24.643   -> unknown         p=0.31  preproc=68981us infer=41065us
01:04:25.085   pt[508]: min=-422 max=412 avg_abs=97 | fifo=1136 under=0 over=0 late=0 mdf_cb=16356 mdf_err=0
01:04:25.586 in=16128Hz out=16000Hz ring=1248 under=0 over=0 (dt=1000000us) loglag=127547us
01:04:25.586 win  272 pos= 4177920  -49dBFS [###.................] rms=  119 peak=  432 seam=ok lag=337us
01:04:25.586   -> unknown         p=0.25  preproc=69028us infer=41083us
01:04:25.586   pt[509]: min=-432 max=360 avg_abs=91 | fifo=1184 under=0 over=0 late=0 mdf_cb=16389 mdf_err=0
01:04:26.085   pt[510]: min=-432 max=408 avg_abs=114 | fifo=976 under=0 over=0 late=0 mdf_cb=16421 mdf_err=0
01:04:26.518 in=16128Hz out=16400Hz ring=976 under=0 over=0 (dt=1000000us) loglag=127547us
01:04:26.518 {"win":273,"cls":"sneezing","p":0.68,"lat_ms":112,"under":0,"over":0,"late":0}
01:04:26.518 win  273 pos= 4193280  -48dBFS [####................] rms=  131 peak=  432 seam=ok lag=335us
01:04:26.518   -> sneezing        p=0.68  preproc=69012us infer=40982us
01:04:26.518 lcd: win 273 -> SNEEZE p=0.68 (29700 us after notify)
01:04:26.585   pt[511]: min=-308 max=416 avg_abs=95 | fifo=1168 under=0 over=0 late=0 mdf_cb=16453 mdf_err=0
01:04:27.103   pt[512]: min=-436 max=416 avg_abs=95 | fifo=960 under=0 over=0 late=0 mdf_cb=16485 mdf_err=0
01:04:27.469 {"win":274,"cls":"unknown","p":0.32,"lat_ms":112,"under":0,"over":0,"late":0}
01:04:27.469 win  274 pos= 4208640  -49dBFS [###.................] rms=  122 peak=  470 seam=ok lag=333us
01:04:27.469   -> unknown         p=0.32  preproc=69020us infer=41040us
01:04:27.469 in=16094Hz out=15966Hz ring=1104 under=0 over=0 (dt=1002084us) loglag=127547us
01:04:27.669   pt[513]: min=-414 max=470 avg_abs=97 | fifo=1152 under=0 over=0 late=0 mdf_cb=16517 mdf_err=0
01:04:28.161   pt[514]: min=-398 max=360 avg_abs=92 | fifo=944 under=0 over=0 late=0 mdf_cb=16549 mdf_err=0
01:04:28.412 win  275 pos= 4224000  -49dBFS [###.................] rms=  115 peak=  398 seam=ok lag=335us
01:04:28.414   -> unknown         p=0.46  preproc=69015us infer=41015us
01:04:28.486 in=16161Hz out=16033Hz ring=1232 under=0 over=0 (dt=997914us) loglag=127547us
01:04:28.677   pt[515]: min=-336 max=348 avg_abs=85 | fifo=1136 under=0 over=0 late=0 mdf_cb=16581 mdf_err=0
01:04:29.177   pt[516]: min=-360 max=434 avg_abs=98 | fifo=928 under=0 over=0 late=0 mdf_cb=16613 mdf_err=0
01:04:29.428 {"win":276,"cls":"sneezing","p":0.54,"lat_ms":112,"under":0,"over":0,"late":0}
01:04:29.428 win  276 pos= 4239360  -49dBFS [###.................] rms=  122 peak=  434 seam=ok lag=333us
01:04:29.428   -> sneezing        p=0.54  preproc=68961us infer=41055us
01:04:29.428 lcd: win 276 -> SNEEZE p=0.54 (22788 us after notify)
01:04:29.486 in=16128Hz out=16400Hz ring=960 under=0 over=0 (dt=1000000us) loglag=127547us
01:04:29.677   pt[517]: min=-424 max=428 avg_abs=95 | fifo=720 under=0 over=0 late=0 mdf_cb=16645 mdf_err=0
01:04:30.177   pt[518]: min=-356 max=338 avg_abs=81 | fifo=1168 under=0 over=0 late=0 mdf_cb=16678 mdf_err=0
01:04:30.360 {"win":277,"cls":"unknown","p":0.46,"lat_ms":112,"under":0,"over":0,"late":0}
01:04:30.360 win  277 pos= 4254720  -50dBFS [###.................] rms=  108 peak=  424 seam=ok lag=334us
01:04:30.360   -> unknown         p=0.46  preproc=69014us infer=40987us
01:04:30.494 in=16128Hz out=16000Hz ring=1088 under=0 over=0 (dt=999999us) loglag=127547us
01:04:30.735   pt[519]: min=-478 max=382 avg_abs=92 | fifo=960 under=0 over=0 late=0 mdf_cb=16710 mdf_err=0
01:04:31.302   pt[520]: min=-442 max=400 avg_abs=89 | fifo=1152 under=0 over=0 late=0 mdf_cb=16742 mdf_err=0
01:04:31.302 win  278 pos= 4270080  -49dBFS [###.................] rms=  114 peak=  478 seam=ok lag=334us
01:04:31.361   -> clock_tick      p=0.67  preproc=69045us infer=40991us
01:04:31.553 in=16128Hz out=16000Hz ring=1216 under=0 over=0 (dt=1000000us) loglag=127547us
01:04:31.744   pt[521]: min=-468 max=546 avg_abs=112 | fifo=944 under=0 over=0 late=0 mdf_cb=16774 mdf_err=0
01:04:32.302   pt[522]: min=-370 max=378 avg_abs=90 | fifo=1136 under=0 over=0 late=0 mdf_cb=16806 mdf_err=0
01:04:32.302 {"win":279,"cls":"sneezing","p":0.55,"lat_ms":112,"under":0,"over":0,"late":0}
01:04:32.302 win  279 pos= 4285440  -48dBFS [####................] rms=  131 peak=  546 seam=ok lag=336us
01:04:32.302   -> sneezing        p=0.55  preproc=69018us infer=41058us
01:04:32.302 ====================================
01:04:32.302 ====================================
01:04:32.302 TAP TOTAL win=279
01:04:32.302 ====================================
01:04:32.302 ====================================
01:04:32.302 tap total: windows=280 (expected 280 from 4302848 samples) overrun=0 torn=0 skipped=0 seam ok=279 NG=0
01:04:32.305   tap lag max=340us (0 of them lower bounds) | tap write max=7321ns avg=5325ns (16808 calls)
01:04:32.310   audio under=0 over=0 late=0 | aed run=280 err=0 (last er=0)
01:04:32.310   preproc max=69056us avg=69013us | infer max=41116us avg=41044us
01:04:32.324   notify out=126 held=102 offlist=52 gated=0 lat max=112179us (0 lower bounds)
01:04:32.328   log sent=1955 dropped=0 lag max=127547us
01:04:32.328   disp sent=84 dropped=0 max=97129us avg=30161us
01:04:32.338 ====================================
01:04:32.341 ====================================
01:04:32.411 lcd: win 279 -> SNEEZE p=0.55 (97341 us after notify)
01:04:32.537 in=16128Hz out=16400Hz ring=944 under=0 over=0 (dt=1000000us) loglag=127547us
01:04:32.794   pt[523]: min=-326 max=356 avg_abs=85 | fifo=928 under=0 over=0 late=0 mdf_cb=16838 mdf_err=0
01:04:33.220 {"win":280,"cls":"unknown","p":0.42,"lat_ms":112,"under":0,"over":0,"late":0}
01:04:33.220 win  280 pos= 4300800  -50dBFS [###.................] rms=  108 peak=  430 seam=ok lag=336us
01:04:33.225   -> unknown         p=0.42  preproc=69017us infer=41016us
01:04:33.286   pt[524]: min=-324 max=430 avg_abs=86 | fifo=720 under=0 over=0 late=0 mdf_cb=16870 mdf_err=0
01:04:33.535 in=16128Hz out=16000Hz ring=1072 under=0 over=0 (dt=999999us) loglag=127547us
01:04:33.786   pt[525]: min=-386 max=432 avg_abs=91 | fifo=1168 under=0 over=0 late=0 mdf_cb=16903 mdf_err=0
01:04:34.228 {"win":281,"cls":"sneezing","p":0.66,"lat_ms":112,"under":0,"over":0,"late":0}
01:04:34.228 win  281 pos= 4316160  -49dBFS [###.................] rms=  118 peak=  496 seam=ok lag=336us
01:04:34.228   -> sneezing        p=0.66  preproc=68959us infer=41064us
01:04:34.228 lcd: win 281 -> SNEEZE p=0.66 (22788 us after notify)
01:04:34.286   pt[526]: min=-496 max=552 avg_abs=100 | fifo=960 under=0 over=0 late=0 mdf_cb=16935 mdf_err=0
01:04:34.535 in=16128Hz out=16000Hz ring=1200 under=0 over=0 (dt=999999us) loglag=127547us
01:04:34.852   pt[527]: min=-508 max=380 avg_abs=120 | fifo=1152 under=0 over=0 late=0 mdf_cb=16967 mdf_err=0
01:04:35.161 {"win":282,"cls":"sneezing","p":0.61,"lat_ms":112,"under":0,"over":0,"late":0}
01:04:35.161 win  282 pos= 4331520  -47dBFS [####................] rms=  144 peak=  552 seam=ok lag=335us
01:04:35.161   -> sneezing        p=0.61  preproc=69026us infer=40995us
01:04:35.161 lcd: win 282 -> SNEEZE p=0.61 (22744 us after notify)
01:04:35.345   pt[528]: min=-410 max=446 avg_abs=109 | fifo=944 under=0 over=0 late=0 mdf_cb=16999 mdf_err=0
01:04:35.537 in=16128Hz out=16400Hz ring=928 under=0 over=0 (dt=1000000us) loglag=127547us
01:04:35.853   pt[529]: min=-400 max=460 avg_abs=100 | fifo=1136 under=0 over=0 late=0 mdf_cb=17031 mdf_err=0
01:04:36.110 {"win":283,"cls":"unknown","p":0.41,"lat_ms":112,"under":0,"over":0,"late":0}
01:04:36.110 win  283 pos= 4346880  -48dBFS [####................] rms=  135 peak=  460 seam=ok lag=336us
01:04:36.110   -> unknown         p=0.41  preproc=69021us infer=41044us
01:04:36.379   pt[530]: min=-460 max=404 avg_abs=113 | fifo=928 under=0 over=0 late=0 mdf_cb=17063 mdf_err=0
01:04:36.569 in=16128Hz out=16000Hz ring=1056 under=0 over=0 (dt=999999us) loglag=127547us
01:04:36.878   pt[531]: min=-310 max=350 avg_abs=91 | fifo=720 under=0 over=0 late=0 mdf_cb=17095 mdf_err=0
01:04:37.069 win  284 pos= 4362240  -49dBFS [###.................] rms=  120 peak=  460 seam=ok lag=336us
01:04:37.069   -> unknown         p=0.29  preproc=69034us infer=41032us
01:04:37.377   pt[532]: min=-350 max=276 avg_abs=79 | fifo=1168 under=0 over=0 late=0 mdf_cb=17128 mdf_err=0
01:04:37.577 in=16128Hz out=16000Hz ring=1184 under=0 over=0 (dt=1000000us) loglag=127547us
01:04:37.894   pt[533]: min=-352 max=410 avg_abs=84 | fifo=960 under=0 over=0 late=0 mdf_cb=17160 mdf_err=0
01:04:38.020 win  285 pos= 4377600  -50dBFS [###.................] rms=  106 peak=  410 seam=ok lag=337us
01:04:38.020   -> unknown         p=0.35  preproc=69019us infer=40995us
01:04:38.462   pt[534]: min=-378 max=380 avg_abs=88 | fifo=1152 under=0 over=0 late=0 mdf_cb=17192 mdf_err=0
01:04:38.586 in=16128Hz out=16400Hz ring=912 under=0 over=0 (dt=999999us) loglag=127547us
01:04:39.021   pt[535]: min=-334 max=358 avg_abs=91 | fifo=944 under=0 over=0 late=0 mdf_cb=17224 mdf_err=0
01:04:39.021 win  286 pos= 4392960  -50dBFS [###.................] rms=  110 peak=  380 seam=ok lag=331us
01:04:39.021   -> unknown         p=0.32  preproc=68978us infer=41051us
01:04:39.461   pt[536]: min=-344 max=448 avg_abs=98 | fifo=1136 under=0 over=0 late=0 mdf_cb=17256 mdf_err=0
01:04:39.586 in=16128Hz out=16000Hz ring=1040 under=0 over=0 (dt=999999us) loglag=127547us
01:04:39.971 win  287 pos= 4408320  -48dBFS [####................] rms=  128 peak=  478 seam=ok lag=336us
01:04:39.971   -> unknown         p=0.42  preproc=69019us infer=41039us
01:04:39.971   pt[537]: min=-478 max=404 avg_abs=104 | fifo=928 under=0 over=0 late=0 mdf_cb=17288 mdf_err=0
01:04:40.478   pt[538]: min=-350 max=316 avg_abs=85 | fifo=1120 under=0 over=0 late=0 mdf_cb=17320 mdf_err=0
01:04:40.595 in=16128Hz out=16000Hz ring=1168 under=0 over=0 (dt=1000000us) loglag=127547us
01:04:40.910 {"win":288,"cls":"sneezing","p":0.64,"lat_ms":112,"under":0,"over":0,"late":0}
01:04:40.910 win  288 pos= 4423680  -50dBFS [###.................] rms=  106 peak=  350 seam=ok lag=336us
01:04:40.910   -> sneezing        p=0.64  preproc=69017us infer=41043us
01:04:40.978 lcd: win 288 -> SNEEZE p=0.64 (22787 us after notify)
01:04:40.978   pt[539]: min=-276 max=324 avg_abs=79 | fifo=912 under=0 over=0 late=0 mdf_cb=17352 mdf_err=0
01:04:41.537   pt[540]: min=-386 max=354 avg_abs=80 | fifo=960 under=0 over=0 late=0 mdf_cb=17385 mdf_err=0
01:04:41.595 in=16128Hz out=16400Hz ring=896 under=0 over=0 (dt=1000000us) loglag=127547us
01:04:41.853 {"win":289,"cls":"unknown","p":0.49,"lat_ms":112,"under":0,"over":0,"late":0}
01:04:41.853 win  289 pos= 4439040  -50dBFS [###.................] rms=  103 peak=  392 seam=ok lag=334us
01:04:41.861   -> unknown         p=0.49  preproc=69017us infer=41031us
01:04:41.869 ====================================
01:04:41.869 ====================================
01:04:41.879 TAP TOTAL win=289
01:04:41.880 ====================================
01:04:41.883 ====================================
01:04:41.886 tap total: windows=290 (expected 290 from 4456448 samples) overrun=0 torn=0 skipped=0 seam ok=289 NG=0
01:04:41.897   tap lag max=340us (0 of them lower bounds) | tap write max=7321ns avg=5325ns (17408 calls)
01:04:41.906   audio under=0 over=0 late=0 | aed run=290 err=0 (last er=0)
01:04:41.910   preproc max=69056us avg=69013us | infer max=41116us avg=41043us
01:04:41.911   notify out=132 held=106 offlist=52 gated=0 lat max=112179us (0 lower bounds)
01:04:41.924   log sent=2027 dropped=0 lag max=127547us
01:04:41.927   disp sent=87 dropped=0 max=97341us avg=30678us
01:04:41.927 ====================================
01:04:41.935 ====================================
01:04:42.002   pt[541]: min=-344 max=392 avg_abs=87 | fifo=1152 under=0 over=0 late=0 mdf_cb=17417 mdf_err=0
01:04:42.569   pt[542]: min=-364 max=326 avg_abs=85 | fifo=944 under=0 over=0 late=0 mdf_cb=17449 mdf_err=0
01:04:42.628 in=16128Hz out=16000Hz ring=1024 under=0 over=0 (dt=999999us) loglag=127547us
01:04:42.819 win  290 pos= 4454400  -50dBFS [###.................] rms=  108 peak=  386 seam=ok lag=332us
01:04:42.820   -> unknown         p=0.34  preproc=69024us infer=41052us
01:04:43.069   pt[543]: min=-330 max=298 avg_abs=78 | fifo=1136 under=0 over=0 late=0 mdf_cb=17481 mdf_err=0
01:04:43.579   pt[544]: min=-384 max=414 avg_abs=92 | fifo=928 under=0 over=0 late=0 mdf_cb=17513 mdf_err=0
01:04:43.644 in=16128Hz out=16000Hz ring=1152 under=0 over=0 (dt=1000000us) loglag=127547us
01:04:43.836 win  291 pos= 4469760  -50dBFS [###.................] rms=  109 peak=  414 seam=ok lag=333us
01:04:43.836   -> clock_tick      p=0.97  preproc=68974us infer=41074us
01:04:44.087   pt[545]: min=-408 max=406 avg_abs=88 | fifo=1120 under=0 over=0 late=0 mdf_cb=17545 mdf_err=0
01:04:44.586   pt[546]: min=-368 max=356 avg_abs=86 | fifo=912 under=0 over=0 late=0 mdf_cb=17577 mdf_err=0
01:04:44.661 in=16128Hz out=16400Hz ring=880 under=0 over=0 (dt=1000000us) loglag=127547us
01:04:44.793 win  292 pos= 4485120  -50dBFS [###.................] rms=  108 peak=  408 seam=ok lag=332us
01:04:44.793   -> unknown         p=0.37  preproc=69017us infer=41052us
01:04:45.109   pt[547]: min=-296 max=334 avg_abs=76 | fifo=960 under=0 over=0 late=0 mdf_cb=17610 mdf_err=0
01:04:45.735   pt[548]: min=-338 max=334 avg_abs=88 | fifo=1152 under=0 over=0 late=0 mdf_cb=17642 mdf_err=0
01:04:45.735 in=16128Hz out=16000Hz ring=1008 under=0 over=0 (dt=1000000us) loglag=127547us
01:04:45.735 win  293 pos= 4500480  -50dBFS [###.................] rms=  104 peak=  338 seam=ok lag=338us
01:04:45.735   -> clock_tick      p=0.57  preproc=69043us infer=41012us
01:04:46.118   pt[549]: min=-420 max=328 avg_abs=89 | fifo=944 under=0 over=0 late=0 mdf_cb=17674 mdf_err=0
01:04:46.694 in=16128Hz out=16000Hz ring=1136 under=0 over=0 (dt=1000000us) loglag=127547us
01:04:46.694   pt[550]: min=-372 max=370 avg_abs=82 | fifo=1136 under=0 over=0 late=0 mdf_cb=17706 mdf_err=0
01:04:46.694 win  294 pos= 4515840  -50dBFS [###.................] rms=  110 peak=  420 seam=ok lag=338us
01:04:46.694   -> unknown         p=0.34  preproc=69017us infer=41032us
01:04:47.162   pt[551]: min=-378 max=346 avg_abs=85 | fifo=928 under=0 over=0 late=0 mdf_cb=17738 mdf_err=0
01:04:47.637 win  295 pos= 4531200  -50dBFS [###.................] rms=  110 peak=  384 seam=ok lag=339us
01:04:47.637   -> unknown         p=0.41  preproc=69020us infer=41025us
01:04:47.637 in=16128Hz out=16400Hz ring=864 under=0 over=0 (dt=999999us) loglag=127547us
01:04:47.714   pt[552]: min=-384 max=340 avg_abs=89 | fifo=1120 under=0 over=0 late=0 mdf_cb=17770 mdf_err=0
01:04:48.205   pt[553]: min=-352 max=344 avg_abs=77 | fifo=912 under=0 over=0 late=0 mdf_cb=17802 mdf_err=0
01:04:48.581 win  296 pos= 4546560  -50dBFS [###.................] rms=  106 peak=  366 seam=ok lag=335us
01:04:48.581   -> unknown         p=0.32  preproc=68962us infer=41022us
01:04:48.709 in=16128Hz out=16000Hz ring=992 under=0 over=0 (dt=999999us) loglag=127547us
01:04:48.709   pt[554]: min=-332 max=366 avg_abs=89 | fifo=960 under=0 over=0 late=0 mdf_cb=17835 mdf_err=0
01:04:49.215   pt[555]: min=-324 max=348 avg_abs=86 | fifo=1152 under=0 over=0 late=0 mdf_cb=17867 mdf_err=0
01:04:49.586 win  297 pos= 4561920  -50dBFS [###.................] rms=  108 peak=  366 seam=ok lag=337us
01:04:49.586   -> unknown         p=0.50  preproc=69022us infer=41007us
01:04:49.710 in=16128Hz out=16000Hz ring=1120 under=0 over=0 (dt=1000000us) loglag=127547us
01:04:49.710   pt[556]: min=-366 max=358 avg_abs=82 | fifo=944 under=0 over=0 late=0 mdf_cb=17899 mdf_err=0
01:04:50.286   pt[557]: min=-342 max=432 avg_abs=89 | fifo=1136 under=0 over=0 late=0 mdf_cb=17931 mdf_err=0
01:04:50.536 win  298 pos= 4577280  -50dBFS [###.................] rms=  107 peak=  432 seam=ok lag=335us
01:04:50.536   -> unknown         p=0.46  preproc=69028us infer=41032us
01:04:50.661 in=16128Hz out=16400Hz ring=848 under=0 over=0 (dt=999999us) loglag=127547us
01:04:50.787   pt[558]: min=-322 max=322 avg_abs=88 | fifo=928 under=0 over=0 late=0 mdf_cb=17963 mdf_err=0
01:04:51.303   pt[559]: min=-304 max=436 avg_abs=85 | fifo=1120 under=0 over=0 late=0 mdf_cb=17995 mdf_err=0
01:04:51.485 win  299 pos= 4592640  -50dBFS [###.................] rms=  107 peak=  436 seam=ok lag=335us
01:04:51.485   -> unknown         p=0.46  preproc=69021us infer=41022us
01:04:51.485 ====================================
01:04:51.485 ====================================
01:04:51.485 TAP TOTAL win=299
01:04:51.485 ====================================
01:04:51.485 ====================================
01:04:51.485 tap total: windows=300 (expected 300 from 4610048 samples) overrun=0 torn=0 skipped=0 seam ok=299 NG=0
01:04:51.485   tap lag max=340us (0 of them lower bounds) | tap write max=7321ns avg=5325ns (18008 calls)
01:04:51.499   audio under=0 over=0 late=0 | aed run=300 err=0 (last er=0)
01:04:51.505   preproc max=69056us avg=69013us | infer max=41116us avg=41043us
01:04:51.510   notify out=132 held=114 offlist=54 gated=0 lat max=112179us (0 lower bounds)
01:04:51.519   log sent=2089 dropped=0 lag max=127547us
01:04:51.522   disp sent=87 dropped=0 max=97341us avg=30678us
01:04:51.527 ====================================
01:04:51.530 ====================================
01:04:51.677 in=16128Hz out=16000Hz ring=976 under=0 over=0 (dt=999999us) loglag=127547us
01:04:51.803   pt[560]: min=-406 max=326 avg_abs=81 | fifo=912 under=0 over=0 late=0 mdf_cb=18027 mdf_err=0
01:04:52.316   pt[561]: min=-360 max=374 avg_abs=83 | fifo=960 under=0 over=0 late=0 mdf_cb=18060 mdf_err=0
01:04:52.452 win  300 pos= 4608000  -50dBFS [###.................] rms=  104 peak=  406 seam=ok lag=335us
01:04:52.452   -> clock_tick      p=0.72  preproc=69017us infer=41009us
01:04:52.693 in=16128Hz out=16000Hz ring=1104 under=0 over=0 (dt=1000000us) loglag=127547us
01:04:52.820   pt[562]: min=-366 max=344 avg_abs=93 | fifo=1152 under=0 over=0 late=0 mdf_cb=18092 mdf_err=0
01:04:53.378   pt[563]: min=-328 max=342 avg_abs=85 | fifo=944 under=0 over=0 late=0 mdf_cb=18124 mdf_err=0
01:04:53.382 win  301 pos= 4623360  -49dBFS [###.................] rms=  110 peak=  366 seam=ok lag=335us
01:04:53.385   -> unknown         p=0.44  preproc=68987us infer=41023us
01:04:53.735 in=16128Hz out=16400Hz ring=832 under=0 over=0 (dt=1000000us) loglag=127547us
01:04:53.861   pt[564]: min=-360 max=340 avg_abs=87 | fifo=1136 under=0 over=0 late=0 mdf_cb=18156 mdf_err=0
01:04:54.369 win  302 pos= 4638720  -50dBFS [###.................] rms=  106 peak=  360 seam=ok lag=336us
01:04:54.369   -> unknown         p=0.50  preproc=68995us infer=41066us
01:04:54.369   pt[565]: min=-360 max=344 avg_abs=83 | fifo=928 under=0 over=0 late=0 mdf_cb=18188 mdf_err=0
01:04:54.736 in=16128Hz out=16000Hz ring=960 under=0 over=0 (dt=999999us) loglag=127547us
01:04:54.861   pt[566]: min=-306 max=374 avg_abs=83 | fifo=1120 under=0 over=0 late=0 mdf_cb=18220 mdf_err=0
01:04:55.303 win  303 pos= 4654080  -50dBFS [###.................] rms=  101 peak=  374 seam=ok lag=336us
01:04:55.303   -> clock_tick      p=0.55  preproc=69020us infer=41052us
01:04:55.427   pt[567]: min=-320 max=332 avg_abs=75 | fifo=912 under=0 over=0 late=0 mdf_cb=18252 mdf_err=0
01:04:55.736 in=16128Hz out=16000Hz ring=1088 under=0 over=0 (dt=1000000us) loglag=127547us
01:04:55.928   pt[568]: min=-384 max=350 avg_abs=100 | fifo=960 under=0 over=0 late=0 mdf_cb=18285 mdf_err=0
01:04:56.323 win  304 pos= 4669440  -49dBFS [###.................] rms=  115 peak=  410 seam=ok lag=335us
01:04:56.323   -> unknown         p=0.30  preproc=69022us infer=41027us
01:04:56.445   pt[569]: min=-410 max=296 avg_abs=77 | fifo=1152 under=0 over=0 late=0 mdf_cb=18317 mdf_err=0
01:04:56.752 in=16128Hz out=16400Hz ring=816 under=0 over=0 (dt=999999us) loglag=127547us
01:04:56.946   pt[570]: min=-314 max=324 avg_abs=80 | fifo=944 under=0 over=0 late=0 mdf_cb=18349 mdf_err=0
01:04:57.252 win  305 pos= 4684800  -50dBFS [###.................] rms=   99 peak=  414 seam=ok lag=335us
01:04:57.252   -> unknown         p=0.37  preproc=69010us infer=41049us
01:04:57.444   pt[571]: min=-414 max=348 avg_abs=78 | fifo=1136 under=0 over=0 late=0 mdf_cb=18381 mdf_err=0
01:04:57.752 in=16128Hz out=16000Hz ring=944 under=0 over=0 (dt=1000000us) loglag=127547us
01:04:57.944   pt[572]: min=-328 max=334 avg_abs=85 | fifo=928 under=0 over=0 late=0 mdf_cb=18413 mdf_err=0
01:04:58.194 win  306 pos= 4700160  -50dBFS [###.................] rms=  103 peak=  404 seam=ok lag=333us
01:04:58.194   -> unknown         p=0.48  preproc=68970us infer=41062us
01:04:58.503   pt[573]: min=-392 max=404 avg_abs=91 | fifo=1120 under=0 over=0 late=0 mdf_cb=18445 mdf_err=0
01:04:58.754 in=16128Hz out=16000Hz ring=1072 under=0 over=0 (dt=1000000us) loglag=127547us
01:04:59.009   pt[574]: min=-388 max=352 avg_abs=92 | fifo=912 under=0 over=0 late=0 mdf_cb=18477 mdf_err=0
01:04:59.195 win  307 pos= 4715520  -49dBFS [###.................] rms=  116 peak=  392 seam=ok lag=333us
01:04:59.195   -> unknown         p=0.44  preproc=69017us infer=41037us
01:04:59.503   pt[575]: min=-372 max=338 avg_abs=92 | fifo=704 under=0 over=0 late=0 mdf_cb=18509 mdf_err=0
01:04:59.752 in=16128Hz out=16400Hz ring=800 under=0 over=0 (dt=999999us) loglag=127547us
01:05:00.153   pt[576]: min=-310 max=326 avg_abs=76 | fifo=1152 under=0 over=0 late=0 mdf_cb=18542 mdf_err=0
01:05:00.153 win  308 pos= 4730880  -50dBFS [###.................] rms=  106 peak=  372 seam=ok lag=335us
01:05:00.153   -> unknown         p=0.48  preproc=69051us infer=40989us
01:05:00.518   pt[577]: min=-364 max=340 avg_abs=87 | fifo=944 under=0 over=0 late=0 mdf_cb=18574 mdf_err=0
01:05:00.772 in=16128Hz out=16000Hz ring=928 under=0 over=0 (dt=1000000us) loglag=127547us
01:05:01.109   pt[578]: min=-332 max=360 avg_abs=85 | fifo=1136 under=0 over=0 late=0 mdf_cb=18606 mdf_err=0
01:05:01.109 {"win":309,"cls":"crackling_fire","p":0.60,"lat_ms":112,"under":0,"over":0,"late":0}
01:05:01.109 win  309 pos= 4746240  -50dBFS [###.................] rms=  106 peak=  364 seam=ok lag=338us
01:05:01.109   -> crackling_fire  p=0.60  preproc=69013us infer=41065us
01:05:01.109 ====================================
01:05:01.109 ====================================
01:05:01.109 TAP TOTAL win=309
01:05:01.109 ====================================
01:05:01.109 ====================================
01:05:01.109 tap total: windows=310 (expected 310 from 4763648 samples) overrun=0 torn=0 skipped=0 seam ok=309 NG=0
01:05:01.109   tap lag max=340us (0 of them lower bounds) | tap write max=7321ns avg=5325ns (18608 calls)
01:05:01.118   audio under=0 over=0 late=0 | aed run=310 err=0 (last er=0)
01:05:01.123   preproc max=69056us avg=69012us | infer max=41116us avg=41043us
01:05:01.129   notify out=133 held=121 offlist=56 gated=0 lat max=112179us (0 lower bounds)
01:05:01.135   log sent=2153 dropped=0 lag max=127547us
01:05:01.140   disp sent=88 dropped=0 max=97341us avg=30678us
01:05:01.144 ====================================
01:05:01.147 ====================================
01:05:01.225 lcd: win 309 -> FIRE p=0.60 (97547 us after notify)
01:05:01.596   pt[579]: min=-356 max=396 avg_abs=82 | fifo=928 under=0 over=0 late=0 mdf_cb=18638 mdf_err=0
01:05:01.805 in=16128Hz out=16000Hz ring=1056 under=0 over=0 (dt=1000000us) loglag=127547us
01:05:02.052 {"win":310,"cls":"unknown","p":0.35,"lat_ms":112,"under":0,"over":0,"late":0}
01:05:02.052 win  310 pos= 4761600  -50dBFS [###.................] rms=  101 peak=  396 seam=ok lag=333us
01:05:02.052   -> unknown         p=0.35  preproc=69020us infer=41032us
01:05:02.055   pt[580]: min=-358 max=268 avg_abs=77 | fifo=1120 under=0 over=0 late=0 mdf_cb=18670 mdf_err=0
01:05:02.615   pt[581]: min=-310 max=306 avg_abs=78 | fifo=912 under=0 over=0 late=0 mdf_cb=18702 mdf_err=0
01:05:02.806 in=16128Hz out=16400Hz ring=784 under=0 over=0 (dt=999999us) loglag=127547us
01:05:02.994 win  311 pos= 4776960  -50dBFS [###.................] rms=   98 peak=  356 seam=ok lag=337us
01:05:02.994   -> unknown         p=0.41  preproc=68962us infer=41064us
01:05:03.121   pt[582]: min=-356 max=356 avg_abs=83 | fifo=1104 under=0 over=0 late=0 mdf_cb=18734 mdf_err=0
01:05:03.610   pt[583]: min=-380 max=348 avg_abs=85 | fifo=896 under=0 over=0 late=0 mdf_cb=18766 mdf_err=0
01:05:03.804 in=16128Hz out=16000Hz ring=912 under=0 over=0 (dt=1000000us) loglag=127547us
01:05:04.001 win  312 pos= 4792320  -49dBFS [###.................] rms=  110 peak=  380 seam=ok lag=336us
01:05:04.001   -> clock_tick      p=0.58  preproc=69016us infer=41014us
01:05:04.136   pt[584]: min=-380 max=348 avg_abs=87 | fifo=944 under=0 over=0 late=0 mdf_cb=18799 mdf_err=0
01:05:04.628   pt[585]: min=-338 max=432 avg_abs=87 | fifo=1136 under=0 over=0 late=0 mdf_cb=18831 mdf_err=0
01:05:04.820 in=16128Hz out=16000Hz ring=1040 under=0 over=0 (dt=999999us) loglag=127547us
01:05:04.951 win  313 pos= 4807680  -49dBFS [###.................] rms=  110 peak=  432 seam=ok lag=334us
01:05:04.951   -> unknown         p=0.23  preproc=69028us infer=40993us
01:05:05.161   pt[586]: min=-346 max=356 avg_abs=78 | fifo=928 under=0 over=0 late=0 mdf_cb=18863 mdf_err=0
01:05:05.678   pt[587]: min=-298 max=272 avg_abs=73 | fifo=1120 under=0 over=0 late=0 mdf_cb=18895 mdf_err=0
01:05:05.869 in=16128Hz out=16400Hz ring=768 under=0 over=0 (dt=1000000us) loglag=127547us
01:05:05.869 win  314 pos= 4823040  -51dBFS [###.................] rms=   94 peak=  356 seam=ok lag=335us
01:05:05.871   -> clock_tick      p=0.69  preproc=69026us infer=41023us
01:05:06.199   pt[588]: min=-400 max=344 avg_abs=90 | fifo=912 under=0 over=0 late=0 mdf_cb=18927 mdf_err=0
01:05:06.707   pt[589]: min=-318 max=350 avg_abs=84 | fifo=1104 under=0 over=0 late=0 mdf_cb=18959 mdf_err=0
01:05:06.843 in=16128Hz out=16000Hz ring=896 under=0 over=0 (dt=1000000us) loglag=127547us
01:05:06.843 win  315 pos= 4838400  -50dBFS [###.................] rms=  109 peak=  400 seam=ok lag=335us
01:05:06.843   -> unknown         p=0.30  preproc=69028us infer=40996us
01:05:07.236   pt[590]: min=-396 max=376 avg_abs=83 | fifo=1152 under=0 over=0 late=0 mdf_cb=18992 mdf_err=0
01:05:07.810   pt[591]: min=-342 max=406 avg_abs=86 | fifo=944 under=0 over=0 late=0 mdf_cb=19024 mdf_err=0
01:05:07.810 win  316 pos= 4853760  -50dBFS [###.................] rms=  105 peak=  406 seam=ok lag=336us
01:05:07.810   -> unknown         p=0.49  preproc=68987us infer=40991us
01:05:07.810 in=16128Hz out=16000Hz ring=1024 under=0 over=0 (dt=999999us) loglag=127547us
01:05:08.232   pt[592]: min=-352 max=436 avg_abs=89 | fifo=1136 under=0 over=0 late=0 mdf_cb=19056 mdf_err=0
01:05:08.740 win  317 pos= 4869120  -50dBFS [###.................] rms=  108 peak=  436 seam=ok lag=336us
01:05:08.744   -> unknown         p=0.46  preproc=69019us infer=41040us
01:05:08.750   pt[593]: min=-380 max=308 avg_abs=80 | fifo=928 under=0 over=0 late=0 mdf_cb=19088 mdf_err=0
01:05:08.819 in=16128Hz out=16400Hz ring=752 under=0 over=0 (dt=999999us) loglag=127547us
01:05:09.326   pt[594]: min=-304 max=422 avg_abs=86 | fifo=1120 under=0 over=0 late=0 mdf_cb=19120 mdf_err=0
01:05:09.701 win  318 pos= 4884480  -50dBFS [###.................] rms=  109 peak=  422 seam=ok lag=336us
01:05:09.705   -> unknown         p=0.46  preproc=69026us infer=40995us
01:05:09.835   pt[595]: min=-388 max=308 avg_abs=81 | fifo=912 under=0 over=0 late=0 mdf_cb=19152 mdf_err=0
01:05:09.835 in=16384Hz out=16000Hz ring=1136 under=0 over=0 (dt=1000000us) loglag=127547us
01:05:10.337   pt[596]: min=-340 max=342 avg_abs=78 | fifo=960 under=0 over=0 late=0 mdf_cb=19185 mdf_err=0
01:05:10.662 win  319 pos= 4899840  -50dBFS [###.................] rms=  100 peak=  342 seam=ok lag=334us
01:05:10.665   -> unknown         p=0.42  preproc=69022us infer=41037us
01:05:10.671 ====================================
01:05:10.674 ====================================
01:05:10.677 TAP TOTAL win=319
01:05:10.679 ====================================
01:05:10.682 ====================================
01:05:10.686 tap total: windows=320 (expected 320 from 4917248 samples) overrun=0 torn=0 skipped=0 seam ok=319 NG=0
01:05:10.694   tap lag max=340us (0 of them lower bounds) | tap write max=7321ns avg=5325ns (19208 calls)
01:05:10.702   audio under=0 over=0 late=0 | aed run=320 err=0 (last er=0)
01:05:10.708   preproc max=69056us avg=69012us | infer max=41116us avg=41042us
01:05:10.716   notify out=134 held=128 offlist=58 gated=0 lat max=112179us (0 lower bounds)
01:05:10.722   log sent=2216 dropped=0 lag max=127547us
01:05:10.725   disp sent=88 dropped=0 max=97547us avg=31438us
01:05:10.728 ====================================
01:05:10.728 ====================================
01:05:10.861   pt[597]: min=-338 max=342 avg_abs=87 | fifo=1152 under=0 over=0 late=0 mdf_cb=19217 mdf_err=0
01:05:10.861 in=16128Hz out=16000Hz ring=1264 under=0 over=0 (dt=1000000us) loglag=127547us
01:05:11.360   pt[598]: min=-282 max=276 avg_abs=78 | fifo=944 under=0 over=0 late=0 mdf_cb=19249 mdf_err=0
01:05:11.618 win  320 pos= 4915200  -50dBFS [###.................] rms=  102 peak=  358 seam=ok lag=335us
01:05:11.624   -> unknown         p=0.46  preproc=69030us infer=40979us
01:05:11.886   pt[599]: min=-358 max=368 avg_abs=80 | fifo=1136 under=0 over=0 late=0 mdf_cb=19281 mdf_err=0
01:05:11.886 in=16128Hz out=16400Hz ring=992 under=0 over=0 (dt=1000000us) loglag=127547us
01:05:12.386   pt[600]: min=-318 max=426 avg_abs=87 | fifo=928 under=0 over=0 late=0 mdf_cb=19313 mdf_err=0
01:05:12.627 win  321 pos= 4930560  -49dBFS [###.................] rms=  112 peak=  426 seam=ok lag=332us
01:05:12.627   -> clock_tick      p=0.52  preproc=68965us infer=41030us
01:05:12.876 in=16128Hz out=16000Hz ring=1120 under=0 over=0 (dt=999999us) loglag=127547us
01:05:12.876   pt[601]: min=-406 max=342 avg_abs=91 | fifo=1120 under=0 over=0 late=0 mdf_cb=19345 mdf_err=0
01:05:13.377   pt[602]: min=-300 max=376 avg_abs=80 | fifo=1168 under=0 over=0 late=0 mdf_cb=19378 mdf_err=0
01:05:13.568 win  322 pos= 4945920  -50dBFS [###.................] rms=  106 peak=  376 seam=ok lag=333us
01:05:13.568   -> unknown         p=0.47  preproc=69012us infer=40992us
01:05:13.877 in=16128Hz out=16000Hz ring=1248 under=0 over=0 (dt=1000000us) loglag=127547us
01:05:13.944   pt[603]: min=-1064 max=1256 avg_abs=110 | fifo=960 under=0 over=0 late=0 mdf_cb=19410 mdf_err=0
01:05:14.502   pt[604]: min=-434 max=324 avg_abs=82 | fifo=1152 under=0 over=0 late=0 mdf_cb=19442 mdf_err=0
01:05:14.505 win  323 pos= 4961280  -48dBFS [####................] rms=  125 peak= 1256 seam=ok lag=337us
01:05:14.509   -> clock_tick      p=0.73  preproc=69046us infer=40973us
01:05:14.877 in=16128Hz out=16400Hz ring=976 under=0 over=0 (dt=999999us) loglag=127547us
01:05:14.944   pt[605]: min=-392 max=410 avg_abs=87 | fifo=944 under=0 over=0 late=0 mdf_cb=19474 mdf_err=0
01:05:15.503   pt[606]: min=-614 max=526 avg_abs=106 | fifo=1136 under=0 over=0 late=0 mdf_cb=19506 mdf_err=0
01:05:15.503 win  324 pos= 4976640  -49dBFS [###.................] rms=  122 peak=  614 seam=ok lag=339us
01:05:15.503   -> unknown         p=0.49  preproc=69027us infer=41032us
01:05:15.944 in=16128Hz out=16000Hz ring=1104 under=0 over=0 (dt=1000000us) loglag=127547us
01:05:16.002   pt[607]: min=-1166 max=696 avg_abs=98 | fifo=928 under=0 over=0 late=0 mdf_cb=19538 mdf_err=0
01:05:16.443 win  325 pos= 4992000  -48dBFS [####................] rms=  127 peak= 1166 seam=ok lag=337us
01:05:16.443   -> unknown         p=0.39  preproc=69019us infer=40980us
01:05:16.503   pt[608]: min=-442 max=458 avg_abs=97 | fifo=976 under=0 over=0 late=0 mdf_cb=19571 mdf_err=0
01:05:16.944 in=16128Hz out=16400Hz ring=832 under=0 over=0 (dt=999999us) loglag=127547us
01:05:17.003   pt[609]: min=-468 max=458 avg_abs=98 | fifo=1168 under=0 over=0 late=0 mdf_cb=19603 mdf_err=0
01:05:17.378 win  326 pos= 5007360  -48dBFS [####................] rms=  126 peak=  468 seam=ok lag=335us
01:05:17.386   -> unknown         p=0.29  preproc=68969us infer=41032us
01:05:17.519   pt[610]: min=-424 max=460 avg_abs=101 | fifo=960 under=0 over=0 late=0 mdf_cb=19635 mdf_err=0
01:05:17.961 in=16128Hz out=16000Hz ring=960 under=0 over=0 (dt=1000000us) loglag=127547us
01:05:18.020   pt[611]: min=-354 max=392 avg_abs=93 | fifo=1152 under=0 over=0 late=0 mdf_cb=19667 mdf_err=0
01:05:18.402 win  327 pos= 5022720  -48dBFS [####................] rms=  126 peak=  492 seam=ok lag=338us
01:05:18.402   -> unknown         p=0.34  preproc=69024us infer=41001us
01:05:18.586   pt[612]: min=-492 max=444 avg_abs=108 | fifo=944 under=0 over=0 late=0 mdf_cb=19699 mdf_err=0
01:05:18.960 in=16128Hz out=16000Hz ring=1088 under=0 over=0 (dt=1000000us) loglag=127547us
01:05:19.086   pt[613]: min=-512 max=376 avg_abs=90 | fifo=1136 under=0 over=0 late=0 mdf_cb=19731 mdf_err=0
01:05:19.334 {"win":328,"cls":"sneezing","p":0.59,"lat_ms":112,"under":0,"over":0,"late":0}
01:05:19.334 win  328 pos= 5038080  -49dBFS [###.................] rms=  121 peak=  512 seam=ok lag=336us
01:05:19.334   -> sneezing        p=0.59  preproc=69028us infer=40992us
01:05:19.334 lcd: win 328 -> SNEEZE p=0.59 (22789 us after notify)
01:05:19.586   pt[614]: min=-368 max=424 avg_abs=100 | fifo=928 under=0 over=0 late=0 mdf_cb=19763 mdf_err=0
01:05:19.960 in=16128Hz out=16400Hz ring=816 under=0 over=0 (dt=1000000us) loglag=127547us
01:05:20.084   pt[615]: min=-416 max=384 avg_abs=103 | fifo=976 under=0 over=0 late=0 mdf_cb=19796 mdf_err=0
01:05:20.269 {"win":329,"cls":"unknown","p":0.45,"lat_ms":112,"under":0,"over":0,"late":0}
01:05:20.269 win  329 pos= 5053440  -48dBFS [####................] rms=  126 peak=  424 seam=ok lag=334us
01:05:20.273   -> unknown         p=0.45  preproc=69014us infer=41027us
01:05:20.334 ====================================
01:05:20.334 ====================================
01:05:20.334 TAP TOTAL win=329
01:05:20.334 ====================================
01:05:20.334 ====================================
01:05:20.334 tap total: windows=330 (expected 330 from 5070848 samples) overrun=0 torn=0 skipped=0 seam ok=329 NG=0
01:05:20.334   tap lag max=340us (0 of them lower bounds) | tap write max=7321ns avg=5325ns (19808 calls)
01:05:20.334   audio under=0 over=0 late=0 | aed run=330 err=0 (last er=0)
01:05:20.334   preproc max=69056us avg=69013us | infer max=41116us avg=41041us
01:05:20.334   notify out=136 held=134 offlist=60 gated=0 lat max=112179us (0 lower bounds)
01:05:20.334   log sent=2282 dropped=0 lag max=127547us
01:05:20.334   disp sent=89 dropped=0 max=97547us avg=31341us
01:05:20.394 ====================================
01:05:20.394 ====================================
01:05:20.588   pt[616]: min=-746 max=670 avg_abs=97 | fifo=1168 under=0 over=0 late=0 mdf_cb=19828 mdf_err=0
01:05:20.960 in=16128Hz out=16000Hz ring=944 under=0 over=0 (dt=999999us) loglag=127547us
01:05:21.144   pt[617]: min=-366 max=318 avg_abs=82 | fifo=960 under=0 over=0 late=0 mdf_cb=19860 mdf_err=0
01:05:21.268 win  330 pos= 5068800  -49dBFS [###.................] rms=  114 peak=  746 seam=ok lag=333us
01:05:21.268   -> clock_tick      p=0.80  preproc=69021us infer=41032us
01:05:21.644   pt[618]: min=-388 max=298 avg_abs=79 | fifo=1152 under=0 over=0 late=0 mdf_cb=19892 mdf_err=0
01:05:21.960 in=16128Hz out=16000Hz ring=1072 under=0 over=0 (dt=1000000us) loglag=127547us
01:05:22.209   pt[619]: min=-408 max=504 avg_abs=107 | fifo=944 under=0 over=0 late=0 mdf_cb=19924 mdf_err=0
01:05:22.209 win  331 pos= 5084160  -49dBFS [###.................] rms=  116 peak=  504 seam=ok lag=335us
01:05:22.209   -> unknown         p=0.32  preproc=68986us infer=41033us
01:05:22.643   pt[620]: min=-416 max=444 avg_abs=100 | fifo=736 under=0 over=0 late=0 mdf_cb=19956 mdf_err=0
01:05:22.978 in=16128Hz out=16400Hz ring=800 under=0 over=0 (dt=1000000us) loglag=127547us
01:05:23.159 win  332 pos= 5099520  -48dBFS [####................] rms=  130 peak=  444 seam=ok lag=332us
01:05:23.159   -> unknown         p=0.36  preproc=69021us infer=41022us
01:05:23.159   pt[621]: min=-430 max=442 avg_abs=102 | fifo=1184 under=0 over=0 late=0 mdf_cb=19989 mdf_err=0
01:05:23.727   pt[622]: min=-318 max=296 avg_abs=81 | fifo=976 under=0 over=0 late=0 mdf_cb=20021 mdf_err=0
01:05:23.977 in=16128Hz out=16000Hz ring=928 under=0 over=0 (dt=1000000us) loglag=127547us
01:05:24.102 {"win":333,"cls":"sneezing","p":0.70,"lat_ms":112,"under":0,"over":0,"late":0}
01:05:24.105 win  333 pos= 5114880  -49dBFS [###.................] rms=  116 peak=  446 seam=ok lag=332us
01:05:24.114   -> sneezing        p=0.70  preproc=69017us infer=40979us
01:05:24.177 lcd: win 333 -> SNEEZE p=0.70 (22788 us after notify)
01:05:24.236   pt[623]: min=-386 max=446 avg_abs=107 | fifo=1168 under=0 over=0 late=0 mdf_cb=20053 mdf_err=0
01:05:24.744   pt[624]: min=-470 max=574 avg_abs=103 | fifo=960 under=0 over=0 late=0 mdf_cb=20085 mdf_err=0
01:05:25.120 in=16128Hz out=16000Hz ring=1056 under=0 over=0 (dt=1000000us) loglag=127547us
01:05:25.120 {"win":334,"cls":"unknown","p":0.29,"lat_ms":112,"under":0,"over":0,"late":0}
01:05:25.120 win  334 pos= 5130240  -48dBFS [####................] rms=  134 peak=  574 seam=ok lag=331us
01:05:25.120   -> unknown         p=0.29  preproc=69028us infer=40995us
01:05:25.236   pt[625]: min=-374 max=442 avg_abs=108 | fifo=1152 under=0 over=0 late=0 mdf_cb=20117 mdf_err=0
01:05:25.735   pt[626]: min=-492 max=314 avg_abs=96 | fifo=944 under=0 over=0 late=0 mdf_cb=20149 mdf_err=0
01:05:26.051 in=16128Hz out=16400Hz ring=784 under=0 over=0 (dt=999999us) loglag=127547us
01:05:26.051 win  335 pos= 5145600  -49dBFS [###.................] rms=  122 peak=  492 seam=ok lag=332us
01:05:26.051   -> unknown         p=0.48  preproc=69032us infer=40966us
01:05:26.302   pt[627]: min=-370 max=312 avg_abs=82 | fifo=992 under=0 over=0 late=0 mdf_cb=20182 mdf_err=0
01:05:26.819   pt[628]: min=-310 max=446 avg_abs=81 | fifo=1184 under=0 over=0 late=0 mdf_cb=20214 mdf_err=0
01:05:27.001 in=16384Hz out=16000Hz ring=1168 under=0 over=0 (dt=999999us) loglag=127547us
01:05:27.001 win  336 pos= 5160960  -50dBFS [###.................] rms=   99 peak=  446 seam=ok lag=335us
01:05:27.001   -> clock_tick      p=0.57  preproc=68965us infer=41048us
01:05:27.319   pt[629]: min=-294 max=356 avg_abs=83 | fifo=976 under=0 over=0 late=0 mdf_cb=20246 mdf_err=0
01:05:27.819   pt[630]: min=-448 max=444 avg_abs=98 | fifo=1168 under=0 over=0 late=0 mdf_cb=20278 mdf_err=0
01:05:27.944 win  337 pos= 5176320  -49dBFS [###.................] rms=  114 peak=  448 seam=ok lag=330us
01:05:27.947   -> unknown         p=0.41  preproc=69011us infer=41037us
01:05:28.018 in=16128Hz out=16000Hz ring=1296 under=0 over=0 (dt=999999us) loglag=127547us
01:05:28.352   pt[631]: min=-346 max=300 avg_abs=88 | fifo=960 under=0 over=0 late=0 mdf_cb=20310 mdf_err=0
01:05:28.909   pt[632]: min=-332 max=386 avg_abs=84 | fifo=1152 under=0 over=0 late=0 mdf_cb=20342 mdf_err=0
01:05:28.909 {"win":338,"cls":"sneezing","p":0.55,"lat_ms":112,"under":0,"over":0,"late":0}
01:05:28.909 win  338 pos= 5191680  -50dBFS [###.................] rms=  108 peak=  386 seam=ok lag=333us
01:05:28.977   -> sneezing        p=0.55  preproc=69053us infer=41057us
01:05:28.977 lcd: win 338 -> SNEEZE p=0.55 (31316 us after notify)
01:05:29.036 in=16128Hz out=16400Hz ring=1024 under=0 over=0 (dt=1000000us) loglag=127547us
01:05:29.352   pt[633]: min=-358 max=356 avg_abs=83 | fifo=944 under=0 over=0 late=0 mdf_cb=20374 mdf_err=0
01:05:29.909   pt[634]: min=-388 max=370 avg_abs=83 | fifo=736 under=0 over=0 late=0 mdf_cb=20406 mdf_err=0
01:05:29.909 {"win":339,"cls":"unknown","p":0.27,"lat_ms":112,"under":0,"over":0,"late":0}
01:05:29.909 win  339 pos= 5207040  -50dBFS [###.................] rms=  104 peak=  388 seam=ok lag=337us
01:05:29.909   -> unknown         p=0.27  preproc=69018us infer=41093us
01:05:29.909 ====================================
01:05:29.909 ====================================
01:05:29.909 TAP TOTAL win=339
01:05:29.909 ====================================
01:05:29.909 ====================================
01:05:29.909 tap total: windows=340 (expected 340 from 5224448 samples) overrun=0 torn=0 skipped=0 seam ok=339 NG=0
01:05:29.978   tap lag max=340us (0 of them lower bounds) | tap write max=7321ns avg=5325ns (20408 calls)
01:05:29.978   audio under=0 over=0 late=0 | aed run=340 err=0 (last er=0)
01:05:29.978   preproc max=69056us avg=69013us | infer max=41116us avg=41040us
01:05:29.978   notify out=140 held=138 offlist=62 gated=0 lat max=112179us (0 lower bounds)
01:05:29.978   log sent=2350 dropped=0 lag max=127547us
01:05:29.978   disp sent=91 dropped=0 max=97547us avg=31246us
01:05:29.978 ====================================
01:05:29.978 ====================================
01:05:30.036 in=15872Hz out=16000Hz ring=896 under=0 over=0 (dt=999999us) loglag=127547us
01:05:30.409   pt[635]: min=-302 max=428 avg_abs=80 | fifo=1184 under=0 over=0 late=0 mdf_cb=20439 mdf_err=0
01:05:30.853 win  340 pos= 5222400  -50dBFS [###.................] rms=  106 peak=  428 seam=ok lag=337us
01:05:30.853   -> unknown         p=0.38  preproc=69024us infer=41035us
01:05:30.909   pt[636]: min=-344 max=406 avg_abs=82 | fifo=976 under=0 over=0 late=0 mdf_cb=20471 mdf_err=0
01:05:31.036 in=16128Hz out=16000Hz ring=1024 under=0 over=0 (dt=999999us) loglag=127547us
01:05:31.427   pt[637]: min=-420 max=350 avg_abs=87 | fifo=1168 under=0 over=0 late=0 mdf_cb=20503 mdf_err=0
01:05:31.801 win  341 pos= 5237760  -50dBFS [###.................] rms=  108 peak=  420 seam=ok lag=336us
01:05:31.801   -> unknown         p=0.47  preproc=68956us infer=41098us
01:05:31.927   pt[638]: min=-350 max=382 avg_abs=85 | fifo=960 under=0 over=0 late=0 mdf_cb=20535 mdf_err=0
01:05:32.052 in=16128Hz out=16400Hz ring=752 under=0 over=0 (dt=1000000us) loglag=127547us
01:05:32.444   pt[639]: min=-322 max=354 avg_abs=83 | fifo=1152 under=0 over=0 late=0 mdf_cb=20567 mdf_err=0
01:05:32.752 win  342 pos= 5253120  -50dBFS [###.................] rms=  103 peak=  382 seam=ok lag=334us
01:05:32.752   -> clock_tick      p=0.73  preproc=69021us infer=41070us
01:05:32.944   pt[640]: min=-380 max=356 avg_abs=82 | fifo=944 under=0 over=0 late=0 mdf_cb=20599 mdf_err=0
01:05:33.068 in=16128Hz out=16000Hz ring=880 under=0 over=0 (dt=999999us) loglag=127547us
01:05:33.444   pt[641]: min=-396 max=312 avg_abs=86 | fifo=1136 under=0 over=0 late=0 mdf_cb=20631 mdf_err=0
01:05:33.751 win  343 pos= 5268480  -49dBFS [###.................] rms=  111 peak=  396 seam=ok lag=337us
01:05:33.751   -> unknown         p=0.34  preproc=69028us infer=41041us
01:05:34.009   pt[642]: min=-354 max=386 avg_abs=102 | fifo=928 under=0 over=0 late=0 mdf_cb=20663 mdf_err=0
01:05:34.070 in=16128Hz out=16000Hz ring=1008 under=0 over=0 (dt=1000000us) loglag=127547us
01:05:34.503   pt[643]: min=-380 max=362 avg_abs=82 | fifo=976 under=0 over=0 late=0 mdf_cb=20696 mdf_err=0
01:05:34.694 win  344 pos= 5283840  -49dBFS [###.................] rms=  113 peak=  380 seam=ok lag=336us
01:05:34.694   -> unknown         p=0.43  preproc=69027us infer=41062us
01:05:35.003   pt[644]: min=-378 max=376 avg_abs=95 | fifo=1168 under=0 over=0 late=0 mdf_cb=20728 mdf_err=0
01:05:35.070 in=16128Hz out=16400Hz ring=736 under=0 over=0 (dt=1000000us) loglag=127547us
01:05:35.501   pt[645]: min=-406 max=420 avg_abs=87 | fifo=960 under=0 over=0 late=0 mdf_cb=20760 mdf_err=0
01:05:35.634 win  345 pos= 5299200  -49dBFS [###.................] rms=  117 peak=  420 seam=ok lag=334us
01:05:35.634   -> unknown         p=0.31  preproc=69017us infer=41038us
01:05:36.068   pt[646]: min=-410 max=358 avg_abs=95 | fifo=1152 under=0 over=0 late=0 mdf_cb=20792 mdf_err=0
01:05:36.068 in=16128Hz out=16000Hz ring=864 under=0 over=0 (dt=999999us) loglag=127547us
01:05:36.636   pt[647]: min=-340 max=356 avg_abs=83 | fifo=944 under=0 over=0 late=0 mdf_cb=20824 mdf_err=0
01:05:36.636 win  346 pos= 5314560  -49dBFS [###.................] rms=  112 peak=  410 seam=ok lag=335us
01:05:36.636   -> unknown         p=0.36  preproc=68986us infer=41102us
01:05:37.068   pt[648]: min=-300 max=380 avg_abs=76 | fifo=1136 under=0 over=0 late=0 mdf_cb=20856 mdf_err=0
01:05:37.068 in=16128Hz out=16000Hz ring=992 under=0 over=0 (dt=999999us) loglag=127547us
01:05:37.567 win  347 pos= 5329920  -50dBFS [###.................] rms=  103 peak=  388 seam=ok lag=335us
01:05:37.567   -> unknown         p=0.38  preproc=69020us infer=41056us
01:05:37.567   pt[649]: min=-388 max=338 avg_abs=84 | fifo=928 under=0 over=0 late=0 mdf_cb=20888 mdf_err=0
01:05:38.085 in=16128Hz out=16000Hz ring=1120 under=0 over=0 (dt=1000000us) loglag=127547us
01:05:38.085   pt[650]: min=-328 max=300 avg_abs=80 | fifo=1120 under=0 over=0 late=0 mdf_cb=20920 mdf_err=0
01:05:38.518 win  348 pos= 5345280  -50dBFS [###.................] rms=  100 peak=  358 seam=ok lag=334us
01:05:38.518   -> unknown         p=0.37  preproc=69014us infer=41107us
01:05:38.579   pt[651]: min=-308 max=358 avg_abs=85 | fifo=912 under=0 over=0 late=0 mdf_cb=20952 mdf_err=0
01:05:39.085 in=16128Hz out=16400Hz ring=848 under=0 over=0 (dt=1000000us) loglag=127547us
01:05:39.143   pt[652]: min=-304 max=346 avg_abs=85 | fifo=704 under=0 over=0 late=0 mdf_cb=20984 mdf_err=0
01:05:39.461 win  349 pos= 5360640  -50dBFS [###.................] rms=  105 peak=  354 seam=ok lag=334us
01:05:39.468   -> unknown         p=0.28  preproc=69019us infer=41103us
01:05:39.468 ====================================
01:05:39.526 ====================================
01:05:39.526 TAP TOTAL win=349
01:05:39.526 ====================================
01:05:39.526 ====================================
01:05:39.526 tap total: windows=350 (expected 350 from 5378048 samples) overrun=0 torn=0 skipped=0 seam ok=349 NG=0
01:05:39.526   tap lag max=340us (0 of them lower bounds) | tap write max=7768ns avg=5325ns (21008 calls)
01:05:39.526   audio under=0 over=0 late=0 | aed run=350 err=0 (last er=0)
01:05:39.526   preproc max=69056us avg=69013us | infer max=41116us avg=41041us
01:05:39.526   notify out=140 held=147 offlist=63 gated=0 lat max=112179us (0 lower bounds)
01:05:39.526   log sent=2412 dropped=0 lag max=127547us
01:05:39.594   disp sent=91 dropped=0 max=97547us avg=31246us
01:05:39.594 ====================================
01:05:39.594 ====================================
01:05:39.660   pt[653]: min=-354 max=400 avg_abs=79 | fifo=1152 under=0 over=0 late=0 mdf_cb=21017 mdf_err=0
01:05:40.103 in=16128Hz out=16000Hz ring=976 under=0 over=0 (dt=1000000us) loglag=127547us
01:05:40.160   pt[654]: min=-318 max=368 avg_abs=79 | fifo=944 under=0 over=0 late=0 mdf_cb=21049 mdf_err=0
01:05:40.478 win  350 pos= 5376000  -50dBFS [###.................] rms=  100 peak=  400 seam=ok lag=336us
01:05:40.478   -> unknown         p=0.49  preproc=69019us infer=41000us
01:05:40.660   pt[655]: min=-374 max=312 avg_abs=86 | fifo=1136 under=0 over=0 late=0 mdf_cb=21081 mdf_err=0
01:05:41.124 in=16128Hz out=16000Hz ring=1104 under=0 over=0 (dt=1000000us) loglag=127547us
01:05:41.178   pt[656]: min=-364 max=356 avg_abs=83 | fifo=928 under=0 over=0 late=0 mdf_cb=21113 mdf_err=0
01:05:41.427 win  351 pos= 5391360  -50dBFS [###.................] rms=  104 peak=  374 seam=ok lag=334us
01:05:41.427   -> unknown         p=0.48  preproc=68964us infer=41039us
01:05:41.678   pt[657]: min=-382 max=460 avg_abs=90 | fifo=1120 under=0 over=0 late=0 mdf_cb=21145 mdf_err=0
01:05:42.119 in=16128Hz out=16400Hz ring=832 under=0 over=0 (dt=999999us) loglag=127547us
01:05:42.179   pt[658]: min=-360 max=346 avg_abs=84 | fifo=912 under=0 over=0 late=0 mdf_cb=21177 mdf_err=0
01:05:42.359 win  352 pos= 5406720  -49dBFS [###.................] rms=  112 peak=  460 seam=ok lag=333us
01:05:42.359   -> unknown         p=0.44  preproc=69015us infer=41037us
01:05:42.736   pt[659]: min=-422 max=352 avg_abs=86 | fifo=1104 under=0 over=0 late=0 mdf_cb=21209 mdf_err=0
01:05:43.111 in=16128Hz out=16000Hz ring=960 under=0 over=0 (dt=999999us) loglag=127547us
01:05:43.367   pt[660]: min=-358 max=354 avg_abs=83 | fifo=896 under=0 over=0 late=0 mdf_cb=21241 mdf_err=0
01:05:43.367 win  353 pos= 5422080  -50dBFS [###.................] rms=  107 peak=  422 seam=ok lag=333us
01:05:43.367   -> unknown         p=0.28  preproc=69038us infer=41080us
01:05:43.743   pt[661]: min=-328 max=350 avg_abs=78 | fifo=944 under=0 over=0 late=0 mdf_cb=21274 mdf_err=0
01:05:44.117 in=16128Hz out=16000Hz ring=1088 under=0 over=0 (dt=999999us) loglag=127547us
01:05:44.300   pt[662]: min=-360 max=316 avg_abs=76 | fifo=1136 under=0 over=0 late=0 mdf_cb=21306 mdf_err=0
01:05:44.300 win  354 pos= 5437440  -50dBFS [###.................] rms=   98 peak=  360 seam=ok lag=335us
01:05:44.300   -> unknown         p=0.30  preproc=69010us infer=41072us
01:05:44.802   pt[663]: min=-342 max=308 avg_abs=80 | fifo=928 under=0 over=0 late=0 mdf_cb=21338 mdf_err=0
01:05:45.237 in=16128Hz out=16400Hz ring=816 under=0 over=0 (dt=1000000us) loglag=127547us
01:05:45.237 win  355 pos= 5452800  -50dBFS [###.................] rms=  104 peak=  430 seam=ok lag=337us
01:05:45.237   -> unknown         p=0.28  preproc=69026us infer=41025us
01:05:45.302   pt[664]: min=-350 max=430 avg_abs=84 | fifo=1120 under=0 over=0 late=0 mdf_cb=21370 mdf_err=0
01:05:45.803   pt[665]: min=-288 max=346 avg_abs=80 | fifo=912 under=0 over=0 late=0 mdf_cb=21402 mdf_err=0
01:05:46.193 in=16128Hz out=16000Hz ring=944 under=0 over=0 (dt=999999us) loglag=127547us
01:05:46.193 win  356 pos= 5468160  -50dBFS [###.................] rms=  100 peak=  346 seam=ok lag=338us
01:05:46.197   -> unknown         p=0.34  preproc=68959us infer=41052us
01:05:46.319   pt[666]: min=-330 max=320 avg_abs=80 | fifo=1104 under=0 over=0 late=0 mdf_cb=21434 mdf_err=0
01:05:46.818   pt[667]: min=-372 max=302 avg_abs=81 | fifo=896 under=0 over=0 late=0 mdf_cb=21466 mdf_err=0
01:05:47.194 in=16128Hz out=16000Hz ring=1072 under=0 over=0 (dt=1000000us) loglag=127547us
01:05:47.194 win  357 pos= 5483520  -50dBFS [###.................] rms=  102 peak=  406 seam=ok lag=338us
01:05:47.194   -> unknown         p=0.32  preproc=69016us infer=41040us
01:05:47.318   pt[668]: min=-342 max=406 avg_abs=79 | fifo=1088 under=0 over=0 late=0 mdf_cb=21498 mdf_err=0
01:05:47.835   pt[669]: min=-316 max=450 avg_abs=87 | fifo=880 under=0 over=0 late=0 mdf_cb=21530 mdf_err=0
01:05:48.144 win  358 pos= 5498880  -50dBFS [###.................] rms=  105 peak=  450 seam=ok lag=335us
01:05:48.144   -> unknown         p=0.45  preproc=69026us infer=41056us
01:05:48.144 in=16128Hz out=16000Hz ring=1200 under=0 over=0 (dt=999999us) loglag=127547us
01:05:48.394   pt[670]: min=-356 max=356 avg_abs=87 | fifo=1328 under=0 over=0 late=0 mdf_cb=21563 mdf_err=0
01:05:48.894   pt[671]: min=-398 max=306 avg_abs=83 | fifo=1120 under=0 over=0 late=0 mdf_cb=21595 mdf_err=0
01:05:49.084 win  359 pos= 5514240  -50dBFS [###.................] rms=  104 peak=  398 seam=ok lag=337us
01:05:49.084   -> clock_tick      p=0.61  preproc=69013us infer=41085us
01:05:49.084 ====================================
01:05:49.084 ====================================
01:05:49.084 TAP TOTAL win=359
01:05:49.084 ====================================
01:05:49.142 ====================================
01:05:49.142 tap total: windows=360 (expected 360 from 5531648 samples) overrun=0 torn=0 skipped=0 seam ok=359 NG=0
01:05:49.142   tap lag max=340us (0 of them lower bounds) | tap write max=7768ns avg=5325ns (21608 calls)
01:05:49.142   audio under=0 over=0 late=0 | aed run=360 err=0 (last er=0)
01:05:49.142   preproc max=69056us avg=69012us | infer max=41116us avg=41041us
01:05:49.142   notify out=140 held=156 offlist=64 gated=0 lat max=112179us (0 lower bounds)
01:05:49.142   log sent=2474 dropped=0 lag max=127547us
01:05:49.142   disp sent=91 dropped=0 max=97547us avg=31246us
01:05:49.142 ====================================
01:05:49.142 ====================================
01:05:49.209 in=16128Hz out=16400Hz ring=928 under=0 over=0 (dt=1000000us) loglag=127547us
01:05:49.394   pt[672]: min=-316 max=390 avg_abs=86 | fifo=912 under=0 over=0 late=0 mdf_cb=21627 mdf_err=0
01:05:49.892   pt[673]: min=-400 max=394 avg_abs=80 | fifo=1104 under=0 over=0 late=0 mdf_cb=21659 mdf_err=0
01:05:50.085 win  360 pos= 5529600  -50dBFS [###.................] rms=  105 peak=  400 seam=ok lag=334us
01:05:50.085   -> unknown         p=0.48  preproc=69026us infer=41046us
01:05:50.209 in=16128Hz out=16000Hz ring=1056 under=0 over=0 (dt=999999us) loglag=127547us
01:05:50.460   pt[674]: min=-322 max=358 avg_abs=81 | fifo=896 under=0 over=0 late=0 mdf_cb=21691 mdf_err=0
01:05:51.018   pt[675]: min=-336 max=332 avg_abs=80 | fifo=1088 under=0 over=0 late=0 mdf_cb=21723 mdf_err=0
01:05:51.018 win  361 pos= 5544960  -50dBFS [###.................] rms=  102 peak=  358 seam=ok lag=337us
01:05:51.018   -> unknown         p=0.37  preproc=68979us infer=41038us
01:05:51.210 in=16128Hz out=16000Hz ring=1184 under=0 over=0 (dt=1000000us) loglag=127547us
01:05:51.460   pt[676]: min=-298 max=306 avg_abs=82 | fifo=880 under=0 over=0 late=0 mdf_cb=21755 mdf_err=0
01:05:51.959   pt[677]: min=-404 max=340 avg_abs=82 | fifo=1072 under=0 over=0 late=0 mdf_cb=21787 mdf_err=0
01:05:51.959 win  362 pos= 5560320  -50dBFS [###.................] rms=  101 peak=  404 seam=ok lag=337us
01:05:51.959   -> clock_tick      p=0.64  preproc=69012us infer=41018us
01:05:52.209 in=16128Hz out=16400Hz ring=912 under=0 over=0 (dt=1000000us) loglag=127547us
01:05:52.459   pt[678]: min=-316 max=404 avg_abs=85 | fifo=864 under=0 over=0 late=0 mdf_cb=21819 mdf_err=0
01:05:52.960 win  363 pos= 5575680  -50dBFS [###.................] rms=  108 peak=  404 seam=ok lag=336us
01:05:52.960   -> clock_tick      p=0.56  preproc=69018us infer=41064us
01:05:53.017   pt[679]: min=-384 max=350 avg_abs=87 | fifo=1056 under=0 over=0 late=0 mdf_cb=21851 mdf_err=0
01:05:53.209 in=16128Hz out=16000Hz ring=1040 under=0 over=0 (dt=1000000us) loglag=127547us
01:05:53.518   pt[680]: min=-404 max=334 avg_abs=83 | fifo=1104 under=0 over=0 late=0 mdf_cb=21884 mdf_err=0
01:05:53.893 win  364 pos= 5591040  -50dBFS [###.................] rms=  103 peak=  404 seam=ok lag=334us
01:05:53.893   -> clock_tick      p=0.76  preproc=69016us infer=41070us
01:05:54.019   pt[681]: min=-582 max=352 avg_abs=83 | fifo=1296 under=0 over=0 late=0 mdf_cb=21916 mdf_err=0
01:05:54.219 in=16128Hz out=16000Hz ring=1168 under=0 over=0 (dt=999999us) loglag=127547us
01:05:54.535   pt[682]: min=-344 max=392 avg_abs=88 | fifo=1088 under=0 over=0 late=0 mdf_cb=21948 mdf_err=0
01:05:54.850 {"win":365,"cls":"sneezing","p":0.58,"lat_ms":112,"under":0,"over":0,"late":0}
01:05:54.850 win  365 pos= 5606400  -49dBFS [###.................] rms=  111 peak=  582 seam=ok lag=336us
01:05:54.850   -> sneezing        p=0.58  preproc=69017us infer=41037us
01:05:54.850 lcd: win 365 -> SNEEZE p=0.58 (22790 us after notify)
01:05:55.035   pt[683]: min=-366 max=418 avg_abs=82 | fifo=880 under=0 over=0 late=0 mdf_cb=21980 mdf_err=0
01:05:55.227 in=16128Hz out=16000Hz ring=1296 under=0 over=0 (dt=1000000us) loglag=127547us
01:05:55.602   pt[684]: min=-318 max=370 avg_abs=84 | fifo=1072 under=0 over=0 late=0 mdf_cb=22012 mdf_err=0
01:05:55.786 {"win":366,"cls":"unknown","p":0.37,"lat_ms":112,"under":0,"over":0,"late":0}
01:05:55.791 win  366 pos= 5621760  -50dBFS [###.................] rms=  105 peak=  370 seam=ok lag=336us
01:05:55.851   -> unknown         p=0.37  preproc=68970us infer=41066us
01:05:56.101   pt[685]: min=-348 max=346 avg_abs=82 | fifo=864 under=0 over=0 late=0 mdf_cb=22044 mdf_err=0
01:05:56.227 in=16128Hz out=16400Hz ring=1024 under=0 over=0 (dt=999999us) loglag=127547us
01:05:56.601   pt[686]: min=-366 max=352 avg_abs=91 | fifo=1056 under=0 over=0 late=0 mdf_cb=22076 mdf_err=0
01:05:56.785 win  367 pos= 5637120  -50dBFS [###.................] rms=  109 peak=  366 seam=ok lag=334us
01:05:56.785   -> unknown         p=0.40  preproc=69028us infer=41011us
01:05:57.101   pt[687]: min=-346 max=312 avg_abs=75 | fifo=848 under=0 over=0 late=0 mdf_cb=22108 mdf_err=0
01:05:57.236 in=16128Hz out=16000Hz ring=1152 under=0 over=0 (dt=999999us) loglag=127547us
01:05:57.742   pt[688]: min=-456 max=490 avg_abs=106 | fifo=1296 under=0 over=0 late=0 mdf_cb=22141 mdf_err=0
01:05:57.742 win  368 pos= 5652480  -49dBFS [###.................] rms=  120 peak=  490 seam=ok lag=356us
01:05:57.742   -> clock_tick      p=0.52  preproc=69020us infer=41043us
01:05:58.118   pt[689]: min=-370 max=354 avg_abs=89 | fifo=1088 under=0 over=0 late=0 mdf_cb=22173 mdf_err=0
01:05:58.235 in=16128Hz out=16000Hz ring=1280 under=0 over=0 (dt=1000000us) loglag=127547us
01:05:58.676   pt[690]: min=-388 max=312 avg_abs=84 | fifo=1280 under=0 over=0 late=0 mdf_cb=22205 mdf_err=0
01:05:58.676 win  369 pos= 5667840  -49dBFS [###.................] rms=  111 peak=  388 seam=ok lag=332us
01:05:58.742   -> unknown         p=0.37  preproc=69041us infer=41088us
01:05:58.742 ====================================
01:05:58.742 ====================================
01:05:58.742 TAP TOTAL win=369
01:05:58.742 ====================================
01:05:58.742 ====================================
01:05:58.742 tap total: windows=370 (expected 370 from 5685248 samples) overrun=0 torn=0 skipped=0 seam ok=369 NG=0
01:05:58.742   tap lag max=356us (0 of them lower bounds) | tap write max=7768ns avg=5325ns (22208 calls)
01:05:58.742   audio under=0 over=0 late=0 | aed run=370 err=0 (last er=0)
01:05:58.742   preproc max=69056us avg=69012us | infer max=41116us avg=41041us
01:05:58.742   notify out=142 held=160 offlist=68 gated=0 lat max=112179us (0 lower bounds)
01:05:58.742   log sent=2540 dropped=0 lag max=127547us
01:05:58.742   disp sent=92 dropped=0 max=97547us avg=31155us
01:05:58.802 ====================================
01:05:58.802 ====================================
01:05:59.177   pt[691]: min=-302 max=358 avg_abs=81 | fifo=1072 under=0 over=0 late=0 mdf_cb=22237 mdf_err=0
01:05:59.236 in=16128Hz out=16400Hz ring=1008 under=0 over=0 (dt=1000000us) loglag=127547us
01:05:59.677 win  370 pos= 5683200  -50dBFS [###.................] rms=  104 peak=  370 seam=ok lag=338us
01:05:59.677   -> unknown         p=0.35  preproc=69024us infer=41017us
01:05:59.677   pt[692]: min=-322 max=370 avg_abs=87 | fifo=864 under=0 over=0 late=0 mdf_cb=22269 mdf_err=0
01:06:00.176   pt[693]: min=-324 max=350 avg_abs=85 | fifo=1056 under=0 over=0 late=0 mdf_cb=22301 mdf_err=0
01:06:00.243 in=16128Hz out=16000Hz ring=1136 under=0 over=0 (dt=999999us) loglag=127547us
01:06:00.618 win  371 pos= 5698560  -50dBFS [###.................] rms=  107 peak=  370 seam=ok lag=338us
01:06:00.618   -> unknown         p=0.27  preproc=68956us infer=41031us
01:06:00.678   pt[694]: min=-334 max=334 avg_abs=83 | fifo=848 under=0 over=0 late=0 mdf_cb=22333 mdf_err=0
01:06:01.243   pt[695]: min=-314 max=330 avg_abs=78 | fifo=1040 under=0 over=0 late=0 mdf_cb=22365 mdf_err=0
01:06:01.243 in=16128Hz out=16000Hz ring=1264 under=0 over=0 (dt=1000000us) loglag=127547us
01:06:01.551 win  372 pos= 5713920  -50dBFS [###.................] rms=  101 peak=  334 seam=ok lag=336us
01:06:01.551   -> unknown         p=0.39  preproc=69024us infer=41073us
01:06:01.743   pt[696]: min=-334 max=308 avg_abs=76 | fifo=832 under=0 over=0 late=0 mdf_cb=22397 mdf_err=0
01:06:02.243   pt[697]: min=-336 max=312 avg_abs=82 | fifo=1280 under=0 over=0 late=0 mdf_cb=22430 mdf_err=0
01:06:02.302 in=15872Hz out=16400Hz ring=736 under=0 over=0 (dt=999999us) loglag=127547us
01:06:02.551 win  373 pos= 5729280  -50dBFS [###.................] rms=  103 peak=  336 seam=ok lag=337us
01:06:02.551   -> unknown         p=0.50  preproc=69017us infer=41087us
01:06:02.734   pt[698]: min=-422 max=360 avg_abs=86 | fifo=1072 under=0 over=0 late=0 mdf_cb=22462 mdf_err=0
01:06:03.251   pt[699]: min=-354 max=280 avg_abs=81 | fifo=1264 under=0 over=0 late=0 mdf_cb=22494 mdf_err=0
01:06:03.317 in=16128Hz out=16000Hz ring=864 under=0 over=0 (dt=1000000us) loglag=127547us
01:06:03.510 win  374 pos= 5744640  -50dBFS [###.................] rms=  103 peak=  422 seam=ok lag=335us
01:06:03.510   -> unknown         p=0.44  preproc=69018us infer=41063us
01:06:03.761   pt[700]: min=-358 max=354 avg_abs=80 | fifo=1056 under=0 over=0 late=0 mdf_cb=22526 mdf_err=0
01:06:04.268 in=16128Hz out=16000Hz ring=992 under=0 over=0 (dt=999999us) loglag=127547us
01:06:04.334   pt[701]: min=-282 max=364 avg_abs=79 | fifo=848 under=0 over=0 late=0 mdf_cb=22558 mdf_err=0
01:06:04.460 win  375 pos= 5760000  -50dBFS [###.................] rms=   99 peak=  364 seam=ok lag=337us
01:06:04.460   -> unknown         p=0.35  preproc=69025us infer=41037us
01:06:04.834   pt[702]: min=-360 max=350 avg_abs=89 | fifo=1040 under=0 over=0 late=0 mdf_cb=22590 mdf_err=0
01:06:05.335 in=16128Hz out=16000Hz ring=1120 under=0 over=0 (dt=1000000us) loglag=127547us
01:06:05.393   pt[703]: min=-280 max=374 avg_abs=80 | fifo=832 under=0 over=0 late=0 mdf_cb=22622 mdf_err=0
01:06:05.460 win  376 pos= 5775360  -50dBFS [###.................] rms=  106 peak=  374 seam=ok lag=336us
01:06:05.460   -> unknown         p=0.49  preproc=68978us infer=41085us
01:06:05.834   pt[704]: min=-394 max=328 avg_abs=85 | fifo=1024 under=0 over=0 late=0 mdf_cb=22654 mdf_err=0
01:06:06.392 in=16128Hz out=16400Hz ring=848 under=0 over=0 (dt=1000000us) loglag=127547us
01:06:06.392   pt[705]: min=-412 max=434 avg_abs=78 | fifo=816 under=0 over=0 late=0 mdf_cb=22686 mdf_err=0
01:06:06.392 win  377 pos= 5790720  -50dBFS [###.................] rms=  106 peak=  434 seam=ok lag=336us
01:06:06.392   -> unknown         p=0.39  preproc=69018us infer=41083us
01:06:06.894   pt[706]: min=-314 max=294 avg_abs=71 | fifo=1264 under=0 over=0 late=0 mdf_cb=22719 mdf_err=0
01:06:07.334 in=16128Hz out=16000Hz ring=976 under=0 over=0 (dt=1000000us) loglag=127547us
01:06:07.334 win  378 pos= 5806080  -51dBFS [###.................] rms=   96 peak=  370 seam=ok lag=335us
01:06:07.334   -> clock_tick      p=0.51  preproc=69017us infer=41089us
01:06:07.393   pt[707]: min=-282 max=370 avg_abs=84 | fifo=1056 under=0 over=0 late=0 mdf_cb=22751 mdf_err=0
01:06:07.893   pt[708]: min=-322 max=278 avg_abs=72 | fifo=1248 under=0 over=0 late=0 mdf_cb=22783 mdf_err=0
01:06:08.268 win  379 pos= 5821440  -51dBFS [###.................] rms=   97 peak=  362 seam=ok lag=335us
01:06:08.273   -> clock_tick      p=0.51  preproc=69020us infer=41084us
01:06:08.336 ====================================
01:06:08.336 ====================================
01:06:08.336 TAP TOTAL win=379
01:06:08.336 ====================================
01:06:08.336 ====================================
01:06:08.336 tap total: windows=380 (expected 380 from 5838848 samples) overrun=0 torn=0 skipped=0 seam ok=379 NG=0
01:06:08.336   tap lag max=356us (0 of them lower bounds) | tap write max=7768ns avg=5325ns (22808 calls)
01:06:08.336   audio under=0 over=0 late=0 | aed run=380 err=0 (last er=0)
01:06:08.336   preproc max=69056us avg=69012us | infer max=41116us avg=41042us
01:06:08.336   notify out=142 held=168 offlist=70 gated=0 lat max=112179us (0 lower bounds)
01:06:08.336   log sent=2601 dropped=0 lag max=127547us
01:06:08.336   disp sent=92 dropped=0 max=97547us avg=31155us
01:06:08.339 ====================================
01:06:08.392 ====================================
01:06:08.392 in=16086Hz out=15958Hz ring=1104 under=0 over=0 (dt=1002592us) loglag=127547us
01:06:08.392   pt[709]: min=-322 max=344 avg_abs=78 | fifo=1040 under=0 over=0 late=0 mdf_cb=22815 mdf_err=0
01:06:08.960   pt[710]: min=-346 max=308 avg_abs=78 | fifo=832 under=0 over=0 late=0 mdf_cb=22847 mdf_err=0
01:06:09.277 win  380 pos= 5836800  -50dBFS [###.................] rms=   98 peak=  452 seam=ok lag=336us
01:06:09.277   -> unknown         p=0.49  preproc=69012us infer=41049us
01:06:09.335 in=16169Hz out=16442Hz ring=832 under=0 over=0 (dt=997406us) loglag=127547us
01:06:09.459   pt[711]: min=-452 max=308 avg_abs=74 | fifo=1024 under=0 over=0 late=0 mdf_cb=22879 mdf_err=0
01:06:09.961   pt[712]: min=-360 max=348 avg_abs=88 | fifo=816 under=0 over=0 late=0 mdf_cb=22911 mdf_err=0
01:06:10.208 {"win":381,"cls":"sneezing","p":0.58,"lat_ms":112,"under":0,"over":0,"late":0}
01:06:10.208 win  381 pos= 5852160  -50dBFS [###.................] rms=  103 peak=  360 seam=ok lag=334us
01:06:10.208   -> sneezing        p=0.58  preproc=68960us infer=41042us
01:06:10.208 lcd: win 381 -> SNEEZE p=0.58 (22788 us after notify)
01:06:10.336 in=16128Hz out=16000Hz ring=960 under=0 over=0 (dt=1000000us) loglag=127547us
01:06:10.462   pt[713]: min=-332 max=386 avg_abs=84 | fifo=1008 under=0 over=0 late=0 mdf_cb=22943 mdf_err=0
01:06:10.959   pt[714]: min=-320 max=296 avg_abs=71 | fifo=800 under=0 over=0 late=0 mdf_cb=22975 mdf_err=0
01:06:11.158 win  382 pos= 5867520  -51dBFS [###.................] rms=   96 peak=  386 seam=ok lag=333us
01:06:11.158   -> clock_tick      p=0.56  preproc=69026us infer=41043us
01:06:11.350 in=16128Hz out=16000Hz ring=1088 under=0 over=0 (dt=999999us) loglag=127547us
01:06:11.475   pt[715]: min=-492 max=370 avg_abs=82 | fifo=1248 under=0 over=0 late=0 mdf_cb=23008 mdf_err=0
01:06:12.034   pt[716]: min=-358 max=366 avg_abs=78 | fifo=1040 under=0 over=0 late=0 mdf_cb=23040 mdf_err=0
01:06:12.159 win  383 pos= 5882880  -50dBFS [###.................] rms=  104 peak=  492 seam=ok lag=333us
01:06:12.159   -> clock_tick      p=0.52  preproc=69016us infer=41039us
01:06:12.350 in=16128Hz out=16400Hz ring=816 under=0 over=0 (dt=1000000us) loglag=127547us
01:06:12.534   pt[717]: min=-366 max=424 avg_abs=94 | fifo=1232 under=0 over=0 late=0 mdf_cb=23072 mdf_err=0
01:06:13.100   pt[718]: min=-316 max=358 avg_abs=79 | fifo=1024 under=0 over=0 late=0 mdf_cb=23104 mdf_err=0
01:06:13.100 win  384 pos= 5898240  -49dBFS [###.................] rms=  111 peak=  424 seam=ok lag=335us
01:06:13.100   -> unknown         p=0.39  preproc=69050us infer=41020us
01:06:13.350 in=16128Hz out=16000Hz ring=944 under=0 over=0 (dt=1000000us) loglag=127547us
01:06:13.535   pt[719]: min=-358 max=468 avg_abs=81 | fifo=816 under=0 over=0 late=0 mdf_cb=23136 mdf_err=0
01:06:14.034 win  385 pos= 5913600  -50dBFS [###.................] rms=   99 peak=  468 seam=ok lag=332us
01:06:14.035   -> unknown         p=0.36  preproc=69008us infer=41044us
01:06:14.040   pt[720]: min=-330 max=348 avg_abs=80 | fifo=1008 under=0 over=0 late=0 mdf_cb=23168 mdf_err=0
01:06:14.350 in=16128Hz out=16000Hz ring=1072 under=0 over=0 (dt=999999us) loglag=127547us
01:06:14.602   pt[721]: min=-306 max=328 avg_abs=81 | fifo=800 under=0 over=0 late=0 mdf_cb=23200 mdf_err=0
01:06:15.035 win  386 pos= 5928960  -50dBFS [###.................] rms=  103 peak=  348 seam=ok lag=337us
01:06:15.035   -> unknown         p=0.45  preproc=68953us infer=41038us
01:06:15.103   pt[722]: min=-366 max=344 avg_abs=85 | fifo=992 under=0 over=0 late=0 mdf_cb=23232 mdf_err=0
01:06:15.359 in=16128Hz out=16000Hz ring=1200 under=0 over=0 (dt=999999us) loglag=127547us
01:06:15.619   pt[723]: min=-310 max=418 avg_abs=80 | fifo=784 under=0 over=0 late=0 mdf_cb=23264 mdf_err=0
01:06:15.992 win  387 pos= 5944320  -50dBFS [###.................] rms=  104 peak=  418 seam=ok lag=338us
01:06:15.992   -> clock_tick      p=0.69  preproc=69030us infer=41052us
01:06:16.119   pt[724]: min=-366 max=458 avg_abs=93 | fifo=1232 under=0 over=0 late=0 mdf_cb=23297 mdf_err=0
01:06:16.377 in=16128Hz out=16400Hz ring=928 under=0 over=0 (dt=999999us) loglag=127547us
01:06:16.635   pt[725]: min=-272 max=382 avg_abs=74 | fifo=1024 under=0 over=0 late=0 mdf_cb=23329 mdf_err=0
01:06:16.945 win  388 pos= 5959680  -50dBFS [###.................] rms=  109 peak=  458 seam=ok lag=336us
01:06:16.945   -> unknown         p=0.38  preproc=69015us infer=41090us
01:06:17.136   pt[726]: min=-448 max=384 avg_abs=99 | fifo=1216 under=0 over=0 late=0 mdf_cb=23361 mdf_err=0
01:06:17.384 in=16128Hz out=16000Hz ring=1056 under=0 over=0 (dt=1000000us) loglag=127547us
01:06:17.694   pt[727]: min=-308 max=408 avg_abs=78 | fifo=1008 under=0 over=0 late=0 mdf_cb=23393 mdf_err=0
01:06:17.894 win  389 pos= 5975040  -49dBFS [###.................] rms=  112 peak=  448 seam=ok lag=337us
01:06:17.894   -> clock_tick      p=0.56  preproc=69019us infer=41072us
01:06:17.894 ====================================
01:06:17.894 ====================================
01:06:17.894 TAP TOTAL win=389
01:06:17.894 ====================================
01:06:17.894 ====================================
01:06:17.896 tap total: windows=390 (expected 390 from 5992448 samples) overrun=0 torn=0 skipped=0 seam ok=389 NG=0
01:06:17.905   tap lag max=356us (0 of them lower bounds) | tap write max=7768ns avg=5325ns (23408 calls)
01:06:17.914   audio under=0 over=0 late=0 | aed run=390 err=0 (last er=0)
01:06:17.919   preproc max=69056us avg=69012us | infer max=41116us avg=41042us
01:06:17.925   notify out=143 held=173 offlist=74 gated=0 lat max=112179us (0 lower bounds)
01:06:17.932   log sent=2666 dropped=0 lag max=127547us
01:06:17.936   disp sent=93 dropped=0 max=97547us avg=31065us
01:06:17.940 ====================================
01:06:17.944 ====================================
01:06:18.193   pt[728]: min=-300 max=356 avg_abs=87 | fifo=1200 under=0 over=0 late=0 mdf_cb=23425 mdf_err=0
01:06:18.393 in=16128Hz out=16000Hz ring=1184 under=0 over=0 (dt=999999us) loglag=127547us
01:06:18.711   pt[729]: min=-380 max=370 avg_abs=84 | fifo=992 under=0 over=0 late=0 mdf_cb=23457 mdf_err=0
01:06:18.834 win  390 pos= 5990400  -50dBFS [###.................] rms=  106 peak=  380 seam=ok lag=336us
01:06:18.836   -> unknown         p=0.36  preproc=69014us infer=41028us
01:06:19.217   pt[730]: min=-392 max=358 avg_abs=75 | fifo=784 under=0 over=0 late=0 mdf_cb=23489 mdf_err=0
01:06:19.409 in=16128Hz out=16400Hz ring=912 under=0 over=0 (dt=1000000us) loglag=127547us
01:06:19.851   pt[731]: min=-288 max=398 avg_abs=81 | fifo=976 under=0 over=0 late=0 mdf_cb=23521 mdf_err=0
01:06:19.851 win  391 pos= 6005760  -50dBFS [###.................] rms=   99 peak=  398 seam=ok lag=339us
01:06:19.851   -> unknown         p=0.34  preproc=68993us infer=41099us
01:06:20.225   pt[732]: min=-348 max=316 avg_abs=79 | fifo=768 under=0 over=0 late=0 mdf_cb=23553 mdf_err=0
01:06:20.409 in=16128Hz out=16000Hz ring=1040 under=0 over=0 (dt=999999us) loglag=127547us
01:06:20.784   pt[733]: min=-312 max=270 avg_abs=74 | fifo=1216 under=0 over=0 late=0 mdf_cb=23586 mdf_err=0
01:06:20.784 win  392 pos= 6021120  -51dBFS [###.................] rms=   98 peak=  348 seam=ok lag=337us
01:06:20.784   -> unknown         p=0.39  preproc=69019us infer=41039us
01:06:21.242   pt[734]: min=-360 max=354 avg_abs=83 | fifo=1008 under=0 over=0 late=0 mdf_cb=23618 mdf_err=0
01:06:21.436 in=16128Hz out=16000Hz ring=1168 under=0 over=0 (dt=999999us) loglag=127547us
01:06:21.752 win  393 pos= 6036480  -50dBFS [###.................] rms=  100 peak=  360 seam=ok lag=335us
01:06:21.752   -> clock_tick      p=0.55  preproc=69017us infer=41101us
01:06:21.752   pt[735]: min=-990 max=810 avg_abs=81 | fifo=1200 under=0 over=0 late=0 mdf_cb=23650 mdf_err=0
01:06:22.318   pt[736]: min=-434 max=370 avg_abs=86 | fifo=992 under=0 over=0 late=0 mdf_cb=23682 mdf_err=0
01:06:22.443 in=16128Hz out=16000Hz ring=1296 under=0 over=0 (dt=1000000us) loglag=127547us
01:06:22.693 win  394 pos= 6051840  -50dBFS [###.................] rms=  109 peak=  990 seam=ok lag=336us
01:06:22.693   -> unknown         p=0.49  preproc=69022us infer=41040us
01:06:22.821   pt[737]: min=-340 max=330 avg_abs=88 | fifo=1184 under=0 over=0 late=0 mdf_cb=23714 mdf_err=0
01:06:23.318   pt[738]: min=-334 max=410 avg_abs=82 | fifo=976 under=0 over=0 late=0 mdf_cb=23746 mdf_err=0
01:06:23.445 in=16128Hz out=16400Hz ring=1024 under=0 over=0 (dt=999999us) loglag=127547us
01:06:23.692 win  395 pos= 6067200  -50dBFS [###.................] rms=  107 peak=  410 seam=ok lag=335us
01:06:23.692   -> unknown         p=0.40  preproc=69026us infer=41043us
01:06:23.818   pt[739]: min=-342 max=328 avg_abs=77 | fifo=768 under=0 over=0 late=0 mdf_cb=23778 mdf_err=0
01:06:24.318   pt[740]: min=-348 max=382 avg_abs=87 | fifo=960 under=0 over=0 late=0 mdf_cb=23810 mdf_err=0
01:06:24.444 in=16128Hz out=16000Hz ring=1152 under=0 over=0 (dt=1000000us) loglag=127547us
01:06:24.626 win  396 pos= 6082560  -50dBFS [###.................] rms=  104 peak=  382 seam=ok lag=335us
01:06:24.626   -> unknown         p=0.37  preproc=68980us infer=41059us
01:06:24.877   pt[741]: min=-346 max=278 avg_abs=77 | fifo=752 under=0 over=0 late=0 mdf_cb=23842 mdf_err=0
01:06:25.377   pt[742]: min=-362 max=342 avg_abs=79 | fifo=1200 under=0 over=0 late=0 mdf_cb=23875 mdf_err=0
01:06:25.443 in=16128Hz out=16000Hz ring=1280 under=0 over=0 (dt=999999us) loglag=127547us
01:06:25.567 win  397 pos= 6097920  -51dBFS [###.................] rms=   97 peak=  362 seam=ok lag=336us
01:06:25.567   -> clock_tick      p=0.68  preproc=69025us infer=41044us
01:06:25.877   pt[743]: min=-346 max=308 avg_abs=74 | fifo=992 under=0 over=0 late=0 mdf_cb=23907 mdf_err=0
01:06:26.377   pt[744]: min=-344 max=388 avg_abs=79 | fifo=1184 under=0 over=0 late=0 mdf_cb=23939 mdf_err=0
01:06:26.568 in=15872Hz out=16400Hz ring=752 under=0 over=0 (dt=1000000us) loglag=127547us
01:06:26.568 win  398 pos= 6113280  -50dBFS [###.................] rms=   99 peak=  388 seam=ok lag=334us
01:06:26.568   -> unknown         p=0.49  preproc=69029us infer=41101us
01:06:26.945   pt[745]: min=-288 max=408 avg_abs=78 | fifo=976 under=0 over=0 late=0 mdf_cb=23971 mdf_err=0
01:06:27.501   pt[746]: min=-360 max=354 avg_abs=87 | fifo=1168 under=0 over=0 late=0 mdf_cb=24003 mdf_err=0
01:06:27.501 in=16128Hz out=16000Hz ring=880 under=0 over=0 (dt=1000000us) loglag=127547us
01:06:27.501 win  399 pos= 6128640  -50dBFS [###.................] rms=  104 peak=  408 seam=ok lag=335us
01:06:27.501   -> clock_tick      p=0.59  preproc=69044us infer=41094us
01:06:27.501 ====================================
01:06:27.503 ====================================
01:06:27.506 TAP TOTAL win=399
01:06:27.506 ====================================
01:06:27.509 ====================================
01:06:27.509 tap total: windows=400 (expected 400 from 6146048 samples) overrun=0 torn=0 skipped=0 seam ok=399 NG=0
01:06:27.523   tap lag max=356us (0 of them lower bounds) | tap write max=7768ns avg=5325ns (24008 calls)
01:06:27.526   audio under=0 over=0 late=0 | aed run=400 err=0 (last er=0)
01:06:27.536   preproc max=69056us avg=69012us | infer max=41116us avg=41043us
01:06:27.542   notify out=143 held=180 offlist=77 gated=0 lat max=112179us (0 lower bounds)
01:06:27.550   log sent=2729 dropped=0 lag max=127547us
01:06:27.554   disp sent=93 dropped=0 max=97547us avg=31065us
01:06:27.554 ====================================
01:06:27.559 ====================================
01:06:27.944   pt[747]: min=-406 max=368 avg_abs=84 | fifo=960 under=0 over=0 late=0 mdf_cb=24035 mdf_err=0
01:06:28.459   pt[748]: min=-284 max=298 avg_abs=74 | fifo=1152 under=0 over=0 late=0 mdf_cb=24067 mdf_err=0
01:06:28.459 win  400 pos= 6144000  -50dBFS [###.................] rms=  101 peak=  406 seam=ok lag=334us
01:06:28.459   -> unknown         p=0.31  preproc=69021us infer=41050us
01:06:28.459 in=16047Hz out=15920Hz ring=1008 under=0 over=0 (dt=1004987us) loglag=127547us
01:06:28.959   pt[749]: min=-330 max=322 avg_abs=85 | fifo=944 under=0 over=0 late=0 mdf_cb=24099 mdf_err=0
01:06:29.393 win  401 pos= 6159360  -50dBFS [###.................] rms=  107 peak=  386 seam=ok lag=335us
01:06:29.393   -> unknown         p=0.40  preproc=68949us infer=41087us
01:06:29.459 in=16208Hz out=16080Hz ring=1136 under=0 over=0 (dt=995010us) loglag=127547us
01:06:29.459   pt[750]: min=-386 max=304 avg_abs=90 | fifo=1136 under=0 over=0 late=0 mdf_cb=24131 mdf_err=0
01:06:29.960   pt[751]: min=-350 max=348 avg_abs=82 | fifo=928 under=0 over=0 late=0 mdf_cb=24163 mdf_err=0
01:06:30.394 win  402 pos= 6174720  -50dBFS [###.................] rms=  102 peak=  350 seam=ok lag=337us
01:06:30.394   -> clock_tick      p=0.54  preproc=69027us infer=41102us
01:06:30.459 in=16128Hz out=16400Hz ring=864 under=0 over=0 (dt=1000000us) loglag=127547us
01:06:30.519   pt[752]: min=-332 max=282 avg_abs=74 | fifo=976 under=0 over=0 late=0 mdf_cb=24196 mdf_err=0
01:06:31.019   pt[753]: min=-318 max=264 avg_abs=77 | fifo=1168 under=0 over=0 late=0 mdf_cb=24228 mdf_err=0
01:06:31.335 win  403 pos= 6190080  -51dBFS [###.................] rms=   92 peak=  326 seam=ok lag=338us
01:06:31.335   -> unknown         p=0.43  preproc=69027us infer=41060us
01:06:31.518 in=16128Hz out=16000Hz ring=992 under=0 over=0 (dt=999999us) loglag=127547us
01:06:31.518   pt[754]: min=-332 max=334 avg_abs=80 | fifo=960 under=0 over=0 late=0 mdf_cb=24260 mdf_err=0
01:06:32.018   pt[755]: min=-324 max=358 avg_abs=81 | fifo=1152 under=0 over=0 late=0 mdf_cb=24292 mdf_err=0
01:06:32.334 win  404 pos= 6205440  -50dBFS [###.................] rms=  102 peak=  358 seam=ok lag=337us
01:06:32.334   -> clock_tick      p=0.54  preproc=69033us infer=41085us
01:06:32.518 in=16128Hz out=16000Hz ring=1120 under=0 over=0 (dt=999999us) loglag=127547us
01:06:32.585   pt[756]: min=-354 max=366 avg_abs=80 | fifo=944 under=0 over=0 late=0 mdf_cb=24324 mdf_err=0
01:06:33.085   pt[757]: min=-430 max=314 avg_abs=83 | fifo=1136 under=0 over=0 late=0 mdf_cb=24356 mdf_err=0
01:06:33.268 win  405 pos= 6220800  -50dBFS [###.................] rms=  106 peak=  430 seam=ok lag=337us
01:06:33.268   -> unknown         p=0.47  preproc=69027us infer=41015us
01:06:33.518 in=16128Hz out=16400Hz ring=848 under=0 over=0 (dt=1000000us) loglag=127547us
01:06:33.585   pt[758]: min=-1230 max=942 avg_abs=108 | fifo=928 under=0 over=0 late=0 mdf_cb=24388 mdf_err=0
01:06:34.084   pt[759]: min=-760 max=1004 avg_abs=120 | fifo=1120 under=0 over=0 late=0 mdf_cb=24420 mdf_err=0
01:06:34.209 win  406 pos= 6236160  -46dBFS [####................] rms=  167 peak= 1230 seam=ok lag=378us
01:06:34.209   -> clock_tick      p=0.75  preproc=69010us infer=41089us
01:06:34.519 in=16128Hz out=16000Hz ring=976 under=0 over=0 (dt=1000000us) loglag=127547us
01:06:34.644   pt[760]: min=-820 max=888 avg_abs=166 | fifo=912 under=0 over=0 late=0 mdf_cb=24452 mdf_err=0
01:06:35.210   pt[761]: min=-844 max=784 avg_abs=159 | fifo=704 under=0 over=0 late=0 mdf_cb=24484 mdf_err=0
01:06:35.210 win  407 pos= 6251520  -44dBFS [#####...............] rms=  205 peak=  888 seam=ok lag=336us
01:06:35.210   -> unknown         p=0.37  preproc=69049us infer=41093us
01:06:35.518 in=16128Hz out=16000Hz ring=1104 under=0 over=0 (dt=999999us) loglag=127547us
01:06:35.645   pt[762]: min=-12040 max=7978 avg_abs=450 | fifo=1152 under=0 over=0 late=0 mdf_cb=24517 mdf_err=0
01:06:36.142 {"win":408,"cls":"sneezing","p":0.76,"lat_ms":112,"under":0,"over":0,"late":0}
01:06:36.142 win  408 pos= 6266880  -33dBFS [#########...........] rms=  716 peak=12040 seam=ok lag=338us
01:06:36.142   -> sneezing        p=0.76  preproc=69029us infer=41028us
01:06:36.142   pt[763]: min=-2490 max=2294 avg_abs=156 | fifo=944 under=0 over=0 late=0 mdf_cb=24549 mdf_err=0
01:06:36.142 lcd: win 408 -> SNEEZE p=0.76 (31512 us after notify)
01:06:36.519 in=16128Hz out=16400Hz ring=832 under=0 over=0 (dt=1000000us) loglag=127547us
01:06:36.645   pt[764]: min=-590 max=600 avg_abs=114 | fifo=1136 under=0 over=0 late=0 mdf_cb=24581 mdf_err=0
01:06:37.084 {"win":409,"cls":"sneezing","p":0.56,"lat_ms":112,"under":0,"over":0,"late":0}
01:06:37.084 win  409 pos= 6282240  -47dBFS [####................] rms=  153 peak=  650 seam=ok lag=334us
01:06:37.084   -> sneezing        p=0.56  preproc=69018us infer=41064us
01:06:37.084 ====================================
01:06:37.092 ====================================
01:06:37.092 TAP TOTAL win=409
01:06:37.100 ====================================
01:06:37.104 ====================================
01:06:37.107 tap total: windows=410 (expected 410 from 6299648 samples) overrun=0 torn=0 skipped=0 seam ok=409 NG=0
01:06:37.109   tap lag max=378us (0 of them lower bounds) | tap write max=7768ns avg=5325ns (24608 calls)
01:06:37.124   audio under=0 over=0 late=0 | aed run=410 err=0 (last er=0)
01:06:37.127   preproc max=69056us avg=69012us | infer max=41116us avg=41043us
01:06:37.136   notify out=145 held=185 offlist=80 gated=0 lat max=112179us (0 lower bounds)
01:06:37.142   log sent=2793 dropped=0 lag max=127547us
01:06:37.146   disp sent=95 dropped=0 max=97547us avg=31069us
01:06:37.150 ====================================
01:06:37.150 ====================================
01:06:37.150   pt[765]: min=-616 max=650 avg_abs=139 | fifo=928 under=0 over=0 late=0 mdf_cb=24613 mdf_err=0
01:06:37.226 lcd: win 409 -> SNEEZE p=0.56 (97222 us after notify)
01:06:37.534 in=16128Hz out=16000Hz ring=960 under=0 over=0 (dt=1000000us) loglag=127547us
01:06:37.678   pt[766]: min=-786 max=766 avg_abs=151 | fifo=1120 under=0 over=0 late=0 mdf_cb=24645 mdf_err=0
01:06:38.050 {"win":410,"cls":"unknown","p":0.30,"lat_ms":112,"under":0,"over":0,"late":0}
01:06:38.050 win  410 pos= 6297600  -45dBFS [#####...............] rms=  187 peak=  786 seam=ok lag=332us
01:06:38.050   -> unknown         p=0.30  preproc=69031us infer=41020us
01:06:38.243   pt[767]: min=-536 max=732 avg_abs=104 | fifo=912 under=0 over=0 late=0 mdf_cb=24677 mdf_err=0
01:06:38.518 in=16128Hz out=16000Hz ring=1088 under=0 over=0 (dt=999999us) loglag=127547us
01:06:38.709   pt[768]: min=-582 max=700 avg_abs=139 | fifo=1104 under=0 over=0 late=0 mdf_cb=24709 mdf_err=0
01:06:39.024 win  411 pos= 6312960  -47dBFS [####................] rms=  151 peak=  700 seam=ok lag=336us
01:06:39.024   -> unknown         p=0.33  preproc=68961us infer=41078us
01:06:39.224   pt[769]: min=-386 max=486 avg_abs=93 | fifo=896 under=0 over=0 late=0 mdf_cb=24741 mdf_err=0
01:06:39.551 in=16128Hz out=16000Hz ring=1216 under=0 over=0 (dt=1000000us) loglag=127547us
01:06:39.770   pt[770]: min=-498 max=378 avg_abs=94 | fifo=1088 under=0 over=0 late=0 mdf_cb=24773 mdf_err=0
01:06:39.957 win  412 pos= 6328320  -49dBFS [###.................] rms=  119 peak=  498 seam=ok lag=335us
01:06:39.959   -> unknown         p=0.45  preproc=69018us infer=41037us
01:06:40.268   pt[771]: min=-396 max=310 avg_abs=83 | fifo=1136 under=0 over=0 late=0 mdf_cb=24806 mdf_err=0
01:06:40.584 in=16128Hz out=16400Hz ring=944 under=0 over=0 (dt=1000000us) loglag=127547us
01:06:40.771   pt[772]: min=-452 max=648 avg_abs=92 | fifo=928 under=0 over=0 late=0 mdf_cb=24838 mdf_err=0
01:06:40.959 {"win":413,"cls":"crackling_fire","p":0.52,"lat_ms":112,"under":0,"over":0,"late":0}
01:06:40.959 win  413 pos= 6343680  -48dBFS [####................] rms=  128 peak=  970 seam=ok lag=333us
01:06:40.959   -> crackling_fire  p=0.52  preproc=69021us infer=41046us
01:06:40.959 lcd: win 413 -> FIRE p=0.52 (22850 us after notify)
01:06:41.277   pt[773]: min=-836 max=970 avg_abs=140 | fifo=1120 under=0 over=0 late=0 mdf_cb=24870 mdf_err=0
01:06:41.541 in=16128Hz out=16000Hz ring=1072 under=0 over=0 (dt=999999us) loglag=127547us
01:06:41.926   pt[774]: min=-640 max=844 avg_abs=127 | fifo=912 under=0 over=0 late=0 mdf_cb=24902 mdf_err=0
01:06:41.926 {"win":414,"cls":"unknown","p":0.44,"lat_ms":112,"under":0,"over":0,"late":0}
01:06:41.926 win  414 pos= 6359040  -46dBFS [####................] rms=  165 peak=  844 seam=ok lag=332us
01:06:41.926   -> unknown         p=0.44  preproc=69054us infer=41062us
01:06:42.313   pt[775]: min=-602 max=398 avg_abs=106 | fifo=1104 under=0 over=0 late=0 mdf_cb=24934 mdf_err=0
01:06:42.593 in=16128Hz out=16000Hz ring=1200 under=0 over=0 (dt=999999us) loglag=127547us
01:06:42.835   pt[776]: min=-2440 max=1534 avg_abs=133 | fifo=896 under=0 over=0 late=0 mdf_cb=24966 mdf_err=0
01:06:42.841 win  415 pos= 6374400  -46dBFS [####................] rms=  167 peak= 2440 seam=ok lag=334us
01:06:42.848   -> clock_tick      p=0.78  preproc=69018us infer=41049us
01:06:43.384   pt[777]: min=-1494 max=2044 avg_abs=95 | fifo=1088 under=0 over=0 late=0 mdf_cb=24998 mdf_err=0
01:06:43.566 in=16128Hz out=16400Hz ring=928 under=0 over=0 (dt=1000000us) loglag=127547us
01:06:43.816 win  416 pos= 6389760  -49dBFS [###.................] rms=  120 peak= 2044 seam=ok lag=335us
01:06:43.816   -> clock_tick      p=0.99  preproc=68965us infer=41036us
01:06:43.877   pt[778]: min=-382 max=326 avg_abs=88 | fifo=880 under=0 over=0 late=0 mdf_cb=25030 mdf_err=0
01:06:44.387   pt[779]: min=-370 max=434 avg_abs=87 | fifo=1328 under=0 over=0 late=0 mdf_cb=25063 mdf_err=0
01:06:44.568 in=16128Hz out=16000Hz ring=1056 under=0 over=0 (dt=1000000us) loglag=127547us
01:06:44.759 win  417 pos= 6405120  -50dBFS [###.................] rms=  109 peak=  434 seam=ok lag=332us
01:06:44.759   -> clock_tick      p=0.52  preproc=69008us infer=41099us
01:06:44.894   pt[780]: min=-492 max=316 avg_abs=88 | fifo=1120 under=0 over=0 late=0 mdf_cb=25095 mdf_err=0
01:06:45.392   pt[781]: min=-370 max=348 avg_abs=82 | fifo=912 under=0 over=0 late=0 mdf_cb=25127 mdf_err=0
01:06:45.588 in=16128Hz out=16000Hz ring=1184 under=0 over=0 (dt=999999us) loglag=127547us
01:06:45.775 win  418 pos= 6420480  -50dBFS [###.................] rms=  106 peak=  492 seam=ok lag=337us
01:06:45.775   -> unknown         p=0.46  preproc=69024us infer=41102us
01:06:45.892   pt[782]: min=-316 max=292 avg_abs=78 | fifo=1104 under=0 over=0 late=0 mdf_cb=25159 mdf_err=0
01:06:46.410   pt[783]: min=-398 max=504 avg_abs=84 | fifo=896 under=0 over=0 late=0 mdf_cb=25191 mdf_err=0
01:06:46.722 in=16128Hz out=16400Hz ring=912 under=0 over=0 (dt=1000000us) loglag=127547us
01:06:46.722 win  419 pos= 6435840  -50dBFS [###.................] rms=  105 peak=  504 seam=ok lag=337us
01:06:46.722   -> clock_tick      p=0.92  preproc=69039us infer=41085us
01:06:46.722 ====================================
01:06:46.722 ====================================
01:06:46.722 TAP TOTAL win=419
01:06:46.722 ====================================
01:06:46.722 ====================================
01:06:46.722 tap total: windows=420 (expected 420 from 6453248 samples) overrun=0 torn=0 skipped=0 seam ok=419 NG=0
01:06:46.722   tap lag max=378us (0 of them lower bounds) | tap write max=7768ns avg=5325ns (25208 calls)
01:06:46.725   audio under=0 over=0 late=0 | aed run=420 err=0 (last er=0)
01:06:46.730   preproc max=69056us avg=69012us | infer max=41116us avg=41044us
01:06:46.737   notify out=148 held=188 offlist=84 gated=0 lat max=112179us (0 lower bounds)
01:06:46.745   log sent=2861 dropped=0 lag max=127547us
01:06:46.748   disp sent=96 dropped=0 max=97547us avg=31673us
01:06:46.750 ====================================
01:06:46.750 ====================================
01:06:46.943   pt[784]: min=-1624 max=1480 avg_abs=89 | fifo=1088 under=0 over=0 late=0 mdf_cb=25223 mdf_err=0
01:06:47.440   pt[785]: min=-640 max=702 avg_abs=112 | fifo=880 under=0 over=0 late=0 mdf_cb=25255 mdf_err=0
01:06:47.650 in=16128Hz out=16000Hz ring=1040 under=0 over=0 (dt=999999us) loglag=127547us
01:06:47.650 win  420 pos= 6451200  -48dBFS [####................] rms=  138 peak= 1624 seam=ok lag=338us
01:06:47.650   -> clock_tick      p=0.92  preproc=69025us infer=41061us
01:06:47.984   pt[786]: min=-322 max=318 avg_abs=82 | fifo=1072 under=0 over=0 late=0 mdf_cb=25287 mdf_err=0
01:06:48.510   pt[787]: min=-1484 max=1566 avg_abs=99 | fifo=864 under=0 over=0 late=0 mdf_cb=25319 mdf_err=0
01:06:48.640 in=16128Hz out=16000Hz ring=1168 under=0 over=0 (dt=1000000us) loglag=127547us
01:06:48.640 win  421 pos= 6466560  -49dBFS [###.................] rms=  121 peak= 1566 seam=ok lag=338us
01:06:48.640   -> clock_tick      p=0.56  preproc=68971us infer=41039us
01:06:49.025   pt[788]: min=-372 max=392 avg_abs=84 | fifo=1056 under=0 over=0 late=0 mdf_cb=25351 mdf_err=0
01:06:49.599   pt[789]: min=-1370 max=1670 avg_abs=101 | fifo=1104 under=0 over=0 late=0 mdf_cb=25384 mdf_err=0
01:06:49.599 {"win":422,"cls":"crackling_fire","p":0.57,"lat_ms":112,"under":0,"over":0,"late":0}
01:06:49.599 win  422 pos= 6481920  -48dBFS [####................] rms=  129 peak= 1670 seam=ok lag=338us
01:06:49.599   -> crackling_fire  p=0.57  preproc=69048us infer=41016us
01:06:49.599 lcd: win 422 -> FIRE p=0.57 (31688 us after notify)
01:06:49.602 in=16128Hz out=16000Hz ring=1296 under=0 over=0 (dt=999999us) loglag=127547us
01:06:50.035   pt[790]: min=-356 max=322 avg_abs=89 | fifo=896 under=0 over=0 late=0 mdf_cb=25416 mdf_err=0
01:06:50.553 {"win":423,"cls":"unknown","p":0.50,"lat_ms":112,"under":0,"over":0,"late":0}
01:06:50.553 win  423 pos= 6497280  -48dBFS [####................] rms=  128 peak= 1528 seam=ok lag=336us
01:06:50.553   -> unknown         p=0.50  preproc=69028us infer=41032us
01:06:50.553   pt[791]: min=-1528 max=1414 avg_abs=100 | fifo=1088 under=0 over=0 late=0 mdf_cb=25448 mdf_err=0
01:06:50.610 in=15872Hz out=16400Hz ring=768 under=0 over=0 (dt=999999us) loglag=127547us
01:06:51.084   pt[792]: min=-1320 max=1328 avg_abs=99 | fifo=880 under=0 over=0 late=0 mdf_cb=25480 mdf_err=0
01:06:51.542 {"win":424,"cls":"crackling_fire","p":0.51,"lat_ms":112,"under":0,"over":0,"late":0}
01:06:51.542 win  424 pos= 6512640  -47dBFS [####................] rms=  151 peak= 2932 seam=ok lag=334us
01:06:51.542   -> crackling_fire  p=0.51  preproc=69020us infer=41087us
01:06:51.542 lcd: win 424 -> FIRE p=0.51 (22854 us after notify)
01:06:51.542   pt[793]: min=-2356 max=2932 avg_abs=148 | fifo=1072 under=0 over=0 late=0 mdf_cb=25512 mdf_err=0
01:06:51.617 in=16128Hz out=16000Hz ring=896 under=0 over=0 (dt=1000000us) loglag=127547us
01:06:52.118   pt[794]: min=-1494 max=1528 avg_abs=153 | fifo=864 under=0 over=0 late=0 mdf_cb=25544 mdf_err=0
01:06:52.435 {"win":425,"cls":"unknown","p":0.44,"lat_ms":112,"under":0,"over":0,"late":0}
01:06:52.440 win  425 pos= 6528000  -43dBFS [#####...............] rms=  237 peak= 1528 seam=ok lag=336us
01:06:52.449   -> unknown         p=0.44  preproc=69015us infer=41026us
01:06:52.635   pt[795]: min=-1122 max=998 avg_abs=145 | fifo=1056 under=0 over=0 late=0 mdf_cb=25576 mdf_err=0
01:06:52.635 in=16128Hz out=16000Hz ring=1024 under=0 over=0 (dt=999999us) loglag=127547us
01:06:53.126   pt[796]: min=-1022 max=842 avg_abs=159 | fifo=848 under=0 over=0 late=0 mdf_cb=25608 mdf_err=0
01:06:53.459 win  426 pos= 6543360  -41dBFS [######..............] rms=  280 peak= 2068 seam=ok lag=335us
01:06:53.459   -> clock_tick      p=0.95  preproc=68972us infer=41018us
01:06:53.642   pt[797]: min=-1690 max=2068 avg_abs=255 | fifo=1040 under=0 over=0 late=0 mdf_cb=25640 mdf_err=0
01:06:53.642 in=16128Hz out=16400Hz ring=752 under=0 over=0 (dt=1000000us) loglag=127547us
01:06:54.177   pt[798]: min=-998 max=838 avg_abs=133 | fifo=1088 under=0 over=0 late=0 mdf_cb=25673 mdf_err=0
01:06:54.367 {"win":427,"cls":"crackling_fire","p":0.89,"lat_ms":112,"under":0,"over":0,"late":0}
01:06:54.367 win  427 pos= 6558720  -44dBFS [#####...............] rms=  214 peak=  998 seam=ok lag=336us
01:06:54.367   -> crackling_fire  p=0.89  preproc=69026us infer=41041us
01:06:54.376 lcd: win 427 -> FIRE p=0.89 (22853 us after notify)
01:06:54.634   pt[799]: min=-866 max=928 avg_abs=175 | fifo=1280 under=0 over=0 late=0 mdf_cb=25705 mdf_err=0
01:06:54.693 in=16128Hz out=16000Hz ring=880 under=0 over=0 (dt=1000000us) loglag=127547us
01:06:55.203   pt[800]: min=-890 max=1248 avg_abs=116 | fifo=1072 under=0 over=0 late=0 mdf_cb=25737 mdf_err=0
01:06:55.330 win  428 pos= 6574080  -45dBFS [#####...............] rms=  188 peak= 1248 seam=ok lag=337us
01:06:55.330   -> clock_tick      p=0.71  preproc=69021us infer=41093us
01:06:55.651 in=16128Hz out=16000Hz ring=1008 under=0 over=0 (dt=1000000us) loglag=127547us
01:06:55.709   pt[801]: min=-1082 max=958 avg_abs=128 | fifo=1264 under=0 over=0 late=0 mdf_cb=25769 mdf_err=0
01:06:56.276   pt[802]: min=-750 max=860 avg_abs=91 | fifo=1056 under=0 over=0 late=0 mdf_cb=25801 mdf_err=0
01:06:56.282 win  429 pos= 6589440  -47dBFS [####................] rms=  154 peak= 1082 seam=ok lag=334us
01:06:56.292   -> unknown         p=0.43  preproc=69041us infer=41078us
01:06:56.292 ====================================
01:06:56.292 ====================================
01:06:56.303 TAP TOTAL win=429
01:06:56.304 ====================================
01:06:56.308 ====================================
01:06:56.312 tap total: windows=430 (expected 430 from 6606848 samples) overrun=0 torn=0 skipped=0 seam ok=429 NG=0
01:06:56.321   tap lag max=378us (0 of them lower bounds) | tap write max=7768ns avg=5325ns (25808 calls)
01:06:56.325   audio under=0 over=0 late=0 | aed run=430 err=0 (last er=0)
01:06:56.334   preproc max=69056us avg=69013us | infer max=41116us avg=41044us
01:06:56.340   notify out=153 held=189 offlist=88 gated=0 lat max=112179us (0 lower bounds)
01:06:56.347   log sent=2931 dropped=0 lag max=127547us
01:06:56.351   disp sent=99 dropped=0 max=97547us avg=31495us
01:06:56.356 ====================================
01:06:56.359 ====================================
01:06:56.677 in=16128Hz out=16000Hz ring=1136 under=0 over=0 (dt=999999us) loglag=127547us
01:06:56.750   pt[803]: min=-368 max=326 avg_abs=86 | fifo=848 under=0 over=0 late=0 mdf_cb=25833 mdf_err=0
01:06:57.259   pt[804]: min=-6548 max=6746 avg_abs=213 | fifo=1040 under=0 over=0 late=0 mdf_cb=25865 mdf_err=0
01:06:57.259 win  430 pos= 6604800  -40dBFS [######..............] rms=  322 peak= 6746 seam=ok lag=334us
01:06:57.259   -> clock_tick      p=0.52  preproc=69024us infer=41042us
01:06:57.692 in=16128Hz out=16400Hz ring=864 under=0 over=0 (dt=1000000us) loglag=127547us
01:06:57.768   pt[805]: min=-764 max=598 avg_abs=138 | fifo=832 under=0 over=0 late=0 mdf_cb=25897 mdf_err=0
01:06:58.226 {"win":431,"cls":"crackling_fire","p":0.63,"lat_ms":112,"under":0,"over":0,"late":0}
01:06:58.226 win  431 pos= 6620160  -46dBFS [####................] rms=  173 peak= 3118 seam=ok lag=333us
01:06:58.226   -> crackling_fire  p=0.63  preproc=68969us infer=41099us
01:06:58.226 lcd: win 431 -> FIRE p=0.63 (22848 us after notify)
01:06:58.226   pt[806]: min=-402 max=404 avg_abs=108 | fifo=1024 under=0 over=0 late=0 mdf_cb=25929 mdf_err=0
01:06:58.692 in=16128Hz out=16000Hz ring=992 under=0 over=0 (dt=1000000us) loglag=127547us
01:06:58.754   pt[807]: min=-456 max=354 avg_abs=85 | fifo=816 under=0 over=0 late=0 mdf_cb=25961 mdf_err=0
01:06:59.203 {"win":432,"cls":"unknown","p":0.45,"lat_ms":112,"under":0,"over":0,"late":0}
01:06:59.203 win  432 pos= 6635520  -49dBFS [###.................] rms=  110 peak=  456 seam=ok lag=334us
01:06:59.203   -> unknown         p=0.45  preproc=69014us infer=41049us
01:06:59.276   pt[808]: min=-374 max=326 avg_abs=86 | fifo=1008 under=0 over=0 late=0 mdf_cb=25993 mdf_err=0
01:06:59.718 in=16128Hz out=16000Hz ring=1120 under=0 over=0 (dt=999999us) loglag=127547us
01:06:59.788   pt[809]: min=-342 max=344 avg_abs=85 | fifo=800 under=0 over=0 late=0 mdf_cb=26025 mdf_err=0
01:07:00.176 win  433 pos= 6650880  -49dBFS [###.................] rms=  110 peak=  370 seam=ok lag=334us
01:07:00.176   -> unknown         p=0.43  preproc=69012us infer=41087us
01:07:00.318   pt[810]: min=-328 max=374 avg_abs=91 | fifo=1248 under=0 over=0 late=0 mdf_cb=26058 mdf_err=0
01:07:00.701 in=16128Hz out=16000Hz ring=1248 under=0 over=0 (dt=999999us) loglag=127547us
01:07:00.821   pt[811]: min=-312 max=322 avg_abs=81 | fifo=1040 under=0 over=0 late=0 mdf_cb=26090 mdf_err=0
01:07:01.083 win  434 pos= 6666240  -50dBFS [###.................] rms=  102 peak=  374 seam=ok lag=338us
01:07:01.083   -> unknown         p=0.41  preproc=69023us infer=41085us
01:07:01.358   pt[812]: min=-334 max=330 avg_abs=70 | fifo=1232 under=0 over=0 late=0 mdf_cb=26122 mdf_err=0
01:07:01.702 in=16128Hz out=16400Hz ring=976 under=0 over=0 (dt=1000000us) loglag=127547us
01:07:01.843   pt[813]: min=-330 max=318 avg_abs=83 | fifo=1024 under=0 over=0 late=0 mdf_cb=26154 mdf_err=0
01:07:02.035 win  435 pos= 6681600  -50dBFS [###.................] rms=   98 peak=  334 seam=ok lag=336us
01:07:02.042   -> clock_tick      p=0.60  preproc=69029us infer=41028us
01:07:02.377   pt[814]: min=-360 max=400 avg_abs=87 | fifo=1216 under=0 over=0 late=0 mdf_cb=26186 mdf_err=0
01:07:02.694 in=16128Hz out=16000Hz ring=1104 under=0 over=0 (dt=999999us) loglag=127547us
01:07:02.879   pt[815]: min=-516 max=542 avg_abs=102 | fifo=1008 under=0 over=0 late=0 mdf_cb=26218 mdf_err=0
01:07:03.018 win  436 pos= 6696960  -49dBFS [###.................] rms=  122 peak=  542 seam=ok lag=335us
01:07:03.018   -> clock_tick      p=0.71  preproc=68967us infer=41036us
01:07:03.392   pt[816]: min=-370 max=350 avg_abs=82 | fifo=1200 under=0 over=0 late=0 mdf_cb=26250 mdf_err=0
01:07:03.709 in=15872Hz out=16000Hz ring=976 under=0 over=0 (dt=1000000us) loglag=127547us
01:07:03.961   pt[817]: min=-358 max=348 avg_abs=91 | fifo=992 under=0 over=0 late=0 mdf_cb=26282 mdf_err=0
01:07:03.961 win  437 pos= 6712320  -50dBFS [###.................] rms=  109 peak=  370 seam=ok lag=337us
01:07:03.968   -> unknown         p=0.29  preproc=69035us infer=41030us
01:07:04.427   pt[818]: min=-386 max=374 avg_abs=82 | fifo=784 under=0 over=0 late=0 mdf_cb=26314 mdf_err=0
01:07:04.760 in=16128Hz out=16000Hz ring=1104 under=0 over=0 (dt=999999us) loglag=127547us
01:07:04.952   pt[819]: min=-474 max=394 avg_abs=101 | fifo=976 under=0 over=0 late=0 mdf_cb=26346 mdf_err=0
01:07:04.952 win  438 pos= 6727680  -49dBFS [###.................] rms=  112 peak=  416 seam=ok lag=334us
01:07:04.952   -> unknown         p=0.37  preproc=69021us infer=41093us
01:07:05.460   pt[820]: min=-436 max=424 avg_abs=99 | fifo=768 under=0 over=0 late=0 mdf_cb=26378 mdf_err=0
01:07:05.768 in=16128Hz out=16400Hz ring=832 under=0 over=0 (dt=1000000us) loglag=127547us
01:07:05.901 win  439 pos= 6743040  -48dBFS [####................] rms=  123 peak=  474 seam=ok lag=337us
01:07:05.901   -> unknown         p=0.47  preproc=69023us infer=41050us
01:07:05.901 ====================================
01:07:05.901 ====================================
01:07:05.901 TAP TOTAL win=439
01:07:05.901 ====================================
01:07:05.901 ====================================
01:07:05.904 tap total: windows=440 (expected 440 from 6760448 samples) overrun=0 torn=0 skipped=0 seam ok=439 NG=0
01:07:05.914   tap lag max=378us (0 of them lower bounds) | tap write max=7768ns avg=5325ns (26408 calls)
01:07:05.922   audio under=0 over=0 late=0 | aed run=440 err=0 (last er=0)
01:07:05.927   preproc max=69056us avg=69013us | infer max=41116us avg=41044us
01:07:05.933   notify out=155 held=194 offlist=91 gated=0 lat max=112179us (0 lower bounds)
01:07:05.941   log sent=2996 dropped=0 lag max=127547us
01:07:05.944   disp sent=100 dropped=0 max=97547us avg=31408us
01:07:05.949 ====================================
01:07:05.951 ====================================
01:07:05.955   pt[821]: min=-348 max=332 avg_abs=82 | fifo=1216 under=0 over=0 late=0 mdf_cb=26411 mdf_err=0
01:07:06.476   pt[822]: min=-350 max=416 avg_abs=83 | fifo=1008 under=0 over=0 late=0 mdf_cb=26443 mdf_err=0
01:07:06.724 in=16128Hz out=16000Hz ring=960 under=0 over=0 (dt=999999us) loglag=127547us
01:07:06.849 win  440 pos= 6758400  -49dBFS [###.................] rms=  113 peak=  552 seam=ok lag=338us
01:07:06.849   -> unknown         p=0.46  preproc=69019us infer=41035us
01:07:06.976   pt[823]: min=-602 max=556 avg_abs=106 | fifo=1200 under=0 over=0 late=0 mdf_cb=26475 mdf_err=0
01:07:07.475   pt[824]: min=-2026 max=2126 avg_abs=163 | fifo=992 under=0 over=0 late=0 mdf_cb=26507 mdf_err=0
01:07:07.859 in=16128Hz out=16000Hz ring=1088 under=0 over=0 (dt=1000000us) loglag=127547us
01:07:07.859 {"win":441,"cls":"crackling_fire","p":0.94,"lat_ms":112,"under":0,"over":0,"late":0}
01:07:07.859 win  441 pos= 6773760  -44dBFS [#####...............] rms=  210 peak= 2126 seam=ok lag=335us
01:07:07.859   -> crackling_fire  p=0.94  preproc=68959us infer=41048us
01:07:07.859 lcd: win 441 -> FIRE p=0.94 (29851 us after notify)
01:07:08.037   pt[825]: min=-1060 max=900 avg_abs=138 | fifo=1184 under=0 over=0 late=0 mdf_cb=26539 mdf_err=0
01:07:08.535   pt[826]: min=-448 max=454 avg_abs=107 | fifo=976 under=0 over=0 late=0 mdf_cb=26571 mdf_err=0
01:07:08.784 in=16128Hz out=16400Hz ring=816 under=0 over=0 (dt=1000000us) loglag=127547us
01:07:08.784 {"win":442,"cls":"unknown","p":0.28,"lat_ms":112,"under":0,"over":0,"late":0}
01:07:08.784 win  442 pos= 6789120  -48dBFS [####................] rms=  132 peak=  556 seam=ok lag=334us
01:07:08.784   -> unknown         p=0.28  preproc=69035us infer=41038us
01:07:09.035   pt[827]: min=-366 max=284 avg_abs=82 | fifo=1168 under=0 over=0 late=0 mdf_cb=26603 mdf_err=0
01:07:09.535   pt[828]: min=-884 max=902 avg_abs=166 | fifo=960 under=0 over=0 late=0 mdf_cb=26635 mdf_err=0
01:07:09.725 win  443 pos= 6804480  -45dBFS [#####...............] rms=  178 peak=  902 seam=ok lag=335us
01:07:09.725   -> unknown         p=0.49  preproc=69021us infer=41096us
01:07:09.784 in=16128Hz out=16000Hz ring=944 under=0 over=0 (dt=999999us) loglag=127547us
01:07:10.061   pt[829]: min=-662 max=748 avg_abs=120 | fifo=752 under=0 over=0 late=0 mdf_cb=26667 mdf_err=0
01:07:10.567   pt[830]: min=-660 max=776 avg_abs=123 | fifo=944 under=0 over=0 late=0 mdf_cb=26699 mdf_err=0
01:07:10.692 {"win":444,"cls":"crackling_fire","p":0.95,"lat_ms":112,"under":0,"over":0,"late":0}
01:07:10.692 win  444 pos= 6819840  -46dBFS [####................] rms=  161 peak=  776 seam=ok lag=334us
01:07:10.692   -> crackling_fire  p=0.95  preproc=69020us infer=41081us
01:07:10.767 lcd: win 444 -> FIRE p=0.95 (22851 us after notify)
01:07:10.767 in=16128Hz out=16000Hz ring=1072 under=0 over=0 (dt=999999us) loglag=127547us
01:07:11.091   pt[831]: min=-1220 max=1042 avg_abs=159 | fifo=992 under=0 over=0 late=0 mdf_cb=26732 mdf_err=0
01:07:11.641   pt[832]: min=-1730 max=2186 avg_abs=167 | fifo=1184 under=0 over=0 late=0 mdf_cb=26764 mdf_err=0
01:07:11.645 {"win":445,"cls":"crackling_fire","p":0.95,"lat_ms":112,"under":0,"over":0,"late":0}
01:07:11.653 win  445 pos= 6835200  -43dBFS [#####...............] rms=  229 peak= 2186 seam=ok lag=334us
01:07:11.661   -> crackling_fire  p=0.95  preproc=69050us infer=40993us
01:07:11.734 lcd: win 445 -> FIRE p=0.95 (31641 us after notify)
01:07:11.801 in=16128Hz out=16000Hz ring=1200 under=0 over=0 (dt=999999us) loglag=127547us
01:07:12.113   pt[833]: min=-496 max=484 avg_abs=119 | fifo=976 under=0 over=0 late=0 mdf_cb=26796 mdf_err=0
01:07:12.613 {"win":446,"cls":"unknown","p":0.49,"lat_ms":112,"under":0,"over":0,"late":0}
01:07:12.613 win  446 pos= 6850560  -47dBFS [####................] rms=  152 peak= 1516 seam=ok lag=332us
01:07:12.613   -> unknown         p=0.49  preproc=68956us infer=41039us
01:07:12.617   pt[834]: min=-496 max=558 avg_abs=105 | fifo=1168 under=0 over=0 late=0 mdf_cb=26828 mdf_err=0
01:07:12.759 in=16128Hz out=16400Hz ring=928 under=0 over=0 (dt=999999us) loglag=127547us
01:07:13.150   pt[835]: min=-602 max=480 avg_abs=106 | fifo=960 under=0 over=0 late=0 mdf_cb=26860 mdf_err=0
01:07:13.587 win  447 pos= 6865920  -46dBFS [####................] rms=  161 peak= 1594 seam=ok lag=335us
01:07:13.587   -> clock_tick      p=0.55  preproc=69016us infer=41050us
01:07:13.645   pt[836]: min=-1574 max=1594 avg_abs=116 | fifo=1152 under=0 over=0 late=0 mdf_cb=26892 mdf_err=0
01:07:13.833 in=16128Hz out=16000Hz ring=1056 under=0 over=0 (dt=1000000us) loglag=127547us
01:07:14.142   pt[837]: min=-344 max=318 avg_abs=85 | fifo=944 under=0 over=0 late=0 mdf_cb=26924 mdf_err=0
01:07:14.522 win  448 pos= 6881280  -49dBFS [###.................] rms=  114 peak=  546 seam=ok lag=333us
01:07:14.524   -> unknown         p=0.38  preproc=69017us infer=41094us
01:07:14.708   pt[838]: min=-556 max=954 avg_abs=98 | fifo=1136 under=0 over=0 late=0 mdf_cb=26956 mdf_err=0
01:07:14.775 in=16128Hz out=16000Hz ring=1184 under=0 over=0 (dt=999999us) loglag=127547us
01:07:15.227   pt[839]: min=-488 max=380 avg_abs=106 | fifo=928 under=0 over=0 late=0 mdf_cb=26988 mdf_err=0
01:07:15.483 win  449 pos= 6896640  -47dBFS [####................] rms=  139 peak=  954 seam=ok lag=333us
01:07:15.553   -> unknown         p=0.46  preproc=69008us infer=41101us
01:07:15.553 ====================================
01:07:15.553 ====================================
01:07:15.553 TAP TOTAL win=449
01:07:15.553 ====================================
01:07:15.553 ====================================
01:07:15.553 tap total: windows=450 (expected 450 from 6914048 samples) overrun=0 torn=0 skipped=0 seam ok=449 NG=0
01:07:15.553   tap lag max=378us (0 of them lower bounds) | tap write max=7768ns avg=5325ns (27008 calls)
01:07:15.553   audio under=0 over=0 late=0 | aed run=450 err=0 (last er=0)
01:07:15.553   preproc max=69056us avg=69012us | infer max=41116us avg=41044us
01:07:15.553   notify out=160 held=198 offlist=92 gated=0 lat max=112179us (0 lower bounds)
01:07:15.553   log sent=3066 dropped=0 lag max=127547us
01:07:15.553   disp sent=103 dropped=0 max=97547us avg=31312us
01:07:15.553 ====================================
01:07:15.553 ====================================
01:07:15.684   pt[840]: min=-484 max=728 avg_abs=106 | fifo=1120 under=0 over=0 late=0 mdf_cb=27020 mdf_err=0
01:07:15.816 in=16128Hz out=16000Hz ring=912 under=0 over=0 (dt=1000000us) loglag=127547us
01:07:16.259   pt[841]: min=-514 max=508 avg_abs=109 | fifo=912 under=0 over=0 late=0 mdf_cb=27052 mdf_err=0
01:07:16.442 {"win":450,"cls":"sneezing","p":0.69,"lat_ms":112,"under":0,"over":0,"late":0}
01:07:16.444 win  450 pos= 6912000  -47dBFS [####................] rms=  147 peak=  728 seam=ok lag=338us
01:07:16.453   -> sneezing        p=0.69  preproc=69025us infer=41023us
01:07:16.534 lcd: win 450 -> SNEEZE p=0.69 (23080 us after notify)
01:07:16.724   pt[842]: min=-472 max=710 avg_abs=125 | fifo=704 under=0 over=0 late=0 mdf_cb=27084 mdf_err=0
01:07:16.851 in=16128Hz out=16400Hz ring=1040 under=0 over=0 (dt=1000000us) loglag=127547us
01:07:17.225   pt[843]: min=-636 max=548 avg_abs=121 | fifo=1152 under=0 over=0 late=0 mdf_cb=27117 mdf_err=0
01:07:17.414 {"win":451,"cls":"unknown","p":0.43,"lat_ms":112,"under":0,"over":0,"late":0}
01:07:17.414 win  451 pos= 6927360  -47dBFS [####................] rms=  151 peak=  636 seam=ok lag=336us
01:07:17.414   -> unknown         p=0.43  preproc=68958us infer=41037us
01:07:17.784   pt[844]: min=-466 max=476 avg_abs=104 | fifo=944 under=0 over=0 late=0 mdf_cb=27149 mdf_err=0
01:07:17.846 in=15872Hz out=16000Hz ring=912 under=0 over=0 (dt=999999us) loglag=127547us
01:07:18.367   pt[845]: min=-406 max=470 avg_abs=111 | fifo=1136 under=0 over=0 late=0 mdf_cb=27181 mdf_err=0
01:07:18.367 win  452 pos= 6942720  -48dBFS [####................] rms=  135 peak=  476 seam=ok lag=339us
01:07:18.375   -> unknown         p=0.46  preproc=69044us infer=41035us
01:07:18.816   pt[846]: min=-530 max=506 avg_abs=112 | fifo=928 under=0 over=0 late=0 mdf_cb=27213 mdf_err=0
01:07:18.816 in=16128Hz out=16000Hz ring=1040 under=0 over=0 (dt=999999us) loglag=127547us
01:07:19.334   pt[847]: min=-360 max=388 avg_abs=89 | fifo=1120 under=0 over=0 late=0 mdf_cb=27245 mdf_err=0
01:07:19.334 win  453 pos= 6958080  -48dBFS [####................] rms=  125 peak=  530 seam=ok lag=336us
01:07:19.335   -> clock_tick      p=0.61  preproc=69033us infer=41087us
01:07:19.792   pt[848]: min=-360 max=384 avg_abs=91 | fifo=912 under=0 over=0 late=0 mdf_cb=27277 mdf_err=0
01:07:19.867 in=16128Hz out=16400Hz ring=768 under=0 over=0 (dt=1000000us) loglag=127547us
01:07:20.309 win  454 pos= 6973440  -49dBFS [###.................] rms=  121 peak=  454 seam=ok lag=334us
01:07:20.309   -> unknown         p=0.34  preproc=69032us infer=41061us
01:07:20.309   pt[849]: min=-466 max=454 avg_abs=96 | fifo=1104 under=0 over=0 late=0 mdf_cb=27309 mdf_err=0
01:07:20.823 in=16128Hz out=16000Hz ring=896 under=0 over=0 (dt=1000000us) loglag=127547us
01:07:20.823   pt[850]: min=-352 max=386 avg_abs=88 | fifo=896 under=0 over=0 late=0 mdf_cb=27341 mdf_err=0
01:07:21.283 win  455 pos= 6988800  -49dBFS [###.................] rms=  111 peak=  466 seam=ok lag=336us
01:07:21.283   -> clock_tick      p=0.57  preproc=69025us infer=41037us
01:07:21.350   pt[851]: min=-384 max=346 avg_abs=91 | fifo=1088 under=0 over=0 late=0 mdf_cb=27373 mdf_err=0
01:07:21.851 in=16128Hz out=16000Hz ring=1024 under=0 over=0 (dt=999999us) loglag=127547us
01:07:21.851   pt[852]: min=-374 max=374 avg_abs=82 | fifo=880 under=0 over=0 late=0 mdf_cb=27405 mdf_err=0
01:07:22.228 win  456 pos= 7004160  -50dBFS [###.................] rms=  107 peak=  374 seam=ok lag=339us
01:07:22.228   -> clock_tick      p=0.52  preproc=68965us infer=41038us
01:07:22.407   pt[853]: min=-410 max=346 avg_abs=88 | fifo=1072 under=0 over=0 late=0 mdf_cb=27437 mdf_err=0
01:07:22.868 in=16128Hz out=16000Hz ring=1152 under=0 over=0 (dt=1000000us) loglag=127547us
01:07:22.868   pt[854]: min=-292 max=334 avg_abs=82 | fifo=1120 under=0 over=0 late=0 mdf_cb=27470 mdf_err=0
01:07:23.193 win  457 pos= 7019520  -50dBFS [###.................] rms=  106 peak=  410 seam=ok lag=337us
01:07:23.193   -> unknown         p=0.29  preproc=69026us infer=41027us
01:07:23.442   pt[855]: min=-388 max=324 avg_abs=83 | fifo=912 under=0 over=0 late=0 mdf_cb=27502 mdf_err=0
01:07:23.883 in=16128Hz out=16400Hz ring=880 under=0 over=0 (dt=999999us) loglag=127547us
01:07:23.948   pt[856]: min=-396 max=428 avg_abs=89 | fifo=1104 under=0 over=0 late=0 mdf_cb=27534 mdf_err=0
01:07:24.141 win  458 pos= 7034880  -50dBFS [###.................] rms=  106 peak=  428 seam=ok lag=335us
01:07:24.141   -> unknown         p=0.42  preproc=69017us infer=41094us
01:07:24.459   pt[857]: min=-318 max=408 avg_abs=77 | fifo=896 under=0 over=0 late=0 mdf_cb=27566 mdf_err=0
01:07:24.893 in=16128Hz out=16000Hz ring=1008 under=0 over=0 (dt=1000000us) loglag=127547us
01:07:24.959   pt[858]: min=-444 max=378 avg_abs=86 | fifo=1088 under=0 over=0 late=0 mdf_cb=27598 mdf_err=0
01:07:25.083 win  459 pos= 7050240  -50dBFS [###.................] rms=  106 peak=  444 seam=ok lag=337us
01:07:25.084   -> unknown         p=0.27  preproc=69018us infer=41078us
01:07:25.092 ====================================
01:07:25.092 ====================================
01:07:25.092 TAP TOTAL win=459
01:07:25.100 ====================================
01:07:25.104 ====================================
01:07:25.108 tap total: windows=460 (expected 460 from 7067648 samples) overrun=0 torn=0 skipped=0 seam ok=459 NG=0
01:07:25.116   tap lag max=378us (0 of them lower bounds) | tap write max=7768ns avg=5325ns (27608 calls)
01:07:25.125   audio under=0 over=0 late=0 | aed run=460 err=0 (last er=0)
01:07:25.126   preproc max=69056us avg=69013us | infer max=41116us avg=41045us
01:07:25.137   notify out=162 held=203 offlist=95 gated=0 lat max=112179us (0 lower bounds)
01:07:25.143   log sent=3132 dropped=0 lag max=127547us
01:07:25.147   disp sent=104 dropped=0 max=97547us avg=31233us
01:07:25.151 ====================================
01:07:25.157 ====================================
01:07:25.483   pt[859]: min=-408 max=266 avg_abs=80 | fifo=880 under=0 over=0 late=0 mdf_cb=27630 mdf_err=0
01:07:25.908 in=16128Hz out=16000Hz ring=1136 under=0 over=0 (dt=999999us) loglag=127547us
01:07:26.046   pt[860]: min=-334 max=400 avg_abs=82 | fifo=1072 under=0 over=0 late=0 mdf_cb=27662 mdf_err=0
01:07:26.048 win  460 pos= 7065600  -50dBFS [###.................] rms=  101 peak=  408 seam=ok lag=335us
01:07:26.057   -> unknown         p=0.40  preproc=69040us infer=41046us
01:07:26.493   pt[861]: min=-350 max=296 avg_abs=84 | fifo=864 under=0 over=0 late=0 mdf_cb=27694 mdf_err=0
01:07:26.867 in=16128Hz out=16000Hz ring=1264 under=0 over=0 (dt=999999us) loglag=127547us
01:07:27.050   pt[862]: min=-340 max=290 avg_abs=75 | fifo=1056 under=0 over=0 late=0 mdf_cb=27726 mdf_err=0
01:07:27.050 win  461 pos= 7080960  -50dBFS [###.................] rms=  101 peak=  350 seam=ok lag=333us
01:07:27.050   -> unknown         p=0.33  preproc=68946us infer=41029us
01:07:27.494   pt[863]: min=-334 max=348 avg_abs=84 | fifo=848 under=0 over=0 late=0 mdf_cb=27758 mdf_err=0
01:07:27.961 in=16128Hz out=16400Hz ring=992 under=0 over=0 (dt=1000000us) loglag=127547us
01:07:27.966 win  462 pos= 7096320  -50dBFS [###.................] rms=  104 peak=  410 seam=ok lag=333us
01:07:27.974   -> unknown         p=0.50  preproc=69024us infer=41041us
01:07:28.041   pt[864]: min=-410 max=306 avg_abs=81 | fifo=1296 under=0 over=0 late=0 mdf_cb=27791 mdf_err=0
01:07:28.549   pt[865]: min=-316 max=310 avg_abs=73 | fifo=1088 under=0 over=0 late=0 mdf_cb=27823 mdf_err=0
01:07:28.926 in=16128Hz out=16000Hz ring=1120 under=0 over=0 (dt=999999us) loglag=127547us
01:07:28.926 win  463 pos= 7111680  -51dBFS [###.................] rms=   95 peak=  338 seam=ok lag=333us
01:07:28.937   -> clock_tick      p=0.60  preproc=69032us infer=41087us
01:07:29.075   pt[866]: min=-338 max=296 avg_abs=79 | fifo=1280 under=0 over=0 late=0 mdf_cb=27855 mdf_err=0
01:07:29.581   pt[867]: min=-420 max=334 avg_abs=82 | fifo=1072 under=0 over=0 late=0 mdf_cb=27887 mdf_err=0
01:07:29.895 in=16128Hz out=16000Hz ring=1248 under=0 over=0 (dt=999999us) loglag=127547us
01:07:29.895 win  464 pos= 7127040  -50dBFS [###.................] rms=  103 peak=  420 seam=ok lag=335us
01:07:29.895   -> unknown         p=0.43  preproc=69017us infer=41094us
01:07:30.082   pt[868]: min=-354 max=314 avg_abs=81 | fifo=864 under=0 over=0 late=0 mdf_cb=27919 mdf_err=0
01:07:30.593   pt[869]: min=-446 max=340 avg_abs=83 | fifo=1056 under=0 over=0 late=0 mdf_cb=27951 mdf_err=0
01:07:30.853 win  465 pos= 7142400  -50dBFS [###.................] rms=  103 peak=  446 seam=ok lag=333us
01:07:30.853   -> unknown         p=0.33  preproc=69017us infer=41010us
01:07:30.916 in=15872Hz out=16400Hz ring=720 under=0 over=0 (dt=999999us) loglag=127547us
01:07:31.095   pt[870]: min=-340 max=260 avg_abs=72 | fifo=848 under=0 over=0 late=0 mdf_cb=27983 mdf_err=0
01:07:31.617   pt[871]: min=-344 max=320 avg_abs=70 | fifo=1040 under=0 over=0 late=0 mdf_cb=28015 mdf_err=0
01:07:31.807 win  466 pos= 7157760  -51dBFS [###.................] rms=   90 peak=  344 seam=ok lag=338us
01:07:31.809   -> unknown         p=0.33  preproc=68955us infer=41036us
01:07:31.949 in=16128Hz out=16000Hz ring=848 under=0 over=0 (dt=999999us) loglag=127547us
01:07:32.140   pt[872]: min=-312 max=262 avg_abs=70 | fifo=832 under=0 over=0 late=0 mdf_cb=28047 mdf_err=0
01:07:32.653   pt[873]: min=-334 max=394 avg_abs=91 | fifo=1024 under=0 over=0 late=0 mdf_cb=28079 mdf_err=0
01:07:32.783 win  467 pos= 7173120  -50dBFS [###.................] rms=  102 peak=  394 seam=ok lag=337us
01:07:32.783   -> clock_tick      p=0.54  preproc=69021us infer=41027us
01:07:32.928 in=16128Hz out=16000Hz ring=976 under=0 over=0 (dt=1000000us) loglag=127547us
01:07:33.182   pt[874]: min=-342 max=346 avg_abs=78 | fifo=816 under=0 over=0 late=0 mdf_cb=28111 mdf_err=0
01:07:33.766   pt[875]: min=-398 max=356 avg_abs=83 | fifo=1008 under=0 over=0 late=0 mdf_cb=28143 mdf_err=0
01:07:33.766 win  468 pos= 7188480  -50dBFS [###.................] rms=  103 peak=  398 seam=ok lag=338us
01:07:33.766   -> unknown         p=0.41  preproc=69045us infer=41067us
01:07:33.959 in=16128Hz out=16000Hz ring=1104 under=0 over=0 (dt=1000000us) loglag=127547us
01:07:34.234   pt[876]: min=-390 max=370 avg_abs=89 | fifo=800 under=0 over=0 late=0 mdf_cb=28175 mdf_err=0
01:07:34.709 win  469 pos= 7203840  -50dBFS [###.................] rms=  103 peak=  390 seam=ok lag=336us
01:07:34.709   -> clock_tick      p=0.55  preproc=69014us infer=41075us
01:07:34.709 ====================================
01:07:34.709 ====================================
01:07:34.709 TAP TOTAL win=469
01:07:34.709 ====================================
01:07:34.709 ====================================
01:07:34.710   pt[877]: min=-316 max=358 avg_abs=77 | fifo=1248 under=0 over=0 late=0 mdf_cb=28208 mdf_err=0
01:07:34.717 tap total: windows=470 (expected 470 from 7221248 samples) overrun=0 torn=0 skipped=0 seam ok=469 NG=0
01:07:34.726   tap lag max=378us (0 of them lower bounds) | tap write max=7768ns avg=5325ns (28208 calls)
01:07:34.735   audio under=0 over=0 late=0 | aed run=470 err=0 (last er=0)
01:07:34.741   preproc max=69056us avg=69012us | infer max=41116us avg=41045us
01:07:34.746   notify out=162 held=210 offlist=98 gated=0 lat max=112179us (0 lower bounds)
01:07:34.750   log sent=3194 dropped=0 lag max=127547us
01:07:34.758   disp sent=104 dropped=0 max=97547us avg=31233us
01:07:34.759 ====================================
01:07:34.766 ====================================
01:07:34.970 in=16128Hz out=16400Hz ring=832 under=0 over=0 (dt=1000000us) loglag=127547us
01:07:35.234   pt[878]: min=-354 max=406 avg_abs=94 | fifo=1040 under=0 over=0 late=0 mdf_cb=28240 mdf_err=0
01:07:35.675 win  470 pos= 7219200  -49dBFS [###.................] rms=  114 peak=  406 seam=ok lag=337us
01:07:35.675   -> unknown         p=0.42  preproc=69020us infer=41054us
01:07:35.739   pt[879]: min=-312 max=336 avg_abs=84 | fifo=1232 under=0 over=0 late=0 mdf_cb=28272 mdf_err=0
01:07:35.926 in=16128Hz out=16000Hz ring=960 under=0 over=0 (dt=1000000us) loglag=127547us
01:07:36.259   pt[880]: min=-302 max=366 avg_abs=77 | fifo=1024 under=0 over=0 late=0 mdf_cb=28304 mdf_err=0
01:07:36.633 win  471 pos= 7234560  -50dBFS [###.................] rms=  103 peak=  386 seam=ok lag=338us
01:07:36.633   -> unknown         p=0.41  preproc=68966us infer=41042us
01:07:36.755   pt[881]: min=-386 max=354 avg_abs=89 | fifo=1216 under=0 over=0 late=0 mdf_cb=28336 mdf_err=0
01:07:36.961 in=16128Hz out=16000Hz ring=1088 under=0 over=0 (dt=999999us) loglag=127547us
01:07:37.268   pt[882]: min=-318 max=290 avg_abs=84 | fifo=1008 under=0 over=0 late=0 mdf_cb=28368 mdf_err=0
01:07:37.611 win  472 pos= 7249920  -50dBFS [###.................] rms=  107 peak=  354 seam=ok lag=334us
01:07:37.611   -> clock_tick      p=0.61  preproc=69014us infer=41039us
01:07:37.808   pt[883]: min=-338 max=388 avg_abs=88 | fifo=1200 under=0 over=0 late=0 mdf_cb=28400 mdf_err=0
01:07:38.000 in=16128Hz out=16000Hz ring=1216 under=0 over=0 (dt=1000000us) loglag=127547us
01:07:38.280   pt[884]: min=-376 max=290 avg_abs=75 | fifo=992 under=0 over=0 late=0 mdf_cb=28432 mdf_err=0
01:07:38.533 win  473 pos= 7265280  -50dBFS [###.................] rms=  107 peak=  388 seam=ok lag=336us
01:07:38.533   -> clock_tick      p=0.68  preproc=69016us infer=41096us
01:07:38.850   pt[885]: min=-368 max=364 avg_abs=89 | fifo=784 under=0 over=0 late=0 mdf_cb=28464 mdf_err=0
01:07:38.975 in=16128Hz out=16400Hz ring=944 under=0 over=0 (dt=1000000us) loglag=127547us
01:07:39.351   pt[886]: min=-350 max=440 avg_abs=92 | fifo=976 under=0 over=0 late=0 mdf_cb=28496 mdf_err=0
01:07:39.533 win  474 pos= 7280640  -49dBFS [###.................] rms=  111 peak=  440 seam=ok lag=333us
01:07:39.533   -> unknown         p=0.45  preproc=69025us infer=41090us
01:07:39.860   pt[887]: min=-376 max=520 avg_abs=87 | fifo=768 under=0 over=0 late=0 mdf_cb=28528 mdf_err=0
01:07:39.985 in=16128Hz out=16000Hz ring=1072 under=0 over=0 (dt=1000000us) loglag=127547us
01:07:40.362   pt[888]: min=-468 max=344 avg_abs=84 | fifo=960 under=0 over=0 late=0 mdf_cb=28560 mdf_err=0
01:07:40.489 win  475 pos= 7296000  -49dBFS [###.................] rms=  111 peak=  520 seam=ok lag=378us
01:07:40.489   -> unknown         p=0.29  preproc=68970us infer=41034us
01:07:40.860   pt[889]: min=-338 max=334 avg_abs=85 | fifo=1008 under=0 over=0 late=0 mdf_cb=28593 mdf_err=0
01:07:40.993 in=15872Hz out=16000Hz ring=944 under=0 over=0 (dt=999999us) loglag=127547us
01:07:41.450   pt[890]: min=-396 max=422 avg_abs=96 | fifo=1200 under=0 over=0 late=0 mdf_cb=28625 mdf_err=0
01:07:41.450 win  476 pos= 7311360  -49dBFS [###.................] rms=  114 peak=  422 seam=ok lag=335us
01:07:41.450   -> clock_tick      p=0.52  preproc=68990us infer=41054us
01:07:41.894   pt[891]: min=-356 max=306 avg_abs=79 | fifo=992 under=0 over=0 late=0 mdf_cb=28657 mdf_err=0
01:07:41.968 in=16128Hz out=16000Hz ring=1072 under=0 over=0 (dt=1000000us) loglag=127547us
01:07:42.408 win  477 pos= 7326720  -50dBFS [###.................] rms=   99 peak=  402 seam=ok lag=336us
01:07:42.408   -> unknown         p=0.29  preproc=69012us infer=41041us
01:07:42.408   pt[892]: min=-464 max=402 avg_abs=86 | fifo=1184 under=0 over=0 late=0 mdf_cb=28689 mdf_err=0
01:07:42.917   pt[893]: min=-306 max=330 avg_abs=83 | fifo=976 under=0 over=0 late=0 mdf_cb=28721 mdf_err=0
01:07:42.983 in=16128Hz out=16400Hz ring=800 under=0 over=0 (dt=1000000us) loglag=127547us
01:07:43.350 win  478 pos= 7342080  -50dBFS [###.................] rms=  105 peak=  464 seam=ok lag=332us
01:07:43.350   -> clock_tick      p=0.62  preproc=69021us infer=41087us
01:07:43.408   pt[894]: min=-336 max=392 avg_abs=78 | fifo=1168 under=0 over=0 late=0 mdf_cb=28753 mdf_err=0
01:07:43.983   pt[895]: min=-286 max=334 avg_abs=76 | fifo=960 under=0 over=0 late=0 mdf_cb=28785 mdf_err=0
01:07:43.983 in=16128Hz out=16000Hz ring=928 under=0 over=0 (dt=1000000us) loglag=127547us
01:07:44.283 win  479 pos= 7357440  -51dBFS [###.................] rms=   95 peak=  392 seam=ok lag=332us
01:07:44.291   -> clock_tick      p=0.56  preproc=69019us infer=41082us
01:07:44.292 ====================================
01:07:44.300 ====================================
01:07:44.303 TAP TOTAL win=479
01:07:44.304 ====================================
01:07:44.307 ====================================
01:07:44.310 tap total: windows=480 (expected 480 from 7374848 samples) overrun=0 torn=0 skipped=0 seam ok=479 NG=0
01:07:44.320   tap lag max=378us (0 of them lower bounds) | tap write max=7768ns avg=5325ns (28808 calls)
01:07:44.326   audio under=0 over=0 late=0 | aed run=480 err=0 (last er=0)
01:07:44.333   preproc max=69056us avg=69012us | infer max=41116us avg=41045us
01:07:44.340   notify out=162 held=215 offlist=103 gated=0 lat max=112179us (0 lower bounds)
01:07:44.348   log sent=3256 dropped=0 lag max=127547us
01:07:44.349   disp sent=104 dropped=0 max=97547us avg=31233us
01:07:44.349 ====================================
01:07:44.358 ====================================
01:07:44.475   pt[896]: min=-306 max=394 avg_abs=78 | fifo=1152 under=0 over=0 late=0 mdf_cb=28817 mdf_err=0
01:07:44.975   pt[897]: min=-310 max=370 avg_abs=80 | fifo=944 under=0 over=0 late=0 mdf_cb=28849 mdf_err=0
01:07:45.041 in=16128Hz out=16000Hz ring=1056 under=0 over=0 (dt=999999us) loglag=127547us
01:07:45.284 win  480 pos= 7372800  -50dBFS [###.................] rms=  106 peak=  394 seam=ok lag=335us
01:07:45.284   -> unknown         p=0.36  preproc=69011us infer=41037us
01:07:45.476   pt[898]: min=-334 max=380 avg_abs=87 | fifo=736 under=0 over=0 late=0 mdf_cb=28881 mdf_err=0
01:07:46.012   pt[899]: min=-330 max=294 avg_abs=84 | fifo=928 under=0 over=0 late=0 mdf_cb=28913 mdf_err=0
01:07:46.012 in=16128Hz out=16000Hz ring=1184 under=0 over=0 (dt=1000000us) loglag=127547us
01:07:46.258 win  481 pos= 7388160  -50dBFS [###.................] rms=  103 peak=  398 seam=ok lag=335us
01:07:46.258   -> clock_tick      p=0.52  preproc=68960us infer=41027us
01:07:46.522   pt[900]: min=-398 max=308 avg_abs=82 | fifo=976 under=0 over=0 late=0 mdf_cb=28946 mdf_err=0
01:07:47.043 in=16128Hz out=16400Hz ring=912 under=0 over=0 (dt=999999us) loglag=127547us
01:07:47.043   pt[901]: min=-464 max=404 avg_abs=84 | fifo=1168 under=0 over=0 late=0 mdf_cb=28978 mdf_err=0
01:07:47.225 win  482 pos= 7403520  -50dBFS [###.................] rms=  105 peak=  464 seam=ok lag=338us
01:07:47.225   -> clock_tick      p=0.52  preproc=69023us infer=41055us
01:07:47.549   pt[902]: min=-332 max=332 avg_abs=87 | fifo=960 under=0 over=0 late=0 mdf_cb=29010 mdf_err=0
01:07:48.050 in=16128Hz out=16000Hz ring=1040 under=0 over=0 (dt=1000000us) loglag=127547us
01:07:48.124   pt[903]: min=-400 max=434 avg_abs=95 | fifo=1152 under=0 over=0 late=0 mdf_cb=29042 mdf_err=0
01:07:48.125 win  483 pos= 7418880  -49dBFS [###.................] rms=  114 peak=  434 seam=ok lag=338us
01:07:48.140   -> unknown         p=0.36  preproc=69049us infer=41043us
01:07:48.584   pt[904]: min=-1346 max=1170 avg_abs=146 | fifo=944 under=0 over=0 late=0 mdf_cb=29074 mdf_err=0
01:07:49.084 in=16128Hz out=16000Hz ring=1168 under=0 over=0 (dt=1000000us) loglag=127547us
01:07:49.089   pt[905]: min=-480 max=380 avg_abs=91 | fifo=1136 under=0 over=0 late=0 mdf_cb=29106 mdf_err=0
01:07:49.093 {"win":484,"cls":"sneezing","p":0.51,"lat_ms":112,"under":0,"over":0,"late":0}
01:07:49.106 win  484 pos= 7434240  -46dBFS [####................] rms=  169 peak= 1346 seam=ok lag=338us
01:07:49.109   -> sneezing        p=0.51  preproc=69032us infer=41059us
01:07:49.174 lcd: win 484 -> SNEEZE p=0.51 (38362 us after notify)
01:07:49.613   pt[906]: min=-362 max=538 avg_abs=94 | fifo=928 under=0 over=0 late=0 mdf_cb=29138 mdf_err=0
01:07:50.049 in=16128Hz out=16400Hz ring=896 under=0 over=0 (dt=1000000us) loglag=127547us
01:07:50.049 {"win":485,"cls":"unknown","p":0.34,"lat_ms":112,"under":0,"over":0,"late":0}
01:07:50.049 win  485 pos= 7449600  -49dBFS [###.................] rms=  120 peak=  538 seam=ok lag=336us
01:07:50.066   -> unknown         p=0.34  preproc=69017us infer=41008us
01:07:50.142   pt[907]: min=-310 max=386 avg_abs=89 | fifo=1120 under=0 over=0 late=0 mdf_cb=29170 mdf_err=0
01:07:50.650   pt[908]: min=-1346 max=1566 avg_abs=83 | fifo=912 under=0 over=0 late=0 mdf_cb=29202 mdf_err=0
01:07:51.017 win  486 pos= 7464960  -44dBFS [#####...............] rms=  209 peak= 4424 seam=ok lag=337us
01:07:51.017   -> clock_tick      p=0.76  preproc=68965us infer=41039us
01:07:51.087 in=16128Hz out=16000Hz ring=1024 under=0 over=0 (dt=999999us) loglag=127547us
01:07:51.149   pt[909]: min=-4424 max=4392 avg_abs=164 | fifo=960 under=0 over=0 late=0 mdf_cb=29235 mdf_err=0
01:07:51.641   pt[910]: min=-334 max=390 avg_abs=83 | fifo=1152 under=0 over=0 late=0 mdf_cb=29267 mdf_err=0
01:07:52.028 win  487 pos= 7480320  -48dBFS [####................] rms=  125 peak= 1474 seam=ok lag=335us
01:07:52.028   -> unknown         p=0.44  preproc=69020us infer=41090us
01:07:52.085 in=16128Hz out=16000Hz ring=1152 under=0 over=0 (dt=999999us) loglag=127547us
01:07:52.211   pt[911]: min=-1474 max=1264 avg_abs=90 | fifo=944 under=0 over=0 late=0 mdf_cb=29299 mdf_err=0
01:07:52.686   pt[912]: min=-706 max=888 avg_abs=116 | fifo=1136 under=0 over=0 late=0 mdf_cb=29331 mdf_err=0
01:07:52.933 win  488 pos= 7495680  -48dBFS [####................] rms=  134 peak=  888 seam=ok lag=334us
01:07:52.933   -> clock_tick      p=0.97  preproc=69023us infer=41037us
01:07:53.084 in=16128Hz out=16400Hz ring=880 under=0 over=0 (dt=1000000us) loglag=127547us
01:07:53.211   pt[913]: min=-946 max=798 avg_abs=105 | fifo=928 under=0 over=0 late=0 mdf_cb=29363 mdf_err=0
01:07:53.718   pt[914]: min=-1942 max=1032 avg_abs=157 | fifo=1120 under=0 over=0 late=0 mdf_cb=29395 mdf_err=0
01:07:53.908 win  489 pos= 7511040  -44dBFS [#####...............] rms=  206 peak= 1942 seam=ok lag=336us
01:07:53.908   -> clock_tick      p=0.57  preproc=69022us infer=41080us
01:07:53.908 ====================================
01:07:53.908 ====================================
01:07:53.908 TAP TOTAL win=489
01:07:53.908 ====================================
01:07:53.908 ====================================
01:07:53.908 tap total: windows=490 (expected 490 from 7528448 samples) overrun=0 torn=0 skipped=0 seam ok=489 NG=0
01:07:53.921   tap lag max=378us (0 of them lower bounds) | tap write max=7768ns avg=5325ns (29408 calls)
01:07:53.925   audio under=0 over=0 late=0 | aed run=490 err=0 (last er=0)
01:07:53.936   preproc max=69056us avg=69012us | infer max=41116us avg=41045us
01:07:53.941   notify out=164 held=218 offlist=108 gated=0 lat max=112179us (0 lower bounds)
01:07:53.949   log sent=3321 dropped=0 lag max=127547us
01:07:53.949   disp sent=105 dropped=0 max=97547us avg=31301us
01:07:53.949 ====================================
01:07:53.958 ====================================
01:07:54.084 in=16128Hz out=16000Hz ring=1008 under=0 over=0 (dt=1000000us) loglag=127547us
01:07:54.208   pt[915]: min=-1242 max=1220 avg_abs=165 | fifo=912 under=0 over=0 late=0 mdf_cb=29427 mdf_err=0
01:07:54.724   pt[916]: min=-1084 max=842 avg_abs=124 | fifo=1104 under=0 over=0 late=0 mdf_cb=29459 mdf_err=0
01:07:54.850 {"win":490,"cls":"crackling_fire","p":0.85,"lat_ms":112,"under":0,"over":0,"late":0}
01:07:54.853 win  490 pos= 7526400  -44dBFS [#####...............] rms=  197 peak= 1242 seam=ok lag=334us
01:07:54.858   -> crackling_fire  p=0.85  preproc=69026us infer=41038us
01:07:54.926 lcd: win 490 -> FIRE p=0.85 (22853 us after notify)
01:07:55.117 in=16128Hz out=16000Hz ring=1136 under=0 over=0 (dt=1000000us) loglag=127547us
01:07:55.249   pt[917]: min=-490 max=650 avg_abs=116 | fifo=896 under=0 over=0 late=0 mdf_cb=29491 mdf_err=0
01:07:55.849   pt[918]: min=-924 max=808 avg_abs=122 | fifo=944 under=0 over=0 late=0 mdf_cb=29524 mdf_err=0
01:07:55.849 win  491 pos= 7541760  -47dBFS [####................] rms=  154 peak=  924 seam=ok lag=334us
01:07:55.849   -> clock_tick      p=0.64  preproc=68989us infer=41090us
01:07:56.101 in=16128Hz out=16000Hz ring=1264 under=0 over=0 (dt=999999us) loglag=127547us
01:07:56.284   pt[919]: min=-816 max=884 avg_abs=142 | fifo=1136 under=0 over=0 late=0 mdf_cb=29556 mdf_err=0
01:07:56.783 {"win":492,"cls":"crackling_fire","p":0.66,"lat_ms":112,"under":0,"over":0,"late":0}
01:07:56.783 win  492 pos= 7557120  -45dBFS [#####...............] rms=  184 peak=  884 seam=ok lag=335us
01:07:56.783   -> crackling_fire  p=0.66  preproc=69013us infer=41045us
01:07:56.783   pt[920]: min=-710 max=732 avg_abs=133 | fifo=928 under=0 over=0 late=0 mdf_cb=29588 mdf_err=0
01:07:56.848 lcd: win 492 -> FIRE p=0.66 (31444 us after notify)
01:07:57.110 in=16128Hz out=16400Hz ring=992 under=0 over=0 (dt=1000000us) loglag=127547us
01:07:57.300   pt[921]: min=-854 max=910 avg_abs=161 | fifo=1120 under=0 over=0 late=0 mdf_cb=29620 mdf_err=0
01:07:57.740 {"win":493,"cls":"unknown","p":0.35,"lat_ms":112,"under":0,"over":0,"late":0}
01:07:57.740 win  493 pos= 7572480  -45dBFS [#####...............] rms=  175 peak=  910 seam=ok lag=333us
01:07:57.740   -> unknown         p=0.35  preproc=69015us infer=41041us
01:07:57.807   pt[922]: min=-330 max=372 avg_abs=83 | fifo=912 under=0 over=0 late=0 mdf_cb=29652 mdf_err=0
01:07:58.117 in=16128Hz out=16000Hz ring=1120 under=0 over=0 (dt=999999us) loglag=127547us
01:07:58.366   pt[923]: min=-788 max=684 avg_abs=141 | fifo=1104 under=0 over=0 late=0 mdf_cb=29684 mdf_err=0
01:07:58.742 {"win":494,"cls":"crackling_fire","p":0.66,"lat_ms":112,"under":0,"over":0,"late":0}
01:07:58.742 win  494 pos= 7587840  -44dBFS [#####...............] rms=  219 peak= 1578 seam=ok lag=336us
01:07:58.742   -> crackling_fire  p=0.66  preproc=69018us infer=41008us
01:07:58.742 lcd: win 494 -> FIRE p=0.66 (22852 us after notify)
01:07:58.877   pt[924]: min=-1592 max=1540 avg_abs=244 | fifo=896 under=0 over=0 late=0 mdf_cb=29716 mdf_err=0
01:07:59.142 in=16128Hz out=16000Hz ring=1248 under=0 over=0 (dt=1000000us) loglag=127547us
01:07:59.342   pt[925]: min=-1104 max=966 avg_abs=215 | fifo=1088 under=0 over=0 late=0 mdf_cb=29748 mdf_err=0
01:07:59.706 {"win":495,"cls":"crackling_fire","p":0.66,"lat_ms":112,"under":0,"over":0,"late":0}
01:07:59.706 win  495 pos= 7603200  -40dBFS [######..............] rms=  317 peak= 1592 seam=ok lag=333us
01:07:59.706   -> crackling_fire  p=0.66  preproc=69024us infer=40983us
01:07:59.706 lcd: win 495 -> FIRE p=0.66 (22853 us after notify)
01:07:59.908   pt[926]: min=-1160 max=1222 avg_abs=216 | fifo=1136 under=0 over=0 late=0 mdf_cb=29781 mdf_err=0
01:08:00.100 in=16128Hz out=16400Hz ring=976 under=0 over=0 (dt=1000000us) loglag=127547us
01:08:00.409   pt[927]: min=-2472 max=1944 avg_abs=224 | fifo=928 under=0 over=0 late=0 mdf_cb=29813 mdf_err=0
01:08:00.658 {"win":496,"cls":"crackling_fire","p":0.92,"lat_ms":112,"under":0,"over":0,"late":0}
01:08:00.658 win  496 pos= 7618560  -40dBFS [######..............] rms=  334 peak= 4338 seam=ok lag=335us
01:08:00.658   -> crackling_fire  p=0.92  preproc=68966us infer=41065us
01:08:00.658 lcd: win 496 -> FIRE p=0.92 (22849 us after notify)
01:08:00.916   pt[928]: min=-2782 max=4338 avg_abs=159 | fifo=1120 under=0 over=0 late=0 mdf_cb=29845 mdf_err=0
01:08:01.158 in=16128Hz out=16000Hz ring=1104 under=0 over=0 (dt=999999us) loglag=127547us
01:08:01.408   pt[929]: min=-504 max=524 avg_abs=103 | fifo=912 under=0 over=0 late=0 mdf_cb=29877 mdf_err=0
01:08:01.618 win  497 pos= 7633920  -46dBFS [####................] rms=  169 peak= 1870 seam=ok lag=333us
01:08:01.618   -> clock_tick      p=0.74  preproc=69008us infer=41040us
01:08:01.927   pt[930]: min=-440 max=390 avg_abs=78 | fifo=1104 under=0 over=0 late=0 mdf_cb=29909 mdf_err=0
01:08:02.125 in=16128Hz out=16000Hz ring=1232 under=0 over=0 (dt=999999us) loglag=127547us
01:08:02.558   pt[931]: min=-372 max=354 avg_abs=87 | fifo=896 under=0 over=0 late=0 mdf_cb=29941 mdf_err=0
01:08:02.558 win  498 pos= 7649280  -50dBFS [###.................] rms=  104 peak=  440 seam=ok lag=339us
01:08:02.558   -> unknown         p=0.35  preproc=69048us infer=41036us
01:08:02.992   pt[932]: min=-1108 max=936 avg_abs=96 | fifo=1088 under=0 over=0 late=0 mdf_cb=29973 mdf_err=0
01:08:03.176 in=16128Hz out=16400Hz ring=960 under=0 over=0 (dt=1000000us) loglag=127547us
01:08:03.491   pt[933]: min=-366 max=368 avg_abs=82 | fifo=1136 under=0 over=0 late=0 mdf_cb=30006 mdf_err=0
01:08:03.491 win  499 pos= 7664640  -49dBFS [###.................] rms=  119 peak= 1108 seam=ok lag=336us
01:08:03.502   -> clock_tick      p=0.79  preproc=69014us infer=41029us
01:08:03.507 ====================================
01:08:03.508 ====================================
01:08:03.508 TAP TOTAL win=499
01:08:03.515 ====================================
01:08:03.519 ====================================
01:08:03.523 tap total: windows=500 (expected 500 from 7682048 samples) overrun=0 torn=0 skipped=0 seam ok=499 NG=0
01:08:03.532   tap lag max=378us (0 of them lower bounds) | tap write max=7768ns avg=5325ns (30008 calls)
01:08:03.540   audio under=0 over=0 late=0 | aed run=500 err=0 (last er=0)
01:08:03.546   preproc max=69056us avg=69012us | infer max=41116us avg=41045us
01:08:03.550   notify out=170 held=219 offlist=111 gated=0 lat max=112179us (0 lower bounds)
01:08:03.558   log sent=3395 dropped=0 lag max=127547us
01:08:03.558   disp sent=110 dropped=0 max=97547us avg=30995us
01:08:03.566 ====================================
01:08:03.566 ====================================
01:08:04.008   pt[934]: min=-546 max=458 avg_abs=96 | fifo=928 under=0 over=0 late=0 mdf_cb=30038 mdf_err=0
01:08:04.136 in=16128Hz out=16000Hz ring=1088 under=0 over=0 (dt=999999us) loglag=127547us
01:08:04.459 {"win":500,"cls":"crackling_fire","p":0.76,"lat_ms":112,"under":0,"over":0,"late":0}
01:08:04.459 win  500 pos= 7680000  -49dBFS [###.................] rms=  122 peak=  546 seam=ok lag=334us
01:08:04.459   -> crackling_fire  p=0.76  preproc=69022us infer=40993us
01:08:04.467 lcd: win 500 -> FIRE p=0.76 (22850 us after notify)
01:08:04.538   pt[935]: min=-434 max=480 avg_abs=94 | fifo=1120 under=0 over=0 late=0 mdf_cb=30070 mdf_err=0
01:08:05.033   pt[936]: min=-288 max=370 avg_abs=76 | fifo=912 under=0 over=0 late=0 mdf_cb=30102 mdf_err=0
01:08:05.158 in=16128Hz out=16000Hz ring=1216 under=0 over=0 (dt=1000000us) loglag=127547us
01:08:05.408 {"win":501,"cls":"unknown","p":0.38,"lat_ms":112,"under":0,"over":0,"late":0}
01:08:05.408 win  501 pos= 7695360  -50dBFS [###.................] rms=  109 peak=  422 seam=ok lag=337us
01:08:05.422   -> unknown         p=0.38  preproc=68948us infer=41068us
01:08:05.550   pt[937]: min=-364 max=394 avg_abs=94 | fifo=1104 under=0 over=0 late=0 mdf_cb=30134 mdf_err=0
01:08:06.050   pt[938]: min=-400 max=370 avg_abs=95 | fifo=896 under=0 over=0 late=0 mdf_cb=30166 mdf_err=0
01:08:06.183 in=16128Hz out=16400Hz ring=944 under=0 over=0 (dt=999999us) loglag=127547us
01:08:06.367 win  502 pos= 7710720  -49dBFS [###.................] rms=  116 peak=  400 seam=ok lag=336us
01:08:06.375   -> unknown         p=0.30  preproc=69023us infer=41033us
01:08:06.582   pt[939]: min=-408 max=356 avg_abs=96 | fifo=1088 under=0 over=0 late=0 mdf_cb=30198 mdf_err=0
01:08:07.100   pt[940]: min=-468 max=346 avg_abs=80 | fifo=1136 under=0 over=0 late=0 mdf_cb=30231 mdf_err=0
01:08:07.158 in=16128Hz out=16000Hz ring=1072 under=0 over=0 (dt=999999us) loglag=127547us
01:08:07.350 win  503 pos= 7726080  -50dBFS [###.................] rms=  108 peak=  468 seam=ok lag=336us
01:08:07.350   -> unknown         p=0.22  preproc=69021us infer=40985us
01:08:07.608   pt[941]: min=-320 max=302 avg_abs=80 | fifo=928 under=0 over=0 late=0 mdf_cb=30263 mdf_err=0
01:08:08.118   pt[942]: min=-332 max=326 avg_abs=78 | fifo=1120 under=0 over=0 late=0 mdf_cb=30295 mdf_err=0
01:08:08.176 in=16128Hz out=16000Hz ring=1200 under=0 over=0 (dt=999999us) loglag=127547us
01:08:08.301 win  504 pos= 7741440  -50dBFS [###.................] rms=   98 peak=  332 seam=ok lag=338us
01:08:08.301   -> unknown         p=0.35  preproc=69009us infer=41025us
01:08:08.626   pt[943]: min=-368 max=340 avg_abs=79 | fifo=912 under=0 over=0 late=0 mdf_cb=30327 mdf_err=0
01:08:09.150   pt[944]: min=-334 max=392 avg_abs=84 | fifo=1104 under=0 over=0 late=0 mdf_cb=30359 mdf_err=0
01:08:09.284 in=16128Hz out=16400Hz ring=928 under=0 over=0 (dt=1000000us) loglag=127547us
01:08:09.284 win  505 pos= 7756800  -50dBFS [###.................] rms=  105 peak=  392 seam=ok lag=335us
01:08:09.284   -> unknown         p=0.29  preproc=69021us infer=41010us
01:08:09.681   pt[945]: min=-312 max=336 avg_abs=85 | fifo=896 under=0 over=0 late=0 mdf_cb=30391 mdf_err=0
01:08:10.260   pt[946]: min=-360 max=298 avg_abs=86 | fifo=1088 under=0 over=0 late=0 mdf_cb=30423 mdf_err=0
01:08:10.260 in=16128Hz out=16000Hz ring=1056 under=0 over=0 (dt=1000000us) loglag=127547us
01:08:10.260 win  506 pos= 7772160  -50dBFS [###.................] rms=  106 peak=  360 seam=ok lag=337us
01:08:10.260   -> clock_tick      p=0.59  preproc=68991us infer=40999us
01:08:10.717   pt[947]: min=-434 max=476 avg_abs=92 | fifo=1136 under=0 over=0 late=0 mdf_cb=30456 mdf_err=0
01:08:11.225 win  507 pos= 7787520  -49dBFS [###.................] rms=  116 peak=  476 seam=ok lag=335us
01:08:11.225   -> unknown         p=0.48  preproc=69028us infer=41028us
01:08:11.225   pt[948]: min=-388 max=350 avg_abs=90 | fifo=928 under=0 over=0 late=0 mdf_cb=30488 mdf_err=0
01:08:11.225 in=16128Hz out=16000Hz ring=1184 under=0 over=0 (dt=999999us) loglag=127547us
01:08:11.742   pt[949]: min=-1200 max=1496 avg_abs=116 | fifo=1120 under=0 over=0 late=0 mdf_cb=30520 mdf_err=0
01:08:12.183 {"win":508,"cls":"crackling_fire","p":0.51,"lat_ms":112,"under":0,"over":0,"late":0}
01:08:12.183 win  508 pos= 7802880  -46dBFS [####................] rms=  163 peak= 2250 seam=ok lag=336us
01:08:12.183   -> crackling_fire  p=0.51  preproc=69017us infer=41000us
01:08:12.183 lcd: win 508 -> FIRE p=0.51 (22850 us after notify)
01:08:12.242 in=16128Hz out=16400Hz ring=912 under=0 over=0 (dt=1000000us) loglag=127547us
01:08:12.242   pt[950]: min=-2028 max=2250 avg_abs=126 | fifo=912 under=0 over=0 late=0 mdf_cb=30552 mdf_err=0
01:08:12.758   pt[951]: min=-1110 max=1506 avg_abs=111 | fifo=1104 under=0 over=0 late=0 mdf_cb=30584 mdf_err=0
01:08:13.107 {"win":509,"cls":"unknown","p":0.43,"lat_ms":112,"under":0,"over":0,"late":0}
01:08:13.107 win  509 pos= 7818240  -46dBFS [####................] rms=  169 peak= 1506 seam=ok lag=332us
01:08:13.107   -> unknown         p=0.43  preproc=69015us infer=41084us
01:08:13.108 ====================================
01:08:13.108 ====================================
01:08:13.108 TAP TOTAL win=509
01:08:13.116 ====================================
01:08:13.120 ====================================
01:08:13.124 tap total: windows=510 (expected 510 from 7835648 samples) overrun=0 torn=0 skipped=0 seam ok=509 NG=0
01:08:13.133   tap lag max=378us (0 of them lower bounds) | tap write max=7768ns avg=5325ns (30608 calls)
01:08:13.140   audio under=0 over=0 late=0 | aed run=510 err=0 (last er=0)
01:08:13.146   preproc max=69056us avg=69012us | infer max=41116us avg=41045us
01:08:13.150   notify out=174 held=224 offlist=112 gated=0 lat max=112179us (0 lower bounds)
01:08:13.158   log sent=3462 dropped=0 lag max=127547us
01:08:13.158   disp sent=112 dropped=0 max=97547us avg=30850us
01:08:13.166 ====================================
01:08:13.169 ====================================
01:08:13.242 in=16128Hz out=16000Hz ring=1040 under=0 over=0 (dt=999999us) loglag=127547us
01:08:13.242   pt[952]: min=-826 max=970 avg_abs=131 | fifo=896 under=0 over=0 late=0 mdf_cb=30616 mdf_err=0
01:08:13.801   pt[953]: min=-778 max=732 avg_abs=118 | fifo=1088 under=0 over=0 late=0 mdf_cb=30648 mdf_err=0
01:08:14.050 {"win":510,"cls":"crackling_fire","p":0.59,"lat_ms":112,"under":0,"over":0,"late":0}
01:08:14.050 win  510 pos= 7833600  -47dBFS [####................] rms=  142 peak=  778 seam=ok lag=332us
01:08:14.058   -> crackling_fire  p=0.59  preproc=69026us infer=41034us
01:08:14.133 lcd: win 510 -> FIRE p=0.59 (22849 us after notify)
01:08:14.258 in=16128Hz out=16000Hz ring=1168 under=0 over=0 (dt=1000000us) loglag=127547us
01:08:14.258   pt[954]: min=-490 max=744 avg_abs=98 | fifo=880 under=0 over=0 late=0 mdf_cb=30680 mdf_err=0
01:08:14.833   pt[955]: min=-1300 max=698 avg_abs=113 | fifo=928 under=0 over=0 late=0 mdf_cb=30713 mdf_err=0
01:08:15.025 {"win":511,"cls":"sneezing","p":0.83,"lat_ms":112,"under":0,"over":0,"late":0}
01:08:15.025 win  511 pos= 7848960  -47dBFS [####................] rms=  145 peak= 1300 seam=ok lag=334us
01:08:15.025   -> sneezing        p=0.83  preproc=68972us infer=41068us
01:08:15.084 lcd: win 511 -> SNEEZE p=0.83 (22790 us after notify)
01:08:15.225 in=16128Hz out=16400Hz ring=896 under=0 over=0 (dt=1000000us) loglag=127547us
01:08:15.284   pt[956]: min=-518 max=492 avg_abs=99 | fifo=1120 under=0 over=0 late=0 mdf_cb=30745 mdf_err=0
01:08:15.852   pt[957]: min=-408 max=304 avg_abs=88 | fifo=912 under=0 over=0 late=0 mdf_cb=30777 mdf_err=0
01:08:15.985 {"win":512,"cls":"unknown","p":0.44,"lat_ms":112,"under":0,"over":0,"late":0}
01:08:15.985 win  512 pos= 7864320  -49dBFS [###.................] rms=  112 peak=  408 seam=ok lag=332us
01:08:15.985   -> unknown         p=0.44  preproc=69012us infer=41044us
01:08:16.260 in=16128Hz out=16000Hz ring=1024 under=0 over=0 (dt=999999us) loglag=127547us
01:08:16.325   pt[958]: min=-348 max=380 avg_abs=92 | fifo=1104 under=0 over=0 late=0 mdf_cb=30809 mdf_err=0
01:08:16.984   pt[959]: min=-356 max=336 avg_abs=80 | fifo=896 under=0 over=0 late=0 mdf_cb=30841 mdf_err=0
01:08:16.984 win  513 pos= 7879680  -50dBFS [###.................] rms=  108 peak=  380 seam=ok lag=335us
01:08:16.984   -> unknown         p=0.32  preproc=69046us infer=41089us
01:08:17.247 in=16128Hz out=16000Hz ring=1152 under=0 over=0 (dt=1000000us) loglag=127547us
01:08:17.384   pt[960]: min=-350 max=342 avg_abs=84 | fifo=1088 under=0 over=0 late=0 mdf_cb=30873 mdf_err=0
01:08:17.907   pt[961]: min=-366 max=330 avg_abs=78 | fifo=880 under=0 over=0 late=0 mdf_cb=30905 mdf_err=0
01:08:17.907 win  514 pos= 7895040  -50dBFS [###.................] rms=  102 peak=  366 seam=ok lag=338us
01:08:17.907   -> unknown         p=0.28  preproc=69020us infer=41090us
01:08:18.292 in=16128Hz out=16400Hz ring=880 under=0 over=0 (dt=1000000us) loglag=127547us
01:08:18.418   pt[962]: min=-350 max=388 avg_abs=80 | fifo=1072 under=0 over=0 late=0 mdf_cb=30937 mdf_err=0
01:08:18.850 win  515 pos= 7910400  -50dBFS [###.................] rms=  106 peak=  388 seam=ok lag=336us
01:08:18.856   -> unknown         p=0.35  preproc=69022us infer=41023us
01:08:18.916   pt[963]: min=-368 max=376 avg_abs=91 | fifo=864 under=0 over=0 late=0 mdf_cb=30969 mdf_err=0
01:08:19.308 in=16128Hz out=16000Hz ring=1008 under=0 over=0 (dt=999999us) loglag=127547us
01:08:19.424   pt[964]: min=-358 max=326 avg_abs=81 | fifo=1312 under=0 over=0 late=0 mdf_cb=31002 mdf_err=0
01:08:19.866 win  516 pos= 7925760  -50dBFS [###.................] rms=  104 peak=  358 seam=ok lag=337us
01:08:19.866   -> unknown         p=0.41  preproc=68959us infer=41037us
01:08:19.925   pt[965]: min=-410 max=338 avg_abs=85 | fifo=1104 under=0 over=0 late=0 mdf_cb=31034 mdf_err=0
01:08:20.310 in=16128Hz out=16000Hz ring=1136 under=0 over=0 (dt=999999us) loglag=127547us
01:08:20.433   pt[966]: min=-388 max=342 avg_abs=93 | fifo=896 under=0 over=0 late=0 mdf_cb=31066 mdf_err=0
01:08:20.801 win  517 pos= 7941120  -49dBFS [###.................] rms=  113 peak=  410 seam=ok lag=336us
01:08:20.801   -> unknown         p=0.30  preproc=69015us infer=41045us
01:08:20.990   pt[967]: min=-330 max=322 avg_abs=79 | fifo=1088 under=0 over=0 late=0 mdf_cb=31098 mdf_err=0
01:08:21.308 in=16128Hz out=16000Hz ring=1264 under=0 over=0 (dt=999999us) loglag=127547us
01:08:21.492   pt[968]: min=-378 max=370 avg_abs=87 | fifo=880 under=0 over=0 late=0 mdf_cb=31130 mdf_err=0
01:08:21.760 win  518 pos= 7956480  -50dBFS [###.................] rms=  105 peak=  378 seam=ok lag=335us
01:08:21.760   -> clock_tick      p=0.67  preproc=69020us infer=41083us
01:08:21.960   pt[969]: min=-306 max=362 avg_abs=76 | fifo=1072 under=0 over=0 late=0 mdf_cb=31162 mdf_err=0
01:08:22.333 in=16128Hz out=16400Hz ring=992 under=0 over=0 (dt=1000000us) loglag=127547us
01:08:22.518   pt[970]: min=-364 max=400 avg_abs=82 | fifo=864 under=0 over=0 late=0 mdf_cb=31194 mdf_err=0
01:08:22.708 win  519 pos= 7971840  -50dBFS [###.................] rms=   99 peak=  400 seam=ok lag=337us
01:08:22.708   -> unknown         p=0.49  preproc=69015us infer=41058us
01:08:22.708 ====================================
01:08:22.708 ====================================
01:08:22.708 TAP TOTAL win=519
01:08:22.708 ====================================
01:08:22.708 ====================================
01:08:22.717 tap total: windows=520 (expected 520 from 7989248 samples) overrun=0 torn=0 skipped=0 seam ok=519 NG=0
01:08:22.725   tap lag max=378us (0 of them lower bounds) | tap write max=7768ns avg=5325ns (31208 calls)
01:08:22.733   audio under=0 over=0 late=0 | aed run=520 err=0 (last er=0)
01:08:22.740   preproc max=69056us avg=69012us | infer max=41116us avg=41045us
01:08:22.746   notify out=177 held=230 offlist=113 gated=0 lat max=112179us (0 lower bounds)
01:08:22.750   log sent=3530 dropped=0 lag max=127547us
01:08:22.757   disp sent=114 dropped=0 max=97547us avg=30709us
01:08:22.762 ====================================
01:08:22.765 ====================================
01:08:23.033   pt[971]: min=-314 max=362 avg_abs=83 | fifo=1056 under=0 over=0 late=0 mdf_cb=31226 mdf_err=0
01:08:23.300 in=16128Hz out=16000Hz ring=1120 under=0 over=0 (dt=999999us) loglag=127547us
01:08:23.550   pt[972]: min=-326 max=344 avg_abs=90 | fifo=848 under=0 over=0 late=0 mdf_cb=31258 mdf_err=0
01:08:23.683 win  520 pos= 7987200  -49dBFS [###.................] rms=  111 peak=  362 seam=ok lag=336us
01:08:23.683   -> clock_tick      p=0.68  preproc=69020us infer=41046us
01:08:24.050   pt[973]: min=-332 max=366 avg_abs=82 | fifo=1296 under=0 over=0 late=0 mdf_cb=31291 mdf_err=0
01:08:24.308 in=16128Hz out=16000Hz ring=1248 under=0 over=0 (dt=1000000us) loglag=127547us
01:08:24.624   pt[974]: min=-390 max=406 avg_abs=86 | fifo=1088 under=0 over=0 late=0 mdf_cb=31323 mdf_err=0
01:08:24.624 win  521 pos= 8002560  -50dBFS [###.................] rms=  105 peak=  406 seam=ok lag=335us
01:08:24.624   -> unknown         p=0.34  preproc=68985us infer=41088us
01:08:25.066   pt[975]: min=-340 max=376 avg_abs=84 | fifo=1280 under=0 over=0 late=0 mdf_cb=31355 mdf_err=0
01:08:25.317 in=15872Hz out=16400Hz ring=720 under=0 over=0 (dt=999999us) loglag=127547us
01:08:25.575   pt[976]: min=-444 max=326 avg_abs=83 | fifo=1072 under=0 over=0 late=0 mdf_cb=31387 mdf_err=0
01:08:25.577 win  522 pos= 8017920  -50dBFS [###.................] rms=  106 peak=  376 seam=ok lag=333us
01:08:25.586   -> unknown         p=0.47  preproc=69017us infer=41025us
01:08:26.083   pt[977]: min=-356 max=272 avg_abs=72 | fifo=864 under=0 over=0 late=0 mdf_cb=31419 mdf_err=0
01:08:26.350 in=16128Hz out=16000Hz ring=848 under=0 over=0 (dt=1000000us) loglag=127547us
01:08:26.535 win  523 pos= 8033280  -50dBFS [###.................] rms=  105 peak=  444 seam=ok lag=336us
01:08:26.536   -> clock_tick      p=0.60  preproc=69025us infer=41078us
01:08:26.608   pt[978]: min=-594 max=498 avg_abs=109 | fifo=1056 under=0 over=0 late=0 mdf_cb=31451 mdf_err=0
01:08:27.099   pt[979]: min=-358 max=464 avg_abs=92 | fifo=848 under=0 over=0 late=0 mdf_cb=31483 mdf_err=0
01:08:27.350 in=16128Hz out=16000Hz ring=976 under=0 over=0 (dt=999999us) loglag=127547us
01:08:27.544 {"win":524,"cls":"crackling_fire","p":0.70,"lat_ms":112,"under":0,"over":0,"late":0}
01:08:27.544 win  524 pos= 8048640  -47dBFS [####................] rms=  146 peak= 1874 seam=ok lag=334us
01:08:27.544   -> crackling_fire  p=0.70  preproc=69012us infer=41085us
01:08:27.544 lcd: win 524 -> FIRE p=0.70 (22855 us after notify)
01:08:27.621   pt[980]: min=-1874 max=1478 avg_abs=118 | fifo=1040 under=0 over=0 late=0 mdf_cb=31515 mdf_err=0
01:08:28.133   pt[981]: min=-362 max=448 avg_abs=106 | fifo=832 under=0 over=0 late=0 mdf_cb=31547 mdf_err=0
01:08:28.317 in=16128Hz out=16000Hz ring=1104 under=0 over=0 (dt=1000000us) loglag=127547us
01:08:28.509 win  525 pos= 8064000  -48dBFS [####................] rms=  129 peak=  482 seam=ok lag=333us
01:08:28.509   -> clock_tick      p=0.92  preproc=69014us infer=41035us
01:08:28.690   pt[982]: min=-342 max=324 avg_abs=86 | fifo=1024 under=0 over=0 late=0 mdf_cb=31579 mdf_err=0
01:08:29.200   pt[983]: min=-356 max=384 avg_abs=82 | fifo=1072 under=0 over=0 late=0 mdf_cb=31612 mdf_err=0
01:08:29.467 in=16128Hz out=16400Hz ring=832 under=0 over=0 (dt=1000000us) loglag=127547us
01:08:29.467 win  526 pos= 8079360  -50dBFS [###.................] rms=  106 peak=  384 seam=ok lag=333us
01:08:29.467   -> clock_tick      p=0.51  preproc=68968us infer=41052us
01:08:29.708   pt[984]: min=-412 max=308 avg_abs=82 | fifo=1264 under=0 over=0 late=0 mdf_cb=31644 mdf_err=0
01:08:30.235   pt[985]: min=-272 max=336 avg_abs=81 | fifo=1056 under=0 over=0 late=0 mdf_cb=31676 mdf_err=0
01:08:30.425 in=16127Hz out=15999Hz ring=960 under=0 over=0 (dt=1000001us) loglag=127547us
01:08:30.425 win  527 pos= 8094720  -50dBFS [###.................] rms=  101 peak=  412 seam=ok lag=334us
01:08:30.425   -> unknown         p=0.28  preproc=69022us infer=41050us
01:08:30.744   pt[986]: min=-376 max=310 avg_abs=91 | fifo=1248 under=0 over=0 late=0 mdf_cb=31708 mdf_err=0
01:08:31.243   pt[987]: min=-350 max=286 avg_abs=84 | fifo=1040 under=0 over=0 late=0 mdf_cb=31740 mdf_err=0
01:08:31.366 win  528 pos= 8110080  -50dBFS [###.................] rms=  108 peak=  376 seam=ok lag=332us
01:08:31.366   -> unknown         p=0.35  preproc=69029us infer=41091us
01:08:31.366 in=16053Hz out=15925Hz ring=1088 under=0 over=0 (dt=1004670us) loglag=127547us
01:08:31.759   pt[988]: min=-330 max=330 avg_abs=86 | fifo=832 under=0 over=0 late=0 mdf_cb=31772 mdf_err=0
01:08:32.325   pt[989]: min=-376 max=328 avg_abs=98 | fifo=1024 under=0 over=0 late=0 mdf_cb=31804 mdf_err=0
01:08:32.325 win  529 pos= 8125440  -49dBFS [###.................] rms=  116 peak=  376 seam=ok lag=336us
01:08:32.325   -> unknown         p=0.37  preproc=69029us infer=41063us
01:08:32.325 ====================================
01:08:32.325 ====================================
01:08:32.325 TAP TOTAL win=529
01:08:32.325 ====================================
01:08:32.325 ====================================
01:08:32.325 tap total: windows=530 (expected 530 from 8142848 samples) overrun=0 torn=0 skipped=0 seam ok=529 NG=0
01:08:32.337   tap lag max=378us (0 of them lower bounds) | tap write max=7768ns avg=5325ns (31808 calls)
01:08:32.344   audio under=0 over=0 late=0 | aed run=530 err=0 (last er=0)
01:08:32.352   preproc max=69056us avg=69012us | infer max=41116us avg=41045us
01:08:32.357   notify out=178 held=235 offlist=117 gated=0 lat max=112179us (0 lower bounds)
01:08:32.363   log sent=3594 dropped=0 lag max=127547us
01:08:32.368   disp sent=115 dropped=0 max=97547us avg=30640us
01:08:32.370 ====================================
01:08:32.375 ====================================
01:08:32.379 in=16130Hz out=16002Hz ring=1216 under=0 over=0 (dt=999868us) loglag=127547us
01:08:32.774   pt[990]: min=-330 max=348 avg_abs=88 | fifo=816 under=0 over=0 late=0 mdf_cb=31836 mdf_err=0
01:08:33.282 {"win":530,"cls":"sneezing","p":0.68,"lat_ms":112,"under":0,"over":0,"late":0}
01:08:33.282 win  530 pos= 8140800  -50dBFS [###.................] rms=  105 peak=  374 seam=ok lag=338us
01:08:33.282   -> sneezing        p=0.68  preproc=69023us infer=40986us
01:08:33.282   pt[991]: min=-374 max=364 avg_abs=75 | fifo=1264 under=0 over=0 late=0 mdf_cb=31869 mdf_err=0
01:08:33.282 lcd: win 530 -> SNEEZE p=0.68 (31633 us after notify)
01:08:33.424 in=16201Hz out=16474Hz ring=944 under=0 over=0 (dt=995459us) loglag=127547us
01:08:33.800   pt[992]: min=-350 max=358 avg_abs=84 | fifo=800 under=0 over=0 late=0 mdf_cb=31900 mdf_err=0
01:08:34.258 {"win":531,"cls":"unknown","p":0.32,"lat_ms":112,"under":0,"over":0,"late":0}
01:08:34.258 win  531 pos= 8156160  -50dBFS [###.................] rms=  103 peak=  486 seam=ok lag=337us
01:08:34.258   -> unknown         p=0.32  preproc=68966us infer=41091us
01:08:34.316   pt[993]: min=-338 max=486 avg_abs=85 | fifo=1248 under=0 over=0 late=0 mdf_cb=31933 mdf_err=0
01:08:34.382 in=16128Hz out=16000Hz ring=1072 under=0 over=0 (dt=999999us) loglag=127547us
01:08:34.834   pt[994]: min=-392 max=322 avg_abs=84 | fifo=1040 under=0 over=0 late=0 mdf_cb=31965 mdf_err=0
01:08:35.183 win  532 pos= 8171520  -49dBFS [###.................] rms=  110 peak=  408 seam=ok lag=338us
01:08:35.183   -> unknown         p=0.34  preproc=69022us infer=41039us
01:08:35.366   pt[995]: min=-354 max=452 avg_abs=98 | fifo=1232 under=0 over=0 late=0 mdf_cb=31997 mdf_err=0
01:08:35.425 in=16128Hz out=16000Hz ring=1200 under=0 over=0 (dt=1000000us) loglag=127547us
01:08:35.866   pt[996]: min=-444 max=330 avg_abs=87 | fifo=1024 under=0 over=0 late=0 mdf_cb=32029 mdf_err=0
01:08:36.193 win  533 pos= 8186880  -49dBFS [###.................] rms=  116 peak=  452 seam=ok lag=338us
01:08:36.193   -> unknown         p=0.39  preproc=69015us infer=41089us
01:08:36.391   pt[997]: min=-374 max=336 avg_abs=88 | fifo=816 under=0 over=0 late=0 mdf_cb=32061 mdf_err=0
01:08:36.391 in=16128Hz out=16400Hz ring=928 under=0 over=0 (dt=1000000us) loglag=127547us
01:08:36.900   pt[998]: min=-334 max=308 avg_abs=80 | fifo=1008 under=0 over=0 late=0 mdf_cb=32093 mdf_err=0
01:08:37.142 win  534 pos= 8202240  -50dBFS [###.................] rms=  106 peak=  374 seam=ok lag=334us
01:08:37.142   -> unknown         p=0.44  preproc=69022us infer=41086us
01:08:37.417   pt[999]: min=-330 max=346 avg_abs=89 | fifo=800 under=0 over=0 late=0 mdf_cb=32125 mdf_err=0
01:08:37.417 in=16128Hz out=16000Hz ring=1056 under=0 over=0 (dt=999999us) loglag=127547us
01:08:37.917   pt[1000]: min=-354 max=398 avg_abs=82 | fifo=992 under=0 over=0 late=0 mdf_cb=32157 mdf_err=0
01:08:38.109 win  535 pos= 8217600  -49dBFS [###.................] rms=  110 peak=  420 seam=ok lag=336us
01:08:38.109   -> unknown         p=0.27  preproc=69022us infer=41038us
01:08:38.425 in=16128Hz out=16000Hz ring=1184 under=0 over=0 (dt=1000000us) loglag=127547us
01:08:38.425   pt[1001]: min=-374 max=420 avg_abs=98 | fifo=784 under=0 over=0 late=0 mdf_cb=32189 mdf_err=0
01:08:39.050   pt[1002]: min=-402 max=344 avg_abs=87 | fifo=976 under=0 over=0 late=0 mdf_cb=32221 mdf_err=0
01:08:39.050 win  536 pos= 8232960  -49dBFS [###.................] rms=  115 peak=  402 seam=ok lag=338us
01:08:39.050   -> unknown         p=0.32  preproc=68996us infer=41057us
01:08:39.433 in=16128Hz out=16400Hz ring=912 under=0 over=0 (dt=1000000us) loglag=127547us
01:08:39.433   pt[1003]: min=-336 max=460 avg_abs=92 | fifo=1024 under=0 over=0 late=0 mdf_cb=32254 mdf_err=0
01:08:40.009   pt[1004]: min=-322 max=338 avg_abs=80 | fifo=1216 under=0 over=0 late=0 mdf_cb=32286 mdf_err=0
01:08:40.009 win  537 pos= 8248320  -50dBFS [###.................] rms=  109 peak=  460 seam=ok lag=336us
01:08:40.009   -> unknown         p=0.41  preproc=69026us infer=41044us
01:08:40.458 in=16128Hz out=16000Hz ring=1040 under=0 over=0 (dt=999999us) loglag=127547us
01:08:40.458   pt[1005]: min=-394 max=374 avg_abs=87 | fifo=1008 under=0 over=0 late=0 mdf_cb=32318 mdf_err=0
01:08:40.983 win  538 pos= 8263680  -50dBFS [###.................] rms=  104 peak=  394 seam=ok lag=333us
01:08:40.983   -> clock_tick      p=0.60  preproc=69019us infer=41052us
01:08:40.983   pt[1006]: min=-302 max=426 avg_abs=81 | fifo=1200 under=0 over=0 late=0 mdf_cb=32350 mdf_err=0
01:08:41.426 in=16128Hz out=16000Hz ring=1168 under=0 over=0 (dt=999999us) loglag=127547us
01:08:41.486   pt[1007]: min=-324 max=406 avg_abs=82 | fifo=992 under=0 over=0 late=0 mdf_cb=32382 mdf_err=0
01:08:41.924 win  539 pos= 8279040  -50dBFS [###.................] rms=  106 peak=  426 seam=ok lag=336us
01:08:41.924   -> clock_tick      p=0.52  preproc=69023us infer=41090us
01:08:41.924 ====================================
01:08:41.924 ====================================
01:08:41.924 TAP TOTAL win=539
01:08:41.924 ====================================
01:08:41.924 ====================================
01:08:41.924 tap total: windows=540 (expected 540 from 8296448 samples) overrun=0 torn=0 skipped=0 seam ok=539 NG=0
01:08:41.926   tap lag max=378us (0 of them lower bounds) | tap write max=7768ns avg=5325ns (32408 calls)
01:08:41.933   audio under=0 over=0 late=0 | aed run=540 err=0 (last er=0)
01:08:41.944   preproc max=69056us avg=69012us | infer max=41116us avg=41045us
01:08:41.949   notify out=180 held=241 offlist=119 gated=0 lat max=112179us (0 lower bounds)
01:08:41.957   log sent=3659 dropped=0 lag max=127547us
01:08:41.958   disp sent=116 dropped=0 max=97547us avg=30649us
01:08:41.966 ====================================
01:08:41.968 ====================================
01:08:42.033   pt[1008]: min=-354 max=340 avg_abs=85 | fifo=1184 under=0 over=0 late=0 mdf_cb=32414 mdf_err=0
01:08:42.483 in=15872Hz out=16000Hz ring=1040 under=0 over=0 (dt=999999us) loglag=127547us
01:08:42.560   pt[1009]: min=-398 max=358 avg_abs=87 | fifo=976 under=0 over=0 late=0 mdf_cb=32446 mdf_err=0
01:08:42.884 win  540 pos= 8294400  -49dBFS [###.................] rms=  112 peak=  410 seam=ok lag=334us
01:08:42.884   -> unknown         p=0.35  preproc=69023us infer=41052us
01:08:43.069   pt[1010]: min=-380 max=410 avg_abs=95 | fifo=768 under=0 over=0 late=0 mdf_cb=32478 mdf_err=0
01:08:43.442 in=16128Hz out=16400Hz ring=768 under=0 over=0 (dt=999999us) loglag=127547us
01:08:43.566   pt[1011]: min=-396 max=402 avg_abs=88 | fifo=960 under=0 over=0 late=0 mdf_cb=32510 mdf_err=0
01:08:43.824 win  541 pos= 8309760  -49dBFS [###.................] rms=  117 peak=  410 seam=ok lag=335us
01:08:43.824   -> unknown         p=0.44  preproc=68972us infer=41056us
01:08:44.091   pt[1012]: min=-362 max=350 avg_abs=85 | fifo=752 under=0 over=0 late=0 mdf_cb=32542 mdf_err=0
01:08:44.484 in=16128Hz out=16000Hz ring=896 under=0 over=0 (dt=1000000us) loglag=127547us
01:08:44.627   pt[1013]: min=-416 max=346 avg_abs=94 | fifo=944 under=0 over=0 late=0 mdf_cb=32574 mdf_err=0
01:08:44.825 win  542 pos= 8325120  -49dBFS [###.................] rms=  110 peak=  416 seam=ok lag=333us
01:08:44.825   -> unknown         p=0.33  preproc=69022us infer=41025us
01:08:45.127   pt[1014]: min=-320 max=308 avg_abs=79 | fifo=992 under=0 over=0 late=0 mdf_cb=32607 mdf_err=0
01:08:45.458 in=16128Hz out=16000Hz ring=1024 under=0 over=0 (dt=999999us) loglag=127547us
01:08:45.644   pt[1015]: min=-266 max=312 avg_abs=73 | fifo=1184 under=0 over=0 late=0 mdf_cb=32639 mdf_err=0
01:08:45.767 win  543 pos= 8340480  -51dBFS [###.................] rms=   94 peak=  320 seam=ok lag=333us
01:08:45.767   -> clock_tick      p=0.74  preproc=69015us infer=41098us
01:08:46.160   pt[1016]: min=-340 max=308 avg_abs=86 | fifo=976 under=0 over=0 late=0 mdf_cb=32671 mdf_err=0
01:08:46.469 in=16128Hz out=16000Hz ring=1152 under=0 over=0 (dt=1000000us) loglag=127547us
01:08:46.735   pt[1017]: min=-318 max=340 avg_abs=96 | fifo=1168 under=0 over=0 late=0 mdf_cb=32703 mdf_err=0
01:08:46.735 win  544 pos= 8355840  -49dBFS [###.................] rms=  113 peak=  340 seam=ok lag=335us
01:08:46.735   -> unknown         p=0.29  preproc=69048us infer=41069us
01:08:47.194   pt[1018]: min=-458 max=398 avg_abs=103 | fifo=960 under=0 over=0 late=0 mdf_cb=32735 mdf_err=0
01:08:47.516 in=16128Hz out=16400Hz ring=880 under=0 over=0 (dt=999999us) loglag=127547us
01:08:47.717   pt[1019]: min=-400 max=412 avg_abs=89 | fifo=1152 under=0 over=0 late=0 mdf_cb=32767 mdf_err=0
01:08:47.717 win  545 pos= 8371200  -49dBFS [###.................] rms=  123 peak=  458 seam=ok lag=334us
01:08:47.717   -> clock_tick      p=0.52  preproc=69010us infer=41004us
01:08:48.158   pt[1020]: min=-282 max=366 avg_abs=80 | fifo=944 under=0 over=0 late=0 mdf_cb=32799 mdf_err=0
01:08:48.476 in=16128Hz out=16000Hz ring=1008 under=0 over=0 (dt=999999us) loglag=127547us
01:08:48.658 win  546 pos= 8386560  -50dBFS [###.................] rms=  100 peak=  366 seam=ok lag=338us
01:08:48.658   -> unknown         p=0.44  preproc=68968us infer=41088us
01:08:48.724   pt[1021]: min=-338 max=356 avg_abs=82 | fifo=736 under=0 over=0 late=0 mdf_cb=32831 mdf_err=0
01:08:49.226   pt[1022]: min=-332 max=352 avg_abs=88 | fifo=928 under=0 over=0 late=0 mdf_cb=32863 mdf_err=0
01:08:49.600 in=16128Hz out=16000Hz ring=1136 under=0 over=0 (dt=1000000us) loglag=127547us
01:08:49.600 win  547 pos= 8401920  -50dBFS [###.................] rms=  109 peak=  368 seam=ok lag=337us
01:08:49.600   -> unknown         p=0.30  preproc=69029us infer=41012us
01:08:49.734   pt[1023]: min=-368 max=288 avg_abs=80 | fifo=976 under=0 over=0 late=0 mdf_cb=32896 mdf_err=0
01:08:50.259   pt[1024]: min=-372 max=318 avg_abs=89 | fifo=1168 under=0 over=0 late=0 mdf_cb=32928 mdf_err=0
01:08:50.583 in=16128Hz out=16400Hz ring=864 under=0 over=0 (dt=999999us) loglag=127547us
01:08:50.583 win  548 pos= 8417280  -49dBFS [###.................] rms=  111 peak=  480 seam=ok lag=337us
01:08:50.583   -> clock_tick      p=0.54  preproc=69027us infer=41098us
01:08:50.766   pt[1025]: min=-436 max=480 avg_abs=101 | fifo=960 under=0 over=0 late=0 mdf_cb=32960 mdf_err=0
01:08:51.275   pt[1026]: min=-372 max=334 avg_abs=93 | fifo=1152 under=0 over=0 late=0 mdf_cb=32992 mdf_err=0
01:08:51.524 in=16128Hz out=16000Hz ring=992 under=0 over=0 (dt=1000000us) loglag=127547us
01:08:51.524 win  549 pos= 8432640  -49dBFS [###.................] rms=  119 peak=  436 seam=ok lag=337us
01:08:51.524   -> clock_tick      p=0.56  preproc=69022us infer=41071us
01:08:51.524 ====================================
01:08:51.524 ====================================
01:08:51.524 TAP TOTAL win=549
01:08:51.524 ====================================
01:08:51.524 ====================================
01:08:51.524 tap total: windows=550 (expected 550 from 8450048 samples) overrun=0 torn=0 skipped=0 seam ok=549 NG=0
01:08:51.532   tap lag max=378us (0 of them lower bounds) | tap write max=7768ns avg=5325ns (33008 calls)
01:08:51.546   audio under=0 over=0 late=0 | aed run=550 err=0 (last er=0)
01:08:51.549   preproc max=69056us avg=69012us | infer max=41116us avg=41045us
01:08:51.558   notify out=180 held=247 offlist=123 gated=0 lat max=112179us (0 lower bounds)
01:08:51.565   log sent=3722 dropped=0 lag max=127547us
01:08:51.565   disp sent=116 dropped=0 max=97547us avg=30649us
01:08:51.565 ====================================
01:08:51.577 ====================================
01:08:51.768   pt[1027]: min=-354 max=406 avg_abs=86 | fifo=944 under=0 over=0 late=0 mdf_cb=33024 mdf_err=0
01:08:52.275   pt[1028]: min=-352 max=506 avg_abs=105 | fifo=1136 under=0 over=0 late=0 mdf_cb=33056 mdf_err=0
01:08:52.475 win  550 pos= 8448000  -49dBFS [###.................] rms=  123 peak=  506 seam=ok lag=335us
01:08:52.475   -> unknown         p=0.34  preproc=69032us infer=41036us
01:08:52.533 in=16128Hz out=16000Hz ring=1120 under=0 over=0 (dt=999999us) loglag=127547us
01:08:52.850   pt[1029]: min=-424 max=414 avg_abs=95 | fifo=928 under=0 over=0 late=0 mdf_cb=33088 mdf_err=0
01:08:53.350   pt[1030]: min=-408 max=382 avg_abs=96 | fifo=1120 under=0 over=0 late=0 mdf_cb=33120 mdf_err=0
01:08:53.475 win  551 pos= 8463360  -49dBFS [###.................] rms=  119 peak=  424 seam=ok lag=380us
01:08:53.475   -> unknown         p=0.28  preproc=69015us infer=41043us
01:08:53.533 in=16128Hz out=16400Hz ring=848 under=0 over=0 (dt=1000000us) loglag=127547us
01:08:53.852   pt[1031]: min=-400 max=454 avg_abs=89 | fifo=912 under=0 over=0 late=0 mdf_cb=33152 mdf_err=0
01:08:54.424   pt[1032]: min=-380 max=424 avg_abs=102 | fifo=960 under=0 over=0 late=0 mdf_cb=33185 mdf_err=0
01:08:54.424 win  552 pos= 8478720  -49dBFS [###.................] rms=  120 peak=  454 seam=ok lag=336us
01:08:54.424   -> unknown         p=0.30  preproc=69040us infer=41037us
01:08:54.553 in=16128Hz out=16000Hz ring=976 under=0 over=0 (dt=1000000us) loglag=127547us
01:08:54.866   pt[1033]: min=-416 max=382 avg_abs=93 | fifo=1152 under=0 over=0 late=0 mdf_cb=33217 mdf_err=0
01:08:55.375 win  553 pos= 8494080  -49dBFS [###.................] rms=  115 peak=  416 seam=ok lag=337us
01:08:55.375   -> unknown         p=0.35  preproc=69024us infer=41101us
01:08:55.375   pt[1034]: min=-366 max=458 avg_abs=89 | fifo=944 under=0 over=0 late=0 mdf_cb=33249 mdf_err=0
01:08:55.566 in=16128Hz out=16000Hz ring=1104 under=0 over=0 (dt=1000000us) loglag=127547us
01:08:55.885   pt[1035]: min=-390 max=416 avg_abs=98 | fifo=1136 under=0 over=0 late=0 mdf_cb=33281 mdf_err=0
01:08:56.316 win  554 pos= 8509440  -49dBFS [###.................] rms=  120 peak=  458 seam=ok lag=335us
01:08:56.316   -> unknown         p=0.31  preproc=69030us infer=41047us
01:08:56.384   pt[1036]: min=-376 max=346 avg_abs=89 | fifo=928 under=0 over=0 late=0 mdf_cb=33313 mdf_err=0
01:08:56.525 in=16128Hz out=16000Hz ring=1232 under=0 over=0 (dt=999999us) loglag=127547us
01:08:56.916   pt[1037]: min=-374 max=412 avg_abs=97 | fifo=1120 under=0 over=0 late=0 mdf_cb=33345 mdf_err=0
01:08:57.283 win  555 pos= 8524800  -49dBFS [###.................] rms=  115 peak=  418 seam=ok lag=335us
01:08:57.283   -> clock_tick      p=0.59  preproc=69030us infer=41037us
01:08:57.474   pt[1038]: min=-418 max=306 avg_abs=84 | fifo=912 under=0 over=0 late=0 mdf_cb=33377 mdf_err=0
01:08:57.533 in=16128Hz out=16400Hz ring=960 under=0 over=0 (dt=1000000us) loglag=127547us
01:08:57.975   pt[1039]: min=-316 max=420 avg_abs=92 | fifo=1104 under=0 over=0 late=0 mdf_cb=33409 mdf_err=0
01:08:58.242 win  556 pos= 8540160  -49dBFS [###.................] rms=  110 peak=  420 seam=ok lag=336us
01:08:58.242   -> clock_tick      p=0.57  preproc=68972us infer=41037us
01:08:58.490   pt[1040]: min=-376 max=334 avg_abs=85 | fifo=896 under=0 over=0 late=0 mdf_cb=33441 mdf_err=0
01:08:58.558 in=16128Hz out=16000Hz ring=1088 under=0 over=0 (dt=1000000us) loglag=127547us
01:08:58.990   pt[1041]: min=-912 max=952 avg_abs=127 | fifo=944 under=0 over=0 late=0 mdf_cb=33474 mdf_err=0
01:08:59.175 win  557 pos= 8555520  -47dBFS [####................] rms=  144 peak=  952 seam=ok lag=334us
01:08:59.183   -> clock_tick      p=0.81  preproc=69021us infer=41037us
01:08:59.508   pt[1042]: min=-322 max=372 avg_abs=82 | fifo=1136 under=0 over=0 late=0 mdf_cb=33506 mdf_err=0
01:08:59.566 in=16128Hz out=16000Hz ring=1216 under=0 over=0 (dt=1000000us) loglag=127547us
01:09:00.009   pt[1043]: min=-418 max=532 avg_abs=110 | fifo=928 under=0 over=0 late=0 mdf_cb=33538 mdf_err=0
01:09:00.190 win  558 pos= 8570880  -48dBFS [####................] rms=  125 peak=  532 seam=ok lag=335us
01:09:00.190   -> unknown         p=0.36  preproc=69027us infer=41077us
01:09:00.507   pt[1044]: min=-714 max=710 avg_abs=143 | fifo=1120 under=0 over=0 late=0 mdf_cb=33570 mdf_err=0
01:09:00.564 in=16128Hz out=16400Hz ring=944 under=0 over=0 (dt=999999us) loglag=127547us
01:09:01.137   pt[1045]: min=-1786 max=978 avg_abs=123 | fifo=912 under=0 over=0 late=0 mdf_cb=33602 mdf_err=0
01:09:01.137 win  559 pos= 8586240  -45dBFS [#####...............] rms=  176 peak= 1786 seam=ok lag=335us
01:09:01.137   -> unknown         p=0.47  preproc=69043us infer=41051us
01:09:01.137 ====================================
01:09:01.137 ====================================
01:09:01.137 TAP TOTAL win=559
01:09:01.137 ====================================
01:09:01.137 ====================================
01:09:01.137 tap total: windows=560 (expected 560 from 8603648 samples) overrun=0 torn=0 skipped=0 seam ok=559 NG=0
01:09:01.142   tap lag max=380us (0 of them lower bounds) | tap write max=7768ns avg=5325ns (33608 calls)
01:09:01.150   audio under=0 over=0 late=0 | aed run=560 err=0 (last er=0)
01:09:01.155   preproc max=69056us avg=69012us | infer max=41116us avg=41046us
01:09:01.161   notify out=180 held=254 offlist=126 gated=0 lat max=112179us (0 lower bounds)
01:09:01.168   log sent=3784 dropped=0 lag max=127547us
01:09:01.172   disp sent=116 dropped=0 max=97547us avg=30649us
01:09:01.177 ====================================
01:09:01.180 ====================================
01:09:01.557   pt[1046]: min=-590 max=598 avg_abs=136 | fifo=1104 under=0 over=0 late=0 mdf_cb=33634 mdf_err=0
01:09:01.561 in=16128Hz out=16000Hz ring=1072 under=0 over=0 (dt=1000000us) loglag=127547us
01:09:02.067   pt[1047]: min=-684 max=918 avg_abs=103 | fifo=896 under=0 over=0 late=0 mdf_cb=33666 mdf_err=0
01:09:02.067 win  560 pos= 8601600  -46dBFS [####................] rms=  156 peak=  918 seam=ok lag=335us
01:09:02.067   -> clock_tick      p=0.64  preproc=69022us infer=41041us
01:09:02.590   pt[1048]: min=-330 max=374 avg_abs=89 | fifo=1088 under=0 over=0 late=0 mdf_cb=33698 mdf_err=0
01:09:02.590 in=16128Hz out=16000Hz ring=1200 under=0 over=0 (dt=1000000us) loglag=127547us
01:09:03.024 win  561 pos= 8616960  -49dBFS [###.................] rms=  110 peak=  374 seam=ok lag=333us
01:09:03.024   -> unknown         p=0.34  preproc=68956us infer=41027us
01:09:03.083   pt[1049]: min=-364 max=392 avg_abs=87 | fifo=880 under=0 over=0 late=0 mdf_cb=33730 mdf_err=0
01:09:03.582 in=16128Hz out=16000Hz ring=1328 under=0 over=0 (dt=1000000us) loglag=127547us
01:09:03.582   pt[1050]: min=-452 max=460 avg_abs=92 | fifo=1328 under=0 over=0 late=0 mdf_cb=33763 mdf_err=0
01:09:04.024 win  562 pos= 8632320  -49dBFS [###.................] rms=  112 peak=  460 seam=ok lag=336us
01:09:04.024   -> unknown         p=0.49  preproc=69016us infer=41017us
01:09:04.090   pt[1051]: min=-316 max=304 avg_abs=88 | fifo=1120 under=0 over=0 late=0 mdf_cb=33795 mdf_err=0
01:09:04.622 in=16128Hz out=16400Hz ring=1056 under=0 over=0 (dt=999999us) loglag=127547us
01:09:04.622   pt[1052]: min=-328 max=292 avg_abs=78 | fifo=912 under=0 over=0 late=0 mdf_cb=33827 mdf_err=0
01:09:04.958 win  563 pos= 8647680  -50dBFS [###.................] rms=  105 peak=  372 seam=ok lag=338us
01:09:04.958   -> unknown         p=0.36  preproc=69024us infer=41064us
01:09:05.154   pt[1053]: min=-434 max=458 avg_abs=101 | fifo=1104 under=0 over=0 late=0 mdf_cb=33859 mdf_err=0
01:09:05.598 in=15872Hz out=16000Hz ring=928 under=0 over=0 (dt=1000000us) loglag=127547us
01:09:05.658   pt[1054]: min=-434 max=366 avg_abs=99 | fifo=896 under=0 over=0 late=0 mdf_cb=33891 mdf_err=0
01:09:05.907 win  564 pos= 8663040  -47dBFS [####................] rms=  148 peak= 1566 seam=ok lag=338us
01:09:05.907   -> clock_tick      p=0.70  preproc=69029us infer=41048us
01:09:06.189   pt[1055]: min=-1566 max=1342 avg_abs=121 | fifo=1088 under=0 over=0 late=0 mdf_cb=33923 mdf_err=0
01:09:06.632 in=16128Hz out=16000Hz ring=1056 under=0 over=0 (dt=999999us) loglag=127547us
01:09:06.690   pt[1056]: min=-346 max=378 avg_abs=96 | fifo=880 under=0 over=0 late=0 mdf_cb=33955 mdf_err=0
01:09:06.884 win  565 pos= 8678400  -48dBFS [####................] rms=  129 peak=  482 seam=ok lag=337us
01:09:06.884   -> unknown         p=0.46  preproc=69019us infer=41026us
01:09:07.205   pt[1057]: min=-336 max=370 avg_abs=89 | fifo=1072 under=0 over=0 late=0 mdf_cb=33987 mdf_err=0
01:09:07.658 in=16128Hz out=16400Hz ring=784 under=0 over=0 (dt=1000000us) loglag=127547us
01:09:07.732   pt[1058]: min=-328 max=396 avg_abs=88 | fifo=864 under=0 over=0 late=0 mdf_cb=34019 mdf_err=0
01:09:07.857 win  566 pos= 8693760  -49dBFS [###.................] rms=  110 peak=  396 seam=ok lag=336us
01:09:07.857   -> unknown         p=0.40  preproc=68968us infer=41030us
01:09:08.240   pt[1059]: min=-370 max=406 avg_abs=88 | fifo=1312 under=0 over=0 late=0 mdf_cb=34052 mdf_err=0
01:09:08.616 in=16128Hz out=16000Hz ring=912 under=0 over=0 (dt=999999us) loglag=127547us
01:09:08.807   pt[1060]: min=-344 max=412 avg_abs=87 | fifo=1104 under=0 over=0 late=0 mdf_cb=34084 mdf_err=0
01:09:08.807 win  567 pos= 8709120  -49dBFS [###.................] rms=  110 peak=  412 seam=ok lag=337us
01:09:08.807   -> clock_tick      p=0.54  preproc=69044us infer=41046us
01:09:09.241   pt[1061]: min=-334 max=328 avg_abs=82 | fifo=896 under=0 over=0 late=0 mdf_cb=34116 mdf_err=0
01:09:09.675 in=16128Hz out=16000Hz ring=1040 under=0 over=0 (dt=1000000us) loglag=127547us
01:09:09.743 win  568 pos= 8724480  -49dBFS [###.................] rms=  110 peak=  392 seam=ok lag=336us
01:09:09.752   -> unknown         p=0.30  preproc=69018us infer=41041us
01:09:09.756   pt[1062]: min=-392 max=374 avg_abs=94 | fifo=944 under=0 over=0 late=0 mdf_cb=34149 mdf_err=0
01:09:10.268   pt[1063]: min=-346 max=414 avg_abs=89 | fifo=880 under=0 over=0 late=0 mdf_cb=34180 mdf_err=0
01:09:10.724 in=16384Hz out=16400Hz ring=1024 under=0 over=0 (dt=1000000us) loglag=127547us
01:09:10.724 win  569 pos= 8739840  -49dBFS [###.................] rms=  114 peak=  430 seam=ok lag=336us
01:09:10.724   -> unknown         p=0.43  preproc=69021us infer=41040us
01:09:10.724 ====================================
01:09:10.724 ====================================
01:09:10.724 TAP TOTAL win=569
01:09:10.724 ====================================
01:09:10.724 ====================================
01:09:10.732 tap total: windows=570 (expected 570 from 8757248 samples) overrun=0 torn=0 skipped=0 seam ok=569 NG=0
01:09:10.744   tap lag max=380us (0 of them lower bounds) | tap write max=7768ns avg=5325ns (34208 calls)
01:09:10.749   audio under=0 over=0 late=0 | aed run=570 err=0 (last er=0)
01:09:10.754   preproc max=69056us avg=69012us | infer max=41116us avg=41045us
01:09:10.757   notify out=180 held=261 offlist=129 gated=0 lat max=112179us (0 lower bounds)
01:09:10.765   log sent=3846 dropped=0 lag max=127547us
01:09:10.765   disp sent=116 dropped=0 max=97547us avg=30649us
01:09:10.778 ====================================
01:09:10.781 ====================================
01:09:10.784   pt[1064]: min=-396 max=430 avg_abs=98 | fifo=928 under=0 over=0 late=0 mdf_cb=34213 mdf_err=0
01:09:11.357   pt[1065]: min=-524 max=392 avg_abs=110 | fifo=1120 under=0 over=0 late=0 mdf_cb=34245 mdf_err=0
01:09:11.658 in=16128Hz out=16000Hz ring=1152 under=0 over=0 (dt=1000000us) loglag=127547us
01:09:11.658 win  570 pos= 8755200  -48dBFS [####................] rms=  131 peak=  524 seam=ok lag=335us
01:09:11.665   -> unknown         p=0.24  preproc=69023us infer=41008us
01:09:11.866   pt[1066]: min=-362 max=330 avg_abs=89 | fifo=912 under=0 over=0 late=0 mdf_cb=34277 mdf_err=0
01:09:12.366   pt[1067]: min=-430 max=324 avg_abs=90 | fifo=1104 under=0 over=0 late=0 mdf_cb=34309 mdf_err=0
01:09:12.675 win  571 pos= 8770560  -50dBFS [###.................] rms=  105 peak=  430 seam=ok lag=335us
01:09:12.675   -> unknown         p=0.36  preproc=68971us infer=41079us
01:09:12.675 in=16128Hz out=16000Hz ring=1280 under=0 over=0 (dt=999999us) loglag=127547us
01:09:12.877   pt[1068]: min=-502 max=392 avg_abs=88 | fifo=896 under=0 over=0 late=0 mdf_cb=34341 mdf_err=0
01:09:13.406   pt[1069]: min=-304 max=332 avg_abs=72 | fifo=1088 under=0 over=0 late=0 mdf_cb=34373 mdf_err=0
01:09:13.609 win  572 pos= 8785920  -50dBFS [###.................] rms=  106 peak=  502 seam=ok lag=334us
01:09:13.609   -> unknown         p=0.35  preproc=69021us infer=41001us
01:09:13.683 in=16128Hz out=16400Hz ring=1008 under=0 over=0 (dt=1000000us) loglag=127547us
01:09:13.874   pt[1070]: min=-400 max=322 avg_abs=81 | fifo=880 under=0 over=0 late=0 mdf_cb=34405 mdf_err=0
01:09:14.380   pt[1071]: min=-336 max=414 avg_abs=85 | fifo=1072 under=0 over=0 late=0 mdf_cb=34437 mdf_err=0
01:09:14.575 {"win":573,"cls":"sneezing","p":0.53,"lat_ms":112,"under":0,"over":0,"late":0}
01:09:14.575 win  573 pos= 8801280  -50dBFS [###.................] rms=  109 peak=  436 seam=ok lag=334us
01:09:14.575   -> sneezing        p=0.53  preproc=69018us infer=40997us
01:09:14.575 lcd: win 573 -> SNEEZE p=0.53 (22791 us after notify)
01:09:14.712 in=16128Hz out=16000Hz ring=1136 under=0 over=0 (dt=1000000us) loglag=127547us
01:09:14.898   pt[1072]: min=-436 max=322 avg_abs=92 | fifo=864 under=0 over=0 late=0 mdf_cb=34469 mdf_err=0
01:09:15.520   pt[1073]: min=-374 max=392 avg_abs=91 | fifo=1312 under=0 over=0 late=0 mdf_cb=34502 mdf_err=0
01:09:15.520 {"win":574,"cls":"unknown","p":0.38,"lat_ms":112,"under":0,"over":0,"late":0}
01:09:15.520 win  574 pos= 8816640  -49dBFS [###.................] rms=  111 peak=  392 seam=ok lag=334us
01:09:15.521   -> unknown         p=0.38  preproc=69040us infer=41039us
01:09:15.710 in=16128Hz out=16000Hz ring=1264 under=0 over=0 (dt=999999us) loglag=127547us
01:09:15.964   pt[1074]: min=-326 max=436 avg_abs=88 | fifo=1104 under=0 over=0 late=0 mdf_cb=34534 mdf_err=0
01:09:16.499   pt[1075]: min=-376 max=354 avg_abs=88 | fifo=896 under=0 over=0 late=0 mdf_cb=34566 mdf_err=0
01:09:16.499 win  575 pos= 8832000  -49dBFS [###.................] rms=  111 peak=  436 seam=ok lag=336us
01:09:16.499   -> unknown         p=0.25  preproc=69018us infer=41073us
01:09:16.691 in=16128Hz out=16400Hz ring=992 under=0 over=0 (dt=999999us) loglag=127547us
01:09:17.014   pt[1076]: min=-300 max=428 avg_abs=92 | fifo=1088 under=0 over=0 late=0 mdf_cb=34598 mdf_err=0
01:09:17.422 win  576 pos= 8847360  -49dBFS [###.................] rms=  110 peak=  428 seam=ok lag=333us
01:09:17.424   -> clock_tick      p=0.61  preproc=68962us infer=41049us
01:09:17.498   pt[1077]: min=-372 max=382 avg_abs=84 | fifo=880 under=0 over=0 late=0 mdf_cb=34630 mdf_err=0
01:09:17.758 in=16128Hz out=16000Hz ring=1120 under=0 over=0 (dt=999999us) loglag=127547us
01:09:18.008   pt[1078]: min=-322 max=340 avg_abs=85 | fifo=1072 under=0 over=0 late=0 mdf_cb=34662 mdf_err=0
01:09:18.381 win  577 pos= 8862720  -50dBFS [###.................] rms=  103 peak=  340 seam=ok lag=334us
01:09:18.386   -> unknown         p=0.49  preproc=69016us infer=41072us
01:09:18.528   pt[1079]: min=-324 max=292 avg_abs=74 | fifo=864 under=0 over=0 late=0 mdf_cb=34694 mdf_err=0
01:09:18.709 in=16128Hz out=16000Hz ring=1248 under=0 over=0 (dt=1000000us) loglag=127547us
01:09:19.025   pt[1080]: min=-360 max=330 avg_abs=84 | fifo=1312 under=0 over=0 late=0 mdf_cb=34727 mdf_err=0
01:09:19.353 win  578 pos= 8878080  -50dBFS [###.................] rms=  102 peak=  360 seam=ok lag=339us
01:09:19.353   -> unknown         p=0.44  preproc=69017us infer=41098us
01:09:19.532   pt[1081]: min=-426 max=390 avg_abs=95 | fifo=1104 under=0 over=0 late=0 mdf_cb=34759 mdf_err=0
01:09:19.729 in=16128Hz out=16400Hz ring=976 under=0 over=0 (dt=999999us) loglag=127547us
01:09:20.049   pt[1082]: min=-466 max=402 avg_abs=102 | fifo=896 under=0 over=0 late=0 mdf_cb=34791 mdf_err=0
01:09:20.300 win  579 pos= 8893440  -48dBFS [####................] rms=  129 peak=  466 seam=ok lag=338us
01:09:20.307   -> unknown         p=0.32  preproc=69027us infer=41028us
01:09:20.308 ====================================
01:09:20.317 ====================================
01:09:20.319 TAP TOTAL win=579
01:09:20.321 ====================================
01:09:20.325 ====================================
01:09:20.327 tap total: windows=580 (expected 580 from 8910848 samples) overrun=0 torn=0 skipped=0 seam ok=579 NG=0
01:09:20.335   tap lag max=380us (0 of them lower bounds) | tap write max=7768ns avg=5325ns (34808 calls)
01:09:20.344   audio under=0 over=0 late=0 | aed run=580 err=0 (last er=0)
01:09:20.351   preproc max=69056us avg=69012us | infer max=41116us avg=41045us
01:09:20.356   notify out=182 held=268 offlist=130 gated=0 lat max=112179us (0 lower bounds)
01:09:20.357   log sent=3911 dropped=0 lag max=127547us
01:09:20.367   disp sent=117 dropped=0 max=97547us avg=30582us
01:09:20.371 ====================================
01:09:20.375 ====================================
01:09:20.566   pt[1083]: min=-488 max=402 avg_abs=92 | fifo=1088 under=0 over=0 late=0 mdf_cb=34823 mdf_err=0
01:09:20.760 in=16128Hz out=16000Hz ring=1104 under=0 over=0 (dt=999999us) loglag=127547us
01:09:21.064   pt[1084]: min=-342 max=400 avg_abs=88 | fifo=880 under=0 over=0 late=0 mdf_cb=34855 mdf_err=0
01:09:21.257 win  580 pos= 8908800  -49dBFS [###.................] rms=  112 peak=  488 seam=ok lag=338us
01:09:21.265   -> unknown         p=0.34  preproc=69030us infer=41036us
01:09:21.584   pt[1085]: min=-328 max=366 avg_abs=90 | fifo=1072 under=0 over=0 late=0 mdf_cb=34887 mdf_err=0
01:09:21.766 in=16128Hz out=16000Hz ring=1232 under=0 over=0 (dt=1000000us) loglag=127547us
01:09:22.149   pt[1086]: min=-350 max=326 avg_abs=80 | fifo=864 under=0 over=0 late=0 mdf_cb=34919 mdf_err=0
01:09:22.275 win  581 pos= 8924160  -50dBFS [###.................] rms=  106 peak=  366 seam=ok lag=340us
01:09:22.275   -> unknown         p=0.27  preproc=68952us infer=41040us
01:09:22.601   pt[1087]: min=-408 max=326 avg_abs=88 | fifo=1056 under=0 over=0 late=0 mdf_cb=34951 mdf_err=0
01:09:22.732 in=16128Hz out=16400Hz ring=960 under=0 over=0 (dt=1000000us) loglag=127547us
01:09:23.182   pt[1088]: min=-380 max=356 avg_abs=85 | fifo=848 under=0 over=0 late=0 mdf_cb=34983 mdf_err=0
01:09:23.187 win  582 pos= 8939520  -49dBFS [###.................] rms=  111 peak=  408 seam=ok lag=336us
01:09:23.191   -> unknown         p=0.24  preproc=69044us infer=41045us
01:09:23.638   pt[1089]: min=-328 max=416 avg_abs=84 | fifo=1296 under=0 over=0 late=0 mdf_cb=35016 mdf_err=0
01:09:23.762 in=16128Hz out=16000Hz ring=1088 under=0 over=0 (dt=999999us) loglag=127547us
01:09:24.191 win  583 pos= 8954880  -50dBFS [###.................] rms=  108 peak=  416 seam=ok lag=337us
01:09:24.191   -> unknown         p=0.40  preproc=69018us infer=41040us
01:09:24.191   pt[1090]: min=-316 max=326 avg_abs=87 | fifo=1088 under=0 over=0 late=0 mdf_cb=35048 mdf_err=0
01:09:24.701   pt[1091]: min=-400 max=346 avg_abs=90 | fifo=880 under=0 over=0 late=0 mdf_cb=35080 mdf_err=0
01:09:24.767 in=16128Hz out=16000Hz ring=1216 under=0 over=0 (dt=1000000us) loglag=127547us
01:09:25.152 win  584 pos= 8970240  -49dBFS [###.................] rms=  112 peak=  400 seam=ok lag=334us
01:09:25.152   -> unknown         p=0.35  preproc=69017us infer=41026us
01:09:25.207   pt[1092]: min=-374 max=370 avg_abs=99 | fifo=1072 under=0 over=0 late=0 mdf_cb=35112 mdf_err=0
01:09:25.723   pt[1093]: min=-358 max=368 avg_abs=86 | fifo=864 under=0 over=0 late=0 mdf_cb=35144 mdf_err=0
01:09:25.791 in=16128Hz out=16400Hz ring=944 under=0 over=0 (dt=1000000us) loglag=127547us
01:09:26.100 win  585 pos= 8985600  -49dBFS [###.................] rms=  115 peak=  374 seam=ok lag=339us
01:09:26.100   -> unknown         p=0.43  preproc=69011us infer=41007us
01:09:26.224   pt[1094]: min=-338 max=338 avg_abs=83 | fifo=1056 under=0 over=0 late=0 mdf_cb=35176 mdf_err=0
01:09:26.741   pt[1095]: min=-322 max=402 avg_abs=88 | fifo=848 under=0 over=0 late=0 mdf_cb=35208 mdf_err=0
01:09:26.803 in=16128Hz out=16000Hz ring=1072 under=0 over=0 (dt=999999us) loglag=127547us
01:09:27.049 win  586 pos= 9000960  -50dBFS [###.................] rms=  106 peak=  402 seam=ok lag=336us
01:09:27.049   -> unknown         p=0.35  preproc=68965us infer=41066us
01:09:27.274   pt[1096]: min=-404 max=380 avg_abs=84 | fifo=1040 under=0 over=0 late=0 mdf_cb=35240 mdf_err=0
01:09:27.789   pt[1097]: min=-354 max=354 avg_abs=89 | fifo=1088 under=0 over=0 late=0 mdf_cb=35273 mdf_err=0
01:09:27.789 in=15872Hz out=16000Hz ring=944 under=0 over=0 (dt=1000000us) loglag=127547us
01:09:28.034 win  587 pos= 9016320  -50dBFS [###.................] rms=  109 peak=  404 seam=ok lag=334us
01:09:28.034   -> unknown         p=0.44  preproc=69019us infer=41043us
01:09:28.299   pt[1098]: min=-450 max=430 avg_abs=99 | fifo=1280 under=0 over=0 late=0 mdf_cb=35305 mdf_err=0
01:09:28.800   pt[1099]: min=-596 max=488 avg_abs=117 | fifo=1072 under=0 over=0 late=0 mdf_cb=35337 mdf_err=0
01:09:28.800 in=16128Hz out=16000Hz ring=1072 under=0 over=0 (dt=999999us) loglag=127547us
01:09:28.990 {"win":588,"cls":"sneezing","p":0.72,"lat_ms":112,"under":0,"over":0,"late":0}
01:09:28.990 win  588 pos= 9031680  -47dBFS [####................] rms=  139 peak=  596 seam=ok lag=336us
01:09:28.990   -> sneezing        p=0.72  preproc=69022us infer=41086us
01:09:28.990 lcd: win 588 -> SNEEZE p=0.72 (22787 us after notify)
01:09:29.300   pt[1100]: min=-554 max=626 avg_abs=111 | fifo=864 under=0 over=0 late=0 mdf_cb=35369 mdf_err=0
01:09:29.816 in=16128Hz out=16400Hz ring=800 under=0 over=0 (dt=1000000us) loglag=127547us
01:09:29.941   pt[1101]: min=-522 max=602 avg_abs=128 | fifo=1056 under=0 over=0 late=0 mdf_cb=35401 mdf_err=0
01:09:29.941 {"win":589,"cls":"crackling_fire","p":0.83,"lat_ms":112,"under":0,"over":0,"late":0}
01:09:29.941 win  589 pos= 9047040  -47dBFS [####................] rms=  155 peak=  626 seam=ok lag=336us
01:09:29.941   -> crackling_fire  p=0.83  preproc=69045us infer=41076us
01:09:29.941 ====================================
01:09:29.941 ====================================
01:09:29.944 TAP TOTAL win=589
01:09:29.944 ====================================
01:09:29.946 ====================================
01:09:29.949 tap total: windows=590 (expected 590 from 9064448 samples) overrun=0 torn=0 skipped=0 seam ok=589 NG=0
01:09:29.957   tap lag max=380us (0 of them lower bounds) | tap write max=7768ns avg=5325ns (35408 calls)
01:09:29.965   audio under=0 over=0 late=0 | aed run=590 err=0 (last er=0)
01:09:29.973   preproc max=69056us avg=69012us | infer max=41116us avg=41045us
01:09:29.978   notify out=184 held=276 offlist=130 gated=0 lat max=112179us (0 lower bounds)
01:09:29.985   log sent=3977 dropped=0 lag max=127547us
01:09:29.989   disp sent=119 dropped=0 max=97547us avg=30516us
01:09:29.993 ====================================
01:09:29.998 ====================================
01:09:30.065 lcd: win 589 -> FIRE p=0.83 (101903 us after notify)
01:09:30.316   pt[1102]: min=-718 max=682 avg_abs=176 | fifo=848 under=0 over=0 late=0 mdf_cb=35433 mdf_err=0
01:09:30.881 in=16128Hz out=16000Hz ring=928 under=0 over=0 (dt=1000000us) loglag=127547us
01:09:30.881   pt[1103]: min=-970 max=926 avg_abs=88 | fifo=1040 under=0 over=0 late=0 mdf_cb=35465 mdf_err=0
01:09:30.881 {"win":590,"cls":"unknown","p":0.29,"lat_ms":112,"under":0,"over":0,"late":0}
01:09:30.883 win  590 pos= 9062400  -45dBFS [#####...............] rms=  180 peak=  718 seam=ok lag=332us
01:09:30.889   -> unknown         p=0.29  preproc=69030us infer=41016us
01:09:31.334   pt[1104]: min=-1578 max=1722 avg_abs=168 | fifo=832 under=0 over=0 late=0 mdf_cb=35497 mdf_err=0
01:09:31.856 in=16128Hz out=16000Hz ring=1056 under=0 over=0 (dt=1000000us) loglag=127547us
01:09:31.856 {"win":591,"cls":"crackling_fire","p":0.80,"lat_ms":112,"under":0,"over":0,"late":0}
01:09:31.856 win  591 pos= 9077760  -42dBFS [######..............] rms=  264 peak= 1722 seam=ok lag=335us
01:09:31.856   -> crackling_fire  p=0.80  preproc=68958us infer=41089us
01:09:31.856   pt[1105]: min=-1268 max=1022 avg_abs=212 | fifo=1024 under=0 over=0 late=0 mdf_cb=35529 mdf_err=0
01:09:31.857 lcd: win 591 -> FIRE p=0.80 (38793 us after notify)
01:09:32.366   pt[1106]: min=-1726 max=1684 avg_abs=245 | fifo=1072 under=0 over=0 late=0 mdf_cb=35562 mdf_err=0
01:09:32.799 {"win":592,"cls":"crackling_fire","p":0.96,"lat_ms":112,"under":0,"over":0,"late":0}
01:09:32.799 win  592 pos= 9093120  -41dBFS [######..............] rms=  301 peak= 2396 seam=ok lag=335us
01:09:32.799   -> crackling_fire  p=0.96  preproc=69023us infer=41019us
01:09:32.865 lcd: win 592 -> FIRE p=0.96 (22851 us after notify)
01:09:32.865 in=16113Hz out=15986Hz ring=1184 under=0 over=0 (dt=1000872us) loglag=127547us
01:09:32.924   pt[1107]: min=-2396 max=2168 avg_abs=167 | fifo=1264 under=0 over=0 late=0 mdf_cb=35594 mdf_err=0
01:09:33.441   pt[1108]: min=-1572 max=1108 avg_abs=173 | fifo=1056 under=0 over=0 late=0 mdf_cb=35626 mdf_err=0
01:09:33.757 {"win":593,"cls":"crackling_fire","p":0.55,"lat_ms":112,"under":0,"over":0,"late":0}
01:09:33.757 win  593 pos= 9108480  -43dBFS [#####...............] rms=  230 peak= 1572 seam=ok lag=335us
01:09:33.757   -> crackling_fire  p=0.55  preproc=69010us infer=41081us
01:09:33.813 lcd: win 593 -> FIRE p=0.55 (22849 us after notify)
01:09:33.814 in=16142Hz out=16414Hz ring=912 under=0 over=0 (dt=999127us) loglag=127547us
01:09:33.939   pt[1109]: min=-1624 max=1776 avg_abs=229 | fifo=1248 under=0 over=0 late=0 mdf_cb=35658 mdf_err=0
01:09:34.439   pt[1110]: min=-1208 max=1034 avg_abs=148 | fifo=1040 under=0 over=0 late=0 mdf_cb=35690 mdf_err=0
01:09:34.757 {"win":594,"cls":"crackling_fire","p":0.94,"lat_ms":112,"under":0,"over":0,"late":0}
01:09:34.757 win  594 pos= 9123840  -41dBFS [######..............] rms=  283 peak= 1776 seam=ok lag=335us
01:09:34.757   -> crackling_fire  p=0.94  preproc=69032us infer=41045us
01:09:34.757 lcd: win 594 -> FIRE p=0.94 (23149 us after notify)
01:09:34.886 in=16128Hz out=16000Hz ring=1040 under=0 over=0 (dt=999999us) loglag=127547us
01:09:34.941   pt[1111]: min=-1332 max=1302 avg_abs=207 | fifo=832 under=0 over=0 late=0 mdf_cb=35722 mdf_err=0
01:09:35.457   pt[1112]: min=-1540 max=1762 avg_abs=254 | fifo=1024 under=0 over=0 late=0 mdf_cb=35754 mdf_err=0
01:09:35.723 {"win":595,"cls":"crackling_fire","p":0.93,"lat_ms":112,"under":0,"over":0,"late":0}
01:09:35.723 win  595 pos= 9139200  -41dBFS [######..............] rms=  306 peak= 1762 seam=ok lag=340us
01:09:35.723   -> crackling_fire  p=0.93  preproc=69026us infer=41004us
01:09:35.723 lcd: win 595 -> FIRE p=0.93 (22849 us after notify)
01:09:35.858 in=16128Hz out=16000Hz ring=1168 under=0 over=0 (dt=1000000us) loglag=127547us
01:09:35.973   pt[1113]: min=-2922 max=1976 avg_abs=229 | fifo=816 under=0 over=0 late=0 mdf_cb=35786 mdf_err=0
01:09:36.507   pt[1114]: min=-2408 max=2986 avg_abs=155 | fifo=1008 under=0 over=0 late=0 mdf_cb=35818 mdf_err=0
01:09:36.639 {"win":596,"cls":"crackling_fire","p":0.56,"lat_ms":112,"under":0,"over":0,"late":0}
01:09:36.639 win  596 pos= 9154560  -41dBFS [######..............] rms=  304 peak= 2986 seam=ok lag=336us
01:09:36.639   -> crackling_fire  p=0.56  preproc=68974us infer=41039us
01:09:36.714 lcd: win 596 -> FIRE p=0.56 (22848 us after notify)
01:09:36.901 in=16128Hz out=16400Hz ring=896 under=0 over=0 (dt=1000000us) loglag=127547us
01:09:37.032   pt[1115]: min=-416 max=316 avg_abs=88 | fifo=1056 under=0 over=0 late=0 mdf_cb=35851 mdf_err=0
01:09:37.632   pt[1116]: min=-346 max=406 avg_abs=87 | fifo=1248 under=0 over=0 late=0 mdf_cb=35883 mdf_err=0
01:09:37.632 {"win":597,"cls":"unknown","p":0.43,"lat_ms":112,"under":0,"over":0,"late":0}
01:09:37.632 win  597 pos= 9169920  -50dBFS [###.................] rms=  108 peak=  416 seam=ok lag=336us
01:09:37.632   -> unknown         p=0.43  preproc=69043us infer=41020us
01:09:37.882 in=16128Hz out=16000Hz ring=1024 under=0 over=0 (dt=999999us) loglag=127547us
01:09:38.066   pt[1117]: min=-408 max=372 avg_abs=94 | fifo=1040 under=0 over=0 late=0 mdf_cb=35915 mdf_err=0
01:09:38.583   pt[1118]: min=-428 max=340 avg_abs=82 | fifo=1232 under=0 over=0 late=0 mdf_cb=35947 mdf_err=0
01:09:38.583 win  598 pos= 9185280  -49dBFS [###.................] rms=  110 peak=  408 seam=ok lag=337us
01:09:38.583   -> unknown         p=0.43  preproc=69014us infer=41070us
01:09:38.900 in=16128Hz out=16000Hz ring=1152 under=0 over=0 (dt=1000000us) loglag=127547us
01:09:39.082   pt[1119]: min=-680 max=566 avg_abs=132 | fifo=1024 under=0 over=0 late=0 mdf_cb=35979 mdf_err=0
01:09:39.524 {"win":599,"cls":"sneezing","p":0.73,"lat_ms":112,"under":0,"over":0,"late":0}
01:09:39.524 win  599 pos= 9200640  -47dBFS [####................] rms=  151 peak=  680 seam=ok lag=335us
01:09:39.524   -> sneezing        p=0.73  preproc=69024us infer=41028us
01:09:39.524 ====================================
01:09:39.524 ====================================
01:09:39.524 TAP TOTAL win=599
01:09:39.524 ====================================
01:09:39.532 ====================================
01:09:39.532 tap total: windows=600 (expected 600 from 9218048 samples) overrun=0 torn=0 skipped=0 seam ok=599 NG=0
01:09:39.546   tap lag max=380us (0 of them lower bounds) | tap write max=7768ns avg=5325ns (36008 calls)
01:09:39.548   audio under=0 over=0 late=0 | aed run=600 err=0 (last er=0)
01:09:39.560   preproc max=69056us avg=69012us | infer max=41116us avg=41045us
01:09:39.565   notify out=193 held=277 offlist=130 gated=0 lat max=112179us (0 lower bounds)
01:09:39.573   log sent=4054 dropped=0 lag max=127547us
01:09:39.576   disp sent=126 dropped=0 max=101903us avg=30849us
01:09:39.582 ====================================
01:09:39.586 ====================================
01:09:39.589   pt[1120]: min=-482 max=486 avg_abs=104 | fifo=816 under=0 over=0 late=0 mdf_cb=36011 mdf_err=0
01:09:39.657 lcd: win 599 -> SNEEZE p=0.73 (97568 us after notify)
01:09:39.916 in=16128Hz out=16400Hz ring=880 under=0 over=0 (dt=1000000us) loglag=127547us
01:09:40.099   pt[1121]: min=-534 max=1032 avg_abs=107 | fifo=1008 under=0 over=0 late=0 mdf_cb=36043 mdf_err=0
01:09:40.491 {"win":600,"cls":"unknown","p":0.45,"lat_ms":112,"under":0,"over":0,"late":0}
01:09:40.491 win  600 pos= 9216000  -47dBFS [####................] rms=  142 peak= 1032 seam=ok lag=335us
01:09:40.491   -> unknown         p=0.45  preproc=69034us infer=41053us
01:09:40.616   pt[1122]: min=-660 max=424 avg_abs=108 | fifo=800 under=0 over=0 late=0 mdf_cb=36075 mdf_err=0
01:09:40.868 in=16128Hz out=16000Hz ring=1008 under=0 over=0 (dt=999999us) loglag=127547us
01:09:41.117   pt[1123]: min=-598 max=644 avg_abs=114 | fifo=992 under=0 over=0 late=0 mdf_cb=36107 mdf_err=0
01:09:41.427 win  601 pos= 9231360  -47dBFS [####................] rms=  139 peak=  644 seam=ok lag=335us
01:09:41.427   -> unknown         p=0.31  preproc=68954us infer=41044us
01:09:41.622   pt[1124]: min=-1846 max=1524 avg_abs=107 | fifo=784 under=0 over=0 late=0 mdf_cb=36139 mdf_err=0
01:09:41.923 in=16128Hz out=16000Hz ring=1136 under=0 over=0 (dt=1000000us) loglag=127547us
01:09:42.183   pt[1125]: min=-490 max=638 avg_abs=136 | fifo=1232 under=0 over=0 late=0 mdf_cb=36172 mdf_err=0
01:09:42.423 win  602 pos= 9246720  -46dBFS [####................] rms=  168 peak= 1846 seam=ok lag=336us
01:09:42.423   -> unknown         p=0.49  preproc=69025us infer=41039us
01:09:42.675   pt[1126]: min=-570 max=454 avg_abs=109 | fifo=1024 under=0 over=0 late=0 mdf_cb=36204 mdf_err=0
01:09:42.926 in=16128Hz out=16000Hz ring=1264 under=0 over=0 (dt=999999us) loglag=127547us
01:09:43.181   pt[1127]: min=-1578 max=1324 avg_abs=115 | fifo=1216 under=0 over=0 late=0 mdf_cb=36236 mdf_err=0
01:09:43.366 win  603 pos= 9262080  -47dBFS [####................] rms=  147 peak= 1578 seam=ok lag=332us
01:09:43.366   -> clock_tick      p=0.75  preproc=69024us infer=41087us
01:09:43.689   pt[1128]: min=-398 max=324 avg_abs=95 | fifo=1008 under=0 over=0 late=0 mdf_cb=36268 mdf_err=0
01:09:43.940 in=16128Hz out=16400Hz ring=992 under=0 over=0 (dt=1000000us) loglag=127547us
01:09:44.216   pt[1129]: min=-398 max=360 avg_abs=96 | fifo=1200 under=0 over=0 late=0 mdf_cb=36300 mdf_err=0
01:09:44.328 win  604 pos= 9277440  -49dBFS [###.................] rms=  118 peak=  398 seam=ok lag=376us
01:09:44.328   -> unknown         p=0.43  preproc=69016us infer=40986us
01:09:44.714   pt[1130]: min=-356 max=320 avg_abs=88 | fifo=992 under=0 over=0 late=0 mdf_cb=36332 mdf_err=0
01:09:44.901 in=16128Hz out=16000Hz ring=1120 under=0 over=0 (dt=1000000us) loglag=127547us
01:09:45.291   pt[1131]: min=-1878 max=1316 avg_abs=92 | fifo=784 under=0 over=0 late=0 mdf_cb=36364 mdf_err=0
01:09:45.291 win  605 pos= 9292800  -49dBFS [###.................] rms=  121 peak= 1878 seam=ok lag=336us
01:09:45.291   -> clock_tick      p=0.69  preproc=69036us infer=41036us
01:09:45.732   pt[1132]: min=-306 max=328 avg_abs=78 | fifo=976 under=0 over=0 late=0 mdf_cb=36396 mdf_err=0
01:09:45.925 in=16128Hz out=16000Hz ring=1248 under=0 over=0 (dt=999999us) loglag=127547us
01:09:46.249 win  606 pos= 9308160  -50dBFS [###.................] rms=  106 peak=  434 seam=ok lag=333us
01:09:46.249   -> unknown         p=0.46  preproc=68970us infer=41026us
01:09:46.249   pt[1133]: min=-402 max=434 avg_abs=92 | fifo=768 under=0 over=0 late=0 mdf_cb=36428 mdf_err=0
01:09:46.751   pt[1134]: min=-376 max=340 avg_abs=91 | fifo=1216 under=0 over=0 late=0 mdf_cb=36461 mdf_err=0
01:09:46.941 in=16128Hz out=16400Hz ring=976 under=0 over=0 (dt=1000000us) loglag=127547us
01:09:47.190 win  607 pos= 9323520  -49dBFS [###.................] rms=  117 peak=  428 seam=ok lag=331us
01:09:47.190   -> clock_tick      p=0.84  preproc=69019us infer=41093us
01:09:47.314   pt[1135]: min=-428 max=428 avg_abs=100 | fifo=1008 under=0 over=0 late=0 mdf_cb=36493 mdf_err=0
01:09:47.816   pt[1136]: min=-448 max=410 avg_abs=92 | fifo=1200 under=0 over=0 late=0 mdf_cb=36525 mdf_err=0
01:09:47.939 in=16128Hz out=16000Hz ring=1104 under=0 over=0 (dt=1000000us) loglag=127547us
01:09:48.205 win  608 pos= 9338880  -49dBFS [###.................] rms=  119 peak=  448 seam=ok lag=332us
01:09:48.205   -> unknown         p=0.39  preproc=69023us infer=41102us
01:09:48.349   pt[1137]: min=-372 max=378 avg_abs=86 | fifo=992 under=0 over=0 late=0 mdf_cb=36557 mdf_err=0
01:09:48.815   pt[1138]: min=-336 max=378 avg_abs=86 | fifo=1184 under=0 over=0 late=0 mdf_cb=36589 mdf_err=0
01:09:48.941 in=16128Hz out=16000Hz ring=1232 under=0 over=0 (dt=999999us) loglag=127547us
01:09:49.131 win  609 pos= 9354240  -50dBFS [###.................] rms=  105 peak=  378 seam=ok lag=335us
01:09:49.131   -> unknown         p=0.31  preproc=69017us infer=41076us
01:09:49.131 ====================================
01:09:49.131 ====================================
01:09:49.131 TAP TOTAL win=609
01:09:49.131 ====================================
01:09:49.131 ====================================
01:09:49.134 tap total: windows=610 (expected 610 from 9371648 samples) overrun=0 torn=0 skipped=0 seam ok=609 NG=0
01:09:49.141   tap lag max=380us (0 of them lower bounds) | tap write max=7768ns avg=5325ns (36608 calls)
01:09:49.149   audio under=0 over=0 late=0 | aed run=610 err=0 (last er=0)
01:09:49.154   preproc max=69056us avg=69012us | infer max=41116us avg=41045us
01:09:49.161   notify out=194 held=283 offlist=133 gated=0 lat max=112179us (0 lower bounds)
01:09:49.165   log sent=4119 dropped=0 lag max=127547us
01:09:49.165   disp sent=126 dropped=0 max=101903us avg=31378us
01:09:49.176 ====================================
01:09:49.180 ====================================
01:09:49.360   pt[1139]: min=-298 max=388 avg_abs=80 | fifo=976 under=0 over=0 late=0 mdf_cb=36621 mdf_err=0
01:09:49.867   pt[1140]: min=-346 max=330 avg_abs=91 | fifo=768 under=0 over=0 late=0 mdf_cb=36653 mdf_err=0
01:09:49.935 in=16128Hz out=16400Hz ring=960 under=0 over=0 (dt=999999us) loglag=127547us
01:09:50.072 win  610 pos= 9369600  -49dBFS [###.................] rms=  110 peak=  388 seam=ok lag=337us
01:09:50.072   -> unknown         p=0.30  preproc=69030us infer=41008us
01:09:50.389   pt[1141]: min=-366 max=408 avg_abs=95 | fifo=960 under=0 over=0 late=0 mdf_cb=36685 mdf_err=0
01:09:50.897   pt[1142]: min=-366 max=348 avg_abs=93 | fifo=752 under=0 over=0 late=0 mdf_cb=36717 mdf_err=0
01:09:51.024 in=15872Hz out=16000Hz ring=832 under=0 over=0 (dt=1000000us) loglag=127547us
01:09:51.029 win  611 pos= 9384960  -49dBFS [###.................] rms=  123 peak=  510 seam=ok lag=337us
01:09:51.034   -> unknown         p=0.27  preproc=68972us infer=41098us
01:09:51.415   pt[1143]: min=-510 max=376 avg_abs=88 | fifo=1200 under=0 over=0 late=0 mdf_cb=36750 mdf_err=0
01:09:52.006   pt[1144]: min=-386 max=318 avg_abs=78 | fifo=992 under=0 over=0 late=0 mdf_cb=36782 mdf_err=0
01:09:52.006 in=16127Hz out=15999Hz ring=960 under=0 over=0 (dt=1000001us) loglag=127547us
01:09:52.006 win  612 pos= 9400320  -50dBFS [###.................] rms=  102 peak=  386 seam=ok lag=336us
01:09:52.007   -> unknown         p=0.34  preproc=69044us infer=41068us
01:09:52.445   pt[1145]: min=-616 max=420 avg_abs=107 | fifo=1184 under=0 over=0 late=0 mdf_cb=36814 mdf_err=0
01:09:52.956   pt[1146]: min=-336 max=344 avg_abs=80 | fifo=976 under=0 over=0 late=0 mdf_cb=36846 mdf_err=0
01:09:52.956 win  613 pos= 9415680  -49dBFS [###.................] rms=  123 peak=  616 seam=ok lag=335us
01:09:52.956   -> unknown         p=0.33  preproc=69021us infer=41098us
01:09:52.965 in=16072Hz out=15944Hz ring=1088 under=0 over=0 (dt=1003482us) loglag=127547us
01:09:53.489   pt[1147]: min=-346 max=398 avg_abs=99 | fifo=1168 under=0 over=0 late=0 mdf_cb=36878 mdf_err=0
01:09:53.931 win  614 pos= 9431040  -48dBFS [####................] rms=  132 peak= 2032 seam=ok lag=337us
01:09:53.931   -> clock_tick      p=0.76  preproc=69028us infer=41082us
01:09:53.990   pt[1148]: min=-2032 max=1448 avg_abs=112 | fifo=960 under=0 over=0 late=0 mdf_cb=36910 mdf_err=0
01:09:53.990 in=16184Hz out=16457Hz ring=816 under=0 over=0 (dt=996515us) loglag=127547us
01:09:54.489   pt[1149]: min=-370 max=398 avg_abs=95 | fifo=1152 under=0 over=0 late=0 mdf_cb=36942 mdf_err=0
01:09:54.884 win  615 pos= 9446400  -48dBFS [####................] rms=  136 peak=  778 seam=ok lag=337us
01:09:54.884   -> clock_tick      p=0.80  preproc=69028us infer=41035us
01:09:55.006 in=16128Hz out=16000Hz ring=944 under=0 over=0 (dt=1000000us) loglag=127547us
01:09:55.006   pt[1150]: min=-456 max=442 avg_abs=107 | fifo=944 under=0 over=0 late=0 mdf_cb=36974 mdf_err=0
01:09:55.511   pt[1151]: min=-424 max=398 avg_abs=103 | fifo=736 under=0 over=0 late=0 mdf_cb=37006 mdf_err=0
01:09:55.889 win  616 pos= 9461760  -48dBFS [####................] rms=  127 peak=  456 seam=ok lag=337us
01:09:55.889   -> clock_tick      p=0.57  preproc=68966us infer=41087us
01:09:56.024 in=16128Hz out=16000Hz ring=1072 under=0 over=0 (dt=999999us) loglag=127547us
01:09:56.024   pt[1152]: min=-376 max=368 avg_abs=92 | fifo=1184 under=0 over=0 late=0 mdf_cb=37039 mdf_err=0
01:09:56.551   pt[1153]: min=-508 max=506 avg_abs=110 | fifo=976 under=0 over=0 late=0 mdf_cb=37071 mdf_err=0
01:09:56.825 {"win":617,"cls":"sneezing","p":0.59,"lat_ms":112,"under":0,"over":0,"late":0}
01:09:56.825 win  617 pos= 9477120  -48dBFS [####................] rms=  131 peak=  508 seam=ok lag=335us
01:09:56.825   -> sneezing        p=0.59  preproc=69022us infer=41011us
01:09:56.825 lcd: win 617 -> SNEEZE p=0.59 (22792 us after notify)
01:09:57.030 in=16128Hz out=16400Hz ring=800 under=0 over=0 (dt=1000000us) loglag=127547us
01:09:57.030   pt[1154]: min=-352 max=350 avg_abs=88 | fifo=1168 under=0 over=0 late=0 mdf_cb=37103 mdf_err=0
01:09:57.556   pt[1155]: min=-2212 max=1460 avg_abs=109 | fifo=960 under=0 over=0 late=0 mdf_cb=37135 mdf_err=0
01:09:57.756 win  618 pos= 9492480  -48dBFS [####................] rms=  138 peak= 2212 seam=ok lag=335us
01:09:57.756   -> clock_tick      p=0.64  preproc=69013us infer=41083us
01:09:58.006 in=16128Hz out=16000Hz ring=928 under=0 over=0 (dt=999999us) loglag=127547us
01:09:58.070   pt[1156]: min=-1006 max=518 avg_abs=118 | fifo=1152 under=0 over=0 late=0 mdf_cb=37167 mdf_err=0
01:09:58.641   pt[1157]: min=-1976 max=1614 avg_abs=97 | fifo=944 under=0 over=0 late=0 mdf_cb=37199 mdf_err=0
01:09:58.707 win  619 pos= 9507840  -47dBFS [####................] rms=  140 peak= 1976 seam=ok lag=335us
01:09:58.714   -> clock_tick      p=0.82  preproc=69008us infer=41102us
01:09:58.718 ====================================
01:09:58.721 ====================================
01:09:58.723 TAP TOTAL win=619
01:09:58.723 ====================================
01:09:58.723 ====================================
01:09:58.731 tap total: windows=620 (expected 620 from 9525248 samples) overrun=0 torn=0 skipped=0 seam ok=619 NG=0
01:09:58.742   tap lag max=380us (0 of them lower bounds) | tap write max=7768ns avg=5325ns (37208 calls)
01:09:58.748   audio under=0 over=0 late=0 | aed run=620 err=0 (last er=0)
01:09:58.756   preproc max=69056us avg=69012us | infer max=41116us avg=41046us
01:09:58.762   notify out=195 held=287 offlist=138 gated=0 lat max=112179us (0 lower bounds)
01:09:58.769   log sent=4183 dropped=0 lag max=127547us
01:09:58.774   disp sent=127 dropped=0 max=101903us avg=31311us
01:09:58.778 ====================================
01:09:58.782 ====================================
01:09:59.036 in=16128Hz out=16000Hz ring=1056 under=0 over=0 (dt=1000000us) loglag=127547us
01:09:59.098   pt[1158]: min=-568 max=400 avg_abs=95 | fifo=1136 under=0 over=0 late=0 mdf_cb=37231 mdf_err=0
01:09:59.665   pt[1159]: min=-460 max=500 avg_abs=107 | fifo=928 under=0 over=0 late=0 mdf_cb=37263 mdf_err=0
01:09:59.673 win  620 pos= 9523200  -48dBFS [####................] rms=  127 peak=  568 seam=ok lag=334us
01:09:59.681   -> unknown         p=0.44  preproc=69045us infer=41038us
01:10:00.066 in=16128Hz out=16400Hz ring=784 under=0 over=0 (dt=999999us) loglag=127547us
01:10:00.134   pt[1160]: min=-346 max=310 avg_abs=90 | fifo=720 under=0 over=0 late=0 mdf_cb=37295 mdf_err=0
01:10:00.642   pt[1161]: min=-344 max=420 avg_abs=91 | fifo=1168 under=0 over=0 late=0 mdf_cb=37328 mdf_err=0
01:10:00.642 win  621 pos= 9538560  -49dBFS [###.................] rms=  115 peak=  420 seam=ok lag=333us
01:10:00.642   -> unknown         p=0.35  preproc=68961us infer=41112us
01:10:01.023 in=16128Hz out=16000Hz ring=912 under=0 over=0 (dt=999999us) loglag=127547us
01:10:01.148   pt[1162]: min=-514 max=494 avg_abs=115 | fifo=960 under=0 over=0 late=0 mdf_cb=37360 mdf_err=0
01:10:01.596 win  622 pos= 9553920  -47dBFS [####................] rms=  144 peak=  580 seam=ok lag=332us
01:10:01.596   -> unknown         p=0.49  preproc=69033us infer=41062us
01:10:01.665   pt[1163]: min=-464 max=580 avg_abs=115 | fifo=1152 under=0 over=0 late=0 mdf_cb=37392 mdf_err=0
01:10:02.056 in=16128Hz out=16000Hz ring=1040 under=0 over=0 (dt=999999us) loglag=127547us
01:10:02.190   pt[1164]: min=-340 max=314 avg_abs=83 | fifo=944 under=0 over=0 late=0 mdf_cb=37424 mdf_err=0
01:10:02.582 win  623 pos= 9569280  -49dBFS [###.................] rms=  116 peak=  580 seam=ok lag=333us
01:10:02.582   -> unknown         p=0.44  preproc=69025us infer=41027us
01:10:02.707   pt[1165]: min=-322 max=368 avg_abs=85 | fifo=1136 under=0 over=0 late=0 mdf_cb=37456 mdf_err=0
01:10:03.049 in=16128Hz out=16000Hz ring=1168 under=0 over=0 (dt=1000000us) loglag=127547us
01:10:03.241   pt[1166]: min=-528 max=448 avg_abs=97 | fifo=928 under=0 over=0 late=0 mdf_cb=37488 mdf_err=0
01:10:03.507 {"win":624,"cls":"sneezing","p":0.53,"lat_ms":112,"under":0,"over":0,"late":0}
01:10:03.507 win  624 pos= 9584640  -49dBFS [###.................] rms=  123 peak=  542 seam=ok lag=333us
01:10:03.521   -> sneezing        p=0.53  preproc=69011us infer=41041us
01:10:03.590 lcd: win 624 -> SNEEZE p=0.53 (22793 us after notify)
01:10:03.770   pt[1167]: min=-492 max=542 avg_abs=111 | fifo=1120 under=0 over=0 late=0 mdf_cb=37520 mdf_err=0
01:10:04.083 in=16128Hz out=16400Hz ring=896 under=0 over=0 (dt=1000000us) loglag=127547us
01:10:04.266   pt[1168]: min=-374 max=516 avg_abs=97 | fifo=912 under=0 over=0 late=0 mdf_cb=37552 mdf_err=0
01:10:04.468 {"win":625,"cls":"unknown","p":0.25,"lat_ms":112,"under":0,"over":0,"late":0}
01:10:04.472 win  625 pos= 9600000  -48dBFS [####................] rms=  128 peak=  516 seam=ok lag=335us
01:10:04.482   -> unknown         p=0.25  preproc=69026us infer=40961us
01:10:04.751   pt[1169]: min=-388 max=342 avg_abs=97 | fifo=960 under=0 over=0 late=0 mdf_cb=37585 mdf_err=0
01:10:05.084 in=16128Hz out=16000Hz ring=1024 under=0 over=0 (dt=999999us) loglag=127547us
01:10:05.275   pt[1170]: min=-390 max=388 avg_abs=79 | fifo=1152 under=0 over=0 late=0 mdf_cb=37617 mdf_err=0
01:10:05.456 {"win":626,"cls":"sneezing","p":0.69,"lat_ms":112,"under":0,"over":0,"late":0}
01:10:05.456 win  626 pos= 9615360  -50dBFS [###.................] rms=  109 peak=  390 seam=ok lag=337us
01:10:05.456   -> sneezing        p=0.69  preproc=68958us infer=41067us
01:10:05.456 lcd: win 626 -> SNEEZE p=0.69 (23081 us after notify)
01:10:05.782   pt[1171]: min=-448 max=500 avg_abs=91 | fifo=944 under=0 over=0 late=0 mdf_cb=37649 mdf_err=0
01:10:06.100 in=16128Hz out=16000Hz ring=1152 under=0 over=0 (dt=1000000us) loglag=127547us
01:10:06.414   pt[1172]: min=-406 max=410 avg_abs=94 | fifo=1136 under=0 over=0 late=0 mdf_cb=37681 mdf_err=0
01:10:06.414 {"win":627,"cls":"unknown","p":0.40,"lat_ms":112,"under":0,"over":0,"late":0}
01:10:06.414 win  627 pos= 9630720  -49dBFS [###.................] rms=  120 peak=  500 seam=ok lag=336us
01:10:06.414   -> unknown         p=0.40  preproc=69040us infer=41019us
01:10:06.849   pt[1173]: min=-582 max=1406 avg_abs=93 | fifo=928 under=0 over=0 late=0 mdf_cb=37713 mdf_err=0
01:10:07.099 in=16128Hz out=16400Hz ring=880 under=0 over=0 (dt=999999us) loglag=127547us
01:10:07.349   pt[1174]: min=-376 max=334 avg_abs=91 | fifo=1120 under=0 over=0 late=0 mdf_cb=37745 mdf_err=0
01:10:07.351 win  628 pos= 9646080  -49dBFS [###.................] rms=  115 peak= 1406 seam=ok lag=337us
01:10:07.363   -> unknown         p=0.47  preproc=69016us infer=41037us
01:10:07.867   pt[1175]: min=-324 max=394 avg_abs=84 | fifo=912 under=0 over=0 late=0 mdf_cb=37777 mdf_err=0
01:10:08.122 in=16128Hz out=16000Hz ring=1008 under=0 over=0 (dt=999999us) loglag=127547us
01:10:08.365 win  629 pos= 9661440  -50dBFS [###.................] rms=  109 peak=  394 seam=ok lag=336us
01:10:08.365   -> clock_tick      p=0.58  preproc=69017us infer=41050us
01:10:08.365 ====================================
01:10:08.365 ====================================
01:10:08.365 TAP TOTAL win=629
01:10:08.365 ====================================
01:10:08.365 ====================================
01:10:08.365 tap total: windows=630 (expected 630 from 9678848 samples) overrun=0 torn=0 skipped=0 seam ok=629 NG=0
01:10:08.365   tap lag max=380us (0 of them lower bounds) | tap write max=7768ns avg=5325ns (37808 calls)
01:10:08.365   audio under=0 over=0 late=0 | aed run=630 err=0 (last er=0)
01:10:08.365   preproc max=69056us avg=69012us | infer max=41116us avg=41046us
01:10:08.365   notify out=199 held=292 offlist=139 gated=0 lat max=112179us (0 lower bounds)
01:10:08.368   log sent=4251 dropped=0 lag max=127547us
01:10:08.374   disp sent=129 dropped=0 max=101903us avg=31181us
01:10:08.380 ====================================
01:10:08.383 ====================================
01:10:08.386   pt[1176]: min=-370 max=350 avg_abs=90 | fifo=960 under=0 over=0 late=0 mdf_cb=37810 mdf_err=0
01:10:08.900   pt[1177]: min=-292 max=324 avg_abs=86 | fifo=1152 under=0 over=0 late=0 mdf_cb=37842 mdf_err=0
01:10:09.099 in=16128Hz out=16000Hz ring=1136 under=0 over=0 (dt=999999us) loglag=127547us
01:10:09.290 win  630 pos= 9676800  -50dBFS [###.................] rms=  105 peak=  346 seam=ok lag=334us
01:10:09.290   -> unknown         p=0.34  preproc=69025us infer=41001us
01:10:09.414   pt[1178]: min=-282 max=282 avg_abs=75 | fifo=944 under=0 over=0 late=0 mdf_cb=37874 mdf_err=0
01:10:09.914   pt[1179]: min=-382 max=430 avg_abs=92 | fifo=1136 under=0 over=0 late=0 mdf_cb=37906 mdf_err=0
01:10:10.099 in=16128Hz out=16400Hz ring=864 under=0 over=0 (dt=999999us) loglag=127547us
01:10:10.290 win  631 pos= 9692160  -50dBFS [###.................] rms=  109 peak=  430 seam=ok lag=338us
01:10:10.290   -> clock_tick      p=0.54  preproc=68972us infer=41041us
01:10:10.415   pt[1180]: min=-424 max=366 avg_abs=94 | fifo=928 under=0 over=0 late=0 mdf_cb=37938 mdf_err=0
01:10:10.942   pt[1181]: min=-398 max=444 avg_abs=91 | fifo=1120 under=0 over=0 late=0 mdf_cb=37970 mdf_err=0
01:10:11.189 in=16128Hz out=16000Hz ring=992 under=0 over=0 (dt=1000000us) loglag=127547us
01:10:11.194 win  632 pos= 9707520  -49dBFS [###.................] rms=  113 peak=  444 seam=ok lag=337us
01:10:11.202   -> unknown         p=0.40  preproc=69020us infer=41055us
01:10:11.457   pt[1182]: min=-330 max=316 avg_abs=83 | fifo=912 under=0 over=0 late=0 mdf_cb=38002 mdf_err=0
01:10:11.957   pt[1183]: min=-384 max=420 avg_abs=94 | fifo=1104 under=0 over=0 late=0 mdf_cb=38034 mdf_err=0
01:10:12.148 in=16128Hz out=16000Hz ring=1120 under=0 over=0 (dt=1000000us) loglag=127547us
01:10:12.148 win  633 pos= 9722880  -49dBFS [###.................] rms=  110 peak=  420 seam=ok lag=337us
01:10:12.156   -> clock_tick      p=0.57  preproc=69013us infer=41066us
01:10:12.474   pt[1184]: min=-306 max=338 avg_abs=83 | fifo=896 under=0 over=0 late=0 mdf_cb=38066 mdf_err=0
01:10:12.972   pt[1185]: min=-380 max=404 avg_abs=98 | fifo=944 under=0 over=0 late=0 mdf_cb=38099 mdf_err=0
01:10:13.159 win  634 pos= 9738240  -49dBFS [###.................] rms=  116 peak=  404 seam=ok lag=336us
01:10:13.159   -> unknown         p=0.27  preproc=69026us infer=41053us
01:10:13.159 in=16120Hz out=15993Hz ring=1248 under=0 over=0 (dt=1000437us) loglag=127547us
01:10:13.531   pt[1186]: min=-380 max=398 avg_abs=89 | fifo=1136 under=0 over=0 late=0 mdf_cb=38131 mdf_err=0
01:10:14.098   pt[1187]: min=-374 max=432 avg_abs=104 | fifo=928 under=0 over=0 late=0 mdf_cb=38163 mdf_err=0
01:10:14.098 win  635 pos= 9753600  -48dBFS [####................] rms=  123 peak=  432 seam=ok lag=336us
01:10:14.098   -> unknown         p=0.40  preproc=69044us infer=40991us
01:10:14.165 in=16135Hz out=16407Hz ring=976 under=0 over=0 (dt=999561us) loglag=127547us
01:10:14.539   pt[1188]: min=-502 max=348 avg_abs=96 | fifo=1120 under=0 over=0 late=0 mdf_cb=38195 mdf_err=0
01:10:15.031   pt[1189]: min=-348 max=368 avg_abs=90 | fifo=912 under=0 over=0 late=0 mdf_cb=38227 mdf_err=0
01:10:15.031 win  636 pos= 9768960  -49dBFS [###.................] rms=  116 peak=  502 seam=ok lag=334us
01:10:15.043   -> unknown         p=0.43  preproc=68956us infer=41080us
01:10:15.173 in=16128Hz out=16000Hz ring=1104 under=0 over=0 (dt=1000000us) loglag=127547us
01:10:15.548   pt[1190]: min=-358 max=336 avg_abs=94 | fifo=1104 under=0 over=0 late=0 mdf_cb=38259 mdf_err=0
01:10:15.997 win  637 pos= 9784320  -49dBFS [###.................] rms=  116 peak=  358 seam=ok lag=337us
01:10:15.997   -> unknown         p=0.27  preproc=69012us infer=40977us
01:10:16.065   pt[1191]: min=-346 max=342 avg_abs=88 | fifo=896 under=0 over=0 late=0 mdf_cb=38291 mdf_err=0
01:10:16.141 in=16128Hz out=16400Hz ring=832 under=0 over=0 (dt=999999us) loglag=127547us
01:10:16.582   pt[1192]: min=-432 max=370 avg_abs=104 | fifo=944 under=0 over=0 late=0 mdf_cb=38324 mdf_err=0
01:10:16.957 win  638 pos= 9799680  -48dBFS [####................] rms=  127 peak=  444 seam=ok lag=332us
01:10:16.957   -> unknown         p=0.45  preproc=69018us infer=41090us
01:10:17.089   pt[1193]: min=-324 max=444 avg_abs=93 | fifo=1136 under=0 over=0 late=0 mdf_cb=38356 mdf_err=0
01:10:17.149 in=16128Hz out=16000Hz ring=960 under=0 over=0 (dt=1000000us) loglag=127547us
01:10:17.598   pt[1194]: min=-426 max=332 avg_abs=88 | fifo=928 under=0 over=0 late=0 mdf_cb=38388 mdf_err=0
01:10:17.916 win  639 pos= 9815040  -49dBFS [###.................] rms=  112 peak=  426 seam=ok lag=336us
01:10:17.916   -> unknown         p=0.33  preproc=69017us infer=41059us
01:10:17.916 ====================================
01:10:17.924 ====================================
01:10:17.928 TAP TOTAL win=639
01:10:17.930 ====================================
01:10:17.934 ====================================
01:10:17.937 tap total: windows=640 (expected 640 from 9832448 samples) overrun=0 torn=0 skipped=0 seam ok=639 NG=0
01:10:17.946   tap lag max=380us (0 of them lower bounds) | tap write max=7768ns avg=5325ns (38408 calls)
01:10:17.948   audio under=0 over=0 late=0 | aed run=640 err=0 (last er=0)
01:10:17.960   preproc max=69056us avg=69012us | infer max=41116us avg=41046us
01:10:17.964   notify out=199 held=300 offlist=141 gated=0 lat max=112179us (0 lower bounds)
01:10:17.973   log sent=4313 dropped=0 lag max=127547us
01:10:17.973   disp sent=129 dropped=0 max=101903us avg=31181us
01:10:17.982 ====================================
01:10:17.985 ====================================
01:10:18.114   pt[1195]: min=-368 max=366 avg_abs=92 | fifo=1120 under=0 over=0 late=0 mdf_cb=38420 mdf_err=0
01:10:18.174 in=16128Hz out=16000Hz ring=1088 under=0 over=0 (dt=999999us) loglag=127547us
01:10:18.673   pt[1196]: min=-410 max=400 avg_abs=101 | fifo=912 under=0 over=0 late=0 mdf_cb=38452 mdf_err=0
01:10:18.923 win  640 pos= 9830400  -49dBFS [###.................] rms=  120 peak=  410 seam=ok lag=335us
01:10:18.923   -> unknown         p=0.31  preproc=69017us infer=41054us
01:10:19.172   pt[1197]: min=-404 max=346 avg_abs=107 | fifo=1104 under=0 over=0 late=0 mdf_cb=38484 mdf_err=0
01:10:19.172 in=16128Hz out=16400Hz ring=816 under=0 over=0 (dt=999999us) loglag=127547us
01:10:19.675   pt[1198]: min=-412 max=326 avg_abs=91 | fifo=896 under=0 over=0 late=0 mdf_cb=38516 mdf_err=0
01:10:19.865 win  641 pos= 9845760  -48dBFS [####................] rms=  125 peak=  412 seam=ok lag=334us
01:10:19.865   -> unknown         p=0.29  preproc=68953us infer=41039us
01:10:20.173   pt[1199]: min=-348 max=374 avg_abs=101 | fifo=1088 under=0 over=0 late=0 mdf_cb=38548 mdf_err=0
01:10:20.173 ====================================
01:10:20.173 ====================================
01:10:20.173 PASSTHROUGH STOPPED
01:10:20.173 ====================================
01:10:20.182 ====================================
01:10:20.185 Passthrough stopped (sai_cb half=12356 cplt=12355, mdf_cb=38548 mdf_err=0, under=0 over=0)
01:10:20.190 ====================================
01:10:20.190 ====================================
01:10:21.889 ====================================
01:10:21.889 ====================================
01:10:21.889 FINAL
01:10:21.889 ====================================
01:10:21.889 ====================================
01:10:21.889 tap: no window for 2000 ms (audio stopped?)
01:10:21.889 tap final: windows=642 (expected 642 from 9868288 samples) overrun=0 torn=0 skipped=0 seam ok=641 NG=0
01:10:21.889   tap lag max=380us (0 of them lower bounds) | tap write max=7768ns avg=5325ns (38548 calls)
01:10:21.889   audio under=0 over=0 late=0 | aed run=642 err=0 (last er=0)
01:10:21.889   preproc max=69056us avg=69012us | infer max=41116us avg=41046us
01:10:21.892   notify out=199 held=302 offlist=141 gated=0 lat max=112179us (0 lower bounds)
01:10:21.898   log sent=4347 dropped=0 lag max=127547us
01:10:21.902   disp sent=129 dropped=0 max=101903us avg=31181us
01:10:21.907 ====================================
01:10:21.910 ====================================
