13:02:50.542 8857089,6,2
13:02:50.542 8872916,1,56
13:02:50.542 8872918,5,1
13:02:50.542 8872963,13,57
13:02:50.542 8872969,14,57
13:02:50.542 8872969,6,1
13:02:50.542 8878299,3,202
13:02:50.542 8878301,5,4
13:02:50.542 8878343,6,4
13:02:50.542 8888804,2,57
13:02:50.542 8888805,5,2
13:02:50.542 8888851,13,58
13:02:50.542 8888857,14,58
13:02:50.542 8888857,6,2
13:02:50.542 8903117,4,202
13:02:50.542 8903118,5,8
13:02:50.566 8903161,6,8
13:02:50.566 8904683,1,58
13:02:50.566 8904684,5,1
13:02:50.566 8904730,13,59
13:02:50.566 8904735,14,59
13:02:50.566 8904736,6,1
13:02:50.566 8920570,2,59
13:02:50.566 8920572,5,2
13:02:50.566 8920617,13,60
13:02:50.566 8920623,14,60
13:02:50.566 8920623,6,2
13:02:50.566 8927939,3,203
13:02:50.566 8927940,5,4
13:02:50.566 8927982,6,4
13:02:50.566 8936500,1,60
13:02:50.566 8936502,5,1
13:02:50.629 8936547,13,61
13:02:50.629 8936553,14,61
13:02:50.629 8936554,6,1
13:02:50.629 8952335,2,61
13:02:50.629 8952337,5,2
13:02:50.629 8952383,13,62
13:02:50.629 8952388,14,62
13:02:50.629 8952389,6,2
13:02:50.629 8952754,4,203
13:02:50.629 8952756,5,8
13:02:50.629 8952798,6,8
13:02:50.629 8968219,1,62
13:02:50.629 8968220,5,1
13:02:50.629 8968266,13,63
13:02:50.629 8968271,14,63
13:02:50.629 8968272,6,1
13:02:50.629 8977569,3,204
13:02:50.629 8977570,5,4
13:02:50.629 8977613,6,4
13:02:50.629 8984093,2,63
13:02:50.629 8984095,5,2
13:02:50.629 8984140,13,64
13:02:50.629 8984146,14,64
13:02:50.629 8984146,6,2
13:02:50.629 8999976,1,64
13:02:50.629 8999977,5,1
13:02:50.629 9000023,13,65
13:02:50.629 9000029,14,65
13:02:50.629 9000029,6,1
13:02:50.629 9002382,4,204
13:02:50.629 9002383,5,8
13:02:50.629 9002426,6,8
13:02:50.693 9015868,2,65
13:02:50.693 9015869,5,2
13:02:50.693 9015915,13,66
13:02:50.693 9015921,14,66
13:02:50.693 9015921,6,2
13:02:50.693 9027211,3,205
13:02:50.693 9027212,5,4
13:02:50.693 9027254,6,4
13:02:50.693 9031756,1,66
13:02:50.693 9031758,5,1
13:02:50.693 9031803,13,67
13:02:50.693 9031809,14,67
13:02:50.693 9031809,6,1
13:02:50.693 9047641,2,67
13:02:50.693 9047643,5,2
13:02:50.693 9047688,13,68
13:02:50.820 9047694,14,68
13:02:50.820 9047694,6,2
13:02:50.820 9052030,4,205
13:02:50.820 9052032,5,8
13:02:50.820 9052074,6,8
13:02:50.820 9063516,1,68
13:02:50.820 9063517,5,1
13:02:50.820 9063563,13,69
13:02:50.820 9063568,14,69
13:02:50.820 9063569,6,1
13:02:50.820 9076829,3,206
13:02:50.820 9076831,5,4
13:02:50.820 9076872,6,4
13:02:50.820 9079386,2,69
13:02:50.820 9079387,5,2
13:02:50.820 9079433,13,70
13:02:50.820 9079439,14,70
13:02:50.820 9079439,6,2
13:02:50.820 9095253,1,70
13:02:50.820 9095255,5,1
13:02:50.820 9095300,13,71
13:02:50.820 9095306,14,71
13:02:50.820 9095306,6,1
13:02:50.820 9101621,4,206
13:02:50.820 9101622,5,8
13:02:50.820 9101664,6,8
13:02:50.820 9111120,2,71
13:02:50.820 9111121,5,2
13:02:50.825 9111167,13,72
13:02:50.827 9111173,14,72
13:02:50.827 9111173,6,2
13:02:50.829 9126420,3,207
13:02:50.899 9126421,5,4
13:02:50.899 9126463,6,4
13:02:50.899 9126993,1,72
13:02:50.899 9126994,5,1
13:02:50.899 9127040,13,73
13:02:50.899 9127045,14,73
13:02:50.899 9127046,6,1
13:02:50.899 9142869,2,73
13:02:50.899 9142870,5,2
13:02:50.899 9142916,13,74
13:02:50.899 9142922,14,74
13:02:50.899 9142922,6,2
13:02:50.899 9151230,4,207
13:02:50.899 9151231,5,8
13:02:50.899 9151273,6,8
13:02:50.899 9158752,1,74
13:02:50.899 9158754,5,1
13:02:50.899 9158799,13,75
13:02:50.899 9158805,14,75
13:02:50.899 9158805,6,1
13:02:50.899 9174628,2,75
13:02:50.899 9174630,5,2
13:02:50.899 9174675,13,76
13:02:50.899 9174681,14,76
13:02:50.899 9174681,6,2
13:02:50.899 9176039,3,208
13:02:50.899 9176041,5,4
13:02:50.899 9176082,6,4
13:02:50.899 9190500,1,76
13:02:50.899 9190502,5,1
13:02:50.899 9190547,13,77
13:02:50.899 9190553,14,77
13:02:50.899 9190553,6,1
13:02:50.899 9200842,4,208
13:02:50.899 9200843,5,8
13:02:50.899 9200885,6,8
13:02:50.899 9206376,2,77
13:02:50.899 9206378,5,2
13:02:50.899 9206423,13,78
13:02:50.899 9206429,14,78
13:02:50.899 9206429,6,2
13:02:50.899 9222250,1,78
13:02:50.899 9222251,5,1
13:02:50.914 9222297,13,79
13:02:50.914 9222303,14,79
13:02:50.914 9222303,6,1
13:02:50.914 9225644,3,209
13:02:50.919 9225645,5,4
13:02:50.994 9225687,6,4
13:02:50.994 9238128,2,79
13:02:50.994 9238129,5,2
13:02:50.994 9238175,13,80
13:02:50.994 9238180,14,80
13:02:50.994 9238180,6,2
13:02:50.994 9250455,4,209
13:02:50.994 9250456,5,8
13:02:50.994 9250498,6,8
13:02:50.994 9254005,1,80
13:02:50.994 9254007,5,1
13:02:50.994 9254052,13,81
13:02:50.994 9254058,14,81
13:02:50.994 9254058,6,1
13:02:50.994 9269885,2,81
13:02:50.994 9269886,5,2
13:02:50.994 9269932,13,82
13:02:50.994 9269937,14,82
13:02:50.994 9269938,6,2
13:02:50.994 9275264,3,210
13:02:50.994 9275266,5,4
13:02:50.994 9275308,6,4
13:02:50.994 9285762,1,82
13:02:50.994 9285764,5,1
13:02:50.994 9285810,13,83
13:02:50.994 9285815,14,83
13:02:50.994 9285815,6,1
13:02:50.994 9300071,4,210
13:02:50.994 9300073,5,8
13:02:50.994 9300115,6,8
13:02:50.994 9301637,2,83
13:02:50.994 9301638,5,2
13:02:50.994 #trace end dropped=0 muted=40
13:02:51.122   pt[37]: min=-456 max=478 avg_abs=105 | fifo=800 under=0 over=0 late=0 mdf_cb=1225 mdf_err=0
13:02:51.632   pt[38]: min=-416 max=498 avg_abs=100 | fifo=992 under=0 over=0 late=0 mdf_cb=1257 mdf_err=0
13:02:52.078 in=16128Hz out=16000Hz ring=1040 under=0 over=0 (dt=1000000us) loglag=8355us
13:02:52.078 ====================================
13:02:52.078 ====================================
13:02:52.078 PREPROC TEST
13:02:52.078 ====================================
13:02:52.078 ====================================
13:02:52.078 preproc test: 2 clips, board log-mel (Application/aed/preproc.c) vs PC (scripts/aed_clips.py)
13:02:52.078   15600 x int16 -> int8 1x64x96 (6144 B), zp=33, mel LUT 461 coefs (expected 461)
13:02:52.078   [0] 5-203128-A-0.wav (dog)
13:02:52.084       preproc 68991 us
13:02:52.086       int8 vs PC: same 6144 diff 0 of 6144, max |d| 0, |d|>1: 0
13:02:52.092       board tensor -> top1 4 dog p=9998 x1e-4 (40975 us) ok
13:02:52.096       pc tensor    -> top1 4 dog p=9998 x1e-4 (40830 us) ok
13:02:52.110       PC reference: ort top1 4 dog p=9998 / noopt top1 4 dog p=9997 (x1e-4)
13:02:52.110   [1] 5-201194-A-38.wav (clock_tick)
13:02:52.110       preproc 69051 us
13:02:52.110       int8 vs PC: same 6144 diff 0 of 6144, max |d| 0, |d|>1: 0
13:02:52.110       board tensor -> top1 1 clock_tick p=9998 x1e-4 (40922 us) ok
13:02:52.126       pc tensor    -> top1 1 clock_tick p=9998 x1e-4 (41008 us) ok
13:02:52.126       PC reference: ort top1 1 clock_tick p=9998 / noopt top1 1 clock_tick p=9998 (x1e-4)
13:02:52.141   totals: same 12288 diff 0 of 12288, max |d| 0, |d|>1: 0
13:02:52.141   top1 == PC: board tensor 2/2, pc tensor 2/2
13:02:52.141 preproc test PASS (no |d| > 1, and top1 from the board tensor matches PC)
13:02:52.157   audio before: under=0 over=0 late=0 / after: under=0 over=0 late=0
13:02:52.157 ====================================
13:02:52.157 ====================================
13:02:52.157 ====================================
13:02:52.172 ====================================
13:02:52.172 READY  起動確認おわり。ここから本番
13:02:52.235 ====================================
13:02:52.235 ====================================
13:02:52.235 win   20 pos=  307200  -48dBFS [####................] rms=  128 peak=  498 seam=ok lag=337us
13:02:52.235   -> unknown         p=0.44  preproc=69019us infer=41027us
13:02:52.235   pt[39]: min=-460 max=454 avg_abs=106 | fifo=1040 under=0 over=0 late=0 mdf_cb=1290 mdf_err=0
13:02:52.745   pt[40]: min=-460 max=588 avg_abs=97 | fifo=1232 under=0 over=0 late=0 mdf_cb=1322 mdf_err=0
13:02:52.745 win   21 pos=  322560  -48dBFS [####................] rms=  130 peak=  588 seam=ok lag=334us
13:02:52.745   -> clock_tick      p=0.56  preproc=68985us infer=41040us
13:02:52.745 in=16065Hz out=15937Hz ring=1168 under=0 over=0 (dt=1003917us) loglag=103909us
13:02:53.130   pt[41]: min=-326 max=424 avg_abs=90 | fifo=1024 under=0 over=0 late=0 mdf_cb=1354 mdf_err=0
13:02:53.703   pt[42]: min=-440 max=444 avg_abs=100 | fifo=1216 under=0 over=0 late=0 mdf_cb=1386 mdf_err=0
13:02:53.703 win   22 pos=  337920  -49dBFS [###.................] rms=  117 peak=  444 seam=ok lag=333us
13:02:53.703   -> unknown         p=0.32  preproc=69007us infer=41021us
13:02:53.768 in=16191Hz out=16464Hz ring=896 under=0 over=0 (dt=996081us) loglag=103909us
13:02:54.157   pt[43]: min=-752 max=928 avg_abs=97 | fifo=1008 under=0 over=0 late=0 mdf_cb=1418 mdf_err=0
13:02:54.675 win   23 pos=  353280  -44dBFS [#####...............] rms=  218 peak= 4008 seam=ok lag=338us
13:02:54.675   -> unknown         p=0.45  preproc=69022us infer=41039us
13:02:54.675   pt[44]: min=-2640 max=4008 avg_abs=165 | fifo=1200 under=0 over=0 late=0 mdf_cb=1450 mdf_err=0
13:02:54.738 in=16128Hz out=16000Hz ring=1024 under=0 over=0 (dt=1000000us) loglag=103909us
13:02:55.184   pt[45]: min=-536 max=830 avg_abs=102 | fifo=992 under=0 over=0 late=0 mdf_cb=1482 mdf_err=0
13:02:55.628 win   24 pos=  368640  -47dBFS [####................] rms=  139 peak=  830 seam=ok lag=333us
13:02:55.628   -> unknown         p=0.30  preproc=69017us infer=41014us
13:02:55.691   pt[46]: min=-974 max=656 avg_abs=131 | fifo=1184 under=0 over=0 late=0 mdf_cb=1514 mdf_err=0
13:02:55.755 in=16128Hz out=16000Hz ring=1152 under=0 over=0 (dt=999999us) loglag=103909us
13:02:56.200   pt[47]: min=-436 max=472 avg_abs=103 | fifo=976 under=0 over=0 late=0 mdf_cb=1546 mdf_err=0
13:02:56.583 win   25 pos=  384000  -47dBFS [####................] rms=  149 peak=  974 seam=ok lag=335us
13:02:56.583   -> unknown         p=0.37  preproc=69014us infer=41040us
13:02:56.768   pt[48]: min=-556 max=800 avg_abs=107 | fifo=768 under=0 over=0 late=0 mdf_cb=1578 mdf_err=0
13:02:56.768 in=16128Hz out=16000Hz ring=1280 under=0 over=0 (dt=999999us) loglag=103909us
13:02:57.278   pt[49]: min=-470 max=542 avg_abs=107 | fifo=1216 under=0 over=0 late=0 mdf_cb=1611 mdf_err=0
13:02:57.534 win   26 pos=  399360  -48dBFS [####................] rms=  138 peak=  790 seam=ok lag=333us
13:02:57.534   -> unknown         p=0.33  preproc=68964us infer=41046us
13:02:57.789 in=16128Hz out=16400Hz ring=1008 under=0 over=0 (dt=1000000us) loglag=103909us
13:02:57.789   pt[50]: min=-568 max=790 avg_abs=134 | fifo=1008 under=0 over=0 late=0 mdf_cb=1643 mdf_err=0
13:02:58.302   pt[51]: min=-566 max=530 avg_abs=118 | fifo=1200 under=0 over=0 late=0 mdf_cb=1675 mdf_err=0
13:02:58.494 {"win":27,"cls":"sneezing","p":0.65,"lat_ms":112,"under":0,"over":0,"late":0}
13:02:58.494 win   27 pos=  414720  -46dBFS [####................] rms=  156 peak=  566 seam=ok lag=335us
13:02:58.494   -> sneezing        p=0.65  preproc=69022us infer=41004us
13:02:58.494 lcd: win 27 -> SNEEZE p=0.65 (22702 us after notify)
13:02:58.813 in=16128Hz out=16000Hz ring=1136 under=0 over=0 (dt=1000000us) loglag=103909us
13:02:58.813   pt[52]: min=-356 max=448 avg_abs=90 | fifo=992 under=0 over=0 late=0 mdf_cb=1707 mdf_err=0
13:02:59.323   pt[53]: min=-608 max=306 avg_abs=84 | fifo=1184 under=0 over=0 late=0 mdf_cb=1739 mdf_err=0
13:02:59.450 {"win":28,"cls":"unknown","p":0.38,"lat_ms":112,"under":0,"over":0,"late":0}
13:02:59.450 win   28 pos=  430080  -50dBFS [###.................] rms=  105 peak=  608 seam=ok lag=336us
13:02:59.450   -> unknown         p=0.38  preproc=69019us infer=41054us
13:02:59.766 in=16128Hz out=16000Hz ring=1264 under=0 over=0 (dt=999999us) loglag=103909us
13:02:59.830   pt[54]: min=-442 max=456 avg_abs=87 | fifo=976 under=0 over=0 late=0 mdf_cb=1771 mdf_err=0
13:03:00.402   pt[55]: min=-322 max=428 avg_abs=89 | fifo=768 under=0 over=0 late=0 mdf_cb=1803 mdf_err=0
13:03:00.402 {"win":29,"cls":"sneezing","p":0.73,"lat_ms":112,"under":0,"over":0,"late":0}
13:03:00.402 win   29 pos=  445440  -49dBFS [###.................] rms=  112 peak=  456 seam=ok lag=335us
13:03:00.402   -> sneezing        p=0.73  preproc=69033us infer=41029us
13:03:00.402 ====================================
13:03:00.402 ====================================
13:03:00.402 TAP TOTAL win=29
13:03:00.418 ====================================
13:03:00.418 ====================================
13:03:00.424 tap total: windows=30 (expected 30 from 462848 samples) overrun=0 torn=0 skipped=0 seam ok=29 NG=0
13:03:00.434   tap lag max=338us (0 of them lower bounds) | tap write max=7595ns avg=5331ns (1808 calls)
13:03:00.441   audio under=0 over=0 late=0 | aed run=30 err=0 (last er=0)
13:03:00.441   preproc max=69037us avg=69012us | infer max=41077us avg=41029us
13:03:00.450   notify out=4 held=13 offlist=13 gated=0 lat max=112122us (0 lower bounds)
13:03:00.450   log sent=200 dropped=0 lag max=103909us
13:03:00.450   disp sent=3 dropped=0 max=37468us avg=30085us
13:03:00.465 ====================================
13:03:00.465 ====================================
13:03:00.529 lcd: win 29 -> SNEEZE p=0.73 (95806 us after notify)
13:03:00.784 in=16128Hz out=16400Hz ring=992 under=0 over=0 (dt=1000000us) loglag=103909us
13:03:00.847   pt[56]: min=-280 max=368 avg_abs=85 | fifo=960 under=0 over=0 late=0 mdf_cb=1835 mdf_err=0
13:03:01.357   pt[57]: min=-414 max=412 avg_abs=92 | fifo=1008 under=0 over=0 late=0 mdf_cb=1868 mdf_err=0
13:03:01.357 {"win":30,"cls":"sneezing","p":0.62,"lat_ms":112,"under":0,"over":0,"late":0}
13:03:01.357 win   30 pos=  460800  -49dBFS [###.................] rms=  113 peak=  412 seam=ok lag=334us
13:03:01.363   -> sneezing        p=0.62  preproc=69015us infer=41045us
13:03:01.437 lcd: win 30 -> SNEEZE p=0.62 (31057 us after notify)
13:03:01.822 in=16128Hz out=16000Hz ring=1120 under=0 over=0 (dt=999999us) loglag=103909us
13:03:01.886   pt[58]: min=-350 max=398 avg_abs=87 | fifo=1200 under=0 over=0 late=0 mdf_cb=1900 mdf_err=0
13:03:02.335 {"win":31,"cls":"sneezing","p":0.70,"lat_ms":112,"under":0,"over":0,"late":0}
13:03:02.335 win   31 pos=  476160  -50dBFS [###.................] rms=  108 peak=  414 seam=ok lag=335us
13:03:02.335   -> sneezing        p=0.70  preproc=68965us infer=41055us
13:03:02.335 lcd: win 31 -> SNEEZE p=0.70 (22699 us after notify)
13:03:02.399   pt[59]: min=-356 max=400 avg_abs=95 | fifo=992 under=0 over=0 late=0 mdf_cb=1932 mdf_err=0
13:03:02.785 in=16128Hz out=16000Hz ring=1248 under=0 over=0 (dt=999999us) loglag=103909us
13:03:02.913   pt[60]: min=-496 max=396 avg_abs=108 | fifo=1184 under=0 over=0 late=0 mdf_cb=1964 mdf_err=0
13:03:03.297 {"win":32,"cls":"sneezing","p":0.58,"lat_ms":112,"under":0,"over":0,"late":0}
13:03:03.297 win   32 pos=  491520  -48dBFS [####................] rms=  130 peak=  496 seam=ok lag=335us
13:03:03.297   -> sneezing        p=0.58  preproc=69021us infer=41048us
13:03:03.297 lcd: win 32 -> SNEEZE p=0.58 (22702 us after notify)
13:03:03.427   pt[61]: min=-364 max=434 avg_abs=86 | fifo=976 under=0 over=0 late=0 mdf_cb=1996 mdf_err=0
13:03:03.811 in=15872Hz out=16400Hz ring=720 under=0 over=0 (dt=999999us) loglag=103909us
13:03:03.939   pt[62]: min=-468 max=438 avg_abs=97 | fifo=1168 under=0 over=0 late=0 mdf_cb=2028 mdf_err=0
13:03:04.260 {"win":33,"cls":"sneezing","p":0.88,"lat_ms":112,"under":0,"over":0,"late":0}
13:03:04.260 win   33 pos=  506880  -49dBFS [###.................] rms=  114 peak=  468 seam=ok lag=335us
13:03:04.260   -> sneezing        p=0.88  preproc=69013us infer=41058us
13:03:04.260 lcd: win 33 -> SNEEZE p=0.88 (22704 us after notify)
13:03:04.452   pt[63]: min=-396 max=404 avg_abs=96 | fifo=960 under=0 over=0 late=0 mdf_cb=2060 mdf_err=0
13:03:04.837 in=16128Hz out=16000Hz ring=848 under=0 over=0 (dt=1000000us) loglag=103909us
13:03:04.969   pt[64]: min=-442 max=452 avg_abs=97 | fifo=1152 under=0 over=0 late=0 mdf_cb=2092 mdf_err=0
13:03:05.220 {"win":34,"cls":"sneezing","p":0.94,"lat_ms":112,"under":0,"over":0,"late":0}
13:03:05.220 win   34 pos=  522240  -49dBFS [###.................] rms=  119 peak=  452 seam=ok lag=335us
13:03:05.220   -> sneezing        p=0.94  preproc=69050us infer=41052us
13:03:05.220 lcd: win 34 -> SNEEZE p=0.94 (22702 us after notify)
13:03:05.475   pt[65]: min=-894 max=668 avg_abs=119 | fifo=944 under=0 over=0 late=0 mdf_cb=2124 mdf_err=0
13:03:05.875 in=16128Hz out=16000Hz ring=976 under=0 over=0 (dt=1000000us) loglag=103909us
13:03:06.004   pt[66]: min=-756 max=812 avg_abs=146 | fifo=736 under=0 over=0 late=0 mdf_cb=2156 mdf_err=0
13:03:06.196 {"win":35,"cls":"sneezing","p":0.89,"lat_ms":112,"under":0,"over":0,"late":0}
13:03:06.196 win   35 pos=  537600  -45dBFS [#####...............] rms=  187 peak=  894 seam=ok lag=335us
13:03:06.196   -> sneezing        p=0.89  preproc=69021us infer=41041us
13:03:06.196 lcd: win 35 -> SNEEZE p=0.89 (22703 us after notify)
13:03:06.517   pt[67]: min=-1890 max=1756 avg_abs=311 | fifo=1184 under=0 over=0 late=0 mdf_cb=2189 mdf_err=0
13:03:06.839 in=16128Hz out=16000Hz ring=1104 under=0 over=0 (dt=1000000us) loglag=103909us
13:03:07.159   pt[68]: min=-13540 max=12316 avg_abs=813 | fifo=976 under=0 over=0 late=0 mdf_cb=2221 mdf_err=0
13:03:07.159 {"win":36,"cls":"unknown","p":0.30,"lat_ms":112,"under":0,"over":0,"late":0}
13:03:07.159 win   36 pos=  552960  -30dBFS [##########..........] rms= 1096 peak=13540 seam=ok lag=334us
13:03:07.159   -> unknown         p=0.30  preproc=68993us infer=41043us
13:03:07.545   pt[69]: min=-2456 max=1580 avg_abs=357 | fifo=1168 under=0 over=0 late=0 mdf_cb=2253 mdf_err=0
13:03:07.868 in=16128Hz out=16400Hz ring=832 under=0 over=0 (dt=999999us) loglag=116599us
13:03:08.126   pt[70]: min=-12122 max=12090 avg_abs=1185 | fifo=960 under=0 over=0 late=0 mdf_cb=2285 mdf_err=0
13:03:08.126 {"win":37,"cls":"dog","p":0.79,"lat_ms":112,"under":0,"over":0,"late":0}
13:03:08.126 win   37 pos=  568320  -27dBFS [###########.........] rms= 1521 peak=12122 seam=ok lag=335us
13:03:08.126   -> dog             p=0.79  preproc=69016us infer=41046us
13:03:08.126 lcd: win 37 -> DOG p=0.79 (30377 us after notify)
13:03:08.575   pt[71]: min=-4098 max=3060 avg_abs=330 | fifo=1152 under=0 over=0 late=0 mdf_cb=2317 mdf_err=0
13:03:08.831 in=16128Hz out=16000Hz ring=960 under=0 over=0 (dt=1000000us) loglag=116599us
13:03:09.024 {"win":38,"cls":"unknown","p":0.33,"lat_ms":112,"under":0,"over":0,"late":0}
13:03:09.030 win   38 pos=  583680  -31dBFS [#########...........] rms=  885 peak= 5480 seam=ok lag=334us
13:03:09.038   -> unknown         p=0.33  preproc=69017us infer=41071us
13:03:09.119   pt[72]: min=-4824 max=3408 avg_abs=679 | fifo=944 under=0 over=0 late=0 mdf_cb=2349 mdf_err=0
13:03:09.570   pt[73]: min=-12664 max=8654 avg_abs=1194 | fifo=736 under=0 over=0 late=0 mdf_cb=2381 mdf_err=0
13:03:09.892 in=16128Hz out=16000Hz ring=1088 under=0 over=0 (dt=999999us) loglag=116599us
13:03:10.020 win   39 pos=  599040  -25dBFS [###########.........] rms= 1824 peak=12664 seam=ok lag=335us
13:03:10.020   -> unknown         p=0.27  preproc=69029us infer=41013us
13:03:10.020 ====================================
13:03:10.020 ====================================
13:03:10.020 TAP TOTAL win=39
13:03:10.020 ====================================
13:03:10.020 ====================================
13:03:10.020 tap total: windows=40 (expected 40 from 616448 samples) overrun=0 torn=0 skipped=0 seam ok=39 NG=0
13:03:10.020   tap lag max=338us (0 of them lower bounds) | tap write max=7595ns avg=5330ns (2408 calls)
13:03:10.028   audio under=0 over=0 late=0 | aed run=40 err=0 (last er=0)
13:03:10.028   preproc max=69050us avg=69012us | infer max=41077us avg=41033us
13:03:10.036   notify out=13 held=14 offlist=13 gated=0 lat max=112153us (0 lower bounds)
13:03:10.048   log sent=279 dropped=0 lag max=116599us
13:03:10.048   disp sent=10 dropped=0 max=95806us avg=33092us
13:03:10.054 ====================================
13:03:10.056 ====================================
13:03:10.131   pt[74]: min=-3780 max=3738 avg_abs=737 | fifo=1184 under=0 over=0 late=0 mdf_cb=2414 mdf_err=0
13:03:10.646   pt[75]: min=-2108 max=2724 avg_abs=538 | fifo=976 under=0 over=0 late=0 mdf_cb=2446 mdf_err=0
13:03:10.968 in=16128Hz out=16400Hz ring=816 under=0 over=0 (dt=1000000us) loglag=116599us
13:03:10.968 win   40 pos=  614400  -31dBFS [#########...........] rms=  920 peak= 4334 seam=ok lag=335us
13:03:10.968   -> unknown         p=0.30  preproc=69026us infer=41043us
13:03:11.160   pt[76]: min=-2694 max=4334 avg_abs=595 | fifo=1168 under=0 over=0 late=0 mdf_cb=2478 mdf_err=0
13:03:11.673   pt[77]: min=-1600 max=1756 avg_abs=297 | fifo=960 under=0 over=0 late=0 mdf_cb=2510 mdf_err=0
13:03:11.931 in=16128Hz out=16000Hz ring=944 under=0 over=0 (dt=999999us) loglag=116599us
13:03:11.931 {"win":41,"cls":"sneezing","p":0.60,"lat_ms":112,"under":0,"over":0,"late":0}
13:03:11.931 win   41 pos=  629760  -39dBFS [#######.............] rms=  372 peak= 1870 seam=ok lag=332us
13:03:11.931   -> sneezing        p=0.60  preproc=68973us infer=41045us
13:03:12.012 lcd: win 41 -> SNEEZE p=0.60 (29528 us after notify)
13:03:12.138   pt[78]: min=-568 max=638 avg_abs=124 | fifo=1152 under=0 over=0 late=0 mdf_cb=2542 mdf_err=0
13:03:12.653   pt[79]: min=-740 max=476 avg_abs=124 | fifo=944 under=0 over=0 late=0 mdf_cb=2574 mdf_err=0
13:03:12.909 in=16128Hz out=16000Hz ring=1072 under=0 over=0 (dt=1000000us) loglag=116599us
13:03:12.909 {"win":42,"cls":"sneezing","p":0.78,"lat_ms":112,"under":0,"over":0,"late":0}
13:03:12.909 win   42 pos=  645120  -47dBFS [####................] rms=  149 peak=  740 seam=ok lag=333us
13:03:12.909   -> sneezing        p=0.78  preproc=69025us infer=41018us
13:03:12.909 lcd: win 42 -> SNEEZE p=0.78 (29748 us after notify)
13:03:13.166   pt[80]: min=-456 max=442 avg_abs=108 | fifo=1136 under=0 over=0 late=0 mdf_cb=2606 mdf_err=0
13:03:13.678   pt[81]: min=-384 max=400 avg_abs=100 | fifo=928 under=0 over=0 late=0 mdf_cb=2638 mdf_err=0
13:03:13.885 {"win":43,"cls":"sneezing","p":0.72,"lat_ms":112,"under":0,"over":0,"late":0}
13:03:13.885 win   43 pos=  660480  -48dBFS [####................] rms=  131 peak=  456 seam=ok lag=338us
13:03:13.885   -> sneezing        p=0.72  preproc=69024us infer=41044us
13:03:13.885 lcd: win 43 -> SNEEZE p=0.72 (22994 us after notify)
13:03:13.885 in=16128Hz out=16400Hz ring=800 under=0 over=0 (dt=999999us) loglag=116599us
13:03:14.222   pt[82]: min=-446 max=400 avg_abs=110 | fifo=720 under=0 over=0 late=0 mdf_cb=2670 mdf_err=0
13:03:14.797   pt[83]: min=-442 max=372 avg_abs=102 | fifo=1168 under=0 over=0 late=0 mdf_cb=2703 mdf_err=0
13:03:14.797 {"win":44,"cls":"unknown","p":0.42,"lat_ms":112,"under":0,"over":0,"late":0}
13:03:14.797 win   44 pos=  675840  -48dBFS [####................] rms=  134 peak=  446 seam=ok lag=336us
13:03:14.813   -> unknown         p=0.42  preproc=69046us infer=40949us
13:03:14.877 in=16128Hz out=16000Hz ring=928 under=0 over=0 (dt=1000000us) loglag=116599us
13:03:15.261   pt[84]: min=-414 max=500 avg_abs=103 | fifo=960 under=0 over=0 late=0 mdf_cb=2735 mdf_err=0
13:03:15.773   pt[85]: min=-338 max=372 avg_abs=94 | fifo=1152 under=0 over=0 late=0 mdf_cb=2767 mdf_err=0
13:03:15.773 {"win":45,"cls":"sneezing","p":0.59,"lat_ms":112,"under":0,"over":0,"late":0}
13:03:15.773 win   45 pos=  691200  -49dBFS [###.................] rms=  123 peak=  500 seam=ok lag=336us
13:03:15.773   -> sneezing        p=0.59  preproc=69017us infer=40995us
13:03:15.838 lcd: win 45 -> SNEEZE p=0.59 (31058 us after notify)
13:03:15.902 in=16128Hz out=16000Hz ring=1056 under=0 over=0 (dt=1000000us) loglag=116599us
13:03:16.288   pt[86]: min=-352 max=346 avg_abs=100 | fifo=944 under=0 over=0 late=0 mdf_cb=2799 mdf_err=0
13:03:16.737 {"win":46,"cls":"sneezing","p":0.77,"lat_ms":112,"under":0,"over":0,"late":0}
13:03:16.737 win   46 pos=  706560  -49dBFS [###.................] rms=  119 peak=  352 seam=ok lag=336us
13:03:16.737   -> sneezing        p=0.77  preproc=68966us infer=41022us
13:03:16.737 lcd: win 46 -> SNEEZE p=0.77 (22699 us after notify)
13:03:16.802   pt[87]: min=-376 max=346 avg_abs=98 | fifo=1136 under=0 over=0 late=0 mdf_cb=2831 mdf_err=0
13:03:16.930 in=16128Hz out=16400Hz ring=784 under=0 over=0 (dt=999999us) loglag=116599us
13:03:17.315   pt[88]: min=-384 max=478 avg_abs=108 | fifo=928 under=0 over=0 late=0 mdf_cb=2863 mdf_err=0
13:03:17.701 win   47 pos=  721920  -48dBFS [####................] rms=  134 peak=  486 seam=ok lag=338us
13:03:17.701   -> clock_tick      p=0.61  preproc=69028us infer=40988us
13:03:17.829   pt[89]: min=-486 max=422 avg_abs=106 | fifo=1120 under=0 over=0 late=0 mdf_cb=2895 mdf_err=0
13:03:17.958 in=16128Hz out=16000Hz ring=912 under=0 over=0 (dt=999999us) loglag=116599us
13:03:18.357   pt[90]: min=-420 max=366 avg_abs=107 | fifo=1168 under=0 over=0 late=0 mdf_cb=2928 mdf_err=0
13:03:18.678 win   48 pos=  737280  -47dBFS [####................] rms=  139 peak=  534 seam=ok lag=338us
13:03:18.678   -> unknown         p=0.34  preproc=69022us infer=41045us
13:03:18.871   pt[91]: min=-456 max=534 avg_abs=114 | fifo=960 under=0 over=0 late=0 mdf_cb=2960 mdf_err=0
13:03:18.935 in=16128Hz out=16000Hz ring=1040 under=0 over=0 (dt=1000000us) loglag=116599us
13:03:19.385   pt[92]: min=-396 max=570 avg_abs=108 | fifo=1152 under=0 over=0 late=0 mdf_cb=2992 mdf_err=0
13:03:19.593 win   49 pos=  752640  -48dBFS [####................] rms=  131 peak=  570 seam=ok lag=335us
13:03:19.593   -> clock_tick      p=0.55  preproc=69031us infer=41020us
13:03:19.597 ====================================
13:03:19.616 ====================================
13:03:19.616 TAP TOTAL win=49
13:03:19.616 ====================================
13:03:19.616 ====================================
13:03:19.616 tap total: windows=50 (expected 50 from 770048 samples) overrun=0 torn=0 skipped=0 seam ok=49 NG=0
13:03:19.620   tap lag max=338us (0 of them lower bounds) | tap write max=7595ns avg=5330ns (3008 calls)
13:03:19.625   audio under=0 over=0 late=0 | aed run=50 err=0 (last er=0)
13:03:19.687   preproc max=69050us avg=69013us | infer max=41077us avg=41030us
13:03:19.687   notify out=19 held=16 offlist=15 gated=0 lat max=112153us (0 lower bounds)
13:03:19.687   log sent=352 dropped=0 lag max=116599us
13:03:19.687   disp sent=15 dropped=0 max=95806us avg=31129us
13:03:19.687 ====================================
13:03:19.687 ====================================
13:03:19.880   pt[93]: min=-412 max=424 avg_abs=103 | fifo=944 under=0 over=0 late=0 mdf_cb=3024 mdf_err=0
13:03:19.944 in=16128Hz out=16400Hz ring=768 under=0 over=0 (dt=999999us) loglag=116599us
13:03:20.411   pt[94]: min=-442 max=408 avg_abs=108 | fifo=1136 under=0 over=0 late=0 mdf_cb=3056 mdf_err=0
13:03:20.605 win   50 pos=  768000  -48dBFS [####................] rms=  131 peak=  442 seam=ok lag=334us
13:03:20.605   -> unknown         p=0.46  preproc=69022us infer=41032us
13:03:20.927   pt[95]: min=-450 max=400 avg_abs=102 | fifo=928 under=0 over=0 late=0 mdf_cb=3088 mdf_err=0
13:03:20.927 in=16128Hz out=16000Hz ring=896 under=0 over=0 (dt=1000000us) loglag=116599us
13:03:21.437   pt[96]: min=-498 max=628 avg_abs=117 | fifo=1120 under=0 over=0 late=0 mdf_cb=3120 mdf_err=0
13:03:21.566 win   51 pos=  783360  -47dBFS [####................] rms=  141 peak=  628 seam=ok lag=377us
13:03:21.566   -> unknown         p=0.42  preproc=69010us infer=40984us
13:03:21.952   pt[97]: min=-396 max=414 avg_abs=98 | fifo=912 under=0 over=0 late=0 mdf_cb=3152 mdf_err=0
13:03:21.952 in=16128Hz out=16000Hz ring=1024 under=0 over=0 (dt=999999us) loglag=120557us
13:03:22.470   pt[98]: min=-1892 max=2962 avg_abs=188 | fifo=704 under=0 over=0 late=0 mdf_cb=3184 mdf_err=0
13:03:22.473 {"win":52,"cls":"sneezing","p":0.66,"lat_ms":112,"under":0,"over":0,"late":0}
13:03:22.480 win   52 pos=  798720  -44dBFS [#####...............] rms=  210 peak= 2962 seam=ok lag=333us
13:03:22.488   -> sneezing        p=0.66  preproc=69040us infer=40981us
13:03:22.548 lcd: win 52 -> SNEEZE p=0.66 (31281 us after notify)
13:03:22.937   pt[99]: min=-766 max=1062 avg_abs=161 | fifo=1152 under=0 over=0 late=0 mdf_cb=3217 mdf_err=0
13:03:23.001 in=16128Hz out=16000Hz ring=1152 under=0 over=0 (dt=1000000us) loglag=120557us
13:03:23.450 {"win":53,"cls":"sneezing","p":0.62,"lat_ms":112,"under":0,"over":0,"late":0}
13:03:23.450 win   53 pos=  814080  -42dBFS [######..............] rms=  276 peak= 2962 seam=ok lag=333us
13:03:23.450   -> sneezing        p=0.62  preproc=69012us infer=41031us
13:03:23.450   pt[100]: min=-546 max=484 avg_abs=138 | fifo=944 under=0 over=0 late=0 mdf_cb=3249 mdf_err=0
13:03:23.513 lcd: win 53 -> SNEEZE p=0.62 (31163 us after notify)
13:03:23.964 in=16128Hz out=16400Hz ring=880 under=0 over=0 (dt=1000000us) loglag=120557us
13:03:23.964   pt[101]: min=-440 max=398 avg_abs=111 | fifo=1136 under=0 over=0 late=0 mdf_cb=3281 mdf_err=0
13:03:24.413 {"win":54,"cls":"sneezing","p":0.72,"lat_ms":112,"under":0,"over":0,"late":0}
13:03:24.413 win   54 pos=  829440  -48dBFS [####................] rms=  137 peak=  440 seam=ok lag=334us
13:03:24.413   -> sneezing        p=0.72  preproc=69032us infer=41016us
13:03:24.413 lcd: win 54 -> SNEEZE p=0.72 (22703 us after notify)
13:03:24.477   pt[102]: min=-372 max=410 avg_abs=99 | fifo=928 under=0 over=0 late=0 mdf_cb=3313 mdf_err=0
13:03:25.009 in=16128Hz out=16000Hz ring=1008 under=0 over=0 (dt=999999us) loglag=120557us
13:03:25.009   pt[103]: min=-492 max=536 avg_abs=107 | fifo=1120 under=0 over=0 late=0 mdf_cb=3345 mdf_err=0
13:03:25.394 {"win":55,"cls":"sneezing","p":0.53,"lat_ms":112,"under":0,"over":0,"late":0}
13:03:25.394 win   55 pos=  844800  -48dBFS [####................] rms=  131 peak=  536 seam=ok lag=333us
13:03:25.394   -> sneezing        p=0.53  preproc=69018us infer=41030us
13:03:25.394 lcd: win 55 -> SNEEZE p=0.53 (22703 us after notify)
13:03:25.523   pt[104]: min=-412 max=434 avg_abs=109 | fifo=912 under=0 over=0 late=0 mdf_cb=3377 mdf_err=0
13:03:25.974 in=16128Hz out=16000Hz ring=1136 under=0 over=0 (dt=999999us) loglag=120557us
13:03:26.038   pt[105]: min=-340 max=478 avg_abs=94 | fifo=1104 under=0 over=0 late=0 mdf_cb=3409 mdf_err=0
13:03:26.358 {"win":56,"cls":"sneezing","p":0.60,"lat_ms":112,"under":0,"over":0,"late":0}
13:03:26.358 win   56 pos=  860160  -48dBFS [####................] rms=  127 peak=  478 seam=ok lag=334us
13:03:26.358   -> sneezing        p=0.60  preproc=68968us infer=41047us
13:03:26.358 lcd: win 56 -> SNEEZE p=0.60 (22703 us after notify)
13:03:26.552   pt[106]: min=-424 max=442 avg_abs=106 | fifo=1152 under=0 over=0 late=0 mdf_cb=3442 mdf_err=0
13:03:27.007 in=16128Hz out=16400Hz ring=864 under=0 over=0 (dt=999999us) loglag=120557us
13:03:27.069   pt[107]: min=-432 max=408 avg_abs=102 | fifo=944 under=0 over=0 late=0 mdf_cb=3474 mdf_err=0
13:03:27.326 {"win":57,"cls":"unknown","p":0.35,"lat_ms":112,"under":0,"over":0,"late":0}
13:03:27.326 win   57 pos=  875520  -48dBFS [####................] rms=  135 peak=  654 seam=ok lag=334us
13:03:27.326   -> unknown         p=0.35  preproc=69017us infer=41032us
13:03:27.583   pt[108]: min=-654 max=436 avg_abs=109 | fifo=1136 under=0 over=0 late=0 mdf_cb=3506 mdf_err=0
13:03:28.033 in=16128Hz out=16000Hz ring=992 under=0 over=0 (dt=999999us) loglag=120557us
13:03:28.096   pt[109]: min=-414 max=382 avg_abs=95 | fifo=928 under=0 over=0 late=0 mdf_cb=3538 mdf_err=0
13:03:28.289 {"win":58,"cls":"sneezing","p":0.53,"lat_ms":112,"under":0,"over":0,"late":0}
13:03:28.289 win   58 pos=  890880  -48dBFS [####................] rms=  125 peak=  436 seam=ok lag=334us
13:03:28.289   -> sneezing        p=0.53  preproc=69026us infer=41046us
13:03:28.289 lcd: win 58 -> SNEEZE p=0.53 (22703 us after notify)
13:03:28.610   pt[110]: min=-438 max=432 avg_abs=111 | fifo=1120 under=0 over=0 late=0 mdf_cb=3570 mdf_err=0
13:03:28.995 in=16128Hz out=16000Hz ring=1120 under=0 over=0 (dt=999999us) loglag=120557us
13:03:29.187   pt[111]: min=-424 max=390 avg_abs=106 | fifo=912 under=0 over=0 late=0 mdf_cb=3602 mdf_err=0
13:03:29.194 {"win":59,"cls":"sneezing","p":0.59,"lat_ms":112,"under":0,"over":0,"late":0}
13:03:29.202 win   59 pos=  906240  -48dBFS [####................] rms=  133 peak=  438 seam=ok lag=337us
13:03:29.210   -> sneezing        p=0.59  preproc=69047us infer=41003us
13:03:29.212 ====================================
13:03:29.218 ====================================
13:03:29.221 TAP TOTAL win=59
13:03:29.223 ====================================
13:03:29.225 ====================================
13:03:29.231 tap total: windows=60 (expected 60 from 923648 samples) overrun=0 torn=0 skipped=0 seam ok=59 NG=0
13:03:29.238   tap lag max=377us (0 of them lower bounds) | tap write max=7595ns avg=5328ns (3608 calls)
13:03:29.245   audio under=0 over=0 late=0 | aed run=60 err=0 (last er=0)
13:03:29.253   preproc max=69050us avg=69014us | infer max=41077us avg=41028us
13:03:29.257   notify out=27 held=18 offlist=15 gated=0 lat max=112153us (0 lower bounds)
13:03:29.266   log sent=429 dropped=0 lag max=120557us
13:03:29.268   disp sent=22 dropped=0 max=95806us avg=29533us
13:03:29.273 ====================================
13:03:29.275 ====================================
13:03:29.344 lcd: win 59 -> SNEEZE p=0.59 (96448 us after notify)
13:03:29.665   pt[112]: min=-408 max=394 avg_abs=106 | fifo=1104 under=0 over=0 late=0 mdf_cb=3634 mdf_err=0
13:03:30.052 in=16128Hz out=16400Hz ring=848 under=0 over=0 (dt=1000000us) loglag=120557us
13:03:30.180   pt[113]: min=-418 max=368 avg_abs=98 | fifo=896 under=0 over=0 late=0 mdf_cb=3666 mdf_err=0
13:03:30.180 {"win":60,"cls":"sneezing","p":0.60,"lat_ms":112,"under":0,"over":0,"late":0}
13:03:30.180 win   60 pos=  921600  -48dBFS [####................] rms=  129 peak=  408 seam=ok lag=335us
13:03:30.180   -> sneezing        p=0.60  preproc=69017us infer=41014us
13:03:30.180 lcd: win 60 -> SNEEZE p=0.60 (31058 us after notify)
13:03:30.646   pt[114]: min=-432 max=344 avg_abs=102 | fifo=944 under=0 over=0 late=0 mdf_cb=3699 mdf_err=0
13:03:31.162 in=16128Hz out=16000Hz ring=976 under=0 over=0 (dt=1000000us) loglag=120557us
13:03:31.162 {"win":61,"cls":"sneezing","p":0.61,"lat_ms":112,"under":0,"over":0,"late":0}
13:03:31.162 win   61 pos=  936960  -48dBFS [####................] rms=  125 peak=  432 seam=ok lag=336us
13:03:31.162   -> sneezing        p=0.61  preproc=68976us infer=41046us
13:03:31.162 lcd: win 61 -> SNEEZE p=0.61 (29614 us after notify)
13:03:31.162   pt[115]: min=-414 max=394 avg_abs=100 | fifo=1136 under=0 over=0 late=0 mdf_cb=3731 mdf_err=0
13:03:31.678   pt[116]: min=-426 max=516 avg_abs=114 | fifo=928 under=0 over=0 late=0 mdf_cb=3763 mdf_err=0
13:03:32.125 in=16128Hz out=16000Hz ring=1104 under=0 over=0 (dt=999999us) loglag=120557us
13:03:32.125 {"win":62,"cls":"sneezing","p":0.52,"lat_ms":112,"under":0,"over":0,"late":0}
13:03:32.125 win   62 pos=  952320  -47dBFS [####................] rms=  142 peak=  640 seam=ok lag=334us
13:03:32.125   -> sneezing        p=0.52  preproc=69039us infer=41032us
13:03:32.125 lcd: win 62 -> SNEEZE p=0.52 (29663 us after notify)
13:03:32.189   pt[117]: min=-384 max=640 avg_abs=111 | fifo=1120 under=0 over=0 late=0 mdf_cb=3795 mdf_err=0
13:03:32.700   pt[118]: min=-412 max=510 avg_abs=118 | fifo=912 under=0 over=0 late=0 mdf_cb=3827 mdf_err=0
13:03:33.083 in=16128Hz out=16400Hz ring=832 under=0 over=0 (dt=999999us) loglag=120557us
13:03:33.083 {"win":63,"cls":"sneezing","p":0.63,"lat_ms":112,"under":0,"over":0,"late":0}
13:03:33.083 win   63 pos=  967680  -47dBFS [####................] rms=  144 peak=  510 seam=ok lag=336us
13:03:33.083   -> sneezing        p=0.63  preproc=69032us infer=41058us
13:03:33.083 lcd: win 63 -> SNEEZE p=0.63 (29523 us after notify)
13:03:33.275   pt[119]: min=-498 max=414 avg_abs=113 | fifo=1104 under=0 over=0 late=0 mdf_cb=3859 mdf_err=0
13:03:33.726   pt[120]: min=-434 max=450 avg_abs=114 | fifo=896 under=0 over=0 late=0 mdf_cb=3891 mdf_err=0
13:03:33.999 {"win":64,"cls":"sneezing","p":0.62,"lat_ms":112,"under":0,"over":0,"late":0}
13:03:33.999 win   64 pos=  983040  -47dBFS [####................] rms=  140 peak=  470 seam=ok lag=336us
13:03:34.003   -> sneezing        p=0.62  preproc=69028us infer=41051us
13:03:34.064 lcd: win 64 -> SNEEZE p=0.62 (22705 us after notify)
13:03:34.064 in=16128Hz out=16000Hz ring=960 under=0 over=0 (dt=999999us) loglag=120557us
13:03:34.256   pt[121]: min=-458 max=410 avg_abs=105 | fifo=1088 under=0 over=0 late=0 mdf_cb=3923 mdf_err=0
13:03:34.769   pt[122]: min=-480 max=538 avg_abs=119 | fifo=1136 under=0 over=0 late=0 mdf_cb=3956 mdf_err=0
13:03:34.962 {"win":65,"cls":"sneezing","p":0.58,"lat_ms":112,"under":0,"over":0,"late":0}
13:03:34.962 win   65 pos=  998400  -47dBFS [####................] rms=  142 peak=  538 seam=ok lag=336us
13:03:34.962   -> sneezing        p=0.58  preproc=69012us infer=41017us
13:03:35.026 lcd: win 65 -> SNEEZE p=0.58 (22703 us after notify)
13:03:35.089 in=16128Hz out=16000Hz ring=1088 under=0 over=0 (dt=1000000us) loglag=120557us
13:03:35.282   pt[123]: min=-482 max=410 avg_abs=112 | fifo=928 under=0 over=0 late=0 mdf_cb=3988 mdf_err=0
13:03:35.798   pt[124]: min=-448 max=378 avg_abs=105 | fifo=1120 under=0 over=0 late=0 mdf_cb=4020 mdf_err=0
13:03:35.927 {"win":66,"cls":"sneezing","p":0.54,"lat_ms":112,"under":0,"over":0,"late":0}
13:03:35.927 win   66 pos= 1013760  -48dBFS [####................] rms=  133 peak=  448 seam=ok lag=333us
13:03:35.927   -> sneezing        p=0.54  preproc=68964us infer=41042us
13:03:35.991 lcd: win 66 -> SNEEZE p=0.54 (22700 us after notify)
13:03:36.055 in=16128Hz out=16400Hz ring=816 under=0 over=0 (dt=999999us) loglag=120557us
13:03:36.312   pt[125]: min=-394 max=394 avg_abs=106 | fifo=912 under=0 over=0 late=0 mdf_cb=4052 mdf_err=0
13:03:36.890   pt[126]: min=-444 max=522 avg_abs=112 | fifo=1104 under=0 over=0 late=0 mdf_cb=4084 mdf_err=0
13:03:36.890 {"win":67,"cls":"unknown","p":0.33,"lat_ms":112,"under":0,"over":0,"late":0}
13:03:36.890 win   67 pos= 1029120  -48dBFS [####................] rms=  135 peak=  444 seam=ok lag=337us
13:03:36.890   -> unknown         p=0.33  preproc=69039us infer=41040us
13:03:37.082 in=16128Hz out=16000Hz ring=944 under=0 over=0 (dt=1000000us) loglag=120557us
13:03:37.339   pt[127]: min=-422 max=450 avg_abs=107 | fifo=896 under=0 over=0 late=0 mdf_cb=4116 mdf_err=0
13:03:37.851 {"win":68,"cls":"sneezing","p":0.59,"lat_ms":112,"under":0,"over":0,"late":0}
13:03:37.851 win   68 pos= 1044480  -48dBFS [####................] rms=  131 peak=  522 seam=ok lag=333us
13:03:37.851   -> sneezing        p=0.59  preproc=69016us infer=41052us
13:03:37.851   pt[128]: min=-526 max=382 avg_abs=97 | fifo=944 under=0 over=0 late=0 mdf_cb=4149 mdf_err=0
13:03:37.930 lcd: win 68 -> SNEEZE p=0.59 (31074 us after notify)
13:03:38.124 in=16128Hz out=16000Hz ring=1072 under=0 over=0 (dt=999999us) loglag=120557us
13:03:38.381   pt[129]: min=-342 max=406 avg_abs=99 | fifo=880 under=0 over=0 late=0 mdf_cb=4180 mdf_err=0
13:03:38.831 {"win":69,"cls":"unknown","p":0.47,"lat_ms":112,"under":0,"over":0,"late":0}
13:03:38.831 win   69 pos= 1059840  -49dBFS [###.................] rms=  123 peak=  526 seam=ok lag=332us
13:03:38.831   -> unknown         p=0.47  preproc=69010us infer=41044us
13:03:38.831 ====================================
13:03:38.831 ====================================
13:03:38.831 TAP TOTAL win=69
13:03:38.831 ====================================
13:03:38.831 ====================================
13:03:38.831 tap total: windows=70 (expected 70 from 1077248 samples) overrun=0 torn=0 skipped=0 seam ok=69 NG=0
13:03:38.831   tap lag max=377us (0 of them lower bounds) | tap write max=7595ns avg=5328ns (4208 calls)
13:03:38.850   audio under=0 over=0 late=0 | aed run=70 err=0 (last er=0)
13:03:38.850   preproc max=69050us avg=69014us | infer max=41077us avg=41030us
13:03:38.850   notify out=37 held=18 offlist=15 gated=0 lat max=112153us (0 lower bounds)
13:03:38.850   log sent=509 dropped=0 lag max=120557us
13:03:38.862   disp sent=30 dropped=0 max=96448us avg=31189us
13:03:38.867 ====================================
13:03:38.867 ====================================
13:03:38.871   pt[130]: min=-414 max=458 avg_abs=95 | fifo=928 under=0 over=0 late=0 mdf_cb=4213 mdf_err=0
13:03:39.072 in=16128Hz out=16400Hz ring=800 under=0 over=0 (dt=999999us) loglag=120557us
13:03:39.393   pt[131]: min=-346 max=486 avg_abs=91 | fifo=1120 under=0 over=0 late=0 mdf_cb=4245 mdf_err=0
13:03:39.779 win   70 pos= 1075200  -49dBFS [###.................] rms=  120 peak=  486 seam=ok lag=335us
13:03:39.779   -> unknown         p=0.49  preproc=69029us infer=40970us
13:03:39.907   pt[132]: min=-410 max=426 avg_abs=93 | fifo=912 under=0 over=0 late=0 mdf_cb=4277 mdf_err=0
13:03:40.099 in=16128Hz out=16000Hz ring=928 under=0 over=0 (dt=999999us) loglag=120557us
13:03:40.417   pt[133]: min=-414 max=394 avg_abs=102 | fifo=1104 under=0 over=0 late=0 mdf_cb=4309 mdf_err=0
13:03:40.736 {"win":71,"cls":"sneezing","p":0.70,"lat_ms":112,"under":0,"over":0,"late":0}
13:03:40.736 win   71 pos= 1090560  -49dBFS [###.................] rms=  122 peak=  426 seam=ok lag=334us
13:03:40.736   -> sneezing        p=0.70  preproc=68963us infer=41028us
13:03:40.736 lcd: win 71 -> SNEEZE p=0.70 (22701 us after notify)
13:03:40.928   pt[134]: min=-434 max=392 avg_abs=98 | fifo=896 under=0 over=0 late=0 mdf_cb=4341 mdf_err=0
13:03:41.139 in=16128Hz out=16000Hz ring=1056 under=0 over=0 (dt=1000000us) loglag=120557us
13:03:41.453   pt[135]: min=-394 max=322 avg_abs=87 | fifo=1088 under=0 over=0 late=0 mdf_cb=4373 mdf_err=0
13:03:41.706 win   72 pos= 1105920  -48dBFS [####................] rms=  125 peak=  530 seam=ok lag=333us
13:03:41.706   -> clock_tick      p=0.54  preproc=69023us infer=41045us
13:03:41.960   pt[136]: min=-434 max=530 avg_abs=114 | fifo=880 under=0 over=0 late=0 mdf_cb=4405 mdf_err=0
13:03:42.141 in=16128Hz out=16000Hz ring=1184 under=0 over=0 (dt=1000000us) loglag=120557us
13:03:42.518   pt[137]: min=-408 max=392 avg_abs=97 | fifo=1072 under=0 over=0 late=0 mdf_cb=4437 mdf_err=0
13:03:42.646 {"win":73,"cls":"sneezing","p":0.53,"lat_ms":112,"under":0,"over":0,"late":0}
13:03:42.646 win   73 pos= 1121280  -48dBFS [####................] rms=  125 peak=  474 seam=ok lag=340us
13:03:42.646   -> sneezing        p=0.53  preproc=69017us infer=41067us
13:03:42.707 lcd: win 73 -> SNEEZE p=0.53 (22997 us after notify)
13:03:43.017   pt[138]: min=-468 max=624 avg_abs=103 | fifo=1120 under=0 over=0 late=0 mdf_cb=4470 mdf_err=0
13:03:43.136 in=16128Hz out=16400Hz ring=912 under=0 over=0 (dt=1000000us) loglag=120557us
13:03:43.643   pt[139]: min=-2500 max=1888 avg_abs=187 | fifo=1312 under=0 over=0 late=0 mdf_cb=4502 mdf_err=0
13:03:43.643 {"win":74,"cls":"unknown","p":0.48,"lat_ms":112,"under":0,"over":0,"late":0}
13:03:43.643 win   74 pos= 1136640  -42dBFS [######..............] rms=  255 peak= 2500 seam=ok lag=336us
13:03:43.643   -> unknown         p=0.48  preproc=69049us infer=41017us
13:03:44.016   pt[140]: min=-1166 max=1208 avg_abs=180 | fifo=1104 under=0 over=0 late=0 mdf_cb=4534 mdf_err=0
13:03:44.138 in=16128Hz out=16000Hz ring=1040 under=0 over=0 (dt=999999us) loglag=120557us
13:03:44.577   pt[141]: min=-2152 max=2088 avg_abs=253 | fifo=896 under=0 over=0 late=0 mdf_cb=4566 mdf_err=0
13:03:44.577 {"win":75,"cls":"sneezing","p":0.70,"lat_ms":112,"under":0,"over":0,"late":0}
13:03:44.577 win   75 pos= 1152000  -41dBFS [######..............] rms=  278 peak= 1452 seam=ok lag=338us
13:03:44.577   -> sneezing        p=0.70  preproc=69013us infer=41062us
13:03:44.646 lcd: win 75 -> SNEEZE p=0.70 (31317 us after notify)
13:03:45.036   pt[142]: min=-1878 max=2868 avg_abs=276 | fifo=1088 under=0 over=0 late=0 mdf_cb=4598 mdf_err=0
13:03:45.168 in=16128Hz out=16000Hz ring=1168 under=0 over=0 (dt=1000000us) loglag=120557us
13:03:45.559 {"win":76,"cls":"sneezing","p":0.57,"lat_ms":112,"under":0,"over":0,"late":0}
13:03:45.559 win   76 pos= 1167360  -38dBFS [#######.............] rms=  389 peak= 2868 seam=ok lag=335us
13:03:45.559   -> sneezing        p=0.57  preproc=68965us infer=41046us
13:03:45.559 lcd: win 76 -> SNEEZE p=0.57 (22699 us after notify)
13:03:45.559   pt[143]: min=-532 max=536 avg_abs=131 | fifo=880 under=0 over=0 late=0 mdf_cb=4630 mdf_err=0
13:03:46.123   pt[144]: min=-428 max=462 avg_abs=108 | fifo=1072 under=0 over=0 late=0 mdf_cb=4662 mdf_err=0
13:03:46.123 in=16128Hz out=16400Hz ring=896 under=0 over=0 (dt=1000000us) loglag=120557us
13:03:46.511 {"win":77,"cls":"unknown","p":0.45,"lat_ms":112,"under":0,"over":0,"late":0}
13:03:46.511 win   77 pos= 1182720  -48dBFS [####................] rms=  130 peak=  470 seam=ok lag=335us
13:03:46.511   -> unknown         p=0.45  preproc=69020us infer=41044us
13:03:46.637   pt[145]: min=-428 max=456 avg_abs=100 | fifo=864 under=0 over=0 late=0 mdf_cb=4694 mdf_err=0
13:03:47.148   pt[146]: min=-382 max=418 avg_abs=100 | fifo=1056 under=0 over=0 late=0 mdf_cb=4726 mdf_err=0
13:03:47.148 in=16128Hz out=16000Hz ring=1024 under=0 over=0 (dt=999999us) loglag=120557us
13:03:47.469 {"win":78,"cls":"sneezing","p":0.60,"lat_ms":112,"under":0,"over":0,"late":0}
13:03:47.469 win   78 pos= 1198080  -48dBFS [####................] rms=  128 peak=  428 seam=ok lag=336us
13:03:47.469   -> sneezing        p=0.60  preproc=69022us infer=41031us
13:03:47.469 lcd: win 78 -> SNEEZE p=0.60 (22703 us after notify)
13:03:47.657   pt[147]: min=-396 max=406 avg_abs=103 | fifo=1104 under=0 over=0 late=0 mdf_cb=4759 mdf_err=0
13:03:48.153   pt[148]: min=-414 max=436 avg_abs=111 | fifo=1296 under=0 over=0 late=0 mdf_cb=4791 mdf_err=0
13:03:48.153 in=16128Hz out=16000Hz ring=1152 under=0 over=0 (dt=1000000us) loglag=120557us
13:03:48.411 {"win":79,"cls":"unknown","p":0.41,"lat_ms":112,"under":0,"over":0,"late":0}
13:03:48.411 win   79 pos= 1213440  -48dBFS [####................] rms=  132 peak=  436 seam=ok lag=334us
13:03:48.411   -> unknown         p=0.41  preproc=69025us infer=41048us
13:03:48.411 ====================================
13:03:48.413 ====================================
13:03:48.417 TAP TOTAL win=79
13:03:48.417 ====================================
13:03:48.421 ====================================
13:03:48.425 tap total: windows=80 (expected 80 from 1230848 samples) overrun=0 torn=0 skipped=0 seam ok=79 NG=0
13:03:48.481   tap lag max=377us (0 of them lower bounds) | tap write max=7595ns avg=5328ns (4808 calls)
13:03:48.481   audio under=0 over=0 late=0 | aed run=80 err=0 (last er=0)
13:03:48.481   preproc max=69050us avg=69013us | infer max=41077us avg=41031us
13:03:48.481   notify out=45 held=19 offlist=16 gated=0 lat max=112153us (0 lower bounds)
13:03:48.481   log sent=585 dropped=0 lag max=120557us
13:03:48.481   disp sent=35 dropped=0 max=96448us avg=30231us
13:03:48.481 ====================================
13:03:48.481 ====================================
13:03:48.676   pt[149]: min=-388 max=378 avg_abs=92 | fifo=1088 under=0 over=0 late=0 mdf_cb=4823 mdf_err=0
13:03:49.187 in=16128Hz out=16400Hz ring=880 under=0 over=0 (dt=999999us) loglag=120557us
13:03:49.187   pt[150]: min=-398 max=446 avg_abs=102 | fifo=880 under=0 over=0 late=0 mdf_cb=4855 mdf_err=0
13:03:49.372 win   80 pos= 1228800  -48dBFS [####................] rms=  127 peak=  446 seam=ok lag=335us
13:03:49.372   -> unknown         p=0.41  preproc=69024us infer=41011us
13:03:49.683   pt[151]: min=-438 max=482 avg_abs=114 | fifo=1072 under=0 over=0 late=0 mdf_cb=4887 mdf_err=0
13:03:50.191 in=16128Hz out=16000Hz ring=1008 under=0 over=0 (dt=1000000us) loglag=120557us
13:03:50.191   pt[152]: min=-328 max=346 avg_abs=94 | fifo=864 under=0 over=0 late=0 mdf_cb=4919 mdf_err=0
13:03:50.316 {"win":81,"cls":"sneezing","p":0.64,"lat_ms":112,"under":0,"over":0,"late":0}
13:03:50.316 win   81 pos= 1244160  -48dBFS [####................] rms=  129 peak=  482 seam=ok lag=335us
13:03:50.325   -> sneezing        p=0.64  preproc=68963us infer=41031us
13:03:50.386 lcd: win 81 -> SNEEZE p=0.64 (22699 us after notify)
13:03:50.706   pt[153]: min=-438 max=406 avg_abs=105 | fifo=1056 under=0 over=0 late=0 mdf_cb=4951 mdf_err=0
13:03:51.327 in=16128Hz out=16000Hz ring=1136 under=0 over=0 (dt=1000000us) loglag=120557us
13:03:51.327   pt[154]: min=-632 max=436 avg_abs=117 | fifo=848 under=0 over=0 late=0 mdf_cb=4983 mdf_err=0
13:03:51.327 {"win":82,"cls":"unknown","p":0.44,"lat_ms":112,"under":0,"over":0,"late":0}
13:03:51.327 win   82 pos= 1259520  -47dBFS [####................] rms=  141 peak=  632 seam=ok lag=333us
13:03:51.327   -> unknown         p=0.44  preproc=69051us infer=40972us
13:03:51.766   pt[155]: min=-772 max=728 avg_abs=134 | fifo=1296 under=0 over=0 late=0 mdf_cb=5016 mdf_err=0
13:03:52.282 in=16128Hz out=16400Hz ring=864 under=0 over=0 (dt=999999us) loglag=120557us
13:03:52.282 win   83 pos= 1274880  -46dBFS [####................] rms=  161 peak=  772 seam=ok lag=335us
13:03:52.282   -> crackling_fire  p=0.52  preproc=69022us infer=41044us
13:03:52.282   pt[156]: min=-1198 max=766 avg_abs=177 | fifo=1088 under=0 over=0 late=0 mdf_cb=5048 mdf_err=0
13:03:52.781   pt[157]: min=-1650 max=2126 avg_abs=194 | fifo=880 under=0 over=0 late=0 mdf_cb=5080 mdf_err=0
13:03:53.217 in=16128Hz out=16000Hz ring=992 under=0 over=0 (dt=999999us) loglag=120557us
13:03:53.217 win   84 pos= 1290240  -42dBFS [######..............] rms=  272 peak= 2126 seam=ok lag=337us
13:03:53.217   -> clock_tick      p=0.85  preproc=69021us infer=41012us
13:03:53.280   pt[158]: min=-766 max=820 avg_abs=152 | fifo=1072 under=0 over=0 late=0 mdf_cb=5112 mdf_err=0
13:03:53.779   pt[159]: min=-832 max=806 avg_abs=171 | fifo=864 under=0 over=0 late=0 mdf_cb=5144 mdf_err=0
13:03:54.154 {"win":85,"cls":"sneezing","p":0.53,"lat_ms":112,"under":0,"over":0,"late":0}
13:03:54.154 win   85 pos= 1305600  -36dBFS [########............] rms=  509 peak= 3668 seam=ok lag=333us
13:03:54.164   -> sneezing        p=0.53  preproc=69019us infer=41000us
13:03:54.216 lcd: win 85 -> SNEEZE p=0.53 (22703 us after notify)
13:03:54.216 in=16128Hz out=16000Hz ring=1120 under=0 over=0 (dt=999999us) loglag=120557us
13:03:54.345   pt[160]: min=-3372 max=3668 avg_abs=461 | fifo=1056 under=0 over=0 late=0 mdf_cb=5176 mdf_err=0
13:03:54.845   pt[161]: min=-2390 max=3340 avg_abs=252 | fifo=848 under=0 over=0 late=0 mdf_cb=5208 mdf_err=0
13:03:55.160 win   86 pos= 1320960  -38dBFS [#######.............] rms=  419 peak= 3340 seam=ok lag=333us
13:03:55.160   -> clock_tick      p=0.79  preproc=68966us infer=41040us
13:03:55.220 in=16128Hz out=16400Hz ring=848 under=0 over=0 (dt=999999us) loglag=120557us
13:03:55.346   pt[162]: min=-1302 max=2530 avg_abs=198 | fifo=1040 under=0 over=0 late=0 mdf_cb=5240 mdf_err=0
13:03:55.845   pt[163]: min=-526 max=586 avg_abs=120 | fifo=1088 under=0 over=0 late=0 mdf_cb=5273 mdf_err=0
13:03:56.094 win   87 pos= 1336320  -45dBFS [#####...............] rms=  176 peak= 2530 seam=ok lag=336us
13:03:56.094   -> unknown         p=0.36  preproc=69033us infer=41057us
13:03:56.219 in=16128Hz out=16000Hz ring=976 under=0 over=0 (dt=999999us) loglag=120557us
13:03:56.402   pt[164]: min=-826 max=676 avg_abs=108 | fifo=1280 under=0 over=0 late=0 mdf_cb=5305 mdf_err=0
13:03:56.911   pt[165]: min=-410 max=376 avg_abs=95 | fifo=1072 under=0 over=0 late=0 mdf_cb=5337 mdf_err=0
13:03:57.033 {"win":88,"cls":"sneezing","p":0.52,"lat_ms":112,"under":0,"over":0,"late":0}
13:03:57.037 win   88 pos= 1351680  -48dBFS [####................] rms=  127 peak=  826 seam=ok lag=330us
13:03:57.047   -> sneezing        p=0.52  preproc=69012us infer=41025us
13:03:57.107 lcd: win 88 -> SNEEZE p=0.52 (22703 us after notify)
13:03:57.232 in=16128Hz out=16000Hz ring=1104 under=0 over=0 (dt=1000000us) loglag=120557us
13:03:57.424   pt[166]: min=-424 max=414 avg_abs=101 | fifo=864 under=0 over=0 late=0 mdf_cb=5369 mdf_err=0
13:03:58.056   pt[167]: min=-386 max=408 avg_abs=92 | fifo=1056 under=0 over=0 late=0 mdf_cb=5401 mdf_err=0
13:03:58.056 {"win":89,"cls":"sneezing","p":0.55,"lat_ms":112,"under":0,"over":0,"late":0}
13:03:58.056 win   89 pos= 1367040  -49dBFS [###.................] rms=  122 peak=  424 seam=ok lag=337us
13:03:58.056   -> sneezing        p=0.55  preproc=69044us infer=41042us
13:03:58.056 ====================================
13:03:58.056 ====================================
13:03:58.056 TAP TOTAL win=89
13:03:58.056 ====================================
13:03:58.056 ====================================
13:03:58.056 tap total: windows=90 (expected 90 from 1384448 samples) overrun=0 torn=0 skipped=0 seam ok=89 NG=0
13:03:58.056   tap lag max=377us (0 of them lower bounds) | tap write max=7595ns avg=5328ns (5408 calls)
13:03:58.056   audio under=0 over=0 late=0 | aed run=90 err=0 (last er=0)
13:03:58.056   preproc max=69051us avg=69014us | infer max=41077us avg=41030us
13:03:58.056   notify out=50 held=21 offlist=19 gated=0 lat max=112153us (0 lower bounds)
13:03:58.130   log sent=655 dropped=0 lag max=120557us
13:03:58.130   disp sent=39 dropped=0 max=96448us avg=29637us
13:03:58.130 ====================================
13:03:58.130 ====================================
13:03:58.130 lcd: win 89 -> SNEEZE p=0.55 (96534 us after notify)
13:03:58.247 in=16128Hz out=16000Hz ring=1232 under=0 over=0 (dt=1000000us) loglag=120557us
13:03:58.441   pt[168]: min=-492 max=444 avg_abs=106 | fifo=848 under=0 over=0 late=0 mdf_cb=5433 mdf_err=0
13:03:59.001   pt[169]: min=-320 max=394 avg_abs=100 | fifo=1040 under=0 over=0 late=0 mdf_cb=5465 mdf_err=0
13:03:59.001 {"win":90,"cls":"unknown","p":0.25,"lat_ms":112,"under":0,"over":0,"late":0}
13:03:59.001 win   90 pos= 1382400  -48dBFS [####................] rms=  129 peak=  492 seam=ok lag=334us
13:03:59.001   -> unknown         p=0.25  preproc=69027us infer=41005us
13:03:59.249 in=16128Hz out=16400Hz ring=960 under=0 over=0 (dt=999999us) loglag=120557us
13:03:59.438   pt[170]: min=-386 max=476 avg_abs=95 | fifo=832 under=0 over=0 late=0 mdf_cb=5497 mdf_err=0
13:03:59.949 win   91 pos= 1397760  -48dBFS [####................] rms=  125 peak=  476 seam=ok lag=336us
13:03:59.949   -> unknown         p=0.48  preproc=68961us infer=41046us
13:03:59.949   pt[171]: min=-494 max=576 avg_abs=109 | fifo=1280 under=0 over=0 late=0 mdf_cb=5530 mdf_err=0
13:04:00.262 in=16128Hz out=16000Hz ring=1088 under=0 over=0 (dt=999999us) loglag=120557us
13:04:00.467   pt[172]: min=-1840 max=1770 avg_abs=158 | fifo=1072 under=0 over=0 late=0 mdf_cb=5562 mdf_err=0
13:04:00.902 win   92 pos= 1413120  -40dBFS [######..............] rms=  315 peak= 3324 seam=ok lag=338us
13:04:00.902   -> unknown         p=0.32  preproc=69012us infer=41056us
13:04:01.033   pt[173]: min=-2688 max=3324 avg_abs=392 | fifo=1264 under=0 over=0 late=0 mdf_cb=5594 mdf_err=0
13:04:01.293 in=16128Hz out=16000Hz ring=1216 under=0 over=0 (dt=1000000us) loglag=120557us
13:04:01.489   pt[174]: min=-1394 max=1190 avg_abs=474 | fifo=1056 under=0 over=0 late=0 mdf_cb=5626 mdf_err=0
13:04:01.860 win   93 pos= 1428480  -34dBFS [########............] rms=  647 peak= 3324 seam=ok lag=333us
13:04:01.860   -> unknown         p=0.39  preproc=69022us infer=41071us
13:04:02.051   pt[175]: min=-1866 max=2564 avg_abs=283 | fifo=848 under=0 over=0 late=0 mdf_cb=5658 mdf_err=0
13:04:02.297 in=16128Hz out=16400Hz ring=944 under=0 over=0 (dt=999999us) loglag=120557us
13:04:02.544   pt[176]: min=-726 max=426 avg_abs=133 | fifo=1040 under=0 over=0 late=0 mdf_cb=5690 mdf_err=0
13:04:02.797 win   94 pos= 1443840  -43dBFS [#####...............] rms=  232 peak= 1738 seam=ok lag=337us
13:04:02.799   -> unknown         p=0.32  preproc=69033us infer=41037us
13:04:03.051   pt[177]: min=-4576 max=3982 avg_abs=782 | fifo=832 under=0 over=0 late=0 mdf_cb=5722 mdf_err=0
13:04:03.298 in=16128Hz out=16000Hz ring=1072 under=0 over=0 (dt=999999us) loglag=120557us
13:04:03.544   pt[178]: min=-4896 max=6544 avg_abs=448 | fifo=1024 under=0 over=0 late=0 mdf_cb=5754 mdf_err=0
13:04:03.797 win   95 pos= 1459200  -30dBFS [##########..........] rms= 1067 peak= 6544 seam=ok lag=334us
13:04:03.797   -> unknown         p=0.49  preproc=69022us infer=41048us
13:04:04.104   pt[179]: min=-4676 max=4304 avg_abs=454 | fifo=1072 under=0 over=0 late=0 mdf_cb=5787 mdf_err=0
13:04:04.293 in=16128Hz out=16000Hz ring=1200 under=0 over=0 (dt=1000000us) loglag=120557us
13:04:04.606   pt[180]: min=-3984 max=3296 avg_abs=349 | fifo=1264 under=0 over=0 late=0 mdf_cb=5819 mdf_err=0
13:04:04.732 win   96 pos= 1474560  -35dBFS [########............] rms=  562 peak= 4304 seam=ok lag=336us
13:04:04.732   -> unknown         p=0.35  preproc=68973us infer=41042us
13:04:05.107   pt[181]: min=-4322 max=7674 avg_abs=512 | fifo=1056 under=0 over=0 late=0 mdf_cb=5851 mdf_err=0
13:04:05.302 in=16128Hz out=16400Hz ring=928 under=0 over=0 (dt=999999us) loglag=120557us
13:04:05.676   pt[182]: min=-1820 max=2026 avg_abs=274 | fifo=1248 under=0 over=0 late=0 mdf_cb=5883 mdf_err=0
13:04:05.680 win   97 pos= 1489920  -33dBFS [#########...........] rms=  724 peak= 7674 seam=ok lag=334us
13:04:05.686   -> unknown         p=0.44  preproc=69051us infer=41040us
13:04:06.125   pt[183]: min=-1076 max=1052 avg_abs=240 | fifo=1040 under=0 over=0 late=0 mdf_cb=5915 mdf_err=0
13:04:06.313 in=16128Hz out=16000Hz ring=1056 under=0 over=0 (dt=1000000us) loglag=120557us
13:04:06.692   pt[184]: min=-3858 max=6014 avg_abs=583 | fifo=832 under=0 over=0 late=0 mdf_cb=5947 mdf_err=0
13:04:06.692 win   98 pos= 1505280  -34dBFS [########............] rms=  655 peak= 6014 seam=ok lag=333us
13:04:06.692   -> unknown         p=0.37  preproc=69008us infer=41065us
13:04:07.189   pt[185]: min=-1078 max=840 avg_abs=171 | fifo=1024 under=0 over=0 late=0 mdf_cb=5979 mdf_err=0
13:04:07.307 in=16128Hz out=16000Hz ring=1184 under=0 over=0 (dt=1000000us) loglag=120557us
13:04:07.629 win   99 pos= 1520640  -39dBFS [#######.............] rms=  347 peak= 2430 seam=ok lag=332us
13:04:07.629   -> crackling_fire  p=0.52  preproc=69013us infer=41040us
13:04:07.629 ====================================
13:04:07.629 ====================================
13:04:07.629 TAP TOTAL win=99
13:04:07.629 ====================================
13:04:07.629 ====================================
13:04:07.629 tap total: windows=100 (expected 100 from 1538048 samples) overrun=0 torn=0 skipped=0 seam ok=99 NG=0
13:04:07.631   tap lag max=377us (0 of them lower bounds) | tap write max=7595ns avg=5328ns (6008 calls)
13:04:07.639   audio under=0 over=0 late=0 | aed run=100 err=0 (last er=0)
13:04:07.701   preproc max=69051us avg=69013us | infer max=41077us avg=41031us
13:04:07.701   notify out=51 held=29 offlist=20 gated=0 lat max=112153us (0 lower bounds)
13:04:07.701   log sent=719 dropped=0 lag max=120557us
13:04:07.701   disp sent=39 dropped=0 max=96534us avg=31352us
13:04:07.701 ====================================
13:04:07.701 ====================================
13:04:07.701   pt[186]: min=-910 max=1562 avg_abs=130 | fifo=1072 under=0 over=0 late=0 mdf_cb=6012 mdf_err=0
13:04:08.205   pt[187]: min=-794 max=632 avg_abs=144 | fifo=1008 under=0 over=0 late=0 mdf_cb=6043 mdf_err=0
13:04:08.328 in=16128Hz out=16000Hz ring=1312 under=0 over=0 (dt=999999us) loglag=120557us
13:04:08.581 win  100 pos= 1536000  -46dBFS [####................] rms=  164 peak=  794 seam=ok lag=335us
13:04:08.581   -> unknown         p=0.45  preproc=69011us infer=41045us
13:04:08.710   pt[188]: min=-450 max=450 avg_abs=111 | fifo=1056 under=0 over=0 late=0 mdf_cb=6076 mdf_err=0
13:04:09.220   pt[189]: min=-600 max=858 avg_abs=101 | fifo=1248 under=0 over=0 late=0 mdf_cb=6108 mdf_err=0
13:04:09.344 in=16128Hz out=16400Hz ring=1040 under=0 over=0 (dt=1000000us) loglag=120557us
13:04:09.536 win  101 pos= 1551360  -48dBFS [####................] rms=  131 peak=  858 seam=ok lag=334us
13:04:09.536   -> unknown         p=0.33  preproc=68965us infer=41043us
13:04:09.716   pt[190]: min=-436 max=426 avg_abs=109 | fifo=1040 under=0 over=0 late=0 mdf_cb=6140 mdf_err=0
13:04:10.238   pt[191]: min=-488 max=452 avg_abs=126 | fifo=1232 under=0 over=0 late=0 mdf_cb=6172 mdf_err=0
13:04:10.362 in=15872Hz out=16000Hz ring=912 under=0 over=0 (dt=999999us) loglag=120557us
13:04:10.484 win  102 pos= 1566720  -47dBFS [####................] rms=  147 peak=  488 seam=ok lag=335us
13:04:10.484   -> clock_tick      p=0.76  preproc=69024us infer=41045us
13:04:10.740   pt[192]: min=-362 max=432 avg_abs=97 | fifo=1024 under=0 over=0 late=0 mdf_cb=6204 mdf_err=0
13:04:11.312   pt[193]: min=-302 max=328 avg_abs=86 | fifo=1216 under=0 over=0 late=0 mdf_cb=6236 mdf_err=0
13:04:11.374 in=16128Hz out=16000Hz ring=1040 under=0 over=0 (dt=1000000us) loglag=120557us
13:04:11.438 win  103 pos= 1582080  -49dBFS [###.................] rms=  116 peak=  500 seam=ok lag=338us
13:04:11.440   -> unknown         p=0.45  preproc=69021us infer=41063us
13:04:11.768   pt[194]: min=-500 max=380 avg_abs=108 | fifo=1008 under=0 over=0 late=0 mdf_cb=6268 mdf_err=0
13:04:12.325   pt[195]: min=-420 max=458 avg_abs=107 | fifo=800 under=0 over=0 late=0 mdf_cb=6300 mdf_err=0
13:04:12.453 in=16128Hz out=16400Hz ring=768 under=0 over=0 (dt=999999us) loglag=120557us
13:04:12.453 win  104 pos= 1597440  -48dBFS [####................] rms=  132 peak=  458 seam=ok lag=335us
13:04:12.453   -> crackling_fire  p=0.84  preproc=69005us infer=40986us
13:04:12.825   pt[196]: min=-422 max=350 avg_abs=83 | fifo=992 under=0 over=0 late=0 mdf_cb=6332 mdf_err=0
13:04:13.392   pt[197]: min=-458 max=404 avg_abs=96 | fifo=784 under=0 over=0 late=0 mdf_cb=6364 mdf_err=0
13:04:13.392 in=16128Hz out=16000Hz ring=896 under=0 over=0 (dt=1000000us) loglag=120557us
13:04:13.392 win  105 pos= 1612800  -49dBFS [###.................] rms=  116 peak=  458 seam=ok lag=336us
13:04:13.392   -> unknown         p=0.49  preproc=69031us infer=41033us
13:04:13.835   pt[198]: min=-886 max=600 avg_abs=126 | fifo=976 under=0 over=0 late=0 mdf_cb=6396 mdf_err=0
13:04:14.329 {"win":106,"cls":"sneezing","p":0.66,"lat_ms":112,"under":0,"over":0,"late":0}
13:04:14.329 win  106 pos= 1628160  -47dBFS [####................] rms=  154 peak=  886 seam=ok lag=337us
13:04:14.330   -> sneezing        p=0.66  preproc=68968us infer=41041us
13:04:14.334   pt[199]: min=-524 max=466 avg_abs=113 | fifo=1024 under=0 over=0 late=0 mdf_cb=6429 mdf_err=0
13:04:14.338 in=16084Hz out=15956Hz ring=1024 under=0 over=0 (dt=1002728us) loglag=120557us
13:04:14.413 lcd: win 106 -> SNEEZE p=0.66 (38383 us after notify)
13:04:14.910   pt[200]: min=-482 max=400 avg_abs=97 | fifo=1216 under=0 over=0 late=0 mdf_cb=6461 mdf_err=0
13:04:15.281 {"win":107,"cls":"unknown","p":0.48,"lat_ms":112,"under":0,"over":0,"late":0}
13:04:15.281 win  107 pos= 1643520  -48dBFS [####................] rms=  124 peak=  482 seam=ok lag=336us
13:04:15.288   -> unknown         p=0.48  preproc=69024us infer=40995us
13:04:15.358 in=16172Hz out=16043Hz ring=1152 under=0 over=0 (dt=997270us) loglag=120557us
13:04:15.358   pt[201]: min=-444 max=402 avg_abs=100 | fifo=1008 under=0 over=0 late=0 mdf_cb=6493 mdf_err=0
13:04:15.920   pt[202]: min=-494 max=412 avg_abs=111 | fifo=1200 under=0 over=0 late=0 mdf_cb=6525 mdf_err=0
13:04:16.239 {"win":108,"cls":"sneezing","p":0.67,"lat_ms":112,"under":0,"over":0,"late":0}
13:04:16.239 win  108 pos= 1658880  -47dBFS [####................] rms=  139 peak=  568 seam=ok lag=336us
13:04:16.249   -> sneezing        p=0.67  preproc=69024us infer=41026us
13:04:16.316 lcd: win 108 -> SNEEZE p=0.67 (22789 us after notify)
13:04:16.370 in=16128Hz out=16400Hz ring=880 under=0 over=0 (dt=1000000us) loglag=120557us
13:04:16.440   pt[203]: min=-568 max=490 avg_abs=103 | fifo=992 under=0 over=0 late=0 mdf_cb=6557 mdf_err=0
13:04:16.945   pt[204]: min=-580 max=528 avg_abs=91 | fifo=784 under=0 over=0 late=0 mdf_cb=6589 mdf_err=0
13:04:17.248 win  109 pos= 1674240  -49dBFS [###.................] rms=  120 peak=  580 seam=ok lag=337us
13:04:17.248   -> clock_tick      p=0.73  preproc=69022us infer=41016us
13:04:17.248 ====================================
13:04:17.248 ====================================
13:04:17.248 TAP TOTAL win=109
13:04:17.248 ====================================
13:04:17.248 ====================================
13:04:17.248 tap total: windows=110 (expected 110 from 1691648 samples) overrun=0 torn=0 skipped=0 seam ok=109 NG=0
13:04:17.248   tap lag max=377us (0 of them lower bounds) | tap write max=7595ns avg=5326ns (6608 calls)
13:04:17.248   audio under=0 over=0 late=0 | aed run=110 err=0 (last er=0)
13:04:17.248   preproc max=69051us avg=69013us | infer max=41077us avg=41031us
13:04:17.248   notify out=54 held=33 offlist=23 gated=0 lat max=112153us (0 lower bounds)
13:04:17.259   log sent=786 dropped=0 lag max=120557us
13:04:17.261   disp sent=41 dropped=0 max=96534us avg=31315us
13:04:17.263 ====================================
13:04:17.263 ====================================
13:04:17.396 in=16128Hz out=16000Hz ring=1008 under=0 over=0 (dt=999999us) loglag=120557us
13:04:17.459   pt[205]: min=-5450 max=5036 avg_abs=205 | fifo=976 under=0 over=0 late=0 mdf_cb=6621 mdf_err=0
13:04:17.965   pt[206]: min=-698 max=906 avg_abs=118 | fifo=768 under=0 over=0 late=0 mdf_cb=6653 mdf_err=0
13:04:18.223 win  110 pos= 1689600  -40dBFS [######..............] rms=  321 peak= 5450 seam=ok lag=335us
13:04:18.223   -> clock_tick      p=0.99  preproc=69023us infer=41043us
13:04:18.407 in=16128Hz out=16000Hz ring=1136 under=0 over=0 (dt=999999us) loglag=120557us
13:04:18.468   pt[207]: min=-2154 max=2732 avg_abs=166 | fifo=1216 under=0 over=0 late=0 mdf_cb=6686 mdf_err=0
13:04:18.980   pt[208]: min=-390 max=500 avg_abs=104 | fifo=1008 under=0 over=0 late=0 mdf_cb=6718 mdf_err=0
13:04:19.174 {"win":111,"cls":"crying_baby","p":0.81,"lat_ms":112,"under":0,"over":0,"late":0}
13:04:19.174 win  111 pos= 1704960  -44dBFS [#####...............] rms=  213 peak= 2732 seam=ok lag=336us
13:04:19.174   -> crying_baby     p=0.81  preproc=68968us infer=41037us
13:04:19.174 lcd: win 111 -> BABY p=0.81 (22627 us after notify)
13:04:19.418 in=16128Hz out=16400Hz ring=864 under=0 over=0 (dt=1000000us) loglag=120557us
13:04:19.481   pt[209]: min=-1284 max=1156 avg_abs=130 | fifo=1200 under=0 over=0 late=0 mdf_cb=6750 mdf_err=0
13:04:20.106   pt[210]: min=-1484 max=1726 avg_abs=102 | fifo=992 under=0 over=0 late=0 mdf_cb=6782 mdf_err=0
13:04:20.106 {"win":112,"cls":"unknown","p":0.39,"lat_ms":112,"under":0,"over":0,"late":0}
13:04:20.106 win  112 pos= 1720320  -47dBFS [####................] rms=  143 peak= 1284 seam=ok lag=333us
13:04:20.106   -> unknown         p=0.39  preproc=69040us infer=41016us
13:04:20.418 in=16128Hz out=16000Hz ring=992 under=0 over=0 (dt=999999us) loglag=120557us
13:04:20.547   pt[211]: min=-882 max=970 avg_abs=132 | fifo=1184 under=0 over=0 late=0 mdf_cb=6814 mdf_err=0
13:04:21.045   pt[212]: min=-912 max=1560 avg_abs=121 | fifo=976 under=0 over=0 late=0 mdf_cb=6846 mdf_err=0
13:04:21.045 win  113 pos= 1735680  -46dBFS [####................] rms=  172 peak= 1726 seam=ok lag=335us
13:04:21.052   -> unknown         p=0.41  preproc=69014us infer=41044us
13:04:21.421 in=16128Hz out=16000Hz ring=1120 under=0 over=0 (dt=999999us) loglag=120557us
13:04:21.542   pt[213]: min=-3830 max=3016 avg_abs=192 | fifo=768 under=0 over=0 late=0 mdf_cb=6878 mdf_err=0
13:04:22.047 win  114 pos= 1751040  -41dBFS [######..............] rms=  283 peak= 3830 seam=ok lag=334us
13:04:22.047   -> unknown         p=0.28  preproc=69024us infer=41042us
13:04:22.047   pt[214]: min=-1126 max=1166 avg_abs=124 | fifo=960 under=0 over=0 late=0 mdf_cb=6910 mdf_err=0
13:04:22.419 in=16128Hz out=16400Hz ring=848 under=0 over=0 (dt=999999us) loglag=120557us
13:04:22.617   pt[215]: min=-564 max=762 avg_abs=119 | fifo=1008 under=0 over=0 late=0 mdf_cb=6943 mdf_err=0
13:04:22.985 win  115 pos= 1766400  -47dBFS [####................] rms=  141 peak=  762 seam=ok lag=332us
13:04:22.985   -> unknown         p=0.35  preproc=69031us infer=41045us
13:04:23.108   pt[216]: min=-394 max=386 avg_abs=99 | fifo=1200 under=0 over=0 late=0 mdf_cb=6975 mdf_err=0
13:04:23.427 in=16128Hz out=16000Hz ring=976 under=0 over=0 (dt=999999us) loglag=120557us
13:04:23.609   pt[217]: min=-440 max=392 avg_abs=97 | fifo=992 under=0 over=0 late=0 mdf_cb=7007 mdf_err=0
13:04:23.920 win  116 pos= 1781760  -45dBFS [#####...............] rms=  192 peak= 4112 seam=ok lag=336us
13:04:23.924   -> unknown         p=0.31  preproc=68960us infer=41048us
13:04:24.109   pt[218]: min=-7708 max=6596 avg_abs=577 | fifo=1184 under=0 over=0 late=0 mdf_cb=7039 mdf_err=0
13:04:24.425 in=16128Hz out=16000Hz ring=1104 under=0 over=0 (dt=1000000us) loglag=120557us
13:04:24.615   pt[219]: min=-1948 max=1834 avg_abs=256 | fifo=976 under=0 over=0 late=0 mdf_cb=7071 mdf_err=0
13:04:24.919 win  117 pos= 1797120  -32dBFS [#########...........] rms=  852 peak= 7708 seam=ok lag=333us
13:04:24.919   -> clock_tick      p=0.89  preproc=69020us infer=41043us
13:04:25.174   pt[220]: min=-1022 max=1206 avg_abs=211 | fifo=1168 under=0 over=0 late=0 mdf_cb=7103 mdf_err=0
13:04:25.481 in=16128Hz out=16400Hz ring=832 under=0 over=0 (dt=1000000us) loglag=120557us
13:04:25.667   pt[221]: min=-486 max=460 avg_abs=105 | fifo=960 under=0 over=0 late=0 mdf_cb=7135 mdf_err=0
13:04:25.862 win  118 pos= 1812480  -44dBFS [#####...............] rms=  199 peak= 1206 seam=ok lag=336us
13:04:25.862   -> clock_tick      p=0.90  preproc=69023us infer=41097us
13:04:26.184   pt[222]: min=-430 max=526 avg_abs=110 | fifo=752 under=0 over=0 late=0 mdf_cb=7167 mdf_err=0
13:04:26.439 in=16128Hz out=16000Hz ring=960 under=0 over=0 (dt=999999us) loglag=120557us
13:04:26.694   pt[223]: min=-2112 max=2352 avg_abs=241 | fifo=944 under=0 over=0 late=0 mdf_cb=7199 mdf_err=0
13:04:26.821 {"win":119,"cls":"sneezing","p":0.65,"lat_ms":112,"under":0,"over":0,"late":0}
13:04:26.821 win  119 pos= 1827840  -41dBFS [######..............] rms=  284 peak= 2352 seam=ok lag=340us
13:04:26.821   -> sneezing        p=0.65  preproc=69013us infer=41039us
13:04:26.821 ====================================
13:04:26.821 ====================================
13:04:26.821 TAP TOTAL win=119
13:04:26.821 ====================================
13:04:26.828 ====================================
13:04:26.828 tap total: windows=120 (expected 120 from 1845248 samples) overrun=0 torn=0 skipped=0 seam ok=119 NG=0
13:04:26.837   tap lag max=377us (0 of them lower bounds) | tap write max=7595ns avg=5326ns (7208 calls)
13:04:26.846   audio under=0 over=0 late=0 | aed run=120 err=0 (last er=0)
13:04:26.853   preproc max=69051us avg=69013us | infer max=41097us avg=41032us
13:04:26.853   notify out=57 held=37 offlist=26 gated=0 lat max=112153us (0 lower bounds)
13:04:26.861   log sent=853 dropped=0 lag max=120557us
13:04:26.871   disp sent=43 dropped=0 max=96534us avg=31108us
13:04:26.876 ====================================
13:04:26.876 ====================================
13:04:26.948 lcd: win 119 -> SNEEZE p=0.65 (88618 us after notify)
13:04:27.203   pt[224]: min=-582 max=580 avg_abs=96 | fifo=992 under=0 over=0 late=0 mdf_cb=7232 mdf_err=0
13:04:27.455 in=16128Hz out=16000Hz ring=1088 under=0 over=0 (dt=1000000us) loglag=120557us
13:04:27.772   pt[225]: min=-418 max=524 avg_abs=102 | fifo=1184 under=0 over=0 late=0 mdf_cb=7264 mdf_err=0
13:04:27.772 win  120 pos= 1843200  -48dBFS [####................] rms=  124 peak=  542 seam=ok lag=336us
13:04:27.772   -> clock_tick      p=0.95  preproc=69049us infer=41038us
13:04:28.229   pt[226]: min=-528 max=452 avg_abs=134 | fifo=976 under=0 over=0 late=0 mdf_cb=7296 mdf_err=0
13:04:28.483 in=16128Hz out=16000Hz ring=1216 under=0 over=0 (dt=999999us) loglag=120557us
13:04:28.736 win  121 pos= 1858560  -47dBFS [####................] rms=  147 peak=  528 seam=ok lag=337us
13:04:28.736   -> clock_tick      p=0.71  preproc=68964us infer=41055us
13:04:28.736   pt[227]: min=-398 max=464 avg_abs=94 | fifo=1168 under=0 over=0 late=0 mdf_cb=7328 mdf_err=0
13:04:29.243   pt[228]: min=-514 max=468 avg_abs=115 | fifo=960 under=0 over=0 late=0 mdf_cb=7360 mdf_err=0
13:04:29.499 in=16128Hz out=16400Hz ring=944 under=0 over=0 (dt=999999us) loglag=120557us
13:04:29.689 win  122 pos= 1873920  -47dBFS [####................] rms=  149 peak=  730 seam=ok lag=334us
13:04:29.689   -> unknown         p=0.43  preproc=69018us infer=41040us
13:04:29.752   pt[229]: min=-3378 max=3360 avg_abs=172 | fifo=1152 under=0 over=0 late=0 mdf_cb=7392 mdf_err=0
13:04:30.321   pt[230]: min=-1170 max=1228 avg_abs=147 | fifo=944 under=0 over=0 late=0 mdf_cb=7424 mdf_err=0
13:04:30.513 in=16128Hz out=16000Hz ring=1072 under=0 over=0 (dt=999999us) loglag=120557us
13:04:30.640 win  123 pos= 1889280  -42dBFS [######..............] rms=  248 peak= 3378 seam=ok lag=336us
13:04:30.644   -> clock_tick      p=0.56  preproc=69020us infer=41052us
13:04:30.830   pt[231]: min=-486 max=498 avg_abs=103 | fifo=1136 under=0 over=0 late=0 mdf_cb=7456 mdf_err=0
13:04:31.339   pt[232]: min=-430 max=612 avg_abs=101 | fifo=928 under=0 over=0 late=0 mdf_cb=7488 mdf_err=0
13:04:31.530 in=16128Hz out=16000Hz ring=1200 under=0 over=0 (dt=999999us) loglag=120557us
13:04:31.658 win  124 pos= 1904640  -48dBFS [####................] rms=  126 peak=  612 seam=ok lag=336us
13:04:31.658   -> unknown         p=0.29  preproc=69022us infer=41038us
13:04:31.850   pt[233]: min=-470 max=444 avg_abs=96 | fifo=976 under=0 over=0 late=0 mdf_cb=7521 mdf_err=0
13:04:32.361   pt[234]: min=-496 max=574 avg_abs=118 | fifo=1168 under=0 over=0 late=0 mdf_cb=7553 mdf_err=0
13:04:32.615 in=16128Hz out=16400Hz ring=928 under=0 over=0 (dt=1000000us) loglag=120557us
13:04:32.615 win  125 pos= 1920000  -40dBFS [######..............] rms=  314 peak= 3172 seam=ok lag=335us
13:04:32.615   -> unknown         p=0.48  preproc=69020us infer=41049us
13:04:32.868   pt[235]: min=-2696 max=3172 avg_abs=442 | fifo=960 under=0 over=0 late=0 mdf_cb=7585 mdf_err=0
13:04:33.375   pt[236]: min=-740 max=536 avg_abs=137 | fifo=1152 under=0 over=0 late=0 mdf_cb=7617 mdf_err=0
13:04:33.566 in=16128Hz out=16000Hz ring=1056 under=0 over=0 (dt=1000000us) loglag=120557us
13:04:33.566 win  126 pos= 1935360  -38dBFS [#######.............] rms=  415 peak= 2638 seam=ok lag=334us
13:04:33.566   -> clock_tick      p=0.76  preproc=68966us infer=41049us
13:04:33.885   pt[237]: min=-928 max=1066 avg_abs=185 | fifo=944 under=0 over=0 late=0 mdf_cb=7649 mdf_err=0
13:04:34.523   pt[238]: min=-1210 max=1184 avg_abs=173 | fifo=1136 under=0 over=0 late=0 mdf_cb=7681 mdf_err=0
13:04:34.523 {"win":127,"cls":"sneezing","p":0.60,"lat_ms":112,"under":0,"over":0,"late":0}
13:04:34.523 win  127 pos= 1950720  -43dBFS [#####...............] rms=  242 peak= 1210 seam=ok lag=336us
13:04:34.523   -> sneezing        p=0.60  preproc=69046us infer=41042us
13:04:34.523 in=16010Hz out=15883Hz ring=1184 under=0 over=0 (dt=1007336us) loglag=120557us
13:04:34.523 lcd: win 127 -> SNEEZE p=0.60 (38542 us after notify)
13:04:34.905   pt[239]: min=-482 max=582 avg_abs=121 | fifo=928 under=0 over=0 late=0 mdf_cb=7713 mdf_err=0
13:04:35.475   pt[240]: min=-776 max=756 avg_abs=181 | fifo=1120 under=0 over=0 late=0 mdf_cb=7745 mdf_err=0
13:04:35.475 {"win":128,"cls":"sneezing","p":0.71,"lat_ms":112,"under":0,"over":0,"late":0}
13:04:35.475 win  128 pos= 1966080  -45dBFS [#####...............] rms=  192 peak=  776 seam=ok lag=333us
13:04:35.475   -> sneezing        p=0.71  preproc=69019us infer=41111us
13:04:35.475 lcd: win 128 -> SNEEZE p=0.71 (31317 us after notify)
13:04:35.538 in=16247Hz out=16118Hz ring=1312 under=0 over=0 (dt=992663us) loglag=120557us
13:04:35.920   pt[241]: min=-1014 max=848 avg_abs=187 | fifo=912 under=0 over=0 late=0 mdf_cb=7777 mdf_err=0
13:04:36.430 {"win":129,"cls":"unknown","p":0.45,"lat_ms":112,"under":0,"over":0,"late":0}
13:04:36.430 win  129 pos= 1981440  -43dBFS [#####...............] rms=  222 peak= 1014 seam=ok lag=333us
13:04:36.430   -> unknown         p=0.45  preproc=69022us infer=41040us
13:04:36.430 ====================================
13:04:36.430 ====================================
13:04:36.430 TAP TOTAL win=129
13:04:36.430 ====================================
13:04:36.430 ====================================
13:04:36.433 tap total: windows=130 (expected 130 from 1998848 samples) overrun=0 torn=0 skipped=0 seam ok=129 NG=0
13:04:36.441   tap lag max=377us (0 of them lower bounds) | tap write max=7595ns avg=5326ns (7808 calls)
13:04:36.445   audio under=0 over=0 late=0 | aed run=130 err=0 (last er=0)
13:04:36.445   preproc max=69051us avg=69013us | infer max=41111us avg=41034us
13:04:36.461   notify out=60 held=40 offlist=30 gated=0 lat max=112180us (0 lower bounds)
13:04:36.467   log sent=920 dropped=0 lag max=120557us
13:04:36.541   disp sent=45 dropped=0 max=96534us avg=32556us
13:04:36.541 ====================================
13:04:36.541 ====================================
13:04:36.541   pt[242]: min=-674 max=660 avg_abs=154 | fifo=960 under=0 over=0 late=0 mdf_cb=7810 mdf_err=0
13:04:36.541 in=16128Hz out=16400Hz ring=1040 under=0 over=0 (dt=999999us) loglag=120557us
13:04:36.985   pt[243]: min=-782 max=866 avg_abs=201 | fifo=1152 under=0 over=0 late=0 mdf_cb=7842 mdf_err=0
13:04:37.368 {"win":130,"cls":"sneezing","p":0.70,"lat_ms":112,"under":0,"over":0,"late":0}
13:04:37.368 win  130 pos= 1996800  -41dBFS [######..............] rms=  277 peak= 1712 seam=ok lag=335us
13:04:37.373   -> sneezing        p=0.70  preproc=69025us infer=41015us
13:04:37.432 lcd: win 130 -> SNEEZE p=0.70 (22791 us after notify)
13:04:37.496   pt[244]: min=-1484 max=1752 avg_abs=288 | fifo=944 under=0 over=0 late=0 mdf_cb=7874 mdf_err=0
13:04:37.559 in=16128Hz out=16000Hz ring=1168 under=0 over=0 (dt=1000000us) loglag=120557us
13:04:38.006   pt[245]: min=-780 max=1274 avg_abs=157 | fifo=1136 under=0 over=0 late=0 mdf_cb=7906 mdf_err=0
13:04:38.324 {"win":131,"cls":"unknown","p":0.45,"lat_ms":112,"under":0,"over":0,"late":0}
13:04:38.324 win  131 pos= 2012160  -41dBFS [######..............] rms=  295 peak= 1752 seam=ok lag=332us
13:04:38.388   -> unknown         p=0.45  preproc=68964us infer=41042us
13:04:38.515   pt[246]: min=-6774 max=6278 avg_abs=557 | fifo=928 under=0 over=0 late=0 mdf_cb=7938 mdf_err=0
13:04:38.578 in=16128Hz out=16000Hz ring=1296 under=0 over=0 (dt=999999us) loglag=120557us
13:04:39.026   pt[247]: min=-1072 max=822 avg_abs=194 | fifo=1120 under=0 over=0 late=0 mdf_cb=7970 mdf_err=0
13:04:39.281 win  132 pos= 2027520  -32dBFS [#########...........] rms=  792 peak= 6774 seam=ok lag=334us
13:04:39.297   -> unknown         p=0.33  preproc=69023us infer=41043us
13:04:39.553   pt[248]: min=-1290 max=1436 avg_abs=179 | fifo=912 under=0 over=0 late=0 mdf_cb=8002 mdf_err=0
13:04:39.553 in=15872Hz out=16400Hz ring=768 under=0 over=0 (dt=999999us) loglag=120557us
13:04:40.064   pt[249]: min=-590 max=478 avg_abs=113 | fifo=1104 under=0 over=0 late=0 mdf_cb=8034 mdf_err=0
13:04:40.256 win  133 pos= 2042880  -44dBFS [#####...............] rms=  198 peak= 1436 seam=ok lag=336us
13:04:40.256   -> unknown         p=0.25  preproc=69018us infer=41072us
13:04:40.573 in=16128Hz out=16000Hz ring=896 under=0 over=0 (dt=1000000us) loglag=120557us
13:04:40.573   pt[250]: min=-596 max=436 avg_abs=105 | fifo=896 under=0 over=0 late=0 mdf_cb=8066 mdf_err=0
13:04:41.086   pt[251]: min=-496 max=650 avg_abs=104 | fifo=944 under=0 over=0 late=0 mdf_cb=8099 mdf_err=0
13:04:41.213 {"win":134,"cls":"sneezing","p":0.62,"lat_ms":112,"under":0,"over":0,"late":0}
13:04:41.213 win  134 pos= 2058240  -48dBFS [####................] rms=  131 peak=  650 seam=ok lag=336us
13:04:41.213   -> sneezing        p=0.62  preproc=69025us infer=41014us
13:04:41.277 lcd: win 134 -> SNEEZE p=0.62 (23081 us after notify)
13:04:41.596 in=16128Hz out=16000Hz ring=1024 under=0 over=0 (dt=1000000us) loglag=120557us
13:04:41.596   pt[252]: min=-464 max=556 avg_abs=108 | fifo=1136 under=0 over=0 late=0 mdf_cb=8131 mdf_err=0
13:04:42.171   pt[253]: min=-464 max=400 avg_abs=101 | fifo=928 under=0 over=0 late=0 mdf_cb=8163 mdf_err=0
13:04:42.171 {"win":135,"cls":"unknown","p":0.36,"lat_ms":112,"under":0,"over":0,"late":0}
13:04:42.171 win  135 pos= 2073600  -48dBFS [####................] rms=  131 peak=  556 seam=ok lag=336us
13:04:42.234   -> unknown         p=0.36  preproc=69051us infer=41035us
13:04:42.616 in=16128Hz out=16400Hz ring=752 under=0 over=0 (dt=999999us) loglag=120557us
13:04:42.616   pt[254]: min=-468 max=470 avg_abs=113 | fifo=1120 under=0 over=0 late=0 mdf_cb=8195 mdf_err=0
13:04:43.124   pt[255]: min=-414 max=462 avg_abs=103 | fifo=912 under=0 over=0 late=0 mdf_cb=8227 mdf_err=0
13:04:43.127 win  136 pos= 2088960  -48dBFS [####................] rms=  135 peak=  470 seam=ok lag=335us
13:04:43.134   -> unknown         p=0.35  preproc=68963us infer=41044us
13:04:43.581 in=16128Hz out=16000Hz ring=880 under=0 over=0 (dt=999999us) loglag=120557us
13:04:43.644   pt[256]: min=-450 max=546 avg_abs=103 | fifo=1104 under=0 over=0 late=0 mdf_cb=8259 mdf_err=0
13:04:44.091 win  137 pos= 2104320  -48dBFS [####................] rms=  127 peak=  546 seam=ok lag=337us
13:04:44.091   -> unknown         p=0.41  preproc=69012us infer=41040us
13:04:44.154   pt[257]: min=-470 max=482 avg_abs=103 | fifo=896 under=0 over=0 late=0 mdf_cb=8291 mdf_err=0
13:04:44.600 in=16128Hz out=16000Hz ring=1008 under=0 over=0 (dt=1000000us) loglag=120557us
13:04:44.664   pt[258]: min=-586 max=424 avg_abs=127 | fifo=1088 under=0 over=0 late=0 mdf_cb=8323 mdf_err=0
13:04:45.045 win  138 pos= 2119680  -47dBFS [####................] rms=  147 peak=  586 seam=ok lag=334us
13:04:45.045   -> clock_tick      p=0.54  preproc=69019us infer=41038us
13:04:45.172   pt[259]: min=-490 max=586 avg_abs=115 | fifo=880 under=0 over=0 late=0 mdf_cb=8355 mdf_err=0
13:04:45.616 in=16128Hz out=16000Hz ring=1136 under=0 over=0 (dt=1000000us) loglag=120557us
13:04:45.720   pt[260]: min=-506 max=502 avg_abs=107 | fifo=1328 under=0 over=0 late=0 mdf_cb=8388 mdf_err=0
13:04:46.043 win  139 pos= 2135040  -47dBFS [####................] rms=  147 peak=  586 seam=ok lag=338us
13:04:46.043   -> unknown         p=0.39  preproc=69029us infer=41028us
13:04:46.043 ====================================
13:04:46.043 ====================================
13:04:46.043 TAP TOTAL win=139
13:04:46.043 ====================================
13:04:46.043 ====================================
13:04:46.043 tap total: windows=140 (expected 140 from 2152448 samples) overrun=0 torn=0 skipped=0 seam ok=139 NG=0
13:04:46.043   tap lag max=377us (0 of them lower bounds) | tap write max=7595ns avg=5326ns (8408 calls)
13:04:46.043   audio under=0 over=0 late=0 | aed run=140 err=0 (last er=0)
13:04:46.051   preproc max=69051us avg=69013us | infer max=41111us avg=41034us
13:04:46.054   notify out=64 held=45 offlist=31 gated=0 lat max=112180us (0 lower bounds)
13:04:46.058   log sent=989 dropped=0 lag max=120557us
13:04:46.058   disp sent=47 dropped=0 max=96534us avg=32146us
13:04:46.058 ====================================
13:04:46.074 ====================================
13:04:46.200   pt[261]: min=-488 max=636 avg_abs=134 | fifo=1120 under=0 over=0 late=0 mdf_cb=8420 mdf_err=0
13:04:46.638 in=16128Hz out=16400Hz ring=864 under=0 over=0 (dt=999999us) loglag=120557us
13:04:46.764   pt[262]: min=-550 max=478 avg_abs=120 | fifo=912 under=0 over=0 late=0 mdf_cb=8452 mdf_err=0
13:04:47.018 win  140 pos= 2150400  -46dBFS [####................] rms=  159 peak=  636 seam=ok lag=336us
13:04:47.018   -> unknown         p=0.30  preproc=69021us infer=41044us
13:04:47.271   pt[263]: min=-816 max=886 avg_abs=147 | fifo=1104 under=0 over=0 late=0 mdf_cb=8484 mdf_err=0
13:04:47.652 in=16128Hz out=16000Hz ring=992 under=0 over=0 (dt=1000000us) loglag=120557us
13:04:47.779   pt[264]: min=-2896 max=4410 avg_abs=287 | fifo=896 under=0 over=0 late=0 mdf_cb=8516 mdf_err=0
13:04:47.971 win  141 pos= 2165760  -37dBFS [#######.............] rms=  459 peak= 4410 seam=ok lag=335us
13:04:47.971   -> unknown         p=0.38  preproc=68968us infer=41045us
13:04:48.288   pt[265]: min=-1638 max=1068 avg_abs=184 | fifo=1088 under=0 over=0 late=0 mdf_cb=8548 mdf_err=0
13:04:48.606 in=16128Hz out=16000Hz ring=1120 under=0 over=0 (dt=1000000us) loglag=120557us
13:04:48.798   pt[266]: min=-504 max=680 avg_abs=109 | fifo=880 under=0 over=0 late=0 mdf_cb=8580 mdf_err=0
13:04:48.923 win  142 pos= 2181120  -45dBFS [#####...............] rms=  188 peak= 1638 seam=ok lag=335us
13:04:48.923   -> unknown         p=0.30  preproc=69016us infer=41056us
13:04:49.302   pt[267]: min=-618 max=482 avg_abs=119 | fifo=1072 under=0 over=0 late=0 mdf_cb=8612 mdf_err=0
13:04:49.613 in=16128Hz out=16400Hz ring=848 under=0 over=0 (dt=999999us) loglag=120590us
13:04:49.858   pt[268]: min=-746 max=736 avg_abs=137 | fifo=1120 under=0 over=0 late=0 mdf_cb=8645 mdf_err=0
13:04:49.858 {"win":143,"cls":"sneezing","p":0.60,"lat_ms":112,"under":0,"over":0,"late":0}
13:04:49.858 win  143 pos= 2196480  -46dBFS [####................] rms=  166 peak=  746 seam=ok lag=336us
13:04:49.863   -> sneezing        p=0.60  preproc=69050us infer=41050us
13:04:49.928 lcd: win 143 -> SNEEZE p=0.60 (31316 us after notify)
13:04:50.355   pt[269]: min=-1584 max=1602 avg_abs=157 | fifo=1312 under=0 over=0 late=0 mdf_cb=8677 mdf_err=0
13:04:50.673 in=16128Hz out=16000Hz ring=976 under=0 over=0 (dt=1000000us) loglag=120590us
13:04:50.857 {"win":144,"cls":"sneezing","p":0.51,"lat_ms":112,"under":0,"over":0,"late":0}
13:04:50.857 win  144 pos= 2211840  -44dBFS [#####...............] rms=  209 peak= 1602 seam=ok lag=334us
13:04:50.857   -> sneezing        p=0.51  preproc=69009us infer=41038us
13:04:50.857   pt[270]: min=-548 max=470 avg_abs=121 | fifo=1104 under=0 over=0 late=0 mdf_cb=8709 mdf_err=0
13:04:50.857 lcd: win 144 -> SNEEZE p=0.51 (31389 us after notify)
13:04:51.358   pt[271]: min=-568 max=424 avg_abs=106 | fifo=896 under=0 over=0 late=0 mdf_cb=8741 mdf_err=0
13:04:51.672 in=16128Hz out=16000Hz ring=1104 under=0 over=0 (dt=1000000us) loglag=120590us
13:04:51.794 {"win":145,"cls":"sneezing","p":0.68,"lat_ms":112,"under":0,"over":0,"late":0}
13:04:51.794 win  145 pos= 2227200  -47dBFS [####................] rms=  144 peak=  568 seam=ok lag=334us
13:04:51.794   -> sneezing        p=0.68  preproc=69019us infer=41026us
13:04:51.794 lcd: win 145 -> SNEEZE p=0.68 (22790 us after notify)
13:04:51.855   pt[272]: min=-564 max=406 avg_abs=112 | fifo=1088 under=0 over=0 late=0 mdf_cb=8773 mdf_err=0
13:04:52.418   pt[273]: min=-398 max=454 avg_abs=98 | fifo=880 under=0 over=0 late=0 mdf_cb=8805 mdf_err=0
13:04:52.731 in=16128Hz out=16400Hz ring=832 under=0 over=0 (dt=1000000us) loglag=120590us
13:04:52.731 {"win":146,"cls":"sneezing","p":0.61,"lat_ms":112,"under":0,"over":0,"late":0}
13:04:52.733 win  146 pos= 2242560  -48dBFS [####................] rms=  123 peak=  520 seam=ok lag=332us
13:04:52.741   -> sneezing        p=0.61  preproc=68973us infer=41042us
13:04:52.813 lcd: win 146 -> SNEEZE p=0.61 (29702 us after notify)
13:04:52.873   pt[274]: min=-442 max=394 avg_abs=92 | fifo=1072 under=0 over=0 late=0 mdf_cb=8837 mdf_err=0
13:04:53.442   pt[275]: min=-466 max=412 avg_abs=115 | fifo=864 under=0 over=0 late=0 mdf_cb=8869 mdf_err=0
13:04:53.689 in=16128Hz out=16000Hz ring=960 under=0 over=0 (dt=1000000us) loglag=120590us
13:04:53.689 {"win":147,"cls":"unknown","p":0.50,"lat_ms":112,"under":0,"over":0,"late":0}
13:04:53.693 win  147 pos= 2257920  -48dBFS [####................] rms=  133 peak=  466 seam=ok lag=332us
13:04:53.702   -> unknown         p=0.50  preproc=69018us infer=41034us
13:04:53.954   pt[276]: min=-444 max=380 avg_abs=107 | fifo=1056 under=0 over=0 late=0 mdf_cb=8901 mdf_err=0
13:04:54.451   pt[277]: min=-350 max=324 avg_abs=88 | fifo=1104 under=0 over=0 late=0 mdf_cb=8934 mdf_err=0
13:04:54.642 win  148 pos= 2273280  -49dBFS [###.................] rms=  119 peak=  386 seam=ok lag=335us
13:04:54.648   -> clock_tick      p=0.56  preproc=69024us infer=41049us
13:04:54.650 in=16123Hz out=15995Hz ring=1088 under=0 over=0 (dt=1000291us) loglag=120590us
13:04:54.972   pt[278]: min=-374 max=398 avg_abs=93 | fifo=1296 under=0 over=0 late=0 mdf_cb=8966 mdf_err=0
13:04:55.471   pt[279]: min=-388 max=374 avg_abs=89 | fifo=1088 under=0 over=0 late=0 mdf_cb=8998 mdf_err=0
13:04:55.661 win  149 pos= 2288640  -49dBFS [###.................] rms=  116 peak=  442 seam=ok lag=334us
13:04:55.661   -> unknown         p=0.42  preproc=69018us infer=41037us
13:04:55.661 ====================================
13:04:55.661 ====================================
13:04:55.661 TAP TOTAL win=149
13:04:55.661 ====================================
13:04:55.661 ====================================
13:04:55.661 tap total: windows=150 (expected 150 from 2306048 samples) overrun=0 torn=0 skipped=0 seam ok=149 NG=0
13:04:55.661   tap lag max=377us (0 of them lower bounds) | tap write max=7595ns avg=5326ns (9008 calls)
13:04:55.661   audio under=0 over=0 late=0 | aed run=150 err=0 (last er=0)
13:04:55.661   preproc max=69051us avg=69013us | infer max=41111us avg=41034us
13:04:55.661   notify out=69 held=49 offlist=32 gated=0 lat max=112180us (0 lower bounds)
13:04:55.666   log sent=1060 dropped=0 lag max=120590us
13:04:55.669   disp sent=51 dropped=0 max=96534us avg=31884us
13:04:55.673 ====================================
13:04:55.676 ====================================
13:04:55.680 in=16095Hz out=15967Hz ring=1216 under=0 over=0 (dt=1002028us) loglag=120590us
13:04:55.996   pt[280]: min=-494 max=386 avg_abs=111 | fifo=880 under=0 over=0 late=0 mdf_cb=9030 mdf_err=0
13:04:56.573   pt[281]: min=-424 max=416 avg_abs=109 | fifo=1072 under=0 over=0 late=0 mdf_cb=9062 mdf_err=0
13:04:56.573 win  150 pos= 2304000  -48dBFS [####................] rms=  137 peak=  494 seam=ok lag=336us
13:04:56.573   -> clock_tick      p=0.54  preproc=69054us infer=41021us
13:04:56.701 in=16165Hz out=16438Hz ring=944 under=0 over=0 (dt=997679us) loglag=120590us
13:04:57.022   pt[282]: min=-536 max=436 avg_abs=107 | fifo=864 under=0 over=0 late=0 mdf_cb=9094 mdf_err=0
13:04:57.534   pt[283]: min=-478 max=360 avg_abs=102 | fifo=1056 under=0 over=0 late=0 mdf_cb=9126 mdf_err=0
13:04:57.534 {"win":151,"cls":"sneezing","p":0.75,"lat_ms":112,"under":0,"over":0,"late":0}
13:04:57.534 win  151 pos= 2319360  -48dBFS [####................] rms=  134 peak=  536 seam=ok lag=338us
13:04:57.544   -> sneezing        p=0.75  preproc=68963us infer=41046us
13:04:57.613 lcd: win 151 -> SNEEZE p=0.75 (31319 us after notify)
13:04:57.678 in=16128Hz out=16000Hz ring=1072 under=0 over=0 (dt=1000000us) loglag=120590us
13:04:58.065   pt[284]: min=-400 max=380 avg_abs=103 | fifo=848 under=0 over=0 late=0 mdf_cb=9158 mdf_err=0
13:04:58.514 {"win":152,"cls":"sneezing","p":0.63,"lat_ms":112,"under":0,"over":0,"late":0}
13:04:58.514 win  152 pos= 2334720  -48dBFS [####................] rms=  131 peak=  556 seam=ok lag=334us
13:04:58.514   -> sneezing        p=0.63  preproc=69025us infer=40985us
13:04:58.514 lcd: win 152 -> SNEEZE p=0.63 (22790 us after notify)
13:04:58.578   pt[285]: min=-556 max=402 avg_abs=111 | fifo=1296 under=0 over=0 late=0 mdf_cb=9191 mdf_err=0
13:04:58.706 in=16128Hz out=16000Hz ring=1200 under=0 over=0 (dt=1000000us) loglag=120590us
13:04:59.095   pt[286]: min=-438 max=526 avg_abs=110 | fifo=1088 under=0 over=0 late=0 mdf_cb=9223 mdf_err=0
13:04:59.478 {"win":153,"cls":"sneezing","p":0.66,"lat_ms":112,"under":0,"over":0,"late":0}
13:04:59.478 win  153 pos= 2350080  -48dBFS [####................] rms=  136 peak=  526 seam=ok lag=337us
13:04:59.478   -> sneezing        p=0.66  preproc=69013us infer=41021us
13:04:59.478 lcd: win 153 -> SNEEZE p=0.66 (22788 us after notify)
13:04:59.606   pt[287]: min=-454 max=416 avg_abs=105 | fifo=1280 under=0 over=0 late=0 mdf_cb=9255 mdf_err=0
13:04:59.735 in=16128Hz out=16400Hz ring=928 under=0 over=0 (dt=999999us) loglag=120590us
13:05:00.121   pt[288]: min=-422 max=438 avg_abs=108 | fifo=1072 under=0 over=0 late=0 mdf_cb=9287 mdf_err=0
13:05:00.443 {"win":154,"cls":"unknown","p":0.38,"lat_ms":112,"under":0,"over":0,"late":0}
13:05:00.443 win  154 pos= 2365440  -48dBFS [####................] rms=  130 peak=  454 seam=ok lag=334us
13:05:00.443   -> unknown         p=0.38  preproc=69028us infer=40994us
13:05:00.633   pt[289]: min=-444 max=504 avg_abs=102 | fifo=864 under=0 over=0 late=0 mdf_cb=9319 mdf_err=0
13:05:00.698 in=16128Hz out=16000Hz ring=1056 under=0 over=0 (dt=1000000us) loglag=120590us
13:05:01.139   pt[290]: min=-380 max=368 avg_abs=95 | fifo=1056 under=0 over=0 late=0 mdf_cb=9351 mdf_err=0
13:05:01.395 win  155 pos= 2380800  -48dBFS [####................] rms=  125 peak=  504 seam=ok lag=337us
13:05:01.395   -> unknown         p=0.48  preproc=69038us infer=40985us
13:05:01.650   pt[291]: min=-348 max=376 avg_abs=85 | fifo=848 under=0 over=0 late=0 mdf_cb=9383 mdf_err=0
13:05:01.714 in=16128Hz out=16000Hz ring=1184 under=0 over=0 (dt=999999us) loglag=120590us
13:05:02.164   pt[292]: min=-444 max=450 avg_abs=95 | fifo=1040 under=0 over=0 late=0 mdf_cb=9415 mdf_err=0
13:05:02.356 {"win":156,"cls":"sneezing","p":0.75,"lat_ms":112,"under":0,"over":0,"late":0}
13:05:02.356 win  156 pos= 2396160  -49dBFS [###.................] rms=  114 peak=  450 seam=ok lag=337us
13:05:02.356   -> sneezing        p=0.75  preproc=68959us infer=41047us
13:05:02.356 lcd: win 156 -> SNEEZE p=0.75 (22788 us after notify)
13:05:02.677   pt[293]: min=-370 max=408 avg_abs=92 | fifo=1088 under=0 over=0 late=0 mdf_cb=9448 mdf_err=0
13:05:02.741 in=16128Hz out=16400Hz ring=912 under=0 over=0 (dt=1000000us) loglag=120590us
13:05:03.190   pt[294]: min=-532 max=456 avg_abs=101 | fifo=1280 under=0 over=0 late=0 mdf_cb=9480 mdf_err=0
13:05:03.318 win  157 pos= 2411520  -48dBFS [####................] rms=  124 peak=  532 seam=ok lag=336us
13:05:03.318   -> clock_tick      p=0.60  preproc=69018us infer=41029us
13:05:03.706   pt[295]: min=-398 max=422 avg_abs=94 | fifo=1072 under=0 over=0 late=0 mdf_cb=9512 mdf_err=0
13:05:03.771 in=16128Hz out=16000Hz ring=1040 under=0 over=0 (dt=1000000us) loglag=120590us
13:05:04.284   pt[296]: min=-544 max=450 avg_abs=124 | fifo=864 under=0 over=0 late=0 mdf_cb=9544 mdf_err=0
13:05:04.284 win  158 pos= 2426880  -48dBFS [####................] rms=  136 peak=  544 seam=ok lag=332us
13:05:04.284   -> unknown         p=0.38  preproc=69039us infer=41058us
13:05:04.750   pt[297]: min=-442 max=358 avg_abs=99 | fifo=1056 under=0 over=0 late=0 mdf_cb=9576 mdf_err=0
13:05:04.750 in=16128Hz out=16000Hz ring=1168 under=0 over=0 (dt=1000000us) loglag=120590us
13:05:05.264 {"win":159,"cls":"sneezing","p":0.66,"lat_ms":112,"under":0,"over":0,"late":0}
13:05:05.264 win  159 pos= 2442240  -49dBFS [###.................] rms=  123 peak=  490 seam=ok lag=334us
13:05:05.264   -> sneezing        p=0.66  preproc=69011us infer=41039us
13:05:05.264 ====================================
13:05:05.264 ====================================
13:05:05.264 TAP TOTAL win=159
13:05:05.264 ====================================
13:05:05.264 ====================================
13:05:05.264 tap total: windows=160 (expected 160 from 2459648 samples) overrun=0 torn=0 skipped=0 seam ok=159 NG=0
13:05:05.264   tap lag max=377us (0 of them lower bounds) | tap write max=7595ns avg=5326ns (9608 calls)
13:05:05.264   audio under=0 over=0 late=0 | aed run=160 err=0 (last er=0)
13:05:05.264   preproc max=69054us avg=69013us | infer max=41111us avg=41034us
13:05:05.266   notify out=75 held=51 offlist=34 gated=0 lat max=112180us (0 lower bounds)
13:05:05.273   log sent=1132 dropped=0 lag max=120590us
13:05:05.327   disp sent=56 dropped=0 max=96534us avg=31377us
13:05:05.327 ====================================
13:05:05.327 ====================================
13:05:05.327   pt[298]: min=-468 max=352 avg_abs=95 | fifo=1104 under=0 over=0 late=0 mdf_cb=9609 mdf_err=0
13:05:05.327 lcd: win 159 -> SNEEZE p=0.66 (96866 us after notify)
13:05:05.775   pt[299]: min=-422 max=410 avg_abs=100 | fifo=1040 under=0 over=0 late=0 mdf_cb=9640 mdf_err=0
13:05:05.775 in=16128Hz out=16400Hz ring=896 under=0 over=0 (dt=999999us) loglag=120590us
13:05:06.163 {"win":160,"cls":"sneezing","p":0.77,"lat_ms":112,"under":0,"over":0,"late":0}
13:05:06.169 win  160 pos= 2457600  -48dBFS [####................] rms=  124 peak=  468 seam=ok lag=333us
13:05:06.177   -> sneezing        p=0.77  preproc=69018us infer=41050us
13:05:06.258 lcd: win 160 -> SNEEZE p=0.77 (22790 us after notify)
13:05:06.258   pt[300]: min=-416 max=446 avg_abs=96 | fifo=832 under=0 over=0 late=0 mdf_cb=9672 mdf_err=0
13:05:06.773 in=16128Hz out=16000Hz ring=1024 under=0 over=0 (dt=1000000us) loglag=120590us
13:05:06.773   pt[301]: min=-364 max=376 avg_abs=94 | fifo=1280 under=0 over=0 late=0 mdf_cb=9705 mdf_err=0
13:05:07.160 win  161 pos= 2472960  -49dBFS [###.................] rms=  122 peak=  446 seam=ok lag=334us
13:05:07.160   -> clock_tick      p=0.55  preproc=68966us infer=41004us
13:05:07.288   pt[302]: min=-424 max=402 avg_abs=107 | fifo=1072 under=0 over=0 late=0 mdf_cb=9737 mdf_err=0
13:05:07.805 in=16128Hz out=16000Hz ring=1152 under=0 over=0 (dt=999999us) loglag=120590us
13:05:07.805   pt[303]: min=-412 max=370 avg_abs=104 | fifo=1264 under=0 over=0 late=0 mdf_cb=9769 mdf_err=0
13:05:08.128 {"win":162,"cls":"sneezing","p":0.57,"lat_ms":112,"under":0,"over":0,"late":0}
13:05:08.128 win  162 pos= 2488320  -48dBFS [####................] rms=  136 peak=  510 seam=ok lag=336us
13:05:08.128   -> sneezing        p=0.57  preproc=69030us infer=41061us
13:05:08.128 lcd: win 162 -> SNEEZE p=0.57 (22791 us after notify)
13:05:08.320   pt[304]: min=-3332 max=3350 avg_abs=395 | fifo=1056 under=0 over=0 late=0 mdf_cb=9801 mdf_err=0
13:05:08.769 in=16128Hz out=16400Hz ring=880 under=0 over=0 (dt=1000000us) loglag=120590us
13:05:08.834   pt[305]: min=-1418 max=1312 avg_abs=292 | fifo=848 under=0 over=0 late=0 mdf_cb=9833 mdf_err=0
13:05:09.090 win  163 pos= 2503680  -35dBFS [########............] rms=  559 peak= 3350 seam=ok lag=333us
13:05:09.090   -> clock_tick      p=0.88  preproc=69036us infer=41041us
13:05:09.347   pt[306]: min=-618 max=444 avg_abs=119 | fifo=1040 under=0 over=0 late=0 mdf_cb=9865 mdf_err=0
13:05:09.797 in=16128Hz out=16000Hz ring=1008 under=0 over=0 (dt=999999us) loglag=120590us
13:05:09.861   pt[307]: min=-430 max=388 avg_abs=114 | fifo=832 under=0 over=0 late=0 mdf_cb=9897 mdf_err=0
13:05:10.053 {"win":164,"cls":"sneezing","p":0.56,"lat_ms":112,"under":0,"over":0,"late":0}
13:05:10.053 win  164 pos= 2519040  -47dBFS [####................] rms=  148 peak=  618 seam=ok lag=334us
13:05:10.053   -> sneezing        p=0.56  preproc=69022us infer=41037us
13:05:10.053 lcd: win 164 -> SNEEZE p=0.56 (22795 us after notify)
13:05:10.376   pt[308]: min=-390 max=382 avg_abs=100 | fifo=1024 under=0 over=0 late=0 mdf_cb=9929 mdf_err=0
13:05:10.824 in=16128Hz out=16000Hz ring=1136 under=0 over=0 (dt=1000000us) loglag=120590us
13:05:11.016   pt[309]: min=-372 max=368 avg_abs=99 | fifo=816 under=0 over=0 late=0 mdf_cb=9961 mdf_err=0
13:05:11.016 {"win":165,"cls":"sneezing","p":0.65,"lat_ms":112,"under":0,"over":0,"late":0}
13:05:11.016 win  165 pos= 2534400  -49dBFS [###.................] rms=  123 peak=  390 seam=ok lag=334us
13:05:11.016   -> sneezing        p=0.65  preproc=69044us infer=41014us
13:05:11.016 lcd: win 165 -> SNEEZE p=0.65 (31144 us after notify)
13:05:11.402   pt[310]: min=-432 max=460 avg_abs=94 | fifo=1264 under=0 over=0 late=0 mdf_cb=9994 mdf_err=0
13:05:11.789 in=16128Hz out=16000Hz ring=1264 under=0 over=0 (dt=1000000us) loglag=120590us
13:05:11.981   pt[311]: min=-508 max=442 avg_abs=109 | fifo=1056 under=0 over=0 late=0 mdf_cb=10026 mdf_err=0
13:05:11.981 win  166 pos= 2549760  -48dBFS [####................] rms=  124 peak=  460 seam=ok lag=335us
13:05:11.981   -> clock_tick      p=0.62  preproc=68965us infer=41067us
13:05:12.433   pt[312]: min=-440 max=464 avg_abs=130 | fifo=1248 under=0 over=0 late=0 mdf_cb=10058 mdf_err=0
13:05:12.885 in=16128Hz out=16400Hz ring=992 under=0 over=0 (dt=1000000us) loglag=120590us
13:05:12.890 {"win":167,"cls":"sneezing","p":0.75,"lat_ms":112,"under":0,"over":0,"late":0}
13:05:12.898 win  167 pos= 2565120  -46dBFS [####................] rms=  162 peak=  508 seam=ok lag=338us
13:05:12.905   -> sneezing        p=0.75  preproc=69032us infer=41045us
13:05:12.979 lcd: win 167 -> SNEEZE p=0.75 (29749 us after notify)
13:05:12.979   pt[313]: min=-480 max=452 avg_abs=124 | fifo=1040 under=0 over=0 late=0 mdf_cb=10090 mdf_err=0
13:05:13.495   pt[314]: min=-420 max=430 avg_abs=102 | fifo=832 under=0 over=0 late=0 mdf_cb=10122 mdf_err=0
13:05:13.882 in=16128Hz out=16000Hz ring=1120 under=0 over=0 (dt=999999us) loglag=120590us
13:05:13.882 {"win":168,"cls":"unknown","p":0.45,"lat_ms":112,"under":0,"over":0,"late":0}
13:05:13.882 win  168 pos= 2580480  -48dBFS [####................] rms=  128 peak=  434 seam=ok lag=335us
13:05:13.882   -> unknown         p=0.45  preproc=69019us infer=41070us
13:05:14.010   pt[315]: min=-424 max=350 avg_abs=92 | fifo=1024 under=0 over=0 late=0 mdf_cb=10154 mdf_err=0
13:05:14.462   pt[316]: min=-470 max=390 avg_abs=94 | fifo=816 under=0 over=0 late=0 mdf_cb=10186 mdf_err=0
13:05:14.863 win  169 pos= 2595840  -49dBFS [###.................] rms=  115 peak=  470 seam=ok lag=336us
13:05:14.863   -> unknown         p=0.50  preproc=69015us infer=41047us
13:05:14.863 ====================================
13:05:14.863 ====================================
13:05:14.863 TAP TOTAL win=169
13:05:14.863 ====================================
13:05:14.863 ====================================
13:05:14.863 tap total: windows=170 (expected 170 from 2613248 samples) overrun=0 torn=0 skipped=0 seam ok=169 NG=0
13:05:14.863   tap lag max=377us (0 of them lower bounds) | tap write max=7595ns avg=5326ns (10208 calls)
13:05:14.863   audio under=0 over=0 late=0 | aed run=170 err=0 (last er=0)
13:05:14.863   preproc max=69054us avg=69013us | infer max=41111us avg=41034us
13:05:14.863   notify out=81 held=52 offlist=37 gated=0 lat max=112180us (0 lower bounds)
13:05:14.878   log sent=1206 dropped=0 lag max=120590us
13:05:14.878   disp sent=61 dropped=0 max=96866us avg=31998us
13:05:14.878 ====================================
13:05:14.879 ====================================
13:05:14.879 in=16002Hz out=15875Hz ring=1248 under=0 over=0 (dt=1007849us) loglag=120590us
13:05:15.006   pt[317]: min=-422 max=368 avg_abs=93 | fifo=1008 under=0 over=0 late=0 mdf_cb=10218 mdf_err=0
13:05:15.519   pt[318]: min=-532 max=374 avg_abs=91 | fifo=800 under=0 over=0 late=0 mdf_cb=10250 mdf_err=0
13:05:15.777 win  170 pos= 2611200  -49dBFS [###.................] rms=  118 peak=  532 seam=ok lag=336us
13:05:15.777   -> unknown         p=0.35  preproc=69029us infer=40993us
13:05:15.840 in=16255Hz out=16529Hz ring=976 under=0 over=0 (dt=992149us) loglag=120590us
13:05:16.033   pt[319]: min=-482 max=380 avg_abs=110 | fifo=1248 under=0 over=0 late=0 mdf_cb=10283 mdf_err=0
13:05:16.549   pt[320]: min=-456 max=590 avg_abs=109 | fifo=1040 under=0 over=0 late=0 mdf_cb=10315 mdf_err=0
13:05:16.758 {"win":171,"cls":"sneezing","p":0.51,"lat_ms":112,"under":0,"over":0,"late":0}
13:05:16.758 win  171 pos= 2626560  -47dBFS [####................] rms=  142 peak=  590 seam=ok lag=334us
13:05:16.758   -> sneezing        p=0.51  preproc=68969us infer=41053us
13:05:16.758 lcd: win 171 -> SNEEZE p=0.51 (22787 us after notify)
13:05:16.821 in=16128Hz out=16000Hz ring=1104 under=0 over=0 (dt=1000000us) loglag=120590us
13:05:17.077   pt[321]: min=-452 max=368 avg_abs=98 | fifo=1232 under=0 over=0 late=0 mdf_cb=10347 mdf_err=0
13:05:17.592   pt[322]: min=-438 max=436 avg_abs=106 | fifo=1024 under=0 over=0 late=0 mdf_cb=10379 mdf_err=0
13:05:17.720 win  172 pos= 2641920  -48dBFS [####................] rms=  128 peak=  452 seam=ok lag=336us
13:05:17.720   -> clock_tick      p=0.55  preproc=69021us infer=41041us
13:05:17.849 in=15872Hz out=16000Hz ring=976 under=0 over=0 (dt=999999us) loglag=120590us
13:05:18.107   pt[323]: min=-374 max=454 avg_abs=93 | fifo=1216 under=0 over=0 late=0 mdf_cb=10411 mdf_err=0
13:05:18.685   pt[324]: min=-396 max=464 avg_abs=114 | fifo=1008 under=0 over=0 late=0 mdf_cb=10443 mdf_err=0
13:05:18.685 {"win":173,"cls":"sneezing","p":0.63,"lat_ms":112,"under":0,"over":0,"late":0}
13:05:18.685 win  173 pos= 2657280  -48dBFS [####................] rms=  130 peak=  464 seam=ok lag=339us
13:05:18.685   -> sneezing        p=0.63  preproc=69042us infer=41053us
13:05:18.685 lcd: win 173 -> SNEEZE p=0.63 (31403 us after notify)
13:05:18.880 in=16128Hz out=16000Hz ring=1104 under=0 over=0 (dt=1000000us) loglag=120590us
13:05:19.134   pt[325]: min=-496 max=382 avg_abs=102 | fifo=800 under=0 over=0 late=0 mdf_cb=10475 mdf_err=0
13:05:19.650   pt[326]: min=-430 max=392 avg_abs=103 | fifo=992 under=0 over=0 late=0 mdf_cb=10507 mdf_err=0
13:05:19.650 win  174 pos= 2672640  -48dBFS [####................] rms=  129 peak=  496 seam=ok lag=334us
13:05:19.650   -> clock_tick      p=0.50  preproc=69024us infer=41036us
13:05:19.869 in=16128Hz out=16400Hz ring=832 under=0 over=0 (dt=999999us) loglag=120590us
13:05:20.125   pt[327]: min=-362 max=446 avg_abs=92 | fifo=784 under=0 over=0 late=0 mdf_cb=10539 mdf_err=0
13:05:20.575 win  175 pos= 2688000  -49dBFS [###.................] rms=  117 peak=  446 seam=ok lag=335us
13:05:20.575   -> unknown         p=0.48  preproc=69017us infer=41043us
13:05:20.638   pt[328]: min=-434 max=420 avg_abs=100 | fifo=976 under=0 over=0 late=0 mdf_cb=10571 mdf_err=0
13:05:20.893 in=16128Hz out=16000Hz ring=960 under=0 over=0 (dt=999999us) loglag=120590us
13:05:21.150   pt[329]: min=-392 max=492 avg_abs=103 | fifo=1024 under=0 over=0 late=0 mdf_cb=10604 mdf_err=0
13:05:21.536 win  176 pos= 2703360  -48dBFS [####................] rms=  125 peak=  492 seam=ok lag=335us
13:05:21.536   -> unknown         p=0.30  preproc=68963us infer=41051us
13:05:21.663   pt[330]: min=-464 max=330 avg_abs=91 | fifo=1216 under=0 over=0 late=0 mdf_cb=10636 mdf_err=0
13:05:21.855 in=16128Hz out=16000Hz ring=1088 under=0 over=0 (dt=1000000us) loglag=120590us
13:05:22.175   pt[331]: min=-382 max=476 avg_abs=99 | fifo=1008 under=0 over=0 late=0 mdf_cb=10668 mdf_err=0
13:05:22.497 win  177 pos= 2718720  -48dBFS [####................] rms=  124 peak=  476 seam=ok lag=332us
13:05:22.497   -> unknown         p=0.40  preproc=69016us infer=41032us
13:05:22.688   pt[332]: min=-358 max=366 avg_abs=96 | fifo=1200 under=0 over=0 late=0 mdf_cb=10700 mdf_err=0
13:05:22.882 in=16128Hz out=16400Hz ring=816 under=0 over=0 (dt=999999us) loglag=120590us
13:05:23.203   pt[333]: min=-566 max=448 avg_abs=138 | fifo=992 under=0 over=0 late=0 mdf_cb=10732 mdf_err=0
13:05:23.458 win  178 pos= 2734080  -47dBFS [####................] rms=  154 peak=  566 seam=ok lag=332us
13:05:23.458   -> unknown         p=0.49  preproc=69023us infer=41029us
13:05:23.716   pt[334]: min=-492 max=500 avg_abs=121 | fifo=1184 under=0 over=0 late=0 mdf_cb=10764 mdf_err=0
13:05:23.909 in=16128Hz out=16000Hz ring=944 under=0 over=0 (dt=1000000us) loglag=120590us
13:05:24.228   pt[335]: min=-456 max=352 avg_abs=91 | fifo=976 under=0 over=0 late=0 mdf_cb=10796 mdf_err=0
13:05:24.421 {"win":179,"cls":"sneezing","p":0.54,"lat_ms":112,"under":0,"over":0,"late":0}
13:05:24.421 win  179 pos= 2749440  -48dBFS [####................] rms=  125 peak=  500 seam=ok lag=337us
13:05:24.421   -> sneezing        p=0.54  preproc=69026us infer=41023us
13:05:24.425 ====================================
13:05:24.429 ====================================
13:05:24.429 TAP TOTAL win=179
13:05:24.429 ====================================
13:05:24.436 ====================================
13:05:24.436 tap total: windows=180 (expected 180 from 2766848 samples) overrun=0 torn=0 skipped=0 seam ok=179 NG=0
13:05:24.449   tap lag max=377us (0 of them lower bounds) | tap write max=7595ns avg=5326ns (10808 calls)
13:05:24.459   audio under=0 over=0 late=0 | aed run=180 err=0 (last er=0)
13:05:24.459   preproc max=69054us avg=69013us | infer max=41111us avg=41034us
13:05:24.469   notify out=84 held=57 offlist=39 gated=0 lat max=112180us (0 lower bounds)
13:05:24.476   log sent=1274 dropped=0 lag max=120590us
13:05:24.476   disp sent=64 dropped=0 max=96866us avg=31842us
13:05:24.485 ====================================
13:05:24.485 ====================================
13:05:24.548 lcd: win 179 -> SNEEZE p=0.54 (88498 us after notify)
13:05:24.741   pt[336]: min=-400 max=460 avg_abs=106 | fifo=768 under=0 over=0 late=0 mdf_cb=10828 mdf_err=0
13:05:24.886 in=16128Hz out=16000Hz ring=1072 under=0 over=0 (dt=999999us) loglag=120590us
13:05:25.273   pt[337]: min=-432 max=428 avg_abs=99 | fifo=960 under=0 over=0 late=0 mdf_cb=10860 mdf_err=0
13:05:25.400 {"win":180,"cls":"unknown","p":0.33,"lat_ms":112,"under":0,"over":0,"late":0}
13:05:25.400 win  180 pos= 2764800  -48dBFS [####................] rms=  130 peak=  460 seam=ok lag=381us
13:05:25.400   -> unknown         p=0.33  preproc=68968us infer=40950us
13:05:25.786   pt[338]: min=-450 max=436 avg_abs=103 | fifo=1008 under=0 over=0 late=0 mdf_cb=10893 mdf_err=0
13:05:25.916 in=16128Hz out=16400Hz ring=800 under=0 over=0 (dt=999999us) loglag=120590us
13:05:26.365   pt[339]: min=-414 max=394 avg_abs=96 | fifo=1200 under=0 over=0 late=0 mdf_cb=10925 mdf_err=0
13:05:26.365 win  181 pos= 2780160  -48dBFS [####................] rms=  125 peak=  450 seam=ok lag=334us
13:05:26.365   -> unknown         p=0.31  preproc=68979us infer=41046us
13:05:26.816   pt[340]: min=-356 max=386 avg_abs=90 | fifo=992 under=0 over=0 late=0 mdf_cb=10957 mdf_err=0
13:05:26.944 in=16128Hz out=16000Hz ring=928 under=0 over=0 (dt=1000000us) loglag=120590us
13:05:27.332 win  182 pos= 2795520  -49dBFS [###.................] rms=  120 peak=  462 seam=ok lag=337us
13:05:27.332   -> unknown         p=0.42  preproc=69014us infer=40999us
13:05:27.332   pt[341]: min=-430 max=462 avg_abs=101 | fifo=1184 under=0 over=0 late=0 mdf_cb=10989 mdf_err=0
13:05:27.845   pt[342]: min=-472 max=396 avg_abs=112 | fifo=976 under=0 over=0 late=0 mdf_cb=11021 mdf_err=0
13:05:27.909 in=16128Hz out=16000Hz ring=1056 under=0 over=0 (dt=999999us) loglag=120590us
13:05:28.290 win  183 pos= 2810880  -48dBFS [####................] rms=  135 peak=  472 seam=ok lag=335us
13:05:28.290   -> unknown         p=0.47  preproc=69024us infer=41028us
13:05:28.354   pt[343]: min=-440 max=434 avg_abs=103 | fifo=768 under=0 over=0 late=0 mdf_cb=11053 mdf_err=0
13:05:28.868   pt[344]: min=-416 max=500 avg_abs=105 | fifo=960 under=0 over=0 late=0 mdf_cb=11085 mdf_err=0
13:05:28.931 in=16128Hz out=16400Hz ring=784 under=0 over=0 (dt=1000000us) loglag=120590us
13:05:29.254 {"win":184,"cls":"sneezing","p":0.66,"lat_ms":112,"under":0,"over":0,"late":0}
13:05:29.254 win  184 pos= 2826240  -47dBFS [####................] rms=  139 peak=  542 seam=ok lag=337us
13:05:29.254   -> sneezing        p=0.66  preproc=69017us infer=41052us
13:05:29.254 lcd: win 184 -> SNEEZE p=0.66 (22791 us after notify)
13:05:29.382   pt[345]: min=-464 max=542 avg_abs=124 | fifo=1008 under=0 over=0 late=0 mdf_cb=11118 mdf_err=0
13:05:29.898   pt[346]: min=-430 max=362 avg_abs=99 | fifo=1200 under=0 over=0 late=0 mdf_cb=11150 mdf_err=0
13:05:29.962 in=16128Hz out=16000Hz ring=912 under=0 over=0 (dt=1000000us) loglag=120590us
13:05:30.220 {"win":185,"cls":"unknown","p":0.40,"lat_ms":112,"under":0,"over":0,"late":0}
13:05:30.220 win  185 pos= 2841600  -48dBFS [####................] rms=  131 peak=  440 seam=ok lag=337us
13:05:30.220   -> unknown         p=0.40  preproc=69019us infer=41012us
13:05:30.414   pt[347]: min=-330 max=348 avg_abs=82 | fifo=992 under=0 over=0 late=0 mdf_cb=11182 mdf_err=0
13:05:30.930   pt[348]: min=-418 max=408 avg_abs=97 | fifo=1184 under=0 over=0 late=0 mdf_cb=11214 mdf_err=0
13:05:30.930 in=16128Hz out=16000Hz ring=1040 under=0 over=0 (dt=999999us) loglag=120590us
13:05:31.138 win  186 pos= 2856960  -49dBFS [###.................] rms=  115 peak=  418 seam=ok lag=335us
13:05:31.138   -> unknown         p=0.38  preproc=68980us infer=41045us
13:05:31.458   pt[349]: min=-430 max=386 avg_abs=90 | fifo=976 under=0 over=0 late=0 mdf_cb=11246 mdf_err=0
13:05:31.972 in=16128Hz out=16000Hz ring=1168 under=0 over=0 (dt=1000000us) loglag=120590us
13:05:31.972   pt[350]: min=-422 max=428 avg_abs=92 | fifo=1168 under=0 over=0 late=0 mdf_cb=11278 mdf_err=0
13:05:32.100 win  187 pos= 2872320  -49dBFS [###.................] rms=  115 peak=  430 seam=ok lag=335us
13:05:32.100   -> clock_tick      p=0.58  preproc=69032us infer=41043us
13:05:32.488   pt[351]: min=-380 max=366 avg_abs=90 | fifo=960 under=0 over=0 late=0 mdf_cb=11310 mdf_err=0
13:05:33.065 in=16128Hz out=16400Hz ring=896 under=0 over=0 (dt=1000000us) loglag=120590us
13:05:33.065   pt[352]: min=-488 max=498 avg_abs=108 | fifo=752 under=0 over=0 late=0 mdf_cb=11342 mdf_err=0
13:05:33.065 {"win":188,"cls":"sneezing","p":0.55,"lat_ms":112,"under":0,"over":0,"late":0}
13:05:33.070 win  188 pos= 2887680  -48dBFS [####................] rms=  126 peak=  498 seam=ok lag=334us
13:05:33.072   -> sneezing        p=0.55  preproc=69049us infer=41042us
13:05:33.146 lcd: win 188 -> SNEEZE p=0.55 (38228 us after notify)
13:05:33.530   pt[353]: min=-402 max=516 avg_abs=124 | fifo=1200 under=0 over=0 late=0 mdf_cb=11375 mdf_err=0
13:05:34.043 in=16128Hz out=16000Hz ring=1024 under=0 over=0 (dt=999999us) loglag=120590us
13:05:34.043   pt[354]: min=-408 max=472 avg_abs=107 | fifo=992 under=0 over=0 late=0 mdf_cb=11407 mdf_err=0
13:05:34.043 {"win":189,"cls":"unknown","p":0.47,"lat_ms":112,"under":0,"over":0,"late":0}
13:05:34.043 win  189 pos= 2903040  -47dBFS [####................] rms=  145 peak=  516 seam=ok lag=334us
13:05:34.043   -> unknown         p=0.47  preproc=69032us infer=41038us
13:05:34.043 ====================================
13:05:34.045 ====================================
13:05:34.049 TAP TOTAL win=189
13:05:34.051 ====================================
13:05:34.053 ====================================
13:05:34.053 tap total: windows=190 (expected 190 from 2920448 samples) overrun=0 torn=0 skipped=0 seam ok=189 NG=0
13:05:34.065   tap lag max=381us (0 of them lower bounds) | tap write max=7595ns avg=5326ns (11408 calls)
13:05:34.121   audio under=0 over=0 late=0 | aed run=190 err=0 (last er=0)
13:05:34.121   preproc max=69054us avg=69013us | infer max=41111us avg=41034us
13:05:34.121   notify out=89 held=61 offlist=40 gated=0 lat max=112180us (0 lower bounds)
13:05:34.121   log sent=1345 dropped=0 lag max=120590us
13:05:34.121   disp sent=66 dropped=0 max=96866us avg=32660us
13:05:34.121 ====================================
13:05:34.121 ====================================
13:05:34.508   pt[355]: min=-424 max=454 avg_abs=103 | fifo=1184 under=0 over=0 late=0 mdf_cb=11439 mdf_err=0
13:05:34.972 in=16128Hz out=16000Hz ring=1152 under=0 over=0 (dt=999999us) loglag=120590us
13:05:34.974 {"win":190,"cls":"sneezing","p":0.52,"lat_ms":112,"under":0,"over":0,"late":0}
13:05:34.980 win  190 pos= 2918400  -48dBFS [####................] rms=  128 peak=  454 seam=ok lag=335us
13:05:34.988   -> sneezing        p=0.52  preproc=69016us infer=41014us
13:05:35.052 lcd: win 190 -> SNEEZE p=0.52 (29697 us after notify)
13:05:35.052   pt[356]: min=-364 max=406 avg_abs=95 | fifo=976 under=0 over=0 late=0 mdf_cb=11471 mdf_err=0
13:05:35.566   pt[357]: min=-408 max=348 avg_abs=97 | fifo=1168 under=0 over=0 late=0 mdf_cb=11503 mdf_err=0
13:05:35.951 {"win":191,"cls":"sneezing","p":0.84,"lat_ms":112,"under":0,"over":0,"late":0}
13:05:35.951 win  191 pos= 2933760  -49dBFS [###.................] rms=  120 peak=  408 seam=ok lag=335us
13:05:35.951   -> sneezing        p=0.84  preproc=68972us infer=41046us
13:05:35.951 lcd: win 191 -> SNEEZE p=0.84 (22788 us after notify)
13:05:36.014 in=16128Hz out=16400Hz ring=880 under=0 over=0 (dt=999999us) loglag=120590us
13:05:36.078   pt[358]: min=-396 max=370 avg_abs=105 | fifo=960 under=0 over=0 late=0 mdf_cb=11535 mdf_err=0
13:05:36.594   pt[359]: min=-406 max=380 avg_abs=100 | fifo=1152 under=0 over=0 late=0 mdf_cb=11567 mdf_err=0
13:05:36.915 {"win":192,"cls":"unknown","p":0.34,"lat_ms":112,"under":0,"over":0,"late":0}
13:05:36.915 win  192 pos= 2949120  -48dBFS [####................] rms=  127 peak=  484 seam=ok lag=334us
13:05:36.915   -> unknown         p=0.34  preproc=69021us infer=41025us
13:05:36.979 in=16128Hz out=16000Hz ring=1008 under=0 over=0 (dt=999999us) loglag=120590us
13:05:37.108   pt[360]: min=-484 max=410 avg_abs=102 | fifo=944 under=0 over=0 late=0 mdf_cb=11599 mdf_err=0
13:05:37.621   pt[361]: min=-438 max=434 avg_abs=107 | fifo=1136 under=0 over=0 late=0 mdf_cb=11631 mdf_err=0
13:05:37.879 {"win":193,"cls":"sneezing","p":0.66,"lat_ms":112,"under":0,"over":0,"late":0}
13:05:37.879 win  193 pos= 2964480  -48dBFS [####................] rms=  132 peak=  446 seam=ok lag=335us
13:05:37.879   -> sneezing        p=0.66  preproc=69026us infer=41084us
13:05:37.879 lcd: win 193 -> SNEEZE p=0.66 (22792 us after notify)
13:05:38.007 in=16128Hz out=16000Hz ring=1136 under=0 over=0 (dt=1000000us) loglag=120590us
13:05:38.135   pt[362]: min=-502 max=368 avg_abs=110 | fifo=928 under=0 over=0 late=0 mdf_cb=11663 mdf_err=0
13:05:38.651   pt[363]: min=-532 max=402 avg_abs=109 | fifo=976 under=0 over=0 late=0 mdf_cb=11696 mdf_err=0
13:05:38.844 win  194 pos= 2979840  -48dBFS [####................] rms=  135 peak=  532 seam=ok lag=333us
13:05:38.844   -> clock_tick      p=0.50  preproc=69027us infer=41042us
13:05:39.036 in=16128Hz out=16000Hz ring=1264 under=0 over=0 (dt=999999us) loglag=120590us
13:05:39.164   pt[364]: min=-480 max=446 avg_abs=99 | fifo=1168 under=0 over=0 late=0 mdf_cb=11728 mdf_err=0
13:05:39.679   pt[365]: min=-434 max=484 avg_abs=113 | fifo=960 under=0 over=0 late=0 mdf_cb=11760 mdf_err=0
13:05:39.808 {"win":195,"cls":"sneezing","p":0.54,"lat_ms":112,"under":0,"over":0,"late":0}
13:05:39.808 win  195 pos= 2995200  -48dBFS [####................] rms=  135 peak=  484 seam=ok lag=333us
13:05:39.808   -> sneezing        p=0.54  preproc=69021us infer=41044us
13:05:39.808 lcd: win 195 -> SNEEZE p=0.54 (22790 us after notify)
13:05:40.001 in=16128Hz out=16400Hz ring=992 under=0 over=0 (dt=1000000us) loglag=120590us
13:05:40.192   pt[366]: min=-428 max=450 avg_abs=101 | fifo=1152 under=0 over=0 late=0 mdf_cb=11792 mdf_err=0
13:05:40.771   pt[367]: min=-516 max=430 avg_abs=106 | fifo=944 under=0 over=0 late=0 mdf_cb=11824 mdf_err=0
13:05:40.771 {"win":196,"cls":"sneezing","p":0.69,"lat_ms":112,"under":0,"over":0,"late":0}
13:05:40.771 win  196 pos= 3010560  -48dBFS [####................] rms=  129 peak=  482 seam=ok lag=334us
13:05:40.771   -> sneezing        p=0.69  preproc=68994us infer=41040us
13:05:40.771 lcd: win 196 -> SNEEZE p=0.69 (31316 us after notify)
13:05:41.029 in=16128Hz out=16000Hz ring=1120 under=0 over=0 (dt=1000000us) loglag=120590us
13:05:41.222   pt[368]: min=-606 max=606 avg_abs=139 | fifo=1136 under=0 over=0 late=0 mdf_cb=11856 mdf_err=0
13:05:41.736 {"win":197,"cls":"sneezing","p":0.78,"lat_ms":112,"under":0,"over":0,"late":0}
13:05:41.736 win  197 pos= 3025920  -46dBFS [####................] rms=  165 peak=  606 seam=ok lag=333us
13:05:41.736   -> sneezing        p=0.78  preproc=69018us infer=41044us
13:05:41.736   pt[369]: min=-452 max=498 avg_abs=122 | fifo=1184 under=0 over=0 late=0 mdf_cb=11889 mdf_err=0
13:05:41.736 lcd: win 197 -> SNEEZE p=0.78 (31472 us after notify)
13:05:42.058 in=16128Hz out=16000Hz ring=1248 under=0 over=0 (dt=1000000us) loglag=120590us
13:05:42.250   pt[370]: min=-472 max=660 avg_abs=135 | fifo=1120 under=0 over=0 late=0 mdf_cb=11920 mdf_err=0
13:05:42.701 {"win":198,"cls":"sneezing","p":0.55,"lat_ms":112,"under":0,"over":0,"late":0}
13:05:42.701 win  198 pos= 3041280  -45dBFS [#####...............] rms=  177 peak=  660 seam=ok lag=336us
13:05:42.701   -> sneezing        p=0.55  preproc=69026us infer=41090us
13:05:42.701 lcd: win 198 -> SNEEZE p=0.55 (23080 us after notify)
13:05:42.764   pt[371]: min=-644 max=582 avg_abs=156 | fifo=912 under=0 over=0 late=0 mdf_cb=11952 mdf_err=0
13:05:43.021 in=16128Hz out=16400Hz ring=976 under=0 over=0 (dt=999999us) loglag=120590us
13:05:43.279   pt[372]: min=-644 max=614 avg_abs=146 | fifo=1104 under=0 over=0 late=0 mdf_cb=11984 mdf_err=0
13:05:43.664 {"win":199,"cls":"sneezing","p":0.53,"lat_ms":112,"under":0,"over":0,"late":0}
13:05:43.664 win  199 pos= 3056640  -45dBFS [#####...............] rms=  190 peak=  644 seam=ok lag=337us
13:05:43.664   -> sneezing        p=0.53  preproc=69027us infer=41053us
13:05:43.664 ====================================
13:05:43.664 ====================================
13:05:43.664 TAP TOTAL win=199
13:05:43.664 ====================================
13:05:43.664 ====================================
13:05:43.664 tap total: windows=200 (expected 200 from 3074048 samples) overrun=0 torn=0 skipped=0 seam ok=199 NG=0
13:05:43.664   tap lag max=381us (0 of them lower bounds) | tap write max=7595ns avg=5326ns (12008 calls)
13:05:43.664   audio under=0 over=0 late=0 | aed run=200 err=0 (last er=0)
13:05:43.664   preproc max=69054us avg=69013us | infer max=41111us avg=41034us
13:05:43.664   notify out=98 held=61 offlist=41 gated=0 lat max=112180us (0 lower bounds)
13:05:43.680   log sent=1422 dropped=0 lag max=120590us
13:05:43.681   disp sent=74 dropped=0 max=96866us avg=32048us
13:05:43.685 ====================================
13:05:43.685 ====================================
13:05:43.761 lcd: win 199 -> SNEEZE p=0.53 (88496 us after notify)
13:05:43.761   pt[373]: min=-584 max=576 avg_abs=150 | fifo=1152 under=0 over=0 late=0 mdf_cb=12017 mdf_err=0
13:05:44.080 in=15872Hz out=16000Hz ring=848 under=0 over=0 (dt=999999us) loglag=120590us
13:05:44.272   pt[374]: min=-772 max=868 avg_abs=201 | fifo=944 under=0 over=0 late=0 mdf_cb=12049 mdf_err=0
13:05:44.591 {"win":200,"cls":"sneezing","p":0.70,"lat_ms":112,"under":0,"over":0,"late":0}
13:05:44.591 win  200 pos= 3072000  -43dBFS [#####...............] rms=  226 peak=  868 seam=ok lag=337us
13:05:44.591   -> sneezing        p=0.70  preproc=69024us infer=41050us
13:05:44.591 lcd: win 200 -> SNEEZE p=0.70 (22789 us after notify)
13:05:44.785   pt[375]: min=-574 max=564 avg_abs=165 | fifo=1136 under=0 over=0 late=0 mdf_cb=12081 mdf_err=0
13:05:45.042 in=16128Hz out=16000Hz ring=976 under=0 over=0 (dt=1000000us) loglag=120590us
13:05:45.299   pt[376]: min=-628 max=512 avg_abs=143 | fifo=928 under=0 over=0 late=0 mdf_cb=12113 mdf_err=0
13:05:45.554 {"win":201,"cls":"sneezing","p":0.63,"lat_ms":112,"under":0,"over":0,"late":0}
13:05:45.554 win  201 pos= 3087360  -44dBFS [#####...............] rms=  196 peak=  628 seam=ok lag=336us
13:05:45.554   -> sneezing        p=0.63  preproc=68973us infer=41044us
13:05:45.554 lcd: win 201 -> SNEEZE p=0.63 (22787 us after notify)
13:05:45.812   pt[377]: min=-640 max=500 avg_abs=163 | fifo=1120 under=0 over=0 late=0 mdf_cb=12145 mdf_err=0
13:05:46.069 in=16128Hz out=16000Hz ring=1104 under=0 over=0 (dt=1000000us) loglag=120590us
13:05:46.327   pt[378]: min=-594 max=500 avg_abs=140 | fifo=912 under=0 over=0 late=0 mdf_cb=12177 mdf_err=0
13:05:46.521 {"win":202,"cls":"sneezing","p":0.74,"lat_ms":112,"under":0,"over":0,"late":0}
13:05:46.521 win  202 pos= 3102720  -45dBFS [#####...............] rms=  179 peak=  640 seam=ok lag=335us
13:05:46.521   -> sneezing        p=0.74  preproc=69020us infer=40997us
13:05:46.521 lcd: win 202 -> SNEEZE p=0.74 (22796 us after notify)
13:05:46.841   pt[379]: min=-530 max=432 avg_abs=121 | fifo=1104 under=0 over=0 late=0 mdf_cb=12209 mdf_err=0
13:05:47.098 in=16128Hz out=16400Hz ring=832 under=0 over=0 (dt=1000000us) loglag=120590us
13:05:47.483   pt[380]: min=-470 max=432 avg_abs=128 | fifo=896 under=0 over=0 late=0 mdf_cb=12241 mdf_err=0
13:05:47.483 {"win":203,"cls":"sneezing","p":0.63,"lat_ms":112,"under":0,"over":0,"late":0}
13:05:47.483 win  203 pos= 3118080  -46dBFS [####................] rms=  158 peak=  530 seam=ok lag=337us
13:05:47.483   -> sneezing        p=0.63  preproc=69045us infer=41073us
13:05:47.483 lcd: win 203 -> SNEEZE p=0.63 (31317 us after notify)
13:05:47.869   pt[381]: min=-736 max=612 avg_abs=172 | fifo=1088 under=0 over=0 late=0 mdf_cb=12273 mdf_err=0
13:05:48.061 in=16128Hz out=16000Hz ring=960 under=0 over=0 (dt=999999us) loglag=120590us
13:05:48.447   pt[382]: min=-496 max=572 avg_abs=150 | fifo=880 under=0 over=0 late=0 mdf_cb=12305 mdf_err=0
13:05:48.447 {"win":204,"cls":"unknown","p":0.36,"lat_ms":112,"under":0,"over":0,"late":0}
13:05:48.447 win  204 pos= 3133440  -44dBFS [#####...............] rms=  204 peak=  736 seam=ok lag=335us
13:05:48.447   -> unknown         p=0.36  preproc=69021us infer=41039us
13:05:48.899   pt[383]: min=-430 max=426 avg_abs=113 | fifo=1072 under=0 over=0 late=0 mdf_cb=12337 mdf_err=0
13:05:49.092 in=16128Hz out=16000Hz ring=1088 under=0 over=0 (dt=999999us) loglag=120590us
13:05:49.414 win  205 pos= 3148800  -47dBFS [####................] rms=  141 peak=  524 seam=ok lag=337us
13:05:49.414   -> unknown         p=0.49  preproc=69008us infer=41040us
13:05:49.414   pt[384]: min=-524 max=482 avg_abs=110 | fifo=864 under=0 over=0 late=0 mdf_cb=12369 mdf_err=0
13:05:49.929   pt[385]: min=-440 max=414 avg_abs=98 | fifo=1312 under=0 over=0 late=0 mdf_cb=12402 mdf_err=0
13:05:50.122 in=16128Hz out=16000Hz ring=1216 under=0 over=0 (dt=1000000us) loglag=120590us
13:05:50.380 win  206 pos= 3164160  -48dBFS [####................] rms=  129 peak=  482 seam=ok lag=335us
13:05:50.380   -> unknown         p=0.46  preproc=68962us infer=41056us
13:05:50.444   pt[386]: min=-390 max=386 avg_abs=92 | fifo=1104 under=0 over=0 late=0 mdf_cb=12434 mdf_err=0
13:05:50.959   pt[387]: min=-420 max=388 avg_abs=98 | fifo=896 under=0 over=0 late=0 mdf_cb=12466 mdf_err=0
13:05:51.086 in=16128Hz out=16400Hz ring=944 under=0 over=0 (dt=1000000us) loglag=120590us
13:05:51.344 win  207 pos= 3179520  -49dBFS [###.................] rms=  120 peak=  420 seam=ok lag=335us
13:05:51.344   -> unknown         p=0.48  preproc=69016us infer=41048us
13:05:51.473   pt[388]: min=-400 max=402 avg_abs=105 | fifo=1088 under=0 over=0 late=0 mdf_cb=12498 mdf_err=0
13:05:51.988   pt[389]: min=-430 max=374 avg_abs=111 | fifo=880 under=0 over=0 late=0 mdf_cb=12530 mdf_err=0
13:05:52.133 in=16128Hz out=16000Hz ring=1072 under=0 over=0 (dt=1000000us) loglag=120590us
13:05:52.260 win  208 pos= 3194880  -48dBFS [####................] rms=  135 peak=  430 seam=ok lag=334us
13:05:52.260   -> unknown         p=0.45  preproc=69029us infer=41048us
13:05:52.518   pt[390]: min=-428 max=402 avg_abs=105 | fifo=1072 under=0 over=0 late=0 mdf_cb=12562 mdf_err=0
13:05:53.033   pt[391]: min=-478 max=378 avg_abs=110 | fifo=864 under=0 over=0 late=0 mdf_cb=12594 mdf_err=0
13:05:53.096 in=16128Hz out=16000Hz ring=1200 under=0 over=0 (dt=1000000us) loglag=120590us
13:05:53.224 {"win":209,"cls":"sneezing","p":0.75,"lat_ms":112,"under":0,"over":0,"late":0}
13:05:53.224 win  209 pos= 3210240  -48dBFS [####................] rms=  130 peak=  478 seam=ok lag=335us
13:05:53.226   -> sneezing        p=0.75  preproc=69025us infer=41027us
13:05:53.230 ====================================
13:05:53.236 ====================================
13:05:53.236 TAP TOTAL win=209
13:05:53.239 ====================================
13:05:53.242 ====================================
13:05:53.246 tap total: windows=210 (expected 210 from 3227648 samples) overrun=0 torn=0 skipped=0 seam ok=209 NG=0
13:05:53.254   tap lag max=381us (0 of them lower bounds) | tap write max=7595ns avg=5326ns (12608 calls)
13:05:53.263   audio under=0 over=0 late=0 | aed run=210 err=0 (last er=0)
13:05:53.266   preproc max=69054us avg=69013us | infer max=41111us avg=41035us
13:05:53.273   notify out=104 held=65 offlist=41 gated=0 lat max=112180us (0 lower bounds)
13:05:53.280   log sent=1496 dropped=0 lag max=120590us
13:05:53.280   disp sent=79 dropped=0 max=96866us avg=32406us
13:05:53.288 ====================================
13:05:53.288 ====================================
13:05:53.366 lcd: win 209 -> SNEEZE p=0.75 (88587 us after notify)
13:05:53.559   pt[392]: min=-402 max=314 avg_abs=82 | fifo=1056 under=0 over=0 late=0 mdf_cb=12626 mdf_err=0
13:05:54.075   pt[393]: min=-392 max=332 avg_abs=97 | fifo=848 under=0 over=0 late=0 mdf_cb=12658 mdf_err=0
13:05:54.203 in=16128Hz out=16400Hz ring=928 under=0 over=0 (dt=1000000us) loglag=120590us
13:05:54.203 {"win":210,"cls":"unknown","p":0.34,"lat_ms":112,"under":0,"over":0,"late":0}
13:05:54.203 win  210 pos= 3225600  -49dBFS [###.................] rms=  115 peak=  440 seam=ok lag=332us
13:05:54.203   -> unknown         p=0.34  preproc=69029us infer=41058us
13:05:54.590   pt[394]: min=-440 max=428 avg_abs=111 | fifo=1040 under=0 over=0 late=0 mdf_cb=12690 mdf_err=0
13:05:55.170   pt[395]: min=-456 max=442 avg_abs=119 | fifo=1088 under=0 over=0 late=0 mdf_cb=12723 mdf_err=0
13:05:55.170 in=16128Hz out=16000Hz ring=1056 under=0 over=0 (dt=1000000us) loglag=120590us
13:05:55.170 {"win":211,"cls":"sneezing","p":0.68,"lat_ms":112,"under":0,"over":0,"late":0}
13:05:55.170 win  211 pos= 3240960  -47dBFS [####................] rms=  141 peak=  456 seam=ok lag=335us
13:05:55.170   -> sneezing        p=0.68  preproc=68991us infer=41046us
13:05:55.170 lcd: win 211 -> SNEEZE p=0.68 (38448 us after notify)
13:05:55.620   pt[396]: min=-420 max=410 avg_abs=98 | fifo=1280 under=0 over=0 late=0 mdf_cb=12755 mdf_err=0
13:05:56.135   pt[397]: min=-466 max=578 avg_abs=103 | fifo=1072 under=0 over=0 late=0 mdf_cb=12787 mdf_err=0
13:05:56.135 {"win":212,"cls":"sneezing","p":0.64,"lat_ms":112,"under":0,"over":0,"late":0}
13:05:56.135 win  212 pos= 3256320  -48dBFS [####................] rms=  125 peak=  578 seam=ok lag=332us
13:05:56.135   -> sneezing        p=0.64  preproc=69014us infer=41022us
13:05:56.135 in=16012Hz out=15885Hz ring=1184 under=0 over=0 (dt=1007236us) loglag=120590us
13:05:56.135 lcd: win 212 -> SNEEZE p=0.64 (38454 us after notify)
13:05:56.648   pt[398]: min=-394 max=380 avg_abs=100 | fifo=1264 under=0 over=0 late=0 mdf_cb=12819 mdf_err=0
13:05:57.097 {"win":213,"cls":"unknown","p":0.49,"lat_ms":112,"under":0,"over":0,"late":0}
13:05:57.097 win  213 pos= 3271680  -48dBFS [####................] rms=  128 peak=  578 seam=ok lag=334us
13:05:57.097   -> unknown         p=0.49  preproc=69012us infer=41076us
13:05:57.165   pt[399]: min=-398 max=426 avg_abs=95 | fifo=1056 under=0 over=0 late=0 mdf_cb=12851 mdf_err=0
13:05:57.165 in=16245Hz out=16116Hz ring=1312 under=0 over=0 (dt=992762us) loglag=120590us
13:05:57.675   pt[400]: min=-450 max=440 avg_abs=99 | fifo=848 under=0 over=0 late=0 mdf_cb=12883 mdf_err=0
13:05:58.061 win  214 pos= 3287040  -49dBFS [###.................] rms=  121 peak=  450 seam=ok lag=339us
13:05:58.061   -> clock_tick      p=0.75  preproc=69026us infer=41019us
13:05:58.126 in=15872Hz out=16400Hz ring=784 under=0 over=0 (dt=1000000us) loglag=120590us
13:05:58.190   pt[401]: min=-450 max=480 avg_abs=99 | fifo=1040 under=0 over=0 late=0 mdf_cb=12915 mdf_err=0
13:05:58.707   pt[402]: min=-450 max=432 avg_abs=114 | fifo=832 under=0 over=0 late=0 mdf_cb=12947 mdf_err=0
13:05:59.026 {"win":215,"cls":"sneezing","p":0.57,"lat_ms":112,"under":0,"over":0,"late":0}
13:05:59.026 win  215 pos= 3302400  -47dBFS [####................] rms=  145 peak=  488 seam=ok lag=337us
13:05:59.026   -> sneezing        p=0.57  preproc=69024us infer=41041us
13:05:59.026 lcd: win 215 -> SNEEZE p=0.57 (22790 us after notify)
13:05:59.154 in=16128Hz out=16000Hz ring=912 under=0 over=0 (dt=999999us) loglag=120590us
13:05:59.218   pt[403]: min=-516 max=428 avg_abs=134 | fifo=1024 under=0 over=0 late=0 mdf_cb=12979 mdf_err=0
13:05:59.733   pt[404]: min=-526 max=556 avg_abs=109 | fifo=816 under=0 over=0 late=0 mdf_cb=13011 mdf_err=0
13:05:59.990 {"win":216,"cls":"sneezing","p":0.59,"lat_ms":112,"under":0,"over":0,"late":0}
13:05:59.990 win  216 pos= 3317760  -47dBFS [####................] rms=  145 peak=  556 seam=ok lag=338us
13:05:59.990   -> sneezing        p=0.59  preproc=68975us infer=41021us
13:05:59.990 lcd: win 216 -> SNEEZE p=0.59 (22787 us after notify)
13:06:00.183 in=16128Hz out=16000Hz ring=1040 under=0 over=0 (dt=1000000us) loglag=120590us
13:06:00.246   pt[405]: min=-368 max=304 avg_abs=91 | fifo=1264 under=0 over=0 late=0 mdf_cb=13044 mdf_err=0
13:06:00.760   pt[406]: min=-432 max=562 avg_abs=115 | fifo=1056 under=0 over=0 late=0 mdf_cb=13076 mdf_err=0
13:06:00.952 win  217 pos= 3333120  -48dBFS [####................] rms=  131 peak=  562 seam=ok lag=335us
13:06:00.952   -> clock_tick      p=0.56  preproc=69014us infer=41040us
13:06:01.203 in=16128Hz out=16400Hz ring=768 under=0 over=0 (dt=999999us) loglag=120590us
13:06:01.266   pt[407]: min=-476 max=428 avg_abs=108 | fifo=1248 under=0 over=0 late=0 mdf_cb=13108 mdf_err=0
13:06:01.781   pt[408]: min=-454 max=478 avg_abs=112 | fifo=1040 under=0 over=0 late=0 mdf_cb=13140 mdf_err=0
13:06:01.909 win  218 pos= 3348480  -48dBFS [####................] rms=  137 peak=  478 seam=ok lag=334us
13:06:01.909   -> clock_tick      p=0.83  preproc=69023us infer=41074us
13:06:02.166 in=16128Hz out=16000Hz ring=896 under=0 over=0 (dt=1000000us) loglag=120590us
13:06:02.295   pt[409]: min=-370 max=428 avg_abs=93 | fifo=832 under=0 over=0 late=0 mdf_cb=13172 mdf_err=0
13:06:02.872   pt[410]: min=-430 max=480 avg_abs=104 | fifo=1024 under=0 over=0 late=0 mdf_cb=13204 mdf_err=0
13:06:02.872 win  219 pos= 3363840  -49dBFS [###.................] rms=  122 peak=  430 seam=ok lag=338us
13:06:02.872   -> clock_tick      p=0.71  preproc=69046us infer=41003us
13:06:02.872 ====================================
13:06:02.872 ====================================
13:06:02.872 TAP TOTAL win=219
13:06:02.872 ====================================
13:06:02.872 ====================================
13:06:02.872 tap total: windows=220 (expected 220 from 3381248 samples) overrun=0 torn=0 skipped=0 seam ok=219 NG=0
13:06:02.872   tap lag max=381us (0 of them lower bounds) | tap write max=7595ns avg=5326ns (13208 calls)
13:06:02.872   audio under=0 over=0 late=0 | aed run=220 err=0 (last er=0)
13:06:02.872   preproc max=69054us avg=69013us | infer max=41111us avg=41035us
13:06:02.878   notify out=110 held=65 offlist=45 gated=0 lat max=112180us (0 lower bounds)
13:06:02.884   log sent=1569 dropped=0 lag max=120590us
13:06:02.952   disp sent=83 dropped=0 max=96866us avg=32997us
13:06:02.952 ====================================
13:06:02.952 ====================================
13:06:03.210 in=16128Hz out=16000Hz ring=1024 under=0 over=0 (dt=999999us) loglag=120590us
13:06:03.273   pt[411]: min=-502 max=468 avg_abs=121 | fifo=816 under=0 over=0 late=0 mdf_cb=13236 mdf_err=0
13:06:03.804 win  220 pos= 3379200  -47dBFS [####................] rms=  143 peak=  502 seam=ok lag=333us
13:06:03.804   -> clock_tick      p=0.61  preproc=69021us infer=41039us
13:06:03.804   pt[412]: min=-372 max=466 avg_abs=100 | fifo=1008 under=0 over=0 late=0 mdf_cb=13268 mdf_err=0
13:06:04.187 in=16128Hz out=16000Hz ring=1152 under=0 over=0 (dt=1000000us) loglag=120590us
13:06:04.314   pt[413]: min=-494 max=464 avg_abs=101 | fifo=800 under=0 over=0 late=0 mdf_cb=13300 mdf_err=0
13:06:04.765 win  221 pos= 3394560  -48dBFS [####................] rms=  124 peak=  504 seam=ok lag=337us
13:06:04.765   -> unknown         p=0.35  preproc=68964us infer=41056us
13:06:04.829   pt[414]: min=-410 max=504 avg_abs=102 | fifo=1248 under=0 over=0 late=0 mdf_cb=13333 mdf_err=0
13:06:05.216 in=16128Hz out=16400Hz ring=880 under=0 over=0 (dt=999999us) loglag=120590us
13:06:05.343   pt[415]: min=-408 max=412 avg_abs=102 | fifo=1040 under=0 over=0 late=0 mdf_cb=13365 mdf_err=0
13:06:05.729 win  222 pos= 3409920  -48dBFS [####................] rms=  126 peak=  446 seam=ok lag=334us
13:06:05.729   -> unknown         p=0.45  preproc=69027us infer=40984us
13:06:05.858   pt[416]: min=-476 max=394 avg_abs=99 | fifo=1232 under=0 over=0 late=0 mdf_cb=13397 mdf_err=0
13:06:06.243 in=16128Hz out=16000Hz ring=1008 under=0 over=0 (dt=1000000us) loglag=120590us
13:06:06.371   pt[417]: min=-498 max=392 avg_abs=107 | fifo=1024 under=0 over=0 late=0 mdf_cb=13429 mdf_err=0
13:06:06.693 win  223 pos= 3425280  -48dBFS [####................] rms=  125 peak=  498 seam=ok lag=337us
13:06:06.693   -> unknown         p=0.44  preproc=69021us infer=41037us
13:06:06.887   pt[418]: min=-338 max=350 avg_abs=83 | fifo=816 under=0 over=0 late=0 mdf_cb=13461 mdf_err=0
13:06:07.207 in=16128Hz out=16000Hz ring=1136 under=0 over=0 (dt=1000000us) loglag=120590us
13:06:07.400   pt[419]: min=-422 max=482 avg_abs=109 | fifo=1008 under=0 over=0 late=0 mdf_cb=13493 mdf_err=0
13:06:07.657 win  224 pos= 3440640  -48dBFS [####................] rms=  128 peak=  520 seam=ok lag=335us
13:06:07.657   -> unknown         p=0.35  preproc=69018us infer=41042us
13:06:07.915   pt[420]: min=-520 max=442 avg_abs=115 | fifo=800 under=0 over=0 late=0 mdf_cb=13525 mdf_err=0
13:06:08.237 in=16128Hz out=16400Hz ring=864 under=0 over=0 (dt=999999us) loglag=120590us
13:06:08.429   pt[421]: min=-370 max=384 avg_abs=84 | fifo=992 under=0 over=0 late=0 mdf_cb=13557 mdf_err=0
13:06:08.622 win  225 pos= 3456000  -48dBFS [####................] rms=  125 peak=  442 seam=ok lag=334us
13:06:08.622   -> unknown         p=0.39  preproc=69006us infer=41031us
13:06:08.943   pt[422]: min=-438 max=482 avg_abs=109 | fifo=1040 under=0 over=0 late=0 mdf_cb=13590 mdf_err=0
13:06:09.264 in=16128Hz out=16000Hz ring=992 under=0 over=0 (dt=1000000us) loglag=120590us
13:06:09.587   pt[423]: min=-492 max=480 avg_abs=106 | fifo=1232 under=0 over=0 late=0 mdf_cb=13622 mdf_err=0
13:06:09.587 win  226 pos= 3471360  -48dBFS [####................] rms=  138 peak=  492 seam=ok lag=333us
13:06:09.587   -> clock_tick      p=0.58  preproc=68991us infer=41039us
13:06:09.970   pt[424]: min=-472 max=432 avg_abs=105 | fifo=1024 under=0 over=0 late=0 mdf_cb=13654 mdf_err=0
13:06:10.225 in=16128Hz out=16000Hz ring=1120 under=0 over=0 (dt=1000000us) loglag=120590us
13:06:10.546   pt[425]: min=-460 max=406 avg_abs=109 | fifo=1216 under=0 over=0 late=0 mdf_cb=13686 mdf_err=0
13:06:10.546 {"win":227,"cls":"sneezing","p":0.55,"lat_ms":112,"under":0,"over":0,"late":0}
13:06:10.546 win  227 pos= 3486720  -48dBFS [####................] rms=  135 peak=  472 seam=ok lag=335us
13:06:10.546   -> sneezing        p=0.55  preproc=69022us infer=41016us
13:06:10.546 lcd: win 227 -> SNEEZE p=0.55 (31452 us after notify)
13:06:10.997   pt[426]: min=-388 max=474 avg_abs=106 | fifo=1008 under=0 over=0 late=0 mdf_cb=13718 mdf_err=0
13:06:11.254 in=16128Hz out=16400Hz ring=848 under=0 over=0 (dt=1000000us) loglag=120590us
13:06:11.509 {"win":228,"cls":"sneezing","p":0.58,"lat_ms":112,"under":0,"over":0,"late":0}
13:06:11.509 win  228 pos= 3502080  -48dBFS [####................] rms=  130 peak=  524 seam=ok lag=333us
13:06:11.509   -> sneezing        p=0.58  preproc=69023us infer=41031us
13:06:11.509 lcd: win 228 -> SNEEZE p=0.58 (22789 us after notify)
13:06:11.509   pt[427]: min=-524 max=372 avg_abs=93 | fifo=800 under=0 over=0 late=0 mdf_cb=13750 mdf_err=0
13:06:12.024   pt[428]: min=-514 max=392 avg_abs=117 | fifo=992 under=0 over=0 late=0 mdf_cb=13782 mdf_err=0
13:06:12.281 in=16128Hz out=16000Hz ring=976 under=0 over=0 (dt=1000000us) loglag=120590us
13:06:12.473 win  229 pos= 3517440  -47dBFS [####................] rms=  139 peak=  514 seam=ok lag=336us
13:06:12.473   -> clock_tick      p=0.64  preproc=69011us infer=41033us
13:06:12.473 ====================================
13:06:12.473 ====================================
13:06:12.473 TAP TOTAL win=229
13:06:12.473 ====================================
13:06:12.473 ====================================
13:06:12.473 tap total: windows=230 (expected 230 from 3534848 samples) overrun=0 torn=0 skipped=0 seam ok=229 NG=0
13:06:12.473   tap lag max=381us (0 of them lower bounds) | tap write max=7595ns avg=5326ns (13808 calls)
13:06:12.473   audio under=0 over=0 late=0 | aed run=230 err=0 (last er=0)
13:06:12.473   preproc max=69054us avg=69013us | infer max=41111us avg=41035us
13:06:12.473   notify out=112 held=70 offlist=48 gated=0 lat max=112180us (0 lower bounds)
13:06:12.473   log sent=1635 dropped=0 lag max=120590us
13:06:12.482   disp sent=85 dropped=0 max=96866us avg=32859us
13:06:12.486 ====================================
13:06:12.489 ====================================
13:06:12.553   pt[429]: min=-480 max=408 avg_abs=115 | fifo=784 under=0 over=0 late=0 mdf_cb=13814 mdf_err=0
13:06:13.068   pt[430]: min=-364 max=364 avg_abs=98 | fifo=1232 under=0 over=0 late=0 mdf_cb=13847 mdf_err=0
13:06:13.261 in=16128Hz out=16000Hz ring=1104 under=0 over=0 (dt=999999us) loglag=120590us
13:06:13.389 win  230 pos= 3532800  -48dBFS [####................] rms=  130 peak=  480 seam=ok lag=337us
13:06:13.389   -> unknown         p=0.45  preproc=69020us infer=40981us
13:06:13.583   pt[431]: min=-476 max=464 avg_abs=128 | fifo=1024 under=0 over=0 late=0 mdf_cb=13879 mdf_err=0
13:06:14.100   pt[432]: min=-428 max=532 avg_abs=131 | fifo=1216 under=0 over=0 late=0 mdf_cb=13911 mdf_err=0
13:06:14.355 in=16128Hz out=16400Hz ring=832 under=0 over=0 (dt=1000000us) loglag=120590us
13:06:14.355 win  231 pos= 3548160  -46dBFS [####................] rms=  162 peak=  532 seam=ok lag=336us
13:06:14.355   -> unknown         p=0.46  preproc=68986us infer=41054us
13:06:14.612   pt[433]: min=-434 max=426 avg_abs=106 | fifo=1008 under=0 over=0 late=0 mdf_cb=13943 mdf_err=0
13:06:15.125   pt[434]: min=-350 max=506 avg_abs=96 | fifo=800 under=0 over=0 late=0 mdf_cb=13975 mdf_err=0
13:06:15.318 in=16127Hz out=15999Hz ring=960 under=0 over=0 (dt=1000001us) loglag=120590us
13:06:15.318 {"win":232,"cls":"sneezing","p":0.59,"lat_ms":112,"under":0,"over":0,"late":0}
13:06:15.318 win  232 pos= 3563520  -48dBFS [####................] rms=  124 peak=  506 seam=ok lag=335us
13:06:15.318   -> sneezing        p=0.59  preproc=69018us infer=40993us
13:06:15.381 lcd: win 232 -> SNEEZE p=0.59 (29749 us after notify)
13:06:15.640   pt[435]: min=-336 max=414 avg_abs=89 | fifo=992 under=0 over=0 late=0 mdf_cb=14007 mdf_err=0
13:06:16.153   pt[436]: min=-382 max=462 avg_abs=96 | fifo=784 under=0 over=0 late=0 mdf_cb=14039 mdf_err=0
13:06:16.281 {"win":233,"cls":"sneezing","p":0.59,"lat_ms":112,"under":0,"over":0,"late":0}
13:06:16.281 win  233 pos= 3578880  -49dBFS [###.................] rms=  116 peak=  462 seam=ok lag=335us
13:06:16.281   -> sneezing        p=0.59  preproc=69019us infer=41032us
13:06:16.281 in=16068Hz out=15940Hz ring=1088 under=0 over=0 (dt=1003706us) loglag=120590us
13:06:16.345 lcd: win 233 -> SNEEZE p=0.59 (29790 us after notify)
13:06:16.667   pt[437]: min=-450 max=448 avg_abs=107 | fifo=1232 under=0 over=0 late=0 mdf_cb=14072 mdf_err=0
13:06:17.246   pt[438]: min=-486 max=414 avg_abs=109 | fifo=1024 under=0 over=0 late=0 mdf_cb=14104 mdf_err=0
13:06:17.246 {"win":234,"cls":"unknown","p":0.46,"lat_ms":112,"under":0,"over":0,"late":0}
13:06:17.246 win  234 pos= 3594240  -48dBFS [####................] rms=  137 peak=  486 seam=ok lag=336us
13:06:17.246   -> unknown         p=0.46  preproc=69043us infer=40971us
13:06:17.310 in=16188Hz out=16461Hz ring=816 under=0 over=0 (dt=996291us) loglag=120590us
13:06:17.694   pt[439]: min=-380 max=346 avg_abs=91 | fifo=1216 under=0 over=0 late=0 mdf_cb=14136 mdf_err=0
13:06:18.206 win  235 pos= 3609600  -48dBFS [####................] rms=  126 peak=  534 seam=ok lag=336us
13:06:18.206   -> unknown         p=0.37  preproc=69018us infer=41020us
13:06:18.206   pt[440]: min=-422 max=534 avg_abs=117 | fifo=1008 under=0 over=0 late=0 mdf_cb=14168 mdf_err=0
13:06:18.335 in=16128Hz out=16000Hz ring=944 under=0 over=0 (dt=1000000us) loglag=120590us
13:06:18.720   pt[441]: min=-386 max=396 avg_abs=99 | fifo=800 under=0 over=0 late=0 mdf_cb=14200 mdf_err=0
13:06:19.171 win  236 pos= 3624960  -48dBFS [####................] rms=  128 peak=  482 seam=ok lag=336us
13:06:19.171   -> unknown         p=0.39  preproc=68961us infer=41032us
13:06:19.234   pt[442]: min=-482 max=390 avg_abs=102 | fifo=992 under=0 over=0 late=0 mdf_cb=14232 mdf_err=0
13:06:19.298 in=16128Hz out=16000Hz ring=1072 under=0 over=0 (dt=999999us) loglag=120590us
13:06:19.748   pt[443]: min=-344 max=396 avg_abs=87 | fifo=784 under=0 over=0 late=0 mdf_cb=14264 mdf_err=0
13:06:20.134 {"win":237,"cls":"sneezing","p":0.72,"lat_ms":112,"under":0,"over":0,"late":0}
13:06:20.134 win  237 pos= 3640320  -49dBFS [###.................] rms=  116 peak=  404 seam=ok lag=335us
13:06:20.134   -> sneezing        p=0.72  preproc=69023us infer=41039us
13:06:20.134 lcd: win 237 -> SNEEZE p=0.72 (22794 us after notify)
13:06:20.263   pt[444]: min=-416 max=404 avg_abs=91 | fifo=1232 under=0 over=0 late=0 mdf_cb=14297 mdf_err=0
13:06:20.329 in=16128Hz out=16400Hz ring=800 under=0 over=0 (dt=1000000us) loglag=120590us
13:06:20.775   pt[445]: min=-3190 max=2596 avg_abs=123 | fifo=1024 under=0 over=0 late=0 mdf_cb=14329 mdf_err=0
13:06:21.095 win  238 pos= 3655680  -46dBFS [####................] rms=  159 peak= 3190 seam=ok lag=334us
13:06:21.095   -> clock_tick      p=0.99  preproc=69023us infer=41033us
13:06:21.289   pt[446]: min=-416 max=462 avg_abs=112 | fifo=1216 under=0 over=0 late=0 mdf_cb=14361 mdf_err=0
13:06:21.354 in=16128Hz out=16000Hz ring=928 under=0 over=0 (dt=999999us) loglag=120590us
13:06:21.801   pt[447]: min=-356 max=442 avg_abs=100 | fifo=1008 under=0 over=0 late=0 mdf_cb=14393 mdf_err=0
13:06:22.055 win  239 pos= 3671040  -48dBFS [####................] rms=  131 peak=  570 seam=ok lag=337us
13:06:22.055   -> unknown         p=0.46  preproc=69030us infer=40981us
13:06:22.055 ====================================
13:06:22.055 ====================================
13:06:22.055 TAP TOTAL win=239
13:06:22.055 ====================================
13:06:22.055 ====================================
13:06:22.055 tap total: windows=240 (expected 240 from 3688448 samples) overrun=0 torn=0 skipped=0 seam ok=239 NG=0
13:06:22.055   tap lag max=381us (0 of them lower bounds) | tap write max=7595ns avg=5326ns (14408 calls)
13:06:22.055   audio under=0 over=0 late=0 | aed run=240 err=0 (last er=0)
13:06:22.055   preproc max=69054us avg=69013us | infer max=41111us avg=41034us
13:06:22.071   notify out=116 held=75 offlist=49 gated=0 lat max=112180us (0 lower bounds)
13:06:22.071   log sent=1704 dropped=0 lag max=120590us
13:06:22.083   disp sent=88 dropped=0 max=96866us avg=32674us
13:06:22.087 ====================================
13:06:22.087 ====================================
13:06:22.341   pt[448]: min=-570 max=414 avg_abs=114 | fifo=800 under=0 over=0 late=0 mdf_cb=14425 mdf_err=0
13:06:22.341 in=16128Hz out=16000Hz ring=1056 under=0 over=0 (dt=999999us) loglag=120590us
13:06:22.853   pt[449]: min=-486 max=400 avg_abs=108 | fifo=992 under=0 over=0 late=0 mdf_cb=14457 mdf_err=0
13:06:22.979 {"win":240,"cls":"sneezing","p":0.74,"lat_ms":112,"under":0,"over":0,"late":0}
13:06:22.981 win  240 pos= 3686400  -48dBFS [####................] rms=  137 peak=  486 seam=ok lag=336us
13:06:22.989   -> sneezing        p=0.74  preproc=69022us infer=41000us
13:06:23.072 lcd: win 240 -> SNEEZE p=0.74 (22794 us after notify)
13:06:23.326 in=16128Hz out=16400Hz ring=784 under=0 over=0 (dt=1000000us) loglag=120590us
13:06:23.332   pt[450]: min=-404 max=414 avg_abs=96 | fifo=784 under=0 over=0 late=0 mdf_cb=14489 mdf_err=0
13:06:23.984   pt[451]: min=-370 max=404 avg_abs=107 | fifo=1232 under=0 over=0 late=0 mdf_cb=14522 mdf_err=0
13:06:23.984 {"win":241,"cls":"unknown","p":0.38,"lat_ms":112,"under":0,"over":0,"late":0}
13:06:23.984 win  241 pos= 3701760  -48dBFS [####................] rms=  127 peak=  414 seam=ok lag=335us
13:06:23.984   -> unknown         p=0.38  preproc=68980us infer=41006us
13:06:24.369 in=16128Hz out=16000Hz ring=912 under=0 over=0 (dt=999999us) loglag=120590us
13:06:24.369   pt[452]: min=-516 max=472 avg_abs=114 | fifo=1024 under=0 over=0 late=0 mdf_cb=14554 mdf_err=0
13:06:24.948   pt[453]: min=-420 max=414 avg_abs=94 | fifo=1216 under=0 over=0 late=0 mdf_cb=14586 mdf_err=0
13:06:24.948 win  242 pos= 3717120  -48dBFS [####................] rms=  132 peak=  516 seam=ok lag=334us
13:06:24.948   -> unknown         p=0.43  preproc=69024us infer=41043us
13:06:25.396 in=16128Hz out=16000Hz ring=1040 under=0 over=0 (dt=1000000us) loglag=120590us
13:06:25.396   pt[454]: min=-398 max=396 avg_abs=105 | fifo=1008 under=0 over=0 late=0 mdf_cb=14618 mdf_err=0
13:06:25.910 win  243 pos= 3732480  -48dBFS [####................] rms=  124 peak=  398 seam=ok lag=334us
13:06:25.910   -> unknown         p=0.45  preproc=69016us infer=41055us
13:06:25.910   pt[455]: min=-368 max=388 avg_abs=92 | fifo=1200 under=0 over=0 late=0 mdf_cb=14650 mdf_err=0
13:06:26.361 in=16128Hz out=16400Hz ring=768 under=0 over=0 (dt=1000000us) loglag=120590us
13:06:26.425   pt[456]: min=-486 max=374 avg_abs=105 | fifo=992 under=0 over=0 late=0 mdf_cb=14682 mdf_err=0
13:06:26.876 {"win":244,"cls":"sneezing","p":0.71,"lat_ms":112,"under":0,"over":0,"late":0}
13:06:26.876 win  244 pos= 3747840  -48dBFS [####................] rms=  129 peak=  486 seam=ok lag=334us
13:06:26.876   -> sneezing        p=0.71  preproc=69022us infer=41051us
13:06:26.876 lcd: win 244 -> SNEEZE p=0.71 (22791 us after notify)
13:06:26.940   pt[457]: min=-426 max=380 avg_abs=99 | fifo=784 under=0 over=0 late=0 mdf_cb=14714 mdf_err=0
13:06:27.391 in=16128Hz out=16000Hz ring=896 under=0 over=0 (dt=999999us) loglag=120590us
13:06:27.455   pt[458]: min=-432 max=362 avg_abs=99 | fifo=976 under=0 over=0 late=0 mdf_cb=14746 mdf_err=0
13:06:27.778 {"win":245,"cls":"unknown","p":0.40,"lat_ms":112,"under":0,"over":0,"late":0}
13:06:27.782 win  245 pos= 3763200  -48dBFS [####................] rms=  123 peak=  432 seam=ok lag=334us
13:06:27.790   -> unknown         p=0.40  preproc=69016us infer=41039us
13:06:27.985   pt[459]: min=-416 max=408 avg_abs=99 | fifo=768 under=0 over=0 late=0 mdf_cb=14778 mdf_err=0
13:06:28.372 in=16128Hz out=16000Hz ring=1024 under=0 over=0 (dt=999999us) loglag=120590us
13:06:28.500   pt[460]: min=-502 max=436 avg_abs=112 | fifo=1216 under=0 over=0 late=0 mdf_cb=14811 mdf_err=0
13:06:28.758 win  246 pos= 3778560  -48dBFS [####................] rms=  133 peak=  502 seam=ok lag=339us
13:06:28.758   -> unknown         p=0.47  preproc=68976us infer=41043us
13:06:29.016   pt[461]: min=-532 max=486 avg_abs=124 | fifo=1008 under=0 over=0 late=0 mdf_cb=14843 mdf_err=0
13:06:29.402 in=16128Hz out=16000Hz ring=1152 under=0 over=0 (dt=1000000us) loglag=120590us
13:06:29.531   pt[462]: min=-380 max=422 avg_abs=109 | fifo=1200 under=0 over=0 late=0 mdf_cb=14875 mdf_err=0
13:06:29.723 win  247 pos= 3793920  -47dBFS [####................] rms=  144 peak=  532 seam=ok lag=337us
13:06:29.723   -> clock_tick      p=0.54  preproc=69008us infer=41018us
13:06:30.044   pt[463]: min=-384 max=388 avg_abs=101 | fifo=992 under=0 over=0 late=0 mdf_cb=14907 mdf_err=0
13:06:30.430 in=16128Hz out=16400Hz ring=880 under=0 over=0 (dt=1000000us) loglag=120590us
13:06:30.559   pt[464]: min=-436 max=338 avg_abs=93 | fifo=1184 under=0 over=0 late=0 mdf_cb=14939 mdf_err=0
13:06:30.687 {"win":248,"cls":"sneezing","p":0.61,"lat_ms":112,"under":0,"over":0,"late":0}
13:06:30.687 win  248 pos= 3809280  -49dBFS [###.................] rms=  122 peak=  436 seam=ok lag=334us
13:06:30.687   -> sneezing        p=0.61  preproc=69016us infer=41056us
13:06:30.687 lcd: win 248 -> SNEEZE p=0.61 (22790 us after notify)
13:06:31.075   pt[465]: min=-398 max=378 avg_abs=90 | fifo=976 under=0 over=0 late=0 mdf_cb=14971 mdf_err=0
13:06:31.396 in=16128Hz out=16000Hz ring=1008 under=0 over=0 (dt=999999us) loglag=120590us
13:06:31.652   pt[466]: min=-374 max=356 avg_abs=86 | fifo=1168 under=0 over=0 late=0 mdf_cb=15003 mdf_err=0
13:06:31.652 {"win":249,"cls":"sneezing","p":0.65,"lat_ms":112,"under":0,"over":0,"late":0}
13:06:31.652 win  249 pos= 3824640  -49dBFS [###.................] rms=  112 peak=  398 seam=ok lag=335us
13:06:31.652   -> sneezing        p=0.65  preproc=69042us infer=41043us
13:06:31.652 ====================================
13:06:31.652 ====================================
13:06:31.652 TAP TOTAL win=249
13:06:31.652 ====================================
13:06:31.652 ====================================
13:06:31.658 tap total: windows=250 (expected 250 from 3842048 samples) overrun=0 torn=0 skipped=0 seam ok=249 NG=0
13:06:31.669   tap lag max=381us (0 of them lower bounds) | tap write max=7595ns avg=5326ns (15008 calls)
13:06:31.678   audio under=0 over=0 late=0 | aed run=250 err=0 (last er=0)
13:06:31.684   preproc max=69054us avg=69013us | infer max=41111us avg=41034us
13:06:31.684   notify out=122 held=78 offlist=50 gated=0 lat max=112180us (0 lower bounds)
13:06:31.684   log sent=1776 dropped=0 lag max=120590us
13:06:31.701   disp sent=92 dropped=0 max=96866us avg=32348us
13:06:31.701 ====================================
13:06:31.709 ====================================
13:06:31.763 lcd: win 249 -> SNEEZE p=0.65 (97110 us after notify)
13:06:32.092   pt[467]: min=-428 max=396 avg_abs=111 | fifo=960 under=0 over=0 late=0 mdf_cb=15035 mdf_err=0
13:06:32.420 in=16128Hz out=16000Hz ring=1136 under=0 over=0 (dt=999999us) loglag=120590us
13:06:32.612   pt[468]: min=-504 max=462 avg_abs=126 | fifo=752 under=0 over=0 late=0 mdf_cb=15067 mdf_err=0
13:06:32.612 {"win":250,"cls":"unknown","p":0.39,"lat_ms":112,"under":0,"over":0,"late":0}
13:06:32.612 win  250 pos= 3840000  -47dBFS [####................] rms=  144 peak=  504 seam=ok lag=333us
13:06:32.612   -> unknown         p=0.39  preproc=69023us infer=41022us
13:06:33.125   pt[469]: min=-368 max=448 avg_abs=98 | fifo=1200 under=0 over=0 late=0 mdf_cb=15100 mdf_err=0
13:06:33.445 in=16128Hz out=16400Hz ring=864 under=0 over=0 (dt=999999us) loglag=120590us
13:06:33.573 {"win":251,"cls":"sneezing","p":0.55,"lat_ms":112,"under":0,"over":0,"late":0}
13:06:33.573 win  251 pos= 3855360  -48dBFS [####................] rms=  125 peak=  452 seam=ok lag=339us
13:06:33.573   -> sneezing        p=0.55  preproc=68965us infer=41050us
13:06:33.573 lcd: win 251 -> SNEEZE p=0.55 (22787 us after notify)
13:06:33.637   pt[470]: min=-396 max=430 avg_abs=102 | fifo=992 under=0 over=0 late=0 mdf_cb=15132 mdf_err=0
13:06:34.154   pt[471]: min=-394 max=398 avg_abs=101 | fifo=1184 under=0 over=0 late=0 mdf_cb=15164 mdf_err=0
13:06:34.540 in=16128Hz out=16000Hz ring=992 under=0 over=0 (dt=1000000us) loglag=120590us
13:06:34.540 {"win":252,"cls":"sneezing","p":0.57,"lat_ms":112,"under":0,"over":0,"late":0}
13:06:34.540 win  252 pos= 3870720  -48dBFS [####................] rms=  128 peak=  452 seam=ok lag=334us
13:06:34.540   -> sneezing        p=0.57  preproc=69027us infer=41018us
13:06:34.540 lcd: win 252 -> SNEEZE p=0.57 (29749 us after notify)
13:06:34.667   pt[472]: min=-452 max=384 avg_abs=107 | fifo=976 under=0 over=0 late=0 mdf_cb=15196 mdf_err=0
13:06:35.183   pt[473]: min=-404 max=338 avg_abs=76 | fifo=1168 under=0 over=0 late=0 mdf_cb=15228 mdf_err=0
13:06:35.503 in=16128Hz out=16000Hz ring=1120 under=0 over=0 (dt=1000000us) loglag=120590us
13:06:35.503 {"win":253,"cls":"sneezing","p":0.51,"lat_ms":112,"under":0,"over":0,"late":0}
13:06:35.503 win  253 pos= 3886080  -49dBFS [###.................] rms=  114 peak=  404 seam=ok lag=333us
13:06:35.503   -> sneezing        p=0.51  preproc=69011us infer=41022us
13:06:35.503 lcd: win 253 -> SNEEZE p=0.51 (29787 us after notify)
13:06:35.696   pt[474]: min=-432 max=418 avg_abs=99 | fifo=960 under=0 over=0 late=0 mdf_cb=15260 mdf_err=0
13:06:36.212   pt[475]: min=-430 max=430 avg_abs=90 | fifo=1152 under=0 over=0 late=0 mdf_cb=15292 mdf_err=0
13:06:36.468 {"win":254,"cls":"unknown","p":0.39,"lat_ms":112,"under":0,"over":0,"late":0}
13:06:36.468 win  254 pos= 3901440  -48dBFS [####................] rms=  127 peak=  432 seam=ok lag=334us
13:06:36.468   -> unknown         p=0.39  preproc=69034us infer=41028us
13:06:36.468 in=16116Hz out=15988Hz ring=1248 under=0 over=0 (dt=1000726us) loglag=120590us
13:06:36.726   pt[476]: min=-356 max=418 avg_abs=112 | fifo=944 under=0 over=0 late=0 mdf_cb=15324 mdf_err=0
13:06:37.256   pt[477]: min=-390 max=446 avg_abs=103 | fifo=736 under=0 over=0 late=0 mdf_cb=15356 mdf_err=0
13:06:37.384 win  255 pos= 3916800  -48dBFS [####................] rms=  132 peak=  446 seam=ok lag=335us
13:06:37.384   -> clock_tick      p=0.58  preproc=69026us infer=41008us
13:06:37.447 in=16139Hz out=16411Hz ring=976 under=0 over=0 (dt=999272us) loglag=120590us
13:06:37.768   pt[478]: min=-332 max=344 avg_abs=95 | fifo=1184 under=0 over=0 late=0 mdf_cb=15389 mdf_err=0
13:06:38.349   pt[479]: min=-404 max=366 avg_abs=108 | fifo=976 under=0 over=0 late=0 mdf_cb=15421 mdf_err=0
13:06:38.349 {"win":256,"cls":"sneezing","p":0.59,"lat_ms":112,"under":0,"over":0,"late":0}
13:06:38.361 win  256 pos= 3932160  -48dBFS [####................] rms=  126 peak=  404 seam=ok lag=335us
13:06:38.361   -> sneezing        p=0.59  preproc=68986us infer=41040us
13:06:38.428 lcd: win 256 -> SNEEZE p=0.59 (31319 us after notify)
13:06:38.492 in=16128Hz out=16000Hz ring=1104 under=0 over=0 (dt=1000000us) loglag=120590us
13:06:38.751   pt[480]: min=-364 max=374 avg_abs=97 | fifo=1168 under=0 over=0 late=0 mdf_cb=15453 mdf_err=0
13:06:39.329   pt[481]: min=-416 max=470 avg_abs=95 | fifo=960 under=0 over=0 late=0 mdf_cb=15485 mdf_err=0
13:06:39.329 {"win":257,"cls":"unknown","p":0.38,"lat_ms":112,"under":0,"over":0,"late":0}
13:06:39.329 win  257 pos= 3947520  -49dBFS [###.................] rms=  120 peak=  470 seam=ok lag=335us
13:06:39.329   -> unknown         p=0.38  preproc=69040us infer=41039us
13:06:39.458 in=16128Hz out=16000Hz ring=1232 under=0 over=0 (dt=999999us) loglag=120590us
13:06:39.780   pt[482]: min=-466 max=462 avg_abs=113 | fifo=1152 under=0 over=0 late=0 mdf_cb=15517 mdf_err=0
13:06:40.292 {"win":258,"cls":"sneezing","p":0.76,"lat_ms":112,"under":0,"over":0,"late":0}
13:06:40.292 win  258 pos= 3962880  -48dBFS [####................] rms=  131 peak=  466 seam=ok lag=334us
13:06:40.292   -> sneezing        p=0.76  preproc=69020us infer=41062us
13:06:40.292 lcd: win 258 -> SNEEZE p=0.76 (22789 us after notify)
13:06:40.292   pt[483]: min=-432 max=328 avg_abs=89 | fifo=944 under=0 over=0 late=0 mdf_cb=15549 mdf_err=0
13:06:40.485 in=16128Hz out=16400Hz ring=960 under=0 over=0 (dt=1000000us) loglag=120590us
13:06:40.808   pt[484]: min=-468 max=460 avg_abs=98 | fifo=1136 under=0 over=0 late=0 mdf_cb=15581 mdf_err=0
13:06:41.256 {"win":259,"cls":"unknown","p":0.39,"lat_ms":112,"under":0,"over":0,"late":0}
13:06:41.256 win  259 pos= 3978240  -49dBFS [###.................] rms=  117 peak=  468 seam=ok lag=334us
13:06:41.256   -> unknown         p=0.39  preproc=69021us infer=41045us
13:06:41.256 ====================================
13:06:41.256 ====================================
13:06:41.256 TAP TOTAL win=259
13:06:41.256 ====================================
13:06:41.256 ====================================
13:06:41.256 tap total: windows=260 (expected 260 from 3995648 samples) overrun=0 torn=0 skipped=0 seam ok=259 NG=0
13:06:41.263   tap lag max=381us (0 of them lower bounds) | tap write max=7595ns avg=5326ns (15608 calls)
13:06:41.272   audio under=0 over=0 late=0 | aed run=260 err=0 (last er=0)
13:06:41.277   preproc max=69054us avg=69013us | infer max=41111us avg=41034us
13:06:41.280   notify out=131 held=78 offlist=51 gated=0 lat max=112180us (0 lower bounds)
13:06:41.288   log sent=1852 dropped=0 lag max=120590us
13:06:41.288   disp sent=97 dropped=0 max=97110us avg=32755us
13:06:41.296 ====================================
13:06:41.296 ====================================
13:06:41.368   pt[485]: min=-386 max=348 avg_abs=94 | fifo=928 under=0 over=0 late=0 mdf_cb=15613 mdf_err=0
13:06:41.496 in=16128Hz out=16000Hz ring=1088 under=0 over=0 (dt=999999us) loglag=120590us
13:06:41.880   pt[486]: min=-626 max=478 avg_abs=113 | fifo=976 under=0 over=0 late=0 mdf_cb=15646 mdf_err=0
13:06:42.200 {"win":260,"cls":"sneezing","p":0.57,"lat_ms":112,"under":0,"over":0,"late":0}
13:06:42.200 win  260 pos= 3993600  -47dBFS [####................] rms=  140 peak=  626 seam=ok lag=334us
13:06:42.200   -> sneezing        p=0.57  preproc=69015us infer=41018us
13:06:42.265 lcd: win 260 -> SNEEZE p=0.57 (22791 us after notify)
13:06:42.392   pt[487]: min=-500 max=538 avg_abs=114 | fifo=1168 under=0 over=0 late=0 mdf_cb=15678 mdf_err=0
13:06:42.520 in=16128Hz out=16000Hz ring=1216 under=0 over=0 (dt=1000000us) loglag=120590us
13:06:42.898   pt[488]: min=-398 max=370 avg_abs=95 | fifo=960 under=0 over=0 late=0 mdf_cb=15710 mdf_err=0
13:06:43.156 {"win":261,"cls":"unknown","p":0.41,"lat_ms":112,"under":0,"over":0,"late":0}
13:06:43.156 win  261 pos= 4008960  -48dBFS [####................] rms=  130 peak=  500 seam=ok lag=337us
13:06:43.156   -> unknown         p=0.41  preproc=68953us infer=41039us
13:06:43.412   pt[489]: min=-420 max=416 avg_abs=115 | fifo=1152 under=0 over=0 late=0 mdf_cb=15742 mdf_err=0
13:06:43.540 in=16128Hz out=16400Hz ring=944 under=0 over=0 (dt=1000000us) loglag=120590us
13:06:43.927   pt[490]: min=-440 max=392 avg_abs=124 | fifo=944 under=0 over=0 late=0 mdf_cb=15774 mdf_err=0
13:06:44.119 {"win":262,"cls":"sneezing","p":0.54,"lat_ms":112,"under":0,"over":0,"late":0}
13:06:44.119 win  262 pos= 4024320  -47dBFS [####................] rms=  145 peak=  440 seam=ok lag=338us
13:06:44.119   -> sneezing        p=0.54  preproc=69025us infer=41029us
13:06:44.184 lcd: win 262 -> SNEEZE p=0.54 (23080 us after notify)
13:06:44.441   pt[491]: min=-368 max=530 avg_abs=103 | fifo=1136 under=0 over=0 late=0 mdf_cb=15806 mdf_err=0
13:06:44.505 in=16128Hz out=16000Hz ring=1072 under=0 over=0 (dt=1000000us) loglag=120590us
13:06:44.954   pt[492]: min=-444 max=336 avg_abs=93 | fifo=928 under=0 over=0 late=0 mdf_cb=15838 mdf_err=0
13:06:45.082 {"win":263,"cls":"sneezing","p":0.66,"lat_ms":112,"under":0,"over":0,"late":0}
13:06:45.082 win  263 pos= 4039680  -48dBFS [####................] rms=  123 peak=  530 seam=ok lag=338us
13:06:45.082   -> sneezing        p=0.66  preproc=69022us infer=41026us
13:06:45.082 lcd: win 263 -> SNEEZE p=0.66 (22796 us after notify)
13:06:45.468   pt[493]: min=-408 max=420 avg_abs=92 | fifo=1120 under=0 over=0 late=0 mdf_cb=15870 mdf_err=0
13:06:45.531 in=16128Hz out=16000Hz ring=1200 under=0 over=0 (dt=1000000us) loglag=120590us
13:06:46.044   pt[494]: min=-426 max=358 avg_abs=101 | fifo=912 under=0 over=0 late=0 mdf_cb=15902 mdf_err=0
13:06:46.044 {"win":264,"cls":"unknown","p":0.44,"lat_ms":112,"under":0,"over":0,"late":0}
13:06:46.044 win  264 pos= 4055040  -49dBFS [###.................] rms=  121 peak=  426 seam=ok lag=336us
13:06:46.044   -> unknown         p=0.44  preproc=69049us infer=41024us
13:06:46.493   pt[495]: min=-420 max=354 avg_abs=97 | fifo=960 under=0 over=0 late=0 mdf_cb=15935 mdf_err=0
13:06:46.557 in=16128Hz out=16400Hz ring=928 under=0 over=0 (dt=999999us) loglag=120590us
13:06:47.007   pt[496]: min=-384 max=402 avg_abs=98 | fifo=1152 under=0 over=0 late=0 mdf_cb=15967 mdf_err=0
13:06:47.007 {"win":265,"cls":"sneezing","p":0.68,"lat_ms":112,"under":0,"over":0,"late":0}
13:06:47.007 win  265 pos= 4070400  -49dBFS [###.................] rms=  123 peak=  420 seam=ok lag=337us
13:06:47.007   -> sneezing        p=0.68  preproc=69019us infer=41046us
13:06:47.071 lcd: win 265 -> SNEEZE p=0.68 (31320 us after notify)
13:06:47.521   pt[497]: min=-406 max=404 avg_abs=116 | fifo=944 under=0 over=0 late=0 mdf_cb=15999 mdf_err=0
13:06:47.521 in=16128Hz out=16000Hz ring=1056 under=0 over=0 (dt=1000000us) loglag=120590us
13:06:47.970 {"win":266,"cls":"unknown","p":0.50,"lat_ms":112,"under":0,"over":0,"late":0}
13:06:47.970 win  266 pos= 4085760  -47dBFS [####................] rms=  139 peak=  468 seam=ok lag=334us
13:06:47.970   -> unknown         p=0.50  preproc=68970us infer=41062us
13:06:48.034   pt[498]: min=-404 max=468 avg_abs=114 | fifo=1136 under=0 over=0 late=0 mdf_cb=16031 mdf_err=0
13:06:48.548   pt[499]: min=-344 max=390 avg_abs=99 | fifo=928 under=0 over=0 late=0 mdf_cb=16063 mdf_err=0
13:06:48.548 in=16128Hz out=16000Hz ring=1184 under=0 over=0 (dt=999999us) loglag=120590us
13:06:48.934 win  267 pos= 4101120  -48dBFS [####................] rms=  126 peak=  406 seam=ok lag=336us
13:06:48.934   -> unknown         p=0.35  preproc=69023us infer=41045us
13:06:49.063   pt[500]: min=-406 max=390 avg_abs=103 | fifo=1120 under=0 over=0 late=0 mdf_cb=16095 mdf_err=0
13:06:49.577 in=16128Hz out=16000Hz ring=1312 under=0 over=0 (dt=999999us) loglag=120590us
13:06:49.577   pt[501]: min=-500 max=394 avg_abs=105 | fifo=912 under=0 over=0 late=0 mdf_cb=16127 mdf_err=0
13:06:49.898 win  268 pos= 4116480  -48dBFS [####................] rms=  127 peak=  500 seam=ok lag=338us
13:06:49.898   -> unknown         p=0.42  preproc=69025us infer=41035us
13:06:50.091   pt[502]: min=-350 max=358 avg_abs=91 | fifo=1104 under=0 over=0 late=0 mdf_cb=16159 mdf_err=0
13:06:50.542 in=16128Hz out=16400Hz ring=1040 under=0 over=0 (dt=1000000us) loglag=120590us
13:06:50.610   pt[503]: min=-468 max=378 avg_abs=94 | fifo=1152 under=0 over=0 late=0 mdf_cb=16192 mdf_err=0
13:06:50.877 win  269 pos= 4131840  -49dBFS [###.................] rms=  116 peak=  468 seam=ok lag=333us
13:06:50.877   -> unknown         p=0.46  preproc=69028us infer=40986us
13:06:50.877 ====================================
13:06:50.877 ====================================
13:06:50.877 TAP TOTAL win=269
13:06:50.877 ====================================
13:06:50.877 ====================================
13:06:50.877 tap total: windows=270 (expected 270 from 4149248 samples) overrun=0 torn=0 skipped=0 seam ok=269 NG=0
13:06:50.877   tap lag max=381us (0 of them lower bounds) | tap write max=7595ns avg=5326ns (16208 calls)
13:06:50.877   audio under=0 over=0 late=0 | aed run=270 err=0 (last er=0)
13:06:50.877   preproc max=69054us avg=69013us | infer max=41111us avg=41034us
13:06:50.877   notify out=138 held=81 offlist=51 gated=0 lat max=112180us (0 lower bounds)
13:06:50.885   log sent=1926 dropped=0 lag max=120590us
13:06:50.897   disp sent=101 dropped=0 max=97110us avg=32448us
13:06:50.897 ====================================
13:06:50.897 ====================================
13:06:51.099   pt[504]: min=-426 max=360 avg_abs=93 | fifo=944 under=0 over=0 late=0 mdf_cb=16224 mdf_err=0
13:06:51.543 in=16128Hz out=16000Hz ring=1168 under=0 over=0 (dt=1000000us) loglag=120590us
13:06:51.606   pt[505]: min=-362 max=408 avg_abs=101 | fifo=1136 under=0 over=0 late=0 mdf_cb=16256 mdf_err=0
13:06:51.798 win  270 pos= 4147200  -48dBFS [####................] rms=  126 peak=  416 seam=ok lag=333us
13:06:51.798   -> unknown         p=0.45  preproc=69025us infer=41036us
13:06:52.119   pt[506]: min=-484 max=446 avg_abs=104 | fifo=928 under=0 over=0 late=0 mdf_cb=16288 mdf_err=0
13:06:52.568 in=16128Hz out=16000Hz ring=1296 under=0 over=0 (dt=1000000us) loglag=120590us
13:06:52.632   pt[507]: min=-468 max=402 avg_abs=97 | fifo=1120 under=0 over=0 late=0 mdf_cb=16320 mdf_err=0
13:06:52.760 win  271 pos= 4162560  -48dBFS [####................] rms=  126 peak=  484 seam=ok lag=378us
13:06:52.760   -> unknown         p=0.42  preproc=68965us infer=41096us
13:06:53.147   pt[508]: min=-500 max=382 avg_abs=102 | fifo=912 under=0 over=0 late=0 mdf_cb=16352 mdf_err=0
13:06:53.597 in=16128Hz out=16400Hz ring=1024 under=0 over=0 (dt=999999us) loglag=120711us
13:06:53.725   pt[509]: min=-500 max=520 avg_abs=132 | fifo=1104 under=0 over=0 late=0 mdf_cb=16384 mdf_err=0
13:06:53.725 {"win":272,"cls":"sneezing","p":0.83,"lat_ms":112,"under":0,"over":0,"late":0}
13:06:53.725 win  272 pos= 4177920  -47dBFS [####................] rms=  147 peak=  520 seam=ok lag=334us
13:06:53.725   -> sneezing        p=0.83  preproc=69038us infer=41039us
13:06:53.788 lcd: win 272 -> SNEEZE p=0.83 (31453 us after notify)
13:06:54.174   pt[510]: min=-464 max=548 avg_abs=101 | fifo=896 under=0 over=0 late=0 mdf_cb=16416 mdf_err=0
13:06:54.689 in=16128Hz out=16000Hz ring=1152 under=0 over=0 (dt=1000000us) loglag=120711us
13:06:54.689 win  273 pos= 4193280  -48dBFS [####................] rms=  125 peak=  548 seam=ok lag=335us
13:06:54.689   -> clock_tick      p=0.71  preproc=69016us infer=41031us
13:06:54.689   pt[511]: min=-394 max=420 avg_abs=105 | fifo=944 under=0 over=0 late=0 mdf_cb=16449 mdf_err=0
13:06:55.200   pt[512]: min=-454 max=464 avg_abs=108 | fifo=1136 under=0 over=0 late=0 mdf_cb=16481 mdf_err=0
13:06:55.651 in=16128Hz out=16000Hz ring=1280 under=0 over=0 (dt=999999us) loglag=120711us
13:06:55.651 win  274 pos= 4208640  -48dBFS [####................] rms=  136 peak=  464 seam=ok lag=336us
13:06:55.651   -> unknown         p=0.49  preproc=69028us infer=40985us
13:06:55.715   pt[513]: min=-410 max=408 avg_abs=98 | fifo=928 under=0 over=0 late=0 mdf_cb=16513 mdf_err=0
13:06:56.228   pt[514]: min=-452 max=478 avg_abs=93 | fifo=1120 under=0 over=0 late=0 mdf_cb=16545 mdf_err=0
13:06:56.611 win  275 pos= 4224000  -49dBFS [###.................] rms=  117 peak=  478 seam=ok lag=333us
13:06:56.611   -> unknown         p=0.44  preproc=69015us infer=41025us
13:06:56.611 in=16028Hz out=16298Hz ring=1008 under=0 over=0 (dt=1006207us) loglag=120711us
13:06:56.740   pt[515]: min=-472 max=344 avg_abs=94 | fifo=912 under=0 over=0 late=0 mdf_cb=16577 mdf_err=0
13:06:57.251   pt[516]: min=-378 max=372 avg_abs=96 | fifo=1104 under=0 over=0 late=0 mdf_cb=16609 mdf_err=0
13:06:57.572 win  276 pos= 4239360  -48dBFS [####................] rms=  126 peak=  378 seam=ok lag=332us
13:06:57.572   -> unknown         p=0.46  preproc=68964us infer=41048us
13:06:57.637 in=16228Hz out=16099Hz ring=1136 under=0 over=0 (dt=993792us) loglag=120711us
13:06:57.765   pt[517]: min=-536 max=556 avg_abs=131 | fifo=896 under=0 over=0 late=0 mdf_cb=16641 mdf_err=0
13:06:58.280   pt[518]: min=-454 max=446 avg_abs=119 | fifo=1344 under=0 over=0 late=0 mdf_cb=16674 mdf_err=0
13:06:58.533 {"win":277,"cls":"sneezing","p":0.70,"lat_ms":112,"under":0,"over":0,"late":0}
13:06:58.533 win  277 pos= 4254720  -47dBFS [####................] rms=  155 peak=  556 seam=ok lag=336us
13:06:58.533   -> sneezing        p=0.70  preproc=69018us infer=41042us
13:06:58.533 lcd: win 277 -> SNEEZE p=0.70 (22791 us after notify)
13:06:58.661 in=16128Hz out=16000Hz ring=1264 under=0 over=0 (dt=1000000us) loglag=120711us
13:06:58.792   pt[519]: min=-534 max=434 avg_abs=121 | fifo=1136 under=0 over=0 late=0 mdf_cb=16706 mdf_err=0
13:06:59.319   pt[520]: min=-508 max=478 avg_abs=134 | fifo=928 under=0 over=0 late=0 mdf_cb=16738 mdf_err=0
13:06:59.511 {"win":278,"cls":"unknown","p":0.42,"lat_ms":112,"under":0,"over":0,"late":0}
13:06:59.511 win  278 pos= 4270080  -46dBFS [####................] rms=  159 peak=  534 seam=ok lag=334us
13:06:59.511   -> unknown         p=0.42  preproc=69025us infer=41085us
13:06:59.640 in=16128Hz out=16400Hz ring=992 under=0 over=0 (dt=999999us) loglag=120711us
13:06:59.834   pt[521]: min=-570 max=510 avg_abs=113 | fifo=1120 under=0 over=0 late=0 mdf_cb=16770 mdf_err=0
13:07:00.477   pt[522]: min=-368 max=402 avg_abs=90 | fifo=912 under=0 over=0 late=0 mdf_cb=16802 mdf_err=0
13:07:00.477 {"win":279,"cls":"sneezing","p":0.67,"lat_ms":112,"under":0,"over":0,"late":0}
13:07:00.477 win  279 pos= 4285440  -48dBFS [####................] rms=  129 peak=  570 seam=ok lag=338us
13:07:00.477   -> sneezing        p=0.67  preproc=69050us infer=41046us
13:07:00.477 ====================================
13:07:00.477 ====================================
13:07:00.477 TAP TOTAL win=279
13:07:00.477 ====================================
13:07:00.477 ====================================
13:07:00.477 tap total: windows=280 (expected 280 from 4302848 samples) overrun=0 torn=0 skipped=0 seam ok=279 NG=0
13:07:00.477   tap lag max=381us (0 of them lower bounds) | tap write max=7595ns avg=5326ns (16808 calls)
13:07:00.482   audio under=0 over=0 late=0 | aed run=280 err=0 (last er=0)
13:07:00.482   preproc max=69054us avg=69013us | infer max=41111us avg=41034us
13:07:00.493   notify out=142 held=86 offlist=52 gated=0 lat max=112180us (0 lower bounds)
13:07:00.493   log sent=1994 dropped=0 lag max=120711us
13:07:00.493   disp sent=104 dropped=0 max=97110us avg=32344us
13:07:00.510 ====================================
13:07:00.510 ====================================
13:07:00.588 lcd: win 279 -> SNEEZE p=0.67 (97113 us after notify)
13:07:00.652 in=16128Hz out=16000Hz ring=1120 under=0 over=0 (dt=1000000us) loglag=120711us
13:07:00.910   pt[523]: min=-478 max=366 avg_abs=96 | fifo=1104 under=0 over=0 late=0 mdf_cb=16834 mdf_err=0
13:07:01.425   pt[524]: min=-444 max=494 avg_abs=108 | fifo=896 under=0 over=0 late=0 mdf_cb=16866 mdf_err=0
13:07:01.425 {"win":280,"cls":"sneezing","p":0.61,"lat_ms":112,"under":0,"over":0,"late":0}
13:07:01.425 win  280 pos= 4300800  -48dBFS [####................] rms=  126 peak=  478 seam=ok lag=334us
13:07:01.425   -> sneezing        p=0.61  preproc=69018us infer=41045us
13:07:01.425 lcd: win 280 -> SNEEZE p=0.61 (31319 us after notify)
13:07:01.682 in=16128Hz out=16000Hz ring=1248 under=0 over=0 (dt=1000000us) loglag=120711us
13:07:01.877   pt[525]: min=-402 max=458 avg_abs=109 | fifo=1088 under=0 over=0 late=0 mdf_cb=16898 mdf_err=0
13:07:02.397 {"win":281,"cls":"sneezing","p":0.63,"lat_ms":112,"under":0,"over":0,"late":0}
13:07:02.397 win  281 pos= 4316160  -47dBFS [####................] rms=  146 peak=  494 seam=ok lag=336us
13:07:02.397   -> sneezing        p=0.63  preproc=68965us infer=41043us
13:07:02.397 lcd: win 281 -> SNEEZE p=0.63 (22788 us after notify)
13:07:02.397   pt[526]: min=-434 max=434 avg_abs=124 | fifo=880 under=0 over=0 late=0 mdf_cb=16930 mdf_err=0
13:07:02.654 in=16128Hz out=16400Hz ring=976 under=0 over=0 (dt=1000000us) loglag=120711us
13:07:02.911   pt[527]: min=-370 max=420 avg_abs=97 | fifo=1328 under=0 over=0 late=0 mdf_cb=16963 mdf_err=0
13:07:03.360 {"win":282,"cls":"sneezing","p":0.57,"lat_ms":112,"under":0,"over":0,"late":0}
13:07:03.360 win  282 pos= 4331520  -48dBFS [####................] rms=  128 peak=  444 seam=ok lag=335us
13:07:03.360   -> sneezing        p=0.57  preproc=69020us infer=41043us
13:07:03.360 lcd: win 282 -> SNEEZE p=0.57 (22791 us after notify)
13:07:03.424   pt[528]: min=-444 max=450 avg_abs=109 | fifo=1120 under=0 over=0 late=0 mdf_cb=16995 mdf_err=0
13:07:03.680 in=16128Hz out=16000Hz ring=1104 under=0 over=0 (dt=999999us) loglag=120711us
13:07:03.938   pt[529]: min=-566 max=542 avg_abs=142 | fifo=912 under=0 over=0 late=0 mdf_cb=17027 mdf_err=0
13:07:04.322 {"win":283,"cls":"unknown","p":0.39,"lat_ms":112,"under":0,"over":0,"late":0}
13:07:04.322 win  283 pos= 4346880  -46dBFS [####................] rms=  156 peak=  566 seam=ok lag=334us
13:07:04.322   -> unknown         p=0.39  preproc=69015us infer=41095us
13:07:04.451   pt[530]: min=-444 max=330 avg_abs=97 | fifo=1104 under=0 over=0 late=0 mdf_cb=17059 mdf_err=0
13:07:04.644 in=15872Hz out=16000Hz ring=976 under=0 over=0 (dt=999999us) loglag=120711us
13:07:04.981   pt[531]: min=-450 max=472 avg_abs=109 | fifo=896 under=0 over=0 late=0 mdf_cb=17091 mdf_err=0
13:07:05.238 win  284 pos= 4362240  -48dBFS [####................] rms=  135 peak=  472 seam=ok lag=336us
13:07:05.238   -> unknown         p=0.42  preproc=69027us infer=41040us
13:07:05.495   pt[532]: min=-412 max=402 avg_abs=113 | fifo=1088 under=0 over=0 late=0 mdf_cb=17123 mdf_err=0
13:07:05.688 in=16128Hz out=16000Hz ring=1104 under=0 over=0 (dt=999999us) loglag=120711us
13:07:06.009   pt[533]: min=-432 max=356 avg_abs=94 | fifo=880 under=0 over=0 late=0 mdf_cb=17155 mdf_err=0
13:07:06.202 {"win":285,"cls":"sneezing","p":0.68,"lat_ms":112,"under":0,"over":0,"late":0}
13:07:06.202 win  285 pos= 4377600  -48dBFS [####................] rms=  125 peak=  432 seam=ok lag=336us
13:07:06.202   -> sneezing        p=0.68  preproc=69020us infer=41040us
13:07:06.265 lcd: win 285 -> SNEEZE p=0.68 (22790 us after notify)
13:07:06.523   pt[534]: min=-342 max=344 avg_abs=87 | fifo=1072 under=0 over=0 late=0 mdf_cb=17187 mdf_err=0
13:07:06.716 in=16128Hz out=16400Hz ring=832 under=0 over=0 (dt=1000000us) loglag=120711us
13:07:07.031   pt[535]: min=-358 max=534 avg_abs=98 | fifo=864 under=0 over=0 late=0 mdf_cb=17219 mdf_err=0
13:07:07.157 {"win":286,"cls":"sneezing","p":0.63,"lat_ms":112,"under":0,"over":0,"late":0}
13:07:07.157 win  286 pos= 4392960  -49dBFS [###.................] rms=  117 peak=  534 seam=ok lag=335us
13:07:07.157   -> sneezing        p=0.63  preproc=68974us infer=41043us
13:07:07.222 lcd: win 286 -> SNEEZE p=0.63 (22791 us after notify)
13:07:07.542   pt[536]: min=-442 max=412 avg_abs=98 | fifo=1312 under=0 over=0 late=0 mdf_cb=17252 mdf_err=0
13:07:07.671 in=16128Hz out=16000Hz ring=960 under=0 over=0 (dt=999999us) loglag=120711us
13:07:08.120   pt[537]: min=-428 max=418 avg_abs=106 | fifo=1104 under=0 over=0 late=0 mdf_cb=17284 mdf_err=0
13:07:08.120 win  287 pos= 4408320  -48dBFS [####................] rms=  128 peak=  442 seam=ok lag=333us
13:07:08.120   -> clock_tick      p=0.58  preproc=69041us infer=40959us
13:07:08.571   pt[538]: min=-474 max=516 avg_abs=110 | fifo=896 under=0 over=0 late=0 mdf_cb=17316 mdf_err=0
13:07:08.698 in=16128Hz out=16000Hz ring=1088 under=0 over=0 (dt=1000000us) loglag=120711us
13:07:09.085 {"win":288,"cls":"sneezing","p":0.72,"lat_ms":112,"under":0,"over":0,"late":0}
13:07:09.085 win  288 pos= 4423680  -47dBFS [####................] rms=  144 peak=  516 seam=ok lag=335us
13:07:09.085   -> sneezing        p=0.72  preproc=69010us infer=41043us
13:07:09.085   pt[539]: min=-456 max=504 avg_abs=135 | fifo=1088 under=0 over=0 late=0 mdf_cb=17348 mdf_err=0
13:07:09.163 lcd: win 288 -> SNEEZE p=0.72 (31422 us after notify)
13:07:09.614   pt[540]: min=-712 max=614 avg_abs=158 | fifo=880 under=0 over=0 late=0 mdf_cb=17380 mdf_err=0
13:07:09.745 in=16128Hz out=16400Hz ring=816 under=0 over=0 (dt=1000000us) loglag=120711us
13:07:10.079 {"win":289,"cls":"sneezing","p":0.75,"lat_ms":112,"under":0,"over":0,"late":0}
13:07:10.079 win  289 pos= 4439040  -45dBFS [#####...............] rms=  182 peak=  712 seam=ok lag=333us
13:07:10.079   -> sneezing        p=0.75  preproc=69024us infer=41037us
13:07:10.079 ====================================
13:07:10.079 ====================================
13:07:10.079 TAP TOTAL win=289
13:07:10.079 ====================================
13:07:10.079 ====================================
13:07:10.079 tap total: windows=290 (expected 290 from 4456448 samples) overrun=0 torn=0 skipped=0 seam ok=289 NG=0
13:07:10.079   tap lag max=381us (0 of them lower bounds) | tap write max=7595ns avg=5326ns (17408 calls)
13:07:10.079   audio under=0 over=0 late=0 | aed run=290 err=0 (last er=0)
13:07:10.079   preproc max=69054us avg=69013us | infer max=41111us avg=41034us
13:07:10.087   notify out=150 held=87 offlist=53 gated=0 lat max=112180us (0 lower bounds)
13:07:10.095   log sent=2071 dropped=0 lag max=120711us
13:07:10.098   disp sent=111 dropped=0 max=97113us avg=32568us
13:07:10.104 ====================================
13:07:10.104 ====================================
13:07:10.104   pt[541]: min=-370 max=416 avg_abs=101 | fifo=1072 under=0 over=0 late=0 mdf_cb=17412 mdf_err=0
13:07:10.175 lcd: win 289 -> SNEEZE p=0.75 (97306 us after notify)
13:07:10.626   pt[542]: min=-488 max=400 avg_abs=96 | fifo=864 under=0 over=0 late=0 mdf_cb=17444 mdf_err=0
13:07:10.694 in=16128Hz out=16000Hz ring=944 under=0 over=0 (dt=999999us) loglag=120711us
13:07:11.028 {"win":290,"cls":"sneezing","p":0.79,"lat_ms":112,"under":0,"over":0,"late":0}
13:07:11.028 win  290 pos= 4454400  -49dBFS [###.................] rms=  122 peak=  488 seam=ok lag=332us
13:07:11.028   -> sneezing        p=0.79  preproc=69028us infer=40985us
13:07:11.028 lcd: win 290 -> SNEEZE p=0.79 (22793 us after notify)
13:07:11.156   pt[543]: min=-414 max=378 avg_abs=111 | fifo=1056 under=0 over=0 late=0 mdf_cb=17476 mdf_err=0
13:07:11.670   pt[544]: min=-426 max=508 avg_abs=91 | fifo=1104 under=0 over=0 late=0 mdf_cb=17509 mdf_err=0
13:07:11.734 in=16128Hz out=16000Hz ring=1072 under=0 over=0 (dt=1000000us) loglag=120711us
13:07:11.992 {"win":291,"cls":"sneezing","p":0.62,"lat_ms":112,"under":0,"over":0,"late":0}
13:07:11.992 win  291 pos= 4469760  -48dBFS [####................] rms=  128 peak=  508 seam=ok lag=333us
13:07:11.992   -> sneezing        p=0.62  preproc=68969us infer=41020us
13:07:11.992 lcd: win 291 -> SNEEZE p=0.62 (22788 us after notify)
13:07:12.186   pt[545]: min=-428 max=456 avg_abs=105 | fifo=896 under=0 over=0 late=0 mdf_cb=17541 mdf_err=0
13:07:12.700   pt[546]: min=-390 max=336 avg_abs=81 | fifo=1088 under=0 over=0 late=0 mdf_cb=17573 mdf_err=0
13:07:12.762 in=16128Hz out=16400Hz ring=800 under=0 over=0 (dt=1000000us) loglag=120711us
13:07:12.954 {"win":292,"cls":"sneezing","p":0.71,"lat_ms":112,"under":0,"over":0,"late":0}
13:07:12.954 win  292 pos= 4485120  -49dBFS [###.................] rms=  119 peak=  456 seam=ok lag=333us
13:07:12.954   -> sneezing        p=0.71  preproc=69023us infer=41024us
13:07:12.954 lcd: win 292 -> SNEEZE p=0.71 (22791 us after notify)
13:07:13.211   pt[547]: min=-464 max=432 avg_abs=121 | fifo=880 under=0 over=0 late=0 mdf_cb=17605 mdf_err=0
13:07:13.739   pt[548]: min=-580 max=912 avg_abs=116 | fifo=1072 under=0 over=0 late=0 mdf_cb=17637 mdf_err=0
13:07:13.739 in=16128Hz out=16000Hz ring=928 under=0 over=0 (dt=999999us) loglag=120711us
13:07:13.868 {"win":293,"cls":"sneezing","p":0.69,"lat_ms":112,"under":0,"over":0,"late":0}
13:07:13.870 win  293 pos= 4500480  -47dBFS [####................] rms=  152 peak=  912 seam=ok lag=336us
13:07:13.878   -> sneezing        p=0.69  preproc=69012us infer=41069us
13:07:13.947 lcd: win 293 -> SNEEZE p=0.69 (23090 us after notify)
13:07:14.266   pt[549]: min=-428 max=374 avg_abs=96 | fifo=864 under=0 over=0 late=0 mdf_cb=17669 mdf_err=0
13:07:14.847 in=16128Hz out=16000Hz ring=1056 under=0 over=0 (dt=1000000us) loglag=120711us
13:07:14.847   pt[550]: min=-1006 max=992 avg_abs=173 | fifo=1056 under=0 over=0 late=0 mdf_cb=17701 mdf_err=0
13:07:14.847 {"win":294,"cls":"sneezing","p":0.60,"lat_ms":112,"under":0,"over":0,"late":0}
13:07:14.847 win  294 pos= 4515840  -45dBFS [#####...............] rms=  193 peak= 1006 seam=ok lag=335us
13:07:14.854   -> sneezing        p=0.60  preproc=69052us infer=41001us
13:07:14.926 lcd: win 294 -> SNEEZE p=0.60 (38539 us after notify)
13:07:15.247   pt[551]: min=-468 max=498 avg_abs=114 | fifo=848 under=0 over=0 late=0 mdf_cb=17733 mdf_err=0
13:07:15.824 in=16128Hz out=16400Hz ring=784 under=0 over=0 (dt=1000000us) loglag=120711us
13:07:15.824   pt[552]: min=-500 max=354 avg_abs=104 | fifo=1040 under=0 over=0 late=0 mdf_cb=17765 mdf_err=0
13:07:15.824 {"win":295,"cls":"sneezing","p":0.59,"lat_ms":112,"under":0,"over":0,"late":0}
13:07:15.824 win  295 pos= 4531200  -47dBFS [####................] rms=  140 peak=  500 seam=ok lag=335us
13:07:15.824   -> sneezing        p=0.59  preproc=69024us infer=41040us
13:07:15.824 lcd: win 295 -> SNEEZE p=0.59 (38317 us after notify)
13:07:16.275   pt[553]: min=-356 max=432 avg_abs=96 | fifo=1088 under=0 over=0 late=0 mdf_cb=17798 mdf_err=0
13:07:16.789 in=16128Hz out=16000Hz ring=912 under=0 over=0 (dt=1000000us) loglag=120711us
13:07:16.789 {"win":296,"cls":"sneezing","p":0.85,"lat_ms":112,"under":0,"over":0,"late":0}
13:07:16.789 win  296 pos= 4546560  -49dBFS [###.................] rms=  116 peak=  432 seam=ok lag=336us
13:07:16.789   -> sneezing        p=0.85  preproc=68966us infer=41049us
13:07:16.789 lcd: win 296 -> SNEEZE p=0.85 (29702 us after notify)
13:07:16.789   pt[554]: min=-350 max=350 avg_abs=91 | fifo=1280 under=0 over=0 late=0 mdf_cb=17830 mdf_err=0
13:07:17.301   pt[555]: min=-492 max=454 avg_abs=108 | fifo=1072 under=0 over=0 late=0 mdf_cb=17862 mdf_err=0
13:07:17.752 {"win":297,"cls":"sneezing","p":0.53,"lat_ms":112,"under":0,"over":0,"late":0}
13:07:17.752 win  297 pos= 4561920  -48dBFS [####................] rms=  127 peak=  492 seam=ok lag=337us
13:07:17.752   -> sneezing        p=0.53  preproc=69020us infer=41032us
13:07:17.752 lcd: win 297 -> SNEEZE p=0.53 (22793 us after notify)
13:07:17.752 in=16128Hz out=16000Hz ring=1040 under=0 over=0 (dt=999999us) loglag=120711us
13:07:17.814   pt[556]: min=-416 max=428 avg_abs=92 | fifo=864 under=0 over=0 late=0 mdf_cb=17894 mdf_err=0
13:07:18.330   pt[557]: min=-392 max=384 avg_abs=96 | fifo=1056 under=0 over=0 late=0 mdf_cb=17926 mdf_err=0
13:07:18.715 {"win":298,"cls":"unknown","p":0.46,"lat_ms":112,"under":0,"over":0,"late":0}
13:07:18.715 win  298 pos= 4577280  -49dBFS [###.................] rms=  120 peak=  416 seam=ok lag=335us
13:07:18.715   -> unknown         p=0.46  preproc=69027us infer=41018us
13:07:18.779 in=16128Hz out=16000Hz ring=1168 under=0 over=0 (dt=999999us) loglag=120711us
13:07:18.843   pt[558]: min=-498 max=536 avg_abs=115 | fifo=848 under=0 over=0 late=0 mdf_cb=17958 mdf_err=0
13:07:19.356   pt[559]: min=-502 max=444 avg_abs=129 | fifo=1040 under=0 over=0 late=0 mdf_cb=17990 mdf_err=0
13:07:19.678 win  299 pos= 4592640  -46dBFS [####................] rms=  156 peak=  536 seam=ok lag=336us
13:07:19.678   -> unknown         p=0.38  preproc=69020us infer=41028us
13:07:19.678 ====================================
13:07:19.678 ====================================
13:07:19.678 TAP TOTAL win=299
13:07:19.678 ====================================
13:07:19.678 ====================================
13:07:19.678 tap total: windows=300 (expected 300 from 4610048 samples) overrun=0 torn=0 skipped=0 seam ok=299 NG=0
13:07:19.678   tap lag max=381us (0 of them lower bounds) | tap write max=7595ns avg=5326ns (18008 calls)
13:07:19.678   audio under=0 over=0 late=0 | aed run=300 err=0 (last er=0)
13:07:19.678   preproc max=69054us avg=69013us | infer max=41111us avg=41034us
13:07:19.742   notify out=159 held=88 offlist=53 gated=0 lat max=112180us (0 lower bounds)
13:07:19.742   log sent=2151 dropped=0 lag max=120711us
13:07:19.742   disp sent=119 dropped=0 max=97306us avg=32778us
13:07:19.742 ====================================
13:07:19.742 ====================================
13:07:19.824 in=16128Hz out=16400Hz ring=896 under=0 over=0 (dt=1000000us) loglag=120711us
13:07:19.901   pt[560]: min=-400 max=408 avg_abs=109 | fifo=832 under=0 over=0 late=0 mdf_cb=18022 mdf_err=0
13:07:20.415   pt[561]: min=-464 max=432 avg_abs=112 | fifo=1024 under=0 over=0 late=0 mdf_cb=18054 mdf_err=0
13:07:20.623 win  300 pos= 4608000  -48dBFS [####................] rms=  136 peak=  464 seam=ok lag=333us
13:07:20.623   -> clock_tick      p=0.50  preproc=69031us infer=41064us
13:07:20.816 in=16128Hz out=16000Hz ring=1024 under=0 over=0 (dt=1000000us) loglag=120711us
13:07:20.945   pt[562]: min=-408 max=452 avg_abs=113 | fifo=1072 under=0 over=0 late=0 mdf_cb=18087 mdf_err=0
13:07:21.460   pt[563]: min=-462 max=424 avg_abs=105 | fifo=1264 under=0 over=0 late=0 mdf_cb=18119 mdf_err=0
13:07:21.589 {"win":301,"cls":"sneezing","p":0.83,"lat_ms":112,"under":0,"over":0,"late":0}
13:07:21.589 win  301 pos= 4623360  -48dBFS [####................] rms=  136 peak=  462 seam=ok lag=332us
13:07:21.589   -> sneezing        p=0.83  preproc=68954us infer=41050us
13:07:21.589 lcd: win 301 -> SNEEZE p=0.83 (22787 us after notify)
13:07:21.781 in=16128Hz out=16000Hz ring=1152 under=0 over=0 (dt=999999us) loglag=120711us
13:07:21.975   pt[564]: min=-378 max=378 avg_abs=102 | fifo=1056 under=0 over=0 late=0 mdf_cb=18151 mdf_err=0
13:07:22.550   pt[565]: min=-354 max=352 avg_abs=99 | fifo=848 under=0 over=0 late=0 mdf_cb=18183 mdf_err=0
13:07:22.550 {"win":302,"cls":"sneezing","p":0.58,"lat_ms":112,"under":0,"over":0,"late":0}
13:07:22.550 win  302 pos= 4638720  -48dBFS [####................] rms=  125 peak=  378 seam=ok lag=334us
13:07:22.550   -> sneezing        p=0.58  preproc=69053us infer=41030us
13:07:22.550 lcd: win 302 -> SNEEZE p=0.58 (31278 us after notify)
13:07:22.823 in=16128Hz out=16400Hz ring=880 under=0 over=0 (dt=999999us) loglag=120711us
13:07:22.953   pt[566]: min=-416 max=364 avg_abs=97 | fifo=1040 under=0 over=0 late=0 mdf_cb=18215 mdf_err=0
13:07:23.469   pt[567]: min=-404 max=520 avg_abs=118 | fifo=832 under=0 over=0 late=0 mdf_cb=18247 mdf_err=0
13:07:23.473 {"win":303,"cls":"sneezing","p":0.78,"lat_ms":112,"under":0,"over":0,"late":0}
13:07:23.479 win  303 pos= 4654080  -48dBFS [####................] rms=  136 peak=  520 seam=ok lag=336us
13:07:23.488   -> sneezing        p=0.78  preproc=69016us infer=41097us
13:07:23.547 lcd: win 303 -> SNEEZE p=0.78 (31317 us after notify)
13:07:23.803 in=16128Hz out=16000Hz ring=1008 under=0 over=0 (dt=1000000us) loglag=120711us
13:07:23.995   pt[568]: min=-382 max=428 avg_abs=98 | fifo=1024 under=0 over=0 late=0 mdf_cb=18279 mdf_err=0
13:07:24.438 {"win":304,"cls":"unknown","p":0.36,"lat_ms":112,"under":0,"over":0,"late":0}
13:07:24.438 win  304 pos= 4669440  -48dBFS [####................] rms=  127 peak=  428 seam=ok lag=336us
13:07:24.438   -> unknown         p=0.36  preproc=69015us infer=41021us
13:07:24.502   pt[569]: min=-424 max=396 avg_abs=110 | fifo=816 under=0 over=0 late=0 mdf_cb=18311 mdf_err=0
13:07:24.819 in=16128Hz out=16000Hz ring=1136 under=0 over=0 (dt=999999us) loglag=120711us
13:07:25.009   pt[570]: min=-518 max=494 avg_abs=126 | fifo=1008 under=0 over=0 late=0 mdf_cb=18343 mdf_err=0
13:07:25.390 win  305 pos= 4684800  -47dBFS [####................] rms=  142 peak=  518 seam=ok lag=333us
13:07:25.393   -> clock_tick      p=0.52  preproc=69014us infer=41040us
13:07:25.517   pt[571]: min=-348 max=342 avg_abs=83 | fifo=1056 under=0 over=0 late=0 mdf_cb=18376 mdf_err=0
13:07:25.833 in=16128Hz out=16000Hz ring=1264 under=0 over=0 (dt=1000000us) loglag=120711us
13:07:26.089   pt[572]: min=-456 max=406 avg_abs=109 | fifo=1248 under=0 over=0 late=0 mdf_cb=18408 mdf_err=0
13:07:26.404 {"win":306,"cls":"sneezing","p":0.58,"lat_ms":112,"under":0,"over":0,"late":0}
13:07:26.404 win  306 pos= 4700160  -48dBFS [####................] rms=  135 peak=  528 seam=ok lag=335us
13:07:26.404   -> sneezing        p=0.58  preproc=68965us infer=41042us
13:07:26.404 lcd: win 306 -> SNEEZE p=0.58 (22786 us after notify)
13:07:26.594   pt[573]: min=-528 max=462 avg_abs=118 | fifo=1040 under=0 over=0 late=0 mdf_cb=18440 mdf_err=0
13:07:26.849 in=16128Hz out=16400Hz ring=992 under=0 over=0 (dt=1000000us) loglag=120711us
13:07:27.102   pt[574]: min=-398 max=424 avg_abs=97 | fifo=1232 under=0 over=0 late=0 mdf_cb=18472 mdf_err=0
13:07:27.355 {"win":307,"cls":"sneezing","p":0.51,"lat_ms":112,"under":0,"over":0,"late":0}
13:07:27.355 win  307 pos= 4715520  -48dBFS [####................] rms=  127 peak=  442 seam=ok lag=334us
13:07:27.355   -> sneezing        p=0.51  preproc=69021us infer=41035us
13:07:27.355 lcd: win 307 -> SNEEZE p=0.51 (22793 us after notify)
13:07:27.610   pt[575]: min=-462 max=368 avg_abs=99 | fifo=1024 under=0 over=0 late=0 mdf_cb=18504 mdf_err=0
13:07:27.863 in=16128Hz out=16000Hz ring=1120 under=0 over=0 (dt=999999us) loglag=120711us
13:07:28.117   pt[576]: min=-416 max=364 avg_abs=95 | fifo=816 under=0 over=0 late=0 mdf_cb=18536 mdf_err=0
13:07:28.308 {"win":308,"cls":"unknown","p":0.44,"lat_ms":112,"under":0,"over":0,"late":0}
13:07:28.308 win  308 pos= 4730880  -49dBFS [###.................] rms=  121 peak=  462 seam=ok lag=333us
13:07:28.308   -> unknown         p=0.44  preproc=69018us infer=41067us
13:07:28.626   pt[577]: min=-394 max=436 avg_abs=115 | fifo=1008 under=0 over=0 late=0 mdf_cb=18568 mdf_err=0
13:07:28.880 in=16128Hz out=16000Hz ring=1248 under=0 over=0 (dt=999999us) loglag=120711us
13:07:29.134   pt[578]: min=-530 max=410 avg_abs=107 | fifo=800 under=0 over=0 late=0 mdf_cb=18600 mdf_err=0
13:07:29.261 win  309 pos= 4746240  -48dBFS [####................] rms=  138 peak=  530 seam=ok lag=337us
13:07:29.261   -> unknown         p=0.42  preproc=69023us infer=41023us
13:07:29.261 ====================================
13:07:29.261 ====================================
13:07:29.261 TAP TOTAL win=309
13:07:29.261 ====================================
13:07:29.261 ====================================
13:07:29.261 tap total: windows=310 (expected 310 from 4763648 samples) overrun=0 torn=0 skipped=0 seam ok=309 NG=0
13:07:29.269   tap lag max=381us (0 of them lower bounds) | tap write max=7595ns avg=5326ns (18608 calls)
13:07:29.277   audio under=0 over=0 late=0 | aed run=310 err=0 (last er=0)
13:07:29.281   preproc max=69054us avg=69013us | infer max=41111us avg=41034us
13:07:29.281   notify out=166 held=89 offlist=55 gated=0 lat max=112180us (0 lower bounds)
13:07:29.295   log sent=2226 dropped=0 lag max=120711us
13:07:29.295   disp sent=124 dropped=0 max=97306us avg=32513us
13:07:29.295 ====================================
13:07:29.309 ====================================
13:07:29.626   pt[579]: min=-506 max=370 avg_abs=94 | fifo=1248 under=0 over=0 late=0 mdf_cb=18633 mdf_err=0
13:07:29.896 in=16128Hz out=16400Hz ring=976 under=0 over=0 (dt=1000000us) loglag=120742us
13:07:30.213   pt[580]: min=-408 max=430 avg_abs=111 | fifo=1040 under=0 over=0 late=0 mdf_cb=18665 mdf_err=0
13:07:30.213 win  310 pos= 4761600  -48dBFS [####................] rms=  128 peak=  506 seam=ok lag=337us
13:07:30.213   -> unknown         p=0.48  preproc=69051us infer=40982us
13:07:30.659   pt[581]: min=-482 max=444 avg_abs=129 | fifo=1232 under=0 over=0 late=0 mdf_cb=18697 mdf_err=0
13:07:30.850 in=16128Hz out=16000Hz ring=1104 under=0 over=0 (dt=999999us) loglag=120742us
13:07:31.165 {"win":311,"cls":"sneezing","p":0.75,"lat_ms":112,"under":0,"over":0,"late":0}
13:07:31.165 win  311 pos= 4776960  -47dBFS [####................] rms=  147 peak=  518 seam=ok lag=334us
13:07:31.165   -> sneezing        p=0.75  preproc=68976us infer=41040us
13:07:31.228   pt[582]: min=-436 max=518 avg_abs=101 | fifo=1024 under=0 over=0 late=0 mdf_cb=18729 mdf_err=0
13:07:31.228 lcd: win 311 -> SNEEZE p=0.75 (31426 us after notify)
13:07:31.736   pt[583]: min=-364 max=412 avg_abs=91 | fifo=816 under=0 over=0 late=0 mdf_cb=18761 mdf_err=0
13:07:31.862 in=16128Hz out=16000Hz ring=1232 under=0 over=0 (dt=1000000us) loglag=120742us
13:07:32.115 {"win":312,"cls":"sneezing","p":0.64,"lat_ms":112,"under":0,"over":0,"late":0}
13:07:32.115 win  312 pos= 4792320  -49dBFS [###.................] rms=  123 peak=  438 seam=ok lag=334us
13:07:32.115   -> sneezing        p=0.64  preproc=69025us infer=41016us
13:07:32.179 lcd: win 312 -> SNEEZE p=0.64 (22793 us after notify)
13:07:32.242   pt[584]: min=-472 max=438 avg_abs=116 | fifo=1008 under=0 over=0 late=0 mdf_cb=18793 mdf_err=0
13:07:32.752   pt[585]: min=-400 max=430 avg_abs=102 | fifo=800 under=0 over=0 late=0 mdf_cb=18825 mdf_err=0
13:07:32.879 in=16128Hz out=16400Hz ring=960 under=0 over=0 (dt=1000000us) loglag=120742us
13:07:33.071 {"win":313,"cls":"unknown","p":0.44,"lat_ms":112,"under":0,"over":0,"late":0}
13:07:33.073 win  313 pos= 4807680  -48dBFS [####................] rms=  131 peak=  472 seam=ok lag=338us
13:07:33.082   -> unknown         p=0.44  preproc=69025us infer=41039us
13:07:33.278   pt[586]: min=-404 max=400 avg_abs=96 | fifo=1248 under=0 over=0 late=0 mdf_cb=18858 mdf_err=0
13:07:33.786   pt[587]: min=-370 max=466 avg_abs=85 | fifo=1040 under=0 over=0 late=0 mdf_cb=18890 mdf_err=0
13:07:33.913 in=16128Hz out=16000Hz ring=1088 under=0 over=0 (dt=999999us) loglag=120742us
13:07:34.042 {"win":314,"cls":"sneezing","p":0.76,"lat_ms":112,"under":0,"over":0,"late":0}
13:07:34.042 win  314 pos= 4823040  -49dBFS [###.................] rms=  118 peak=  466 seam=ok lag=335us
13:07:34.042   -> sneezing        p=0.76  preproc=69020us infer=41041us
13:07:34.104 lcd: win 314 -> SNEEZE p=0.76 (22790 us after notify)
13:07:34.294   pt[588]: min=-420 max=450 avg_abs=105 | fifo=1232 under=0 over=0 late=0 mdf_cb=18922 mdf_err=0
13:07:34.800   pt[589]: min=-568 max=436 avg_abs=116 | fifo=1024 under=0 over=0 late=0 mdf_cb=18954 mdf_err=0
13:07:34.990 in=16127Hz out=15999Hz ring=1216 under=0 over=0 (dt=1000001us) loglag=120742us
13:07:34.993 win  315 pos= 4838400  -47dBFS [####................] rms=  143 peak=  568 seam=ok lag=336us
13:07:35.002   -> clock_tick      p=0.70  preproc=69034us infer=41022us
13:07:35.324   pt[590]: min=-484 max=422 avg_abs=119 | fifo=1216 under=0 over=0 late=0 mdf_cb=18986 mdf_err=0
13:07:35.829   pt[591]: min=-480 max=368 avg_abs=106 | fifo=1008 under=0 over=0 late=0 mdf_cb=19018 mdf_err=0
13:07:35.956 in=16128Hz out=16400Hz ring=944 under=0 over=0 (dt=999999us) loglag=120742us
13:07:35.956 win  316 pos= 4853760  -47dBFS [####................] rms=  139 peak=  484 seam=ok lag=335us
13:07:35.961   -> unknown         p=0.50  preproc=68968us infer=41037us
13:07:36.354   pt[592]: min=-518 max=480 avg_abs=124 | fifo=800 under=0 over=0 late=0 mdf_cb=19050 mdf_err=0
13:07:36.927   pt[593]: min=-496 max=514 avg_abs=124 | fifo=992 under=0 over=0 late=0 mdf_cb=19082 mdf_err=0
13:07:36.927 in=16128Hz out=16000Hz ring=1072 under=0 over=0 (dt=1000000us) loglag=120742us
13:07:36.927 {"win":317,"cls":"sneezing","p":0.65,"lat_ms":112,"under":0,"over":0,"late":0}
13:07:36.927 win  317 pos= 4869120  -47dBFS [####................] rms=  154 peak=  518 seam=ok lag=335us
13:07:36.936   -> sneezing        p=0.65  preproc=69045us infer=41037us
13:07:37.007 lcd: win 317 -> SNEEZE p=0.65 (38361 us after notify)
13:07:37.387   pt[594]: min=-418 max=442 avg_abs=102 | fifo=1040 under=0 over=0 late=0 mdf_cb=19115 mdf_err=0
13:07:37.895   pt[595]: min=-392 max=464 avg_abs=107 | fifo=1232 under=0 over=0 late=0 mdf_cb=19147 mdf_err=0
13:07:37.895 {"win":318,"cls":"sneezing","p":0.65,"lat_ms":112,"under":0,"over":0,"late":0}
13:07:37.895 win  318 pos= 4884480  -48dBFS [####................] rms=  131 peak=  464 seam=ok lag=332us
13:07:37.895   -> sneezing        p=0.65  preproc=69029us infer=41054us
13:07:37.959 lcd: win 318 -> SNEEZE p=0.65 (31403 us after notify)
13:07:37.959 in=16111Hz out=15983Hz ring=1200 under=0 over=0 (dt=1001015us) loglag=120742us
13:07:38.403   pt[596]: min=-448 max=446 avg_abs=117 | fifo=1024 under=0 over=0 late=0 mdf_cb=19179 mdf_err=0
13:07:38.849 {"win":319,"cls":"sneezing","p":0.80,"lat_ms":112,"under":0,"over":0,"late":0}
13:07:38.849 win  319 pos= 4899840  -48dBFS [####................] rms=  136 peak=  448 seam=ok lag=335us
13:07:38.849   -> sneezing        p=0.80  preproc=69017us infer=41020us
13:07:38.849 ====================================
13:07:38.852 ====================================
13:07:38.854 TAP TOTAL win=319
13:07:38.854 ====================================
13:07:38.860 ====================================
13:07:38.864 tap total: windows=320 (expected 320 from 4917248 samples) overrun=0 torn=0 skipped=0 seam ok=319 NG=0
13:07:38.927   tap lag max=381us (0 of them lower bounds) | tap write max=7595ns avg=5326ns (19208 calls)
13:07:38.927   audio under=0 over=0 late=0 | aed run=320 err=0 (last er=0)
13:07:38.927   preproc max=69054us avg=69013us | infer max=41111us avg=41034us
13:07:38.927   notify out=173 held=91 offlist=56 gated=0 lat max=112180us (0 lower bounds)
13:07:38.927   log sent=2299 dropped=0 lag max=120742us
13:07:38.927   disp sent=130 dropped=0 max=97306us avg=32390us
13:07:38.927 ====================================
13:07:38.927 ====================================
13:07:38.927   pt[597]: min=-370 max=338 avg_abs=95 | fifo=1216 under=0 over=0 late=0 mdf_cb=19211 mdf_err=0
13:07:38.927 in=16129Hz out=16001Hz ring=1328 under=0 over=0 (dt=999923us) loglag=120742us
13:07:38.990 lcd: win 319 -> SNEEZE p=0.80 (104136 us after notify)
13:07:39.433   pt[598]: min=-362 max=340 avg_abs=95 | fifo=1008 under=0 over=0 late=0 mdf_cb=19243 mdf_err=0
13:07:39.813 {"win":320,"cls":"sneezing","p":0.56,"lat_ms":112,"under":0,"over":0,"late":0}
13:07:39.813 win  320 pos= 4915200  -49dBFS [###.................] rms=  122 peak=  446 seam=ok lag=333us
13:07:39.813   -> sneezing        p=0.56  preproc=69014us infer=41029us
13:07:39.813 lcd: win 320 -> SNEEZE p=0.56 (22790 us after notify)
13:07:39.939   pt[599]: min=-446 max=422 avg_abs=105 | fifo=1200 under=0 over=0 late=0 mdf_cb=19275 mdf_err=0
13:07:39.939 in=16143Hz out=16415Hz ring=1056 under=0 over=0 (dt=999060us) loglag=120742us
13:07:40.446   pt[600]: min=-458 max=400 avg_abs=94 | fifo=992 under=0 over=0 late=0 mdf_cb=19307 mdf_err=0
13:07:40.762 {"win":321,"cls":"sneezing","p":0.51,"lat_ms":112,"under":0,"over":0,"late":0}
13:07:40.762 win  321 pos= 4930560  -48dBFS [####................] rms=  125 peak=  458 seam=ok lag=334us
13:07:40.763   -> sneezing        p=0.51  preproc=68964us infer=41044us
13:07:40.826 lcd: win 321 -> SNEEZE p=0.51 (22788 us after notify)
13:07:40.954 in=16128Hz out=16000Hz ring=1184 under=0 over=0 (dt=1000000us) loglag=120742us
13:07:40.954   pt[601]: min=-390 max=504 avg_abs=94 | fifo=784 under=0 over=0 late=0 mdf_cb=19339 mdf_err=0
13:07:41.462   pt[602]: min=-390 max=462 avg_abs=89 | fifo=976 under=0 over=0 late=0 mdf_cb=19371 mdf_err=0
13:07:41.716 win  322 pos= 4945920  -49dBFS [###.................] rms=  116 peak=  504 seam=ok lag=333us
13:07:41.716   -> clock_tick      p=0.72  preproc=69034us infer=41052us
13:07:41.968 in=16128Hz out=16000Hz ring=1312 under=0 over=0 (dt=999999us) loglag=120742us
13:07:41.968   pt[603]: min=-452 max=452 avg_abs=104 | fifo=1024 under=0 over=0 late=0 mdf_cb=19404 mdf_err=0
13:07:42.540   pt[604]: min=-324 max=378 avg_abs=97 | fifo=1216 under=0 over=0 late=0 mdf_cb=19436 mdf_err=0
13:07:42.732 win  323 pos= 4961280  -48dBFS [####................] rms=  125 peak=  452 seam=ok lag=337us
13:07:42.732   -> clock_tick      p=0.52  preproc=69019us infer=41090us
13:07:42.987 in=16128Hz out=16400Hz ring=1040 under=0 over=0 (dt=1000000us) loglag=120742us
13:07:43.051   pt[605]: min=-422 max=430 avg_abs=101 | fifo=1008 under=0 over=0 late=0 mdf_cb=19468 mdf_err=0
13:07:43.559   pt[606]: min=-424 max=438 avg_abs=116 | fifo=1200 under=0 over=0 late=0 mdf_cb=19500 mdf_err=0
13:07:43.686 win  324 pos= 4976640  -48dBFS [####................] rms=  137 peak=  438 seam=ok lag=338us
13:07:43.686   -> unknown         p=0.43  preproc=69023us infer=41036us
13:07:44.004 in=16128Hz out=16000Hz ring=1168 under=0 over=0 (dt=1000000us) loglag=120742us
13:07:44.067   pt[607]: min=-416 max=392 avg_abs=93 | fifo=992 under=0 over=0 late=0 mdf_cb=19532 mdf_err=0
13:07:44.640   pt[608]: min=-420 max=388 avg_abs=97 | fifo=1184 under=0 over=0 late=0 mdf_cb=19564 mdf_err=0
13:07:44.640 win  325 pos= 4992000  -49dBFS [###.................] rms=  119 peak=  420 seam=ok lag=335us
13:07:44.640   -> clock_tick      p=0.53  preproc=69048us infer=41001us
13:07:45.018 in=16128Hz out=16000Hz ring=1296 under=0 over=0 (dt=1000000us) loglag=120742us
13:07:45.082   pt[609]: min=-422 max=388 avg_abs=111 | fifo=976 under=0 over=0 late=0 mdf_cb=19596 mdf_err=0
13:07:45.592 {"win":326,"cls":"sneezing","p":0.73,"lat_ms":112,"under":0,"over":0,"late":0}
13:07:45.592 win  326 pos= 5007360  -48dBFS [####................] rms=  126 peak=  422 seam=ok lag=337us
13:07:45.592   -> sneezing        p=0.73  preproc=68972us infer=41044us
13:07:45.592   pt[610]: min=-382 max=394 avg_abs=95 | fifo=1024 under=0 over=0 late=0 mdf_cb=19629 mdf_err=0
13:07:45.592 lcd: win 326 -> SNEEZE p=0.73 (31335 us after notify)
13:07:45.971 in=16128Hz out=16400Hz ring=1024 under=0 over=0 (dt=999999us) loglag=120742us
13:07:46.097   pt[611]: min=-380 max=344 avg_abs=87 | fifo=960 under=0 over=0 late=0 mdf_cb=19660 mdf_err=0
13:07:46.540 {"win":327,"cls":"unknown","p":0.45,"lat_ms":112,"under":0,"over":0,"late":0}
13:07:46.540 win  327 pos= 5022720  -49dBFS [###.................] rms=  117 peak=  394 seam=ok lag=333us
13:07:46.540   -> unknown         p=0.45  preproc=69022us infer=41032us
13:07:46.604   pt[612]: min=-492 max=338 avg_abs=94 | fifo=1008 under=0 over=0 late=0 mdf_cb=19693 mdf_err=0
13:07:46.984 in=15872Hz out=16000Hz ring=896 under=0 over=0 (dt=1000000us) loglag=120742us
13:07:47.111   pt[613]: min=-398 max=562 avg_abs=105 | fifo=1200 under=0 over=0 late=0 mdf_cb=19725 mdf_err=0
13:07:47.489 win  328 pos= 5038080  -48dBFS [####................] rms=  129 peak=  562 seam=ok lag=337us
13:07:47.489   -> clock_tick      p=0.71  preproc=69026us infer=41095us
13:07:47.617   pt[614]: min=-552 max=450 avg_abs=103 | fifo=992 under=0 over=0 late=0 mdf_cb=19757 mdf_err=0
13:07:48.012 in=16128Hz out=16000Hz ring=1024 under=0 over=0 (dt=999999us) loglag=120742us
13:07:48.140   pt[615]: min=-264 max=398 avg_abs=85 | fifo=1184 under=0 over=0 late=0 mdf_cb=19789 mdf_err=0
13:07:48.455 win  329 pos= 5053440  -49dBFS [###.................] rms=  118 peak=  552 seam=ok lag=337us
13:07:48.455   -> unknown         p=0.49  preproc=69027us infer=41032us
13:07:48.455 ====================================
13:07:48.455 ====================================
13:07:48.455 TAP TOTAL win=329
13:07:48.455 ====================================
13:07:48.455 ====================================
13:07:48.455 tap total: windows=330 (expected 330 from 5070848 samples) overrun=0 torn=0 skipped=0 seam ok=329 NG=0
13:07:48.518   tap lag max=381us (0 of them lower bounds) | tap write max=7595ns avg=5326ns (19808 calls)
13:07:48.518   audio under=0 over=0 late=0 | aed run=330 err=0 (last er=0)
13:07:48.518   preproc max=69054us avg=69013us | infer max=41111us avg=41034us
13:07:48.518   notify out=177 held=93 offlist=60 gated=0 lat max=112180us (0 lower bounds)
13:07:48.518   log sent=2370 dropped=0 lag max=120742us
13:07:48.518   disp sent=133 dropped=0 max=104136us avg=32777us
13:07:48.518 ====================================
13:07:48.518 ====================================
13:07:48.646   pt[616]: min=-398 max=384 avg_abs=101 | fifo=976 under=0 over=0 late=0 mdf_cb=19821 mdf_err=0
13:07:49.027 in=16128Hz out=16000Hz ring=1152 under=0 over=0 (dt=999999us) loglag=120742us
13:07:49.217   pt[617]: min=-488 max=442 avg_abs=115 | fifo=1168 under=0 over=0 late=0 mdf_cb=19853 mdf_err=0
13:07:49.407 win  330 pos= 5068800  -48dBFS [####................] rms=  138 peak=  488 seam=ok lag=336us
13:07:49.407   -> clock_tick      p=0.51  preproc=69034us infer=41038us
13:07:49.725   pt[618]: min=-434 max=478 avg_abs=106 | fifo=960 under=0 over=0 late=0 mdf_cb=19885 mdf_err=0
13:07:50.043 in=16128Hz out=16400Hz ring=880 under=0 over=0 (dt=1000000us) loglag=120742us
13:07:50.234   pt[619]: min=-1282 max=1884 avg_abs=174 | fifo=1152 under=0 over=0 late=0 mdf_cb=19917 mdf_err=0
13:07:50.360 {"win":331,"cls":"sneezing","p":0.78,"lat_ms":112,"under":0,"over":0,"late":0}
13:07:50.360 win  331 pos= 5084160  -42dBFS [######..............] rms=  264 peak= 1884 seam=ok lag=337us
13:07:50.360   -> sneezing        p=0.78  preproc=68974us infer=41031us
13:07:50.424 lcd: win 331 -> SNEEZE p=0.78 (22792 us after notify)
13:07:50.743   pt[620]: min=-744 max=626 avg_abs=159 | fifo=944 under=0 over=0 late=0 mdf_cb=19949 mdf_err=0
13:07:51.061 in=16128Hz out=16000Hz ring=1008 under=0 over=0 (dt=1000000us) loglag=120742us
13:07:51.316   pt[621]: min=-558 max=512 avg_abs=136 | fifo=736 under=0 over=0 late=0 mdf_cb=19981 mdf_err=0
13:07:51.316 {"win":332,"cls":"sneezing","p":0.67,"lat_ms":112,"under":0,"over":0,"late":0}
13:07:51.324 win  332 pos= 5099520  -45dBFS [#####...............] rms=  174 peak=  598 seam=ok lag=335us
13:07:51.332   -> sneezing        p=0.67  preproc=69043us infer=41000us
13:07:51.412 lcd: win 332 -> SNEEZE p=0.67 (31365 us after notify)
13:07:51.728   pt[622]: min=-558 max=590 avg_abs=132 | fifo=1184 under=0 over=0 late=0 mdf_cb=20014 mdf_err=0
13:07:52.046 in=16128Hz out=16000Hz ring=1136 under=0 over=0 (dt=999999us) loglag=120742us
13:07:52.299   pt[623]: min=-762 max=926 avg_abs=144 | fifo=976 under=0 over=0 late=0 mdf_cb=20046 mdf_err=0
13:07:52.299 {"win":333,"cls":"sneezing","p":0.58,"lat_ms":112,"under":0,"over":0,"late":0}
13:07:52.299 win  333 pos= 5114880  -45dBFS [#####...............] rms=  178 peak=  926 seam=ok lag=333us
13:07:52.299   -> sneezing        p=0.58  preproc=69017us infer=41047us
13:07:52.362 lcd: win 333 -> SNEEZE p=0.58 (31318 us after notify)
13:07:52.808   pt[624]: min=-660 max=648 avg_abs=142 | fifo=1168 under=0 over=0 late=0 mdf_cb=20078 mdf_err=0
13:07:53.063 in=16128Hz out=16400Hz ring=864 under=0 over=0 (dt=999999us) loglag=120742us
13:07:53.253 {"win":334,"cls":"sneezing","p":0.59,"lat_ms":112,"under":0,"over":0,"late":0}
13:07:53.253 win  334 pos= 5130240  -44dBFS [#####...............] rms=  201 peak= 1204 seam=ok lag=333us
13:07:53.253   -> sneezing        p=0.59  preproc=69021us infer=41051us
13:07:53.253 lcd: win 334 -> SNEEZE p=0.59 (22791 us after notify)
13:07:53.317   pt[625]: min=-990 max=1204 avg_abs=173 | fifo=960 under=0 over=0 late=0 mdf_cb=20110 mdf_err=0
13:07:53.825   pt[626]: min=-710 max=928 avg_abs=142 | fifo=1152 under=0 over=0 late=0 mdf_cb=20142 mdf_err=0
13:07:54.078 in=16128Hz out=16000Hz ring=992 under=0 over=0 (dt=1000000us) loglag=120742us
13:07:54.205 {"win":335,"cls":"sneezing","p":0.75,"lat_ms":112,"under":0,"over":0,"late":0}
13:07:54.205 win  335 pos= 5145600  -45dBFS [#####...............] rms=  178 peak=  928 seam=ok lag=335us
13:07:54.205   -> sneezing        p=0.75  preproc=69028us infer=41002us
13:07:54.268 lcd: win 335 -> SNEEZE p=0.75 (22791 us after notify)
13:07:54.332   pt[627]: min=-520 max=484 avg_abs=112 | fifo=944 under=0 over=0 late=0 mdf_cb=20174 mdf_err=0
13:07:54.840   pt[628]: min=-448 max=468 avg_abs=123 | fifo=1136 under=0 over=0 late=0 mdf_cb=20206 mdf_err=0
13:07:55.093 in=16128Hz out=16000Hz ring=1120 under=0 over=0 (dt=1000000us) loglag=120742us
13:07:55.156 {"win":336,"cls":"sneezing","p":0.54,"lat_ms":112,"under":0,"over":0,"late":0}
13:07:55.156 win  336 pos= 5160960  -47dBFS [####................] rms=  146 peak=  520 seam=ok lag=334us
13:07:55.167   -> sneezing        p=0.54  preproc=68968us infer=41031us
13:07:55.236 lcd: win 336 -> SNEEZE p=0.54 (23757 us after notify)
13:07:55.364   pt[629]: min=-468 max=444 avg_abs=105 | fifo=928 under=0 over=0 late=0 mdf_cb=20238 mdf_err=0
13:07:55.871   pt[630]: min=-472 max=410 avg_abs=113 | fifo=976 under=0 over=0 late=0 mdf_cb=20271 mdf_err=0
13:07:56.126 in=16128Hz out=16400Hz ring=848 under=0 over=0 (dt=1000000us) loglag=120742us
13:07:56.126 win  337 pos= 5176320  -48dBFS [####................] rms=  135 peak=  494 seam=ok lag=330us
13:07:56.126   -> clock_tick      p=0.53  preproc=69021us infer=41045us
13:07:56.379   pt[631]: min=-400 max=494 avg_abs=104 | fifo=1168 under=0 over=0 late=0 mdf_cb=20303 mdf_err=0
13:07:56.887   pt[632]: min=-482 max=450 avg_abs=106 | fifo=960 under=0 over=0 late=0 mdf_cb=20335 mdf_err=0
13:07:57.076 in=16128Hz out=16000Hz ring=976 under=0 over=0 (dt=1000000us) loglag=120742us
13:07:57.076 {"win":338,"cls":"sneezing","p":0.86,"lat_ms":112,"under":0,"over":0,"late":0}
13:07:57.084 win  338 pos= 5191680  -48dBFS [####................] rms=  131 peak=  482 seam=ok lag=334us
13:07:57.093   -> sneezing        p=0.86  preproc=69013us infer=41055us
13:07:57.156 lcd: win 338 -> SNEEZE p=0.86 (29699 us after notify)
13:07:57.410   pt[633]: min=-442 max=376 avg_abs=95 | fifo=1152 under=0 over=0 late=0 mdf_cb=20367 mdf_err=0
13:07:57.918   pt[634]: min=-356 max=414 avg_abs=94 | fifo=944 under=0 over=0 late=0 mdf_cb=20399 mdf_err=0
13:07:58.044 {"win":339,"cls":"unknown","p":0.40,"lat_ms":112,"under":0,"over":0,"late":0}
13:07:58.044 win  339 pos= 5207040  -49dBFS [###.................] rms=  119 peak=  442 seam=ok lag=335us
13:07:58.044   -> unknown         p=0.40  preproc=69021us infer=41058us
13:07:58.048 ====================================
13:07:58.048 ====================================
13:07:58.107 TAP TOTAL win=339
13:07:58.107 ====================================
13:07:58.107 ====================================
13:07:58.107 tap total: windows=340 (expected 340 from 5224448 samples) overrun=0 torn=0 skipped=0 seam ok=339 NG=0
13:07:58.107   tap lag max=381us (0 of them lower bounds) | tap write max=7595ns avg=5326ns (20408 calls)
13:07:58.107   audio under=0 over=0 late=0 | aed run=340 err=0 (last er=0)
13:07:58.107   preproc max=69054us avg=69013us | infer max=41111us avg=41034us
13:07:58.107   notify out=185 held=93 offlist=62 gated=0 lat max=112180us (0 lower bounds)
13:07:58.107   log sent=2447 dropped=0 lag max=120742us
13:07:58.107   disp sent=140 dropped=0 max=104136us avg=32456us
13:07:58.111 ====================================
13:07:58.115 ====================================
13:07:58.115 in=16118Hz out=15990Hz ring=1104 under=0 over=0 (dt=1000612us) loglag=120742us
13:07:58.440   pt[635]: min=-400 max=414 avg_abs=102 | fifo=1136 under=0 over=0 late=0 mdf_cb=20431 mdf_err=0
13:07:59.010   pt[636]: min=-424 max=430 avg_abs=107 | fifo=928 under=0 over=0 late=0 mdf_cb=20463 mdf_err=0
13:07:59.010 win  340 pos= 5222400  -48dBFS [####................] rms=  131 peak=  430 seam=ok lag=341us
13:07:59.010   -> unknown         p=0.48  preproc=69041us infer=41042us
13:07:59.073 in=16137Hz out=16410Hz ring=832 under=0 over=0 (dt=999386us) loglag=120742us
13:07:59.454   pt[637]: min=-412 max=450 avg_abs=107 | fifo=1120 under=0 over=0 late=0 mdf_cb=20495 mdf_err=0
13:07:59.963   pt[638]: min=-508 max=432 avg_abs=126 | fifo=912 under=0 over=0 late=0 mdf_cb=20527 mdf_err=0
13:07:59.963 {"win":341,"cls":"sneezing","p":0.72,"lat_ms":112,"under":0,"over":0,"late":0}
13:07:59.966 win  341 pos= 5237760  -47dBFS [####................] rms=  142 peak=  508 seam=ok lag=339us
13:07:59.974   -> sneezing        p=0.72  preproc=68961us infer=41043us
13:08:00.043 lcd: win 341 -> SNEEZE p=0.72 (31316 us after notify)
13:08:00.106 in=16128Hz out=16000Hz ring=960 under=0 over=0 (dt=1000000us) loglag=120742us
13:08:00.486   pt[639]: min=-410 max=406 avg_abs=100 | fifo=960 under=0 over=0 late=0 mdf_cb=20560 mdf_err=0
13:08:00.928 {"win":342,"cls":"unknown","p":0.41,"lat_ms":112,"under":0,"over":0,"late":0}
13:08:00.928 win  342 pos= 5253120  -48dBFS [####................] rms=  129 peak=  450 seam=ok lag=335us
13:08:00.928   -> unknown         p=0.41  preproc=69023us infer=41044us
13:08:01.007   pt[640]: min=-470 max=382 avg_abs=103 | fifo=1152 under=0 over=0 late=0 mdf_cb=20592 mdf_err=0
13:08:01.127 in=16128Hz out=16000Hz ring=1088 under=0 over=0 (dt=999999us) loglag=120742us
13:08:01.507   pt[641]: min=-414 max=440 avg_abs=108 | fifo=944 under=0 over=0 late=0 mdf_cb=20624 mdf_err=0
13:08:01.887 {"win":343,"cls":"sneezing","p":0.63,"lat_ms":112,"under":0,"over":0,"late":0}
13:08:01.887 win  343 pos= 5268480  -48dBFS [####................] rms=  134 peak=  470 seam=ok lag=335us
13:08:01.887   -> sneezing        p=0.63  preproc=69020us infer=41046us
13:08:01.950 lcd: win 343 -> SNEEZE p=0.63 (22792 us after notify)
13:08:02.015   pt[642]: min=-430 max=382 avg_abs=97 | fifo=1136 under=0 over=0 late=0 mdf_cb=20656 mdf_err=0
13:08:02.142 in=16128Hz out=16000Hz ring=1216 under=0 over=0 (dt=1000000us) loglag=120742us
13:08:02.523   pt[643]: min=-522 max=408 avg_abs=107 | fifo=928 under=0 over=0 late=0 mdf_cb=20688 mdf_err=0
13:08:02.843 {"win":344,"cls":"sneezing","p":0.50,"lat_ms":112,"under":0,"over":0,"late":0}
13:08:02.843 win  344 pos= 5283840  -48dBFS [####................] rms=  134 peak=  522 seam=ok lag=336us
13:08:02.843   -> sneezing        p=0.50  preproc=69015us infer=41039us
13:08:02.907 lcd: win 344 -> SNEEZE p=0.50 (22791 us after notify)
13:08:03.034   pt[644]: min=-2178 max=2916 avg_abs=349 | fifo=1120 under=0 over=0 late=0 mdf_cb=20720 mdf_err=0
13:08:03.097 in=16128Hz out=16400Hz ring=944 under=0 over=0 (dt=1000000us) loglag=120742us
13:08:03.604   pt[645]: min=-3310 max=3218 avg_abs=618 | fifo=912 under=0 over=0 late=0 mdf_cb=20752 mdf_err=0
13:08:03.794 win  345 pos= 5299200  -33dBFS [#########...........] rms=  751 peak= 3310 seam=ok lag=335us
13:08:03.794   -> rooster         p=0.77  preproc=69036us infer=41042us
13:08:04.111   pt[646]: min=-2796 max=3160 avg_abs=641 | fifo=1104 under=0 over=0 late=0 mdf_cb=20784 mdf_err=0
13:08:04.111 in=16128Hz out=16000Hz ring=1072 under=0 over=0 (dt=1000000us) loglag=120742us
13:08:04.616   pt[647]: min=-3220 max=3258 avg_abs=525 | fifo=896 under=0 over=0 late=0 mdf_cb=20816 mdf_err=0
13:08:04.806 win  346 pos= 5314560  -33dBFS [#########...........] rms=  729 peak= 3258 seam=ok lag=337us
13:08:04.806   -> unknown         p=0.37  preproc=68970us infer=41046us
13:08:05.121   pt[648]: min=-3220 max=3026 avg_abs=550 | fifo=1088 under=0 over=0 late=0 mdf_cb=20848 mdf_err=0
13:08:05.121 in=16128Hz out=16000Hz ring=1200 under=0 over=0 (dt=999999us) loglag=120742us
13:08:05.757   pt[649]: min=-2416 max=2376 avg_abs=313 | fifo=1136 under=0 over=0 late=0 mdf_cb=20881 mdf_err=0
13:08:05.757 win  347 pos= 5329920  -35dBFS [########............] rms=  577 peak= 3220 seam=ok lag=337us
13:08:05.757   -> unknown         p=0.41  preproc=69018us infer=41054us
13:08:06.135 in=16128Hz out=16400Hz ring=928 under=0 over=0 (dt=1000000us) loglag=120742us
13:08:06.135   pt[650]: min=-590 max=590 avg_abs=125 | fifo=928 under=0 over=0 late=0 mdf_cb=20913 mdf_err=0
13:08:06.704   pt[651]: min=-632 max=578 avg_abs=151 | fifo=1120 under=0 over=0 late=0 mdf_cb=20945 mdf_err=0
13:08:06.704 win  348 pos= 5345280  -46dBFS [####................] rms=  171 peak=  632 seam=ok lag=334us
13:08:06.704   -> rooster         p=0.91  preproc=69041us infer=41043us
13:08:07.149 in=16128Hz out=16000Hz ring=1056 under=0 over=0 (dt=1000000us) loglag=120742us
13:08:07.149   pt[652]: min=-626 max=606 avg_abs=134 | fifo=912 under=0 over=0 late=0 mdf_cb=20977 mdf_err=0
13:08:07.655 win  349 pos= 5360640  -46dBFS [####................] rms=  164 peak=  650 seam=ok lag=335us
13:08:07.655   -> rooster         p=0.66  preproc=69014us infer=41032us
13:08:07.655 ====================================
13:08:07.655 ====================================
13:08:07.655 TAP TOTAL win=349
13:08:07.655 ====================================
13:08:07.657 ====================================
13:08:07.661 tap total: windows=350 (expected 350 from 5378048 samples) overrun=0 torn=0 skipped=0 seam ok=349 NG=0
13:08:07.670   tap lag max=381us (0 of them lower bounds) | tap write max=7595ns avg=5326ns (21008 calls)
13:08:07.677   audio under=0 over=0 late=0 | aed run=350 err=0 (last er=0)
13:08:07.684   preproc max=69054us avg=69013us | infer max=41111us avg=41035us
13:08:07.686   notify out=189 held=96 offlist=65 gated=0 lat max=112180us (0 lower bounds)
13:08:07.686   log sent=2516 dropped=0 lag max=120742us
13:08:07.686   disp sent=143 dropped=0 max=104136us avg=32313us
13:08:07.703 ====================================
13:08:07.703 ====================================
13:08:07.712   pt[653]: min=-650 max=630 avg_abs=123 | fifo=1104 under=0 over=0 late=0 mdf_cb=21009 mdf_err=0
13:08:08.162 in=16128Hz out=16000Hz ring=1184 under=0 over=0 (dt=999999us) loglag=120742us
13:08:08.225   pt[654]: min=-518 max=642 avg_abs=125 | fifo=896 under=0 over=0 late=0 mdf_cb=21041 mdf_err=0
13:08:08.608 win  350 pos= 5376000  -47dBFS [####................] rms=  150 peak=  642 seam=ok lag=335us
13:08:08.608   -> clock_tick      p=0.76  preproc=69027us infer=41003us
13:08:08.735   pt[655]: min=-514 max=524 avg_abs=112 | fifo=1088 under=0 over=0 late=0 mdf_cb=21073 mdf_err=0
13:08:09.178 in=15872Hz out=16000Hz ring=1056 under=0 over=0 (dt=1000000us) loglag=120742us
13:08:09.243   pt[656]: min=-498 max=518 avg_abs=114 | fifo=880 under=0 over=0 late=0 mdf_cb=21105 mdf_err=0
13:08:09.560 win  351 pos= 5391360  -47dBFS [####................] rms=  141 peak=  518 seam=ok lag=334us
13:08:09.561   -> clock_tick      p=0.55  preproc=68967us infer=41038us
13:08:09.749   pt[657]: min=-548 max=454 avg_abs=104 | fifo=1072 under=0 over=0 late=0 mdf_cb=21137 mdf_err=0
13:08:10.191 in=16128Hz out=16400Hz ring=784 under=0 over=0 (dt=999999us) loglag=120742us
13:08:10.255   pt[658]: min=-686 max=688 avg_abs=123 | fifo=864 under=0 over=0 late=0 mdf_cb=21169 mdf_err=0
13:08:10.571 win  352 pos= 5406720  -47dBFS [####................] rms=  150 peak=  688 seam=ok lag=334us
13:08:10.571   -> unknown         p=0.45  preproc=69023us infer=41030us
13:08:10.761   pt[659]: min=-556 max=546 avg_abs=117 | fifo=1312 under=0 over=0 late=0 mdf_cb=21202 mdf_err=0
13:08:11.201 in=16128Hz out=16000Hz ring=912 under=0 over=0 (dt=1000000us) loglag=120742us
13:08:11.263   pt[660]: min=-406 max=384 avg_abs=100 | fifo=1104 under=0 over=0 late=0 mdf_cb=21234 mdf_err=0
13:08:11.517 win  353 pos= 5422080  -48dBFS [####................] rms=  130 peak=  454 seam=ok lag=333us
13:08:11.517   -> clock_tick      p=0.62  preproc=69018us infer=41036us
13:08:11.771   pt[661]: min=-506 max=534 avg_abs=109 | fifo=896 under=0 over=0 late=0 mdf_cb=21266 mdf_err=0
13:08:12.215 in=16128Hz out=16000Hz ring=1040 under=0 over=0 (dt=999999us) loglag=120742us
13:08:12.341   pt[662]: min=-632 max=680 avg_abs=138 | fifo=1088 under=0 over=0 late=0 mdf_cb=21298 mdf_err=0
13:08:12.467 win  354 pos= 5437440  -46dBFS [####................] rms=  160 peak=  680 seam=ok lag=334us
13:08:12.467   -> clock_tick      p=0.79  preproc=69025us infer=41042us
13:08:12.848   pt[663]: min=-594 max=594 avg_abs=128 | fifo=880 under=0 over=0 late=0 mdf_cb=21330 mdf_err=0
13:08:13.165 in=16128Hz out=16400Hz ring=768 under=0 over=0 (dt=1000000us) loglag=120742us
13:08:13.433   pt[664]: min=-780 max=542 avg_abs=143 | fifo=1072 under=0 over=0 late=0 mdf_cb=21362 mdf_err=0
13:08:13.433 win  355 pos= 5452800  -46dBFS [####................] rms=  171 peak=  780 seam=ok lag=335us
13:08:13.433   -> rooster         p=0.60  preproc=69039us infer=41042us
13:08:13.877   pt[665]: min=-576 max=620 avg_abs=124 | fifo=864 under=0 over=0 late=0 mdf_cb=21394 mdf_err=0
13:08:14.193 in=16128Hz out=16000Hz ring=896 under=0 over=0 (dt=999999us) loglag=120742us
13:08:14.384   pt[666]: min=-630 max=596 avg_abs=127 | fifo=1056 under=0 over=0 late=0 mdf_cb=21426 mdf_err=0
13:08:14.384 win  356 pos= 5468160  -46dBFS [####................] rms=  158 peak=  620 seam=ok lag=337us
13:08:14.384   -> clock_tick      p=0.64  preproc=68975us infer=41049us
13:08:14.891   pt[667]: min=-542 max=508 avg_abs=122 | fifo=848 under=0 over=0 late=0 mdf_cb=21458 mdf_err=0
13:08:15.208 in=16128Hz out=16000Hz ring=1024 under=0 over=0 (dt=1000000us) loglag=120742us
13:08:15.334 win  357 pos= 5483520  -47dBFS [####................] rms=  154 peak=  660 seam=ok lag=335us
13:08:15.334   -> rooster         p=0.72  preproc=69018us infer=41049us
13:08:15.398   pt[668]: min=-660 max=602 avg_abs=114 | fifo=1040 under=0 over=0 late=0 mdf_cb=21490 mdf_err=0
13:08:15.919   pt[669]: min=-548 max=446 avg_abs=109 | fifo=1088 under=0 over=0 late=0 mdf_cb=21523 mdf_err=0
13:08:16.299 in=16128Hz out=16000Hz ring=1152 under=0 over=0 (dt=1000000us) loglag=120742us
13:08:16.299 win  358 pos= 5498880  -48dBFS [####................] rms=  136 peak=  548 seam=ok lag=337us
13:08:16.299   -> clock_tick      p=0.78  preproc=69026us infer=41056us
13:08:16.426   pt[670]: min=-550 max=550 avg_abs=112 | fifo=1280 under=0 over=0 late=0 mdf_cb=21555 mdf_err=0
13:08:16.936   pt[671]: min=-584 max=564 avg_abs=110 | fifo=1072 under=0 over=0 late=0 mdf_cb=21587 mdf_err=0
13:08:17.251 in=16128Hz out=16400Hz ring=880 under=0 over=0 (dt=1000000us) loglag=120742us
13:08:17.251 win  359 pos= 5514240  -47dBFS [####................] rms=  144 peak=  584 seam=ok lag=338us
13:08:17.251   -> clock_tick      p=0.69  preproc=69015us infer=41042us
13:08:17.255 ====================================
13:08:17.257 ====================================
13:08:17.261 TAP TOTAL win=359
13:08:17.330 ====================================
13:08:17.330 ====================================
13:08:17.330 tap total: windows=360 (expected 360 from 5531648 samples) overrun=0 torn=0 skipped=0 seam ok=359 NG=0
13:08:17.330   tap lag max=381us (0 of them lower bounds) | tap write max=7595ns avg=5326ns (21608 calls)
13:08:17.330   audio under=0 over=0 late=0 | aed run=360 err=0 (last er=0)
13:08:17.330   preproc max=69054us avg=69013us | infer max=41111us avg=41035us
13:08:17.330   notify out=189 held=97 offlist=74 gated=0 lat max=112180us (0 lower bounds)
13:08:17.330   log sent=2579 dropped=0 lag max=120742us
13:08:17.330   disp sent=143 dropped=0 max=104136us avg=32313us
13:08:17.330 ====================================
13:08:17.330 ====================================
13:08:17.457   pt[672]: min=-430 max=526 avg_abs=119 | fifo=864 under=0 over=0 late=0 mdf_cb=21619 mdf_err=0
13:08:17.965   pt[673]: min=-566 max=524 avg_abs=115 | fifo=1056 under=0 over=0 late=0 mdf_cb=21651 mdf_err=0
13:08:18.219 win  360 pos= 5529600  -47dBFS [####................] rms=  150 peak=  650 seam=ok lag=335us
13:08:18.219   -> unknown         p=0.24  preproc=69019us infer=41053us
13:08:18.219 in=16107Hz out=15979Hz ring=1008 under=0 over=0 (dt=1001300us) loglag=120742us
13:08:18.473   pt[674]: min=-746 max=702 avg_abs=147 | fifo=848 under=0 over=0 late=0 mdf_cb=21683 mdf_err=0
13:08:18.980   pt[675]: min=-602 max=610 avg_abs=121 | fifo=1040 under=0 over=0 late=0 mdf_cb=21715 mdf_err=0
13:08:19.181 {"win":361,"cls":"sneezing","p":0.57,"lat_ms":112,"under":0,"over":0,"late":0}
13:08:19.181 win  361 pos= 5544960  -46dBFS [####................] rms=  173 peak=  746 seam=ok lag=335us
13:08:19.181   -> sneezing        p=0.57  preproc=68960us infer=41054us
13:08:19.181 lcd: win 361 -> SNEEZE p=0.57 (22786 us after notify)
13:08:19.235 in=16149Hz out=16020Hz ring=1136 under=0 over=0 (dt=998698us) loglag=120742us
13:08:19.487   pt[676]: min=-862 max=1150 avg_abs=160 | fifo=832 under=0 over=0 late=0 mdf_cb=21747 mdf_err=0
13:08:19.993   pt[677]: min=-670 max=638 avg_abs=117 | fifo=1024 under=0 over=0 late=0 mdf_cb=21779 mdf_err=0
13:08:20.120 win  362 pos= 5560320  -45dBFS [#####...............] rms=  181 peak= 1150 seam=ok lag=334us
13:08:20.120   -> rooster         p=0.61  preproc=69026us infer=41039us
13:08:20.246 in=16128Hz out=16400Hz ring=864 under=0 over=0 (dt=999999us) loglag=120742us
13:08:20.501   pt[678]: min=-670 max=540 avg_abs=121 | fifo=1072 under=0 over=0 late=0 mdf_cb=21812 mdf_err=0
13:08:21.131   pt[679]: min=-640 max=790 avg_abs=132 | fifo=1264 under=0 over=0 late=0 mdf_cb=21844 mdf_err=0
13:08:21.131 win  363 pos= 5575680  -46dBFS [####................] rms=  157 peak=  670 seam=ok lag=335us
13:08:21.131   -> clock_tick      p=0.85  preproc=69045us infer=41034us
13:08:21.257 in=16128Hz out=16000Hz ring=992 under=0 over=0 (dt=999999us) loglag=120742us
13:08:21.573   pt[680]: min=-658 max=794 avg_abs=162 | fifo=1056 under=0 over=0 late=0 mdf_cb=21876 mdf_err=0
13:08:22.080 win  364 pos= 5591040  -45dBFS [#####...............] rms=  181 peak=  794 seam=ok lag=336us
13:08:22.080   -> clock_tick      p=0.72  preproc=69029us infer=41042us
13:08:22.080   pt[681]: min=-494 max=482 avg_abs=109 | fifo=848 under=0 over=0 late=0 mdf_cb=21908 mdf_err=0
13:08:22.271 in=16128Hz out=16000Hz ring=1120 under=0 over=0 (dt=1000000us) loglag=120742us
13:08:22.590   pt[682]: min=-462 max=526 avg_abs=113 | fifo=1040 under=0 over=0 late=0 mdf_cb=21940 mdf_err=0
13:08:23.033 win  365 pos= 5606400  -47dBFS [####................] rms=  146 peak=  526 seam=ok lag=333us
13:08:23.033   -> clock_tick      p=0.76  preproc=69017us infer=41042us
13:08:23.096   pt[683]: min=-484 max=500 avg_abs=117 | fifo=832 under=0 over=0 late=0 mdf_cb=21972 mdf_err=0
13:08:23.286 in=16128Hz out=16400Hz ring=848 under=0 over=0 (dt=999999us) loglag=120742us
13:08:23.602   pt[684]: min=-452 max=530 avg_abs=113 | fifo=1024 under=0 over=0 late=0 mdf_cb=22004 mdf_err=0
13:08:23.983 win  366 pos= 5621760  -47dBFS [####................] rms=  142 peak=  530 seam=ok lag=335us
13:08:23.983   -> clock_tick      p=0.78  preproc=68969us infer=41040us
13:08:24.111   pt[685]: min=-422 max=492 avg_abs=106 | fifo=816 under=0 over=0 late=0 mdf_cb=22036 mdf_err=0
13:08:24.299 in=16128Hz out=16000Hz ring=976 under=0 over=0 (dt=1000000us) loglag=120742us
13:08:24.616   pt[686]: min=-584 max=576 avg_abs=129 | fifo=1264 under=0 over=0 late=0 mdf_cb=22069 mdf_err=0
13:08:24.950 win  367 pos= 5637120  -46dBFS [####................] rms=  156 peak=  648 seam=ok lag=335us
13:08:24.950   -> unknown         p=0.48  preproc=69029us infer=41037us
13:08:25.142   pt[687]: min=-648 max=774 avg_abs=145 | fifo=1056 under=0 over=0 late=0 mdf_cb=22101 mdf_err=0
13:08:25.269 in=16128Hz out=16000Hz ring=1104 under=0 over=0 (dt=1000000us) loglag=120742us
13:08:25.652   pt[688]: min=-500 max=556 avg_abs=117 | fifo=1248 under=0 over=0 late=0 mdf_cb=22133 mdf_err=0
13:08:25.906 win  368 pos= 5652480  -46dBFS [####................] rms=  162 peak=  774 seam=ok lag=334us
13:08:25.906   -> unknown         p=0.30  preproc=69023us infer=41090us
13:08:26.160   pt[689]: min=-602 max=518 avg_abs=128 | fifo=1040 under=0 over=0 late=0 mdf_cb=22165 mdf_err=0
13:08:26.287 in=16128Hz out=16000Hz ring=1232 under=0 over=0 (dt=999999us) loglag=120742us
13:08:26.668   pt[690]: min=-570 max=470 avg_abs=124 | fifo=832 under=0 over=0 late=0 mdf_cb=22197 mdf_err=0
13:08:26.859 win  369 pos= 5667840  -46dBFS [####................] rms=  159 peak=  602 seam=ok lag=335us
13:08:26.859   -> unknown         p=0.18  preproc=69023us infer=41040us
13:08:26.859 ====================================
13:08:26.859 ====================================
13:08:26.859 TAP TOTAL win=369
13:08:26.859 ====================================
13:08:26.861 ====================================
13:08:26.865 tap total: windows=370 (expected 370 from 5685248 samples) overrun=0 torn=0 skipped=0 seam ok=369 NG=0
13:08:26.873   tap lag max=381us (0 of them lower bounds) | tap write max=7595ns avg=5326ns (22208 calls)
13:08:26.882   audio under=0 over=0 late=0 | aed run=370 err=0 (last er=0)
13:08:26.884   preproc max=69054us avg=69013us | infer max=41111us avg=41035us
13:08:26.893   notify out=190 held=101 offlist=79 gated=0 lat max=112180us (0 lower bounds)
13:08:26.899   log sent=2643 dropped=0 lag max=120742us
13:08:26.899   disp sent=144 dropped=0 max=104136us avg=32247us
13:08:26.907 ====================================
13:08:26.907 ====================================
13:08:27.224   pt[691]: min=-464 max=498 avg_abs=107 | fifo=1024 under=0 over=0 late=0 mdf_cb=22229 mdf_err=0
13:08:27.288 in=16128Hz out=16400Hz ring=960 under=0 over=0 (dt=1000000us) loglag=120742us
13:08:27.859   pt[692]: min=-604 max=584 avg_abs=120 | fifo=816 under=0 over=0 late=0 mdf_cb=22261 mdf_err=0
13:08:27.859 win  370 pos= 5683200  -47dBFS [####................] rms=  142 peak=  604 seam=ok lag=334us
13:08:27.859   -> unknown         p=0.45  preproc=69037us infer=41010us
13:08:28.238   pt[693]: min=-464 max=478 avg_abs=109 | fifo=1008 under=0 over=0 late=0 mdf_cb=22293 mdf_err=0
13:08:28.302 in=16128Hz out=16000Hz ring=1088 under=0 over=0 (dt=1000000us) loglag=120742us
13:08:28.807   pt[694]: min=-402 max=326 avg_abs=91 | fifo=800 under=0 over=0 late=0 mdf_cb=22325 mdf_err=0
13:08:28.807 {"win":371,"cls":"sneezing","p":0.66,"lat_ms":112,"under":0,"over":0,"late":0}
13:08:28.807 win  371 pos= 5698560  -48dBFS [####................] rms=  126 peak=  478 seam=ok lag=334us
13:08:28.807   -> sneezing        p=0.66  preproc=68962us infer=41044us
13:08:28.807 lcd: win 371 -> SNEEZE p=0.66 (31228 us after notify)
13:08:29.250   pt[695]: min=-476 max=504 avg_abs=107 | fifo=1248 under=0 over=0 late=0 mdf_cb=22358 mdf_err=0
13:08:29.314 in=16128Hz out=16000Hz ring=1216 under=0 over=0 (dt=1000000us) loglag=120742us
13:08:29.758 win  372 pos= 5713920  -48dBFS [####................] rms=  130 peak=  504 seam=ok lag=337us
13:08:29.758   -> rooster         p=0.58  preproc=69024us infer=41046us
13:08:29.758   pt[696]: min=-418 max=372 avg_abs=98 | fifo=1040 under=0 over=0 late=0 mdf_cb=22390 mdf_err=0
13:08:30.265   pt[697]: min=-390 max=484 avg_abs=101 | fifo=1232 under=0 over=0 late=0 mdf_cb=22422 mdf_err=0
13:08:30.329 in=16128Hz out=16400Hz ring=944 under=0 over=0 (dt=999999us) loglag=120742us
13:08:30.708 win  373 pos= 5729280  -48dBFS [####................] rms=  134 peak=  546 seam=ok lag=338us
13:08:30.708   -> unknown         p=0.35  preproc=69018us infer=41038us
13:08:30.835   pt[698]: min=-498 max=546 avg_abs=125 | fifo=1024 under=0 over=0 late=0 mdf_cb=22454 mdf_err=0
13:08:31.342   pt[699]: min=-456 max=502 avg_abs=108 | fifo=1216 under=0 over=0 late=0 mdf_cb=22486 mdf_err=0
13:08:31.342 in=16128Hz out=16000Hz ring=1072 under=0 over=0 (dt=1000000us) loglag=120742us
13:08:31.657 win  374 pos= 5744640  -47dBFS [####................] rms=  146 peak=  684 seam=ok lag=336us
13:08:31.657   -> rooster         p=0.94  preproc=69026us infer=41037us
13:08:31.848   pt[700]: min=-586 max=684 avg_abs=139 | fifo=1008 under=0 over=0 late=0 mdf_cb=22518 mdf_err=0
13:08:32.354 in=16128Hz out=16000Hz ring=1200 under=0 over=0 (dt=999999us) loglag=120742us
13:08:32.354   pt[701]: min=-612 max=646 avg_abs=155 | fifo=800 under=0 over=0 late=0 mdf_cb=22550 mdf_err=0
13:08:32.609 win  375 pos= 5760000  -45dBFS [#####...............] rms=  187 peak=  656 seam=ok lag=336us
13:08:32.609   -> unknown         p=0.33  preproc=69033us infer=41033us
13:08:32.863   pt[702]: min=-606 max=656 avg_abs=122 | fifo=992 under=0 over=0 late=0 mdf_cb=22582 mdf_err=0
13:08:33.369 in=15872Hz out=16000Hz ring=1072 under=0 over=0 (dt=1000000us) loglag=120742us
13:08:33.369   pt[703]: min=-558 max=518 avg_abs=121 | fifo=784 under=0 over=0 late=0 mdf_cb=22614 mdf_err=0
13:08:33.560 win  376 pos= 5775360  -47dBFS [####................] rms=  147 peak=  558 seam=ok lag=336us
13:08:33.564   -> clock_tick      p=0.54  preproc=68970us infer=41050us
13:08:33.876   pt[704]: min=-594 max=674 avg_abs=134 | fifo=976 under=0 over=0 late=0 mdf_cb=22646 mdf_err=0
13:08:34.385 in=16128Hz out=16400Hz ring=800 under=0 over=0 (dt=1000000us) loglag=120742us
13:08:34.385   pt[705]: min=-596 max=620 avg_abs=122 | fifo=1024 under=0 over=0 late=0 mdf_cb=22679 mdf_err=0
13:08:34.575 win  377 pos= 5790720  -46dBFS [####................] rms=  164 peak=  674 seam=ok lag=336us
13:08:34.575   -> unknown         p=0.47  preproc=69018us infer=41030us
13:08:34.893   pt[706]: min=-592 max=546 avg_abs=113 | fifo=1216 under=0 over=0 late=0 mdf_cb=22711 mdf_err=0
13:08:35.337 in=16128Hz out=16000Hz ring=928 under=0 over=0 (dt=999999us) loglag=120742us
13:08:35.527   pt[707]: min=-608 max=520 avg_abs=125 | fifo=1008 under=0 over=0 late=0 mdf_cb=22743 mdf_err=0
13:08:35.527 win  378 pos= 5806080  -47dBFS [####................] rms=  150 peak=  608 seam=ok lag=334us
13:08:35.527   -> unknown         p=0.47  preproc=69042us infer=41090us
13:08:35.971   pt[708]: min=-552 max=556 avg_abs=131 | fifo=1200 under=0 over=0 late=0 mdf_cb=22775 mdf_err=0
13:08:36.477 in=16128Hz out=16000Hz ring=1056 under=0 over=0 (dt=1000000us) loglag=120742us
13:08:36.477   pt[709]: min=-524 max=508 avg_abs=122 | fifo=992 under=0 over=0 late=0 mdf_cb=22807 mdf_err=0
13:08:36.477 win  379 pos= 5821440  -46dBFS [####................] rms=  160 peak=  556 seam=ok lag=337us
13:08:36.477   -> unknown         p=0.41  preproc=69036us infer=41029us
13:08:36.477 ====================================
13:08:36.477 ====================================
13:08:36.477 TAP TOTAL win=379
13:08:36.477 ====================================
13:08:36.479 ====================================
13:08:36.479 tap total: windows=380 (expected 380 from 5838848 samples) overrun=0 torn=0 skipped=0 seam ok=379 NG=0
13:08:36.490   tap lag max=381us (0 of them lower bounds) | tap write max=7595ns avg=5326ns (22808 calls)
13:08:36.499   audio under=0 over=0 late=0 | aed run=380 err=0 (last er=0)
13:08:36.504   preproc max=69054us avg=69013us | infer max=41111us avg=41035us
13:08:36.509   notify out=191 held=107 offlist=82 gated=0 lat max=112180us (0 lower bounds)
13:08:36.509   log sent=2708 dropped=0 lag max=120742us
13:08:36.509   disp sent=145 dropped=0 max=104136us avg=32240us
13:08:36.527 ====================================
13:08:36.527 ====================================
13:08:36.983   pt[710]: min=-518 max=480 avg_abs=102 | fifo=1184 under=0 over=0 late=0 mdf_cb=22839 mdf_err=0
13:08:37.427 in=16128Hz out=16400Hz ring=784 under=0 over=0 (dt=999999us) loglag=120742us
13:08:37.427 win  380 pos= 5836800  -47dBFS [####................] rms=  145 peak=  694 seam=ok lag=336us
13:08:37.427   -> rooster         p=0.62  preproc=69023us infer=41040us
13:08:37.491   pt[711]: min=-694 max=592 avg_abs=134 | fifo=976 under=0 over=0 late=0 mdf_cb=22871 mdf_err=0
13:08:37.996   pt[712]: min=-632 max=566 avg_abs=146 | fifo=768 under=0 over=0 late=0 mdf_cb=22903 mdf_err=0
13:08:38.376 in=16128Hz out=16000Hz ring=912 under=0 over=0 (dt=1000000us) loglag=120742us
13:08:38.376 win  381 pos= 5852160  -46dBFS [####................] rms=  173 peak=  632 seam=ok lag=334us
13:08:38.376   -> rooster         p=0.56  preproc=68966us infer=41053us
13:08:38.504   pt[713]: min=-568 max=532 avg_abs=130 | fifo=960 under=0 over=0 late=0 mdf_cb=22935 mdf_err=0
13:08:39.011   pt[714]: min=-578 max=630 avg_abs=128 | fifo=752 under=0 over=0 late=0 mdf_cb=22967 mdf_err=0
13:08:39.328 win  382 pos= 5867520  -46dBFS [####................] rms=  162 peak=  630 seam=ok lag=334us
13:08:39.328   -> clock_tick      p=0.66  preproc=69017us infer=41030us
13:08:39.390 in=16128Hz out=16000Hz ring=1040 under=0 over=0 (dt=999999us) loglag=120742us
13:08:39.518   pt[715]: min=-604 max=576 avg_abs=124 | fifo=1200 under=0 over=0 late=0 mdf_cb=23000 mdf_err=0
13:08:40.026   pt[716]: min=-776 max=580 avg_abs=124 | fifo=992 under=0 over=0 late=0 mdf_cb=23032 mdf_err=0
13:08:40.280 win  383 pos= 5882880  -46dBFS [####................] rms=  157 peak=  776 seam=ok lag=336us
13:08:40.284   -> clock_tick      p=0.94  preproc=69024us infer=41031us
13:08:40.422 in=16128Hz out=16000Hz ring=1168 under=0 over=0 (dt=1000000us) loglag=120742us
13:08:40.549   pt[717]: min=-536 max=496 avg_abs=114 | fifo=1184 under=0 over=0 late=0 mdf_cb=23064 mdf_err=0
13:08:41.057   pt[718]: min=-488 max=454 avg_abs=103 | fifo=976 under=0 over=0 late=0 mdf_cb=23096 mdf_err=0
13:08:41.249 win  384 pos= 5898240  -48dBFS [####................] rms=  136 peak=  536 seam=ok lag=334us
13:08:41.249   -> rooster         p=0.80  preproc=69011us infer=41041us
13:08:41.377 in=16128Hz out=16400Hz ring=896 under=0 over=0 (dt=999999us) loglag=120742us
13:08:41.569   pt[719]: min=-456 max=506 avg_abs=117 | fifo=1168 under=0 over=0 late=0 mdf_cb=23128 mdf_err=0
13:08:42.096   pt[720]: min=-496 max=488 avg_abs=113 | fifo=960 under=0 over=0 late=0 mdf_cb=23160 mdf_err=0
13:08:42.224 win  385 pos= 5913600  -47dBFS [####................] rms=  144 peak=  502 seam=ok lag=334us
13:08:42.224   -> unknown         p=0.44  preproc=69018us infer=41021us
13:08:42.416 in=16128Hz out=16000Hz ring=1024 under=0 over=0 (dt=1000000us) loglag=120742us
13:08:42.607   pt[721]: min=-526 max=630 avg_abs=123 | fifo=1152 under=0 over=0 late=0 mdf_cb=23192 mdf_err=0
13:08:43.177   pt[722]: min=-572 max=566 avg_abs=127 | fifo=944 under=0 over=0 late=0 mdf_cb=23224 mdf_err=0
13:08:43.177 win  386 pos= 5928960  -46dBFS [####................] rms=  158 peak=  630 seam=ok lag=333us
13:08:43.177   -> clock_tick      p=0.58  preproc=68993us infer=41040us
13:08:43.432 in=16128Hz out=16000Hz ring=1152 under=0 over=0 (dt=999999us) loglag=120742us
13:08:43.637   pt[723]: min=-504 max=488 avg_abs=112 | fifo=1136 under=0 over=0 late=0 mdf_cb=23256 mdf_err=0
13:08:44.145 win  387 pos= 5944320  -47dBFS [####................] rms=  143 peak=  504 seam=ok lag=335us
13:08:44.145   -> clock_tick      p=0.84  preproc=69017us infer=41049us
13:08:44.145   pt[724]: min=-488 max=456 avg_abs=118 | fifo=928 under=0 over=0 late=0 mdf_cb=23288 mdf_err=0
13:08:44.398 in=16128Hz out=16000Hz ring=1280 under=0 over=0 (dt=1000000us) loglag=120742us
13:08:44.650   pt[725]: min=-526 max=498 avg_abs=125 | fifo=720 under=0 over=0 late=0 mdf_cb=23320 mdf_err=0
13:08:45.111 win  388 pos= 5959680  -46dBFS [####................] rms=  156 peak=  526 seam=ok lag=338us
13:08:45.111   -> rooster         p=0.93  preproc=69020us infer=41083us
13:08:45.173   pt[726]: min=-474 max=504 avg_abs=112 | fifo=1168 under=0 over=0 late=0 mdf_cb=23353 mdf_err=0
13:08:45.428 in=16128Hz out=16400Hz ring=1008 under=0 over=0 (dt=1000000us) loglag=120742us
13:08:45.682   pt[727]: min=-484 max=432 avg_abs=101 | fifo=960 under=0 over=0 late=0 mdf_cb=23385 mdf_err=0
13:08:46.062 win  389 pos= 5975040  -48dBFS [####................] rms=  131 peak=  524 seam=ok lag=339us
13:08:46.062   -> clock_tick      p=0.51  preproc=69012us infer=41004us
13:08:46.062 ====================================
13:08:46.062 ====================================
13:08:46.062 TAP TOTAL win=389
13:08:46.062 ====================================
13:08:46.064 ====================================
13:08:46.064 tap total: windows=390 (expected 390 from 5992448 samples) overrun=0 torn=0 skipped=0 seam ok=389 NG=0
13:08:46.078   tap lag max=381us (0 of them lower bounds) | tap write max=7595ns avg=5326ns (23408 calls)
13:08:46.078   audio under=0 over=0 late=0 | aed run=390 err=0 (last er=0)
13:08:46.078   preproc max=69054us avg=69013us | infer max=41111us avg=41035us
13:08:46.093   notify out=191 held=108 offlist=91 gated=0 lat max=112180us (0 lower bounds)
13:08:46.093   log sent=2769 dropped=0 lag max=120742us
13:08:46.093   disp sent=145 dropped=0 max=104136us avg=32240us
13:08:46.109 ====================================
13:08:46.109 ====================================
13:08:46.236   pt[728]: min=-452 max=524 avg_abs=112 | fifo=1152 under=0 over=0 late=0 mdf_cb=23417 mdf_err=0
13:08:46.427 in=16128Hz out=16000Hz ring=1136 under=0 over=0 (dt=1000000us) loglag=120742us
13:08:46.743   pt[729]: min=-504 max=474 avg_abs=105 | fifo=944 under=0 over=0 late=0 mdf_cb=23449 mdf_err=0
13:08:47.061 win  390 pos= 5990400  -48dBFS [####................] rms=  134 peak=  504 seam=ok lag=337us
13:08:47.061   -> unknown         p=0.39  preproc=69031us infer=41001us
13:08:47.251   pt[730]: min=-418 max=476 avg_abs=95 | fifo=1136 under=0 over=0 late=0 mdf_cb=23481 mdf_err=0
13:08:47.442 in=16128Hz out=16000Hz ring=1264 under=0 over=0 (dt=999999us) loglag=120742us
13:08:47.760   pt[731]: min=-530 max=426 avg_abs=101 | fifo=928 under=0 over=0 late=0 mdf_cb=23513 mdf_err=0
13:08:48.012 win  391 pos= 6005760  -48dBFS [####................] rms=  125 peak=  530 seam=ok lag=338us
13:08:48.012   -> rooster         p=0.77  preproc=68973us infer=41045us
13:08:48.265   pt[732]: min=-616 max=470 avg_abs=114 | fifo=1120 under=0 over=0 late=0 mdf_cb=23545 mdf_err=0
13:08:48.457 in=15872Hz out=16400Hz ring=736 under=0 over=0 (dt=999999us) loglag=120742us
13:08:48.779   pt[733]: min=-466 max=468 avg_abs=109 | fifo=912 under=0 over=0 late=0 mdf_cb=23577 mdf_err=0
13:08:48.970 win  392 pos= 6021120  -48dBFS [####................] rms=  138 peak=  616 seam=ok lag=336us
13:08:48.970   -> rooster         p=0.68  preproc=69018us infer=41049us
13:08:49.292   pt[734]: min=-466 max=464 avg_abs=106 | fifo=1104 under=0 over=0 late=0 mdf_cb=23609 mdf_err=0
13:08:49.484 in=16128Hz out=16000Hz ring=864 under=0 over=0 (dt=1000000us) loglag=120742us
13:08:49.932   pt[735]: min=-360 max=386 avg_abs=88 | fifo=896 under=0 over=0 late=0 mdf_cb=23641 mdf_err=0
13:08:49.932 win  393 pos= 6036480  -49dBFS [###.................] rms=  122 peak=  466 seam=ok lag=336us
13:08:49.932   -> rooster         p=0.74  preproc=69044us infer=41042us
13:08:50.318   pt[736]: min=-538 max=436 avg_abs=118 | fifo=944 under=0 over=0 late=0 mdf_cb=23674 mdf_err=0
13:08:50.446 in=16128Hz out=16000Hz ring=992 under=0 over=0 (dt=999999us) loglag=120742us
13:08:50.896   pt[737]: min=-452 max=436 avg_abs=95 | fifo=1136 under=0 over=0 late=0 mdf_cb=23706 mdf_err=0
13:08:50.896 win  394 pos= 6051840  -48dBFS [####................] rms=  138 peak=  538 seam=ok lag=335us
13:08:50.896   -> rooster         p=0.54  preproc=69027us infer=41041us
13:08:51.346   pt[738]: min=-408 max=418 avg_abs=101 | fifo=928 under=0 over=0 late=0 mdf_cb=23738 mdf_err=0
13:08:51.474 in=16128Hz out=16000Hz ring=1120 under=0 over=0 (dt=1000000us) loglag=120742us
13:08:51.858 win  395 pos= 6067200  -48dBFS [####................] rms=  131 peak=  424 seam=ok lag=335us
13:08:51.858   -> unknown         p=0.22  preproc=69022us infer=41028us
13:08:51.858   pt[739]: min=-424 max=406 avg_abs=112 | fifo=1120 under=0 over=0 late=0 mdf_cb=23770 mdf_err=0
13:08:52.371   pt[740]: min=-384 max=440 avg_abs=110 | fifo=912 under=0 over=0 late=0 mdf_cb=23802 mdf_err=0
13:08:52.499 in=16128Hz out=16400Hz ring=848 under=0 over=0 (dt=1000000us) loglag=120742us
13:08:52.820 win  396 pos= 6082560  -48dBFS [####................] rms=  129 peak=  440 seam=ok lag=335us
13:08:52.820   -> rooster         p=0.82  preproc=68969us infer=41051us
13:08:52.884   pt[741]: min=-352 max=376 avg_abs=90 | fifo=1104 under=0 over=0 late=0 mdf_cb=23834 mdf_err=0
13:08:53.400   pt[742]: min=-554 max=428 avg_abs=117 | fifo=896 under=0 over=0 late=0 mdf_cb=23866 mdf_err=0
13:08:53.462 in=16128Hz out=16000Hz ring=976 under=0 over=0 (dt=1000000us) loglag=120742us
13:08:53.721 win  397 pos= 6097920  -47dBFS [####................] rms=  140 peak=  554 seam=ok lag=336us
13:08:53.727   -> rooster         p=0.84  preproc=69019us infer=41042us
13:08:53.931   pt[743]: min=-594 max=514 avg_abs=117 | fifo=1088 under=0 over=0 late=0 mdf_cb=23898 mdf_err=0
13:08:54.443   pt[744]: min=-620 max=522 avg_abs=129 | fifo=880 under=0 over=0 late=0 mdf_cb=23930 mdf_err=0
13:08:54.507 in=16128Hz out=16000Hz ring=1104 under=0 over=0 (dt=1000000us) loglag=120742us
13:08:54.717 win  398 pos= 6113280  -47dBFS [####................] rms=  154 peak=  620 seam=ok lag=334us
13:08:54.717   -> clock_tick      p=0.76  preproc=69028us infer=41016us
13:08:54.974   pt[745]: min=-574 max=652 avg_abs=118 | fifo=1072 under=0 over=0 late=0 mdf_cb=23962 mdf_err=0
13:08:55.490   pt[746]: min=-474 max=548 avg_abs=116 | fifo=1120 under=0 over=0 late=0 mdf_cb=23995 mdf_err=0
13:08:55.490 in=16128Hz out=16400Hz ring=832 under=0 over=0 (dt=999999us) loglag=120742us
13:08:55.682 win  399 pos= 6128640  -47dBFS [####................] rms=  144 peak=  652 seam=ok lag=334us
13:08:55.682   -> clock_tick      p=0.56  preproc=69028us infer=41036us
13:08:55.682 ====================================
13:08:55.682 ====================================
13:08:55.682 TAP TOTAL win=399
13:08:55.682 ====================================
13:08:55.682 ====================================
13:08:55.682 tap total: windows=400 (expected 400 from 6146048 samples) overrun=0 torn=0 skipped=0 seam ok=399 NG=0
13:08:55.682   tap lag max=381us (0 of them lower bounds) | tap write max=7595ns avg=5326ns (24008 calls)
13:08:55.685   audio under=0 over=0 late=0 | aed run=400 err=0 (last er=0)
13:08:55.746   preproc max=69054us avg=69013us | infer max=41111us avg=41035us
13:08:55.746   notify out=191 held=110 offlist=99 gated=0 lat max=112180us (0 lower bounds)
13:08:55.746   log sent=2832 dropped=0 lag max=120742us
13:08:55.746   disp sent=145 dropped=0 max=104136us avg=32240us
13:08:55.746 ====================================
13:08:55.746 ====================================
13:08:56.006   pt[747]: min=-534 max=708 avg_abs=127 | fifo=912 under=0 over=0 late=0 mdf_cb=24027 mdf_err=0
13:08:56.520   pt[748]: min=-526 max=522 avg_abs=119 | fifo=1104 under=0 over=0 late=0 mdf_cb=24059 mdf_err=0
13:08:56.520 in=16128Hz out=16000Hz ring=960 under=0 over=0 (dt=1000000us) loglag=120742us
13:08:56.650 win  400 pos= 6144000  -46dBFS [####................] rms=  160 peak=  708 seam=ok lag=336us
13:08:56.650   -> clock_tick      p=0.78  preproc=69022us infer=41039us
13:08:57.036   pt[749]: min=-524 max=542 avg_abs=119 | fifo=896 under=0 over=0 late=0 mdf_cb=24091 mdf_err=0
13:08:57.613 in=16128Hz out=16000Hz ring=1088 under=0 over=0 (dt=1000000us) loglag=120742us
13:08:57.613   pt[750]: min=-478 max=436 avg_abs=109 | fifo=1088 under=0 over=0 late=0 mdf_cb=24123 mdf_err=0
13:08:57.613 win  401 pos= 6159360  -47dBFS [####................] rms=  144 peak=  542 seam=ok lag=336us
13:08:57.613   -> rooster         p=0.54  preproc=68987us infer=41041us
13:08:58.064   pt[751]: min=-496 max=592 avg_abs=120 | fifo=880 under=0 over=0 late=0 mdf_cb=24155 mdf_err=0
13:08:58.580 in=16128Hz out=16000Hz ring=1216 under=0 over=0 (dt=1000000us) loglag=120742us
13:08:58.580   pt[752]: min=-428 max=550 avg_abs=104 | fifo=1072 under=0 over=0 late=0 mdf_cb=24187 mdf_err=0
13:08:58.580 win  402 pos= 6174720  -47dBFS [####................] rms=  144 peak=  592 seam=ok lag=332us
13:08:58.580   -> rooster         p=0.54  preproc=69018us infer=41043us
13:08:59.029   pt[753]: min=-566 max=576 avg_abs=114 | fifo=864 under=0 over=0 late=0 mdf_cb=24219 mdf_err=0
13:08:59.542 win  403 pos= 6190080  -47dBFS [####................] rms=  150 peak=  684 seam=ok lag=336us
13:08:59.542   -> unknown         p=0.38  preproc=69025us infer=41036us
13:08:59.542 in=16128Hz out=16400Hz ring=944 under=0 over=0 (dt=999999us) loglag=120742us
13:08:59.542   pt[754]: min=-684 max=578 avg_abs=127 | fifo=1056 under=0 over=0 late=0 mdf_cb=24251 mdf_err=0
13:09:00.058   pt[755]: min=-706 max=948 avg_abs=144 | fifo=1104 under=0 over=0 late=0 mdf_cb=24284 mdf_err=0
13:09:00.443 win  404 pos= 6205440  -46dBFS [####................] rms=  172 peak=  948 seam=ok lag=337us
13:09:00.448   -> unknown         p=0.35  preproc=69024us infer=41040us
13:09:00.522 in=16128Hz out=16000Hz ring=1072 under=0 over=0 (dt=999999us) loglag=120742us
13:09:00.585   pt[756]: min=-962 max=1140 avg_abs=142 | fifo=896 under=0 over=0 late=0 mdf_cb=24316 mdf_err=0
13:09:01.091   pt[757]: min=-794 max=874 avg_abs=148 | fifo=1088 under=0 over=0 late=0 mdf_cb=24348 mdf_err=0
13:09:01.412 win  405 pos= 6220800  -45dBFS [#####...............] rms=  193 peak= 1140 seam=ok lag=338us
13:09:01.412   -> clock_tick      p=0.90  preproc=69017us infer=41039us
13:09:01.541 in=16128Hz out=16000Hz ring=1200 under=0 over=0 (dt=999999us) loglag=120742us
13:09:01.606   pt[758]: min=-744 max=598 avg_abs=120 | fifo=880 under=0 over=0 late=0 mdf_cb=24380 mdf_err=0
13:09:02.120   pt[759]: min=-474 max=546 avg_abs=111 | fifo=1072 under=0 over=0 late=0 mdf_cb=24412 mdf_err=0
13:09:02.378 win  406 pos= 6236160  -47dBFS [####................] rms=  144 peak=  744 seam=ok lag=335us
13:09:02.378   -> unknown         p=0.38  preproc=68980us infer=41041us
13:09:02.570 in=16128Hz out=16400Hz ring=928 under=0 over=0 (dt=1000000us) loglag=120742us
13:09:02.634   pt[760]: min=-422 max=432 avg_abs=109 | fifo=864 under=0 over=0 late=0 mdf_cb=24444 mdf_err=0
13:09:03.148   pt[761]: min=-434 max=472 avg_abs=104 | fifo=1056 under=0 over=0 late=0 mdf_cb=24476 mdf_err=0
13:09:03.342 {"win":407,"cls":"sneezing","p":0.80,"lat_ms":112,"under":0,"over":0,"late":0}
13:09:03.342 win  407 pos= 6251520  -48dBFS [####................] rms=  133 peak=  472 seam=ok lag=336us
13:09:03.342   -> sneezing        p=0.80  preproc=69022us infer=41028us
13:09:03.406 lcd: win 407 -> SNEEZE p=0.80 (22793 us after notify)
13:09:03.536 in=16128Hz out=16000Hz ring=1056 under=0 over=0 (dt=1000000us) loglag=120742us
13:09:03.681   pt[762]: min=-422 max=430 avg_abs=131 | fifo=848 under=0 over=0 late=0 mdf_cb=24508 mdf_err=0
13:09:04.327   pt[763]: min=-444 max=428 avg_abs=102 | fifo=1296 under=0 over=0 late=0 mdf_cb=24541 mdf_err=0
13:09:04.327 {"win":408,"cls":"sneezing","p":0.80,"lat_ms":112,"under":0,"over":0,"late":0}
13:09:04.327 win  408 pos= 6266880  -47dBFS [####................] rms=  145 peak=  444 seam=ok lag=335us
13:09:04.327   -> sneezing        p=0.80  preproc=69021us infer=41088us
13:09:04.327 lcd: win 408 -> SNEEZE p=0.80 (31403 us after notify)
13:09:04.583 in=16128Hz out=16000Hz ring=1184 under=0 over=0 (dt=1000000us) loglag=120742us
13:09:04.711   pt[764]: min=-530 max=496 avg_abs=110 | fifo=1088 under=0 over=0 late=0 mdf_cb=24573 mdf_err=0
13:09:05.288   pt[765]: min=-584 max=534 avg_abs=126 | fifo=1280 under=0 over=0 late=0 mdf_cb=24605 mdf_err=0
13:09:05.288 win  409 pos= 6282240  -47dBFS [####................] rms=  149 peak=  584 seam=ok lag=336us
13:09:05.288   -> rooster         p=0.89  preproc=69033us infer=41030us
13:09:05.288 ====================================
13:09:05.288 ====================================
13:09:05.288 TAP TOTAL win=409
13:09:05.288 ====================================
13:09:05.288 ====================================
13:09:05.288 tap total: windows=410 (expected 410 from 6299648 samples) overrun=0 torn=0 skipped=0 seam ok=409 NG=0
13:09:05.288   tap lag max=381us (0 of them lower bounds) | tap write max=7595ns avg=5326ns (24608 calls)
13:09:05.296   audio under=0 over=0 late=0 | aed run=410 err=0 (last er=0)
13:09:05.298   preproc max=69054us avg=69013us | infer max=41111us avg=41035us
13:09:05.304   notify out=193 held=113 offlist=104 gated=0 lat max=112184us (0 lower bounds)
13:09:05.368   log sent=2898 dropped=0 lag max=120742us
13:09:05.368   disp sent=147 dropped=0 max=104136us avg=32170us
13:09:05.368 ====================================
13:09:05.368 ====================================
13:09:05.562 in=16128Hz out=16400Hz ring=912 under=0 over=0 (dt=999999us) loglag=120742us
13:09:05.770   pt[766]: min=-486 max=500 avg_abs=111 | fifo=1072 under=0 over=0 late=0 mdf_cb=24637 mdf_err=0
13:09:06.221 win  410 pos= 6297600  -45dBFS [#####...............] rms=  176 peak=  828 seam=ok lag=336us
13:09:06.221   -> clock_tick      p=0.60  preproc=69030us infer=41045us
13:09:06.285   pt[767]: min=-828 max=650 avg_abs=155 | fifo=864 under=0 over=0 late=0 mdf_cb=24669 mdf_err=0
13:09:06.605 in=16128Hz out=16000Hz ring=1040 under=0 over=0 (dt=1000000us) loglag=120742us
13:09:06.797   pt[768]: min=-492 max=524 avg_abs=120 | fifo=1056 under=0 over=0 late=0 mdf_cb=24701 mdf_err=0
13:09:07.183 {"win":411,"cls":"sneezing","p":0.54,"lat_ms":112,"under":0,"over":0,"late":0}
13:09:07.183 win  411 pos= 6312960  -47dBFS [####................] rms=  143 peak=  524 seam=ok lag=337us
13:09:07.183   -> sneezing        p=0.54  preproc=68962us infer=41048us
13:09:07.183 lcd: win 411 -> SNEEZE p=0.54 (22787 us after notify)
13:09:07.311   pt[769]: min=-444 max=490 avg_abs=102 | fifo=848 under=0 over=0 late=0 mdf_cb=24733 mdf_err=0
13:09:07.567 in=16128Hz out=16000Hz ring=1168 under=0 over=0 (dt=999999us) loglag=120742us
13:09:07.825   pt[770]: min=-474 max=544 avg_abs=109 | fifo=1040 under=0 over=0 late=0 mdf_cb=24765 mdf_err=0
13:09:08.148 win  412 pos= 6328320  -48dBFS [####................] rms=  131 peak=  544 seam=ok lag=335us
13:09:08.148   -> clock_tick      p=0.50  preproc=69028us infer=41041us
13:09:08.340   pt[771]: min=-462 max=492 avg_abs=98 | fifo=832 under=0 over=0 late=0 mdf_cb=24797 mdf_err=0
13:09:08.596 in=16128Hz out=16000Hz ring=1296 under=0 over=0 (dt=999999us) loglag=120742us
13:09:08.854   pt[772]: min=-740 max=804 avg_abs=119 | fifo=1024 under=0 over=0 late=0 mdf_cb=24829 mdf_err=0
13:09:09.112 win  413 pos= 6343680  -47dBFS [####................] rms=  140 peak=  804 seam=ok lag=334us
13:09:09.112   -> unknown         p=0.49  preproc=69003us infer=41088us
13:09:09.369   pt[773]: min=-456 max=622 avg_abs=107 | fifo=816 under=0 over=0 late=0 mdf_cb=24861 mdf_err=0
13:09:09.627 in=15872Hz out=16400Hz ring=768 under=0 over=0 (dt=1000000us) loglag=120742us
13:09:09.821   pt[774]: min=-414 max=400 avg_abs=97 | fifo=1264 under=0 over=0 late=0 mdf_cb=24894 mdf_err=0
13:09:10.094 win  414 pos= 6359040  -48dBFS [####................] rms=  128 peak=  622 seam=ok lag=334us
13:09:10.094   -> unknown         p=0.48  preproc=69024us infer=41037us
13:09:10.350   pt[775]: min=-436 max=376 avg_abs=96 | fifo=1056 under=0 over=0 late=0 mdf_cb=24926 mdf_err=0
13:09:10.607 in=16128Hz out=16000Hz ring=896 under=0 over=0 (dt=999999us) loglag=120742us
13:09:10.864   pt[776]: min=-450 max=438 avg_abs=103 | fifo=1248 under=0 over=0 late=0 mdf_cb=24958 mdf_err=0
13:09:11.056 win  415 pos= 6374400  -48dBFS [####................] rms=  125 peak=  450 seam=ok lag=332us
13:09:11.056   -> unknown         p=0.49  preproc=69018us infer=41040us
13:09:11.379   pt[777]: min=-550 max=458 avg_abs=102 | fifo=1040 under=0 over=0 late=0 mdf_cb=24990 mdf_err=0
13:09:11.635 in=16128Hz out=16000Hz ring=1024 under=0 over=0 (dt=999999us) loglag=120742us
13:09:12.021   pt[778]: min=-486 max=364 avg_abs=103 | fifo=1232 under=0 over=0 late=0 mdf_cb=25022 mdf_err=0
13:09:12.021 win  416 pos= 6389760  -48dBFS [####................] rms=  130 peak=  550 seam=ok lag=335us
13:09:12.021   -> unknown         p=0.39  preproc=68982us infer=41053us
13:09:12.406   pt[779]: min=-420 max=420 avg_abs=106 | fifo=1024 under=0 over=0 late=0 mdf_cb=25054 mdf_err=0
13:09:12.598 in=16128Hz out=16000Hz ring=1152 under=0 over=0 (dt=1000000us) loglag=120742us
13:09:12.937   pt[780]: min=-522 max=468 avg_abs=113 | fifo=816 under=0 over=0 late=0 mdf_cb=25086 mdf_err=0
13:09:12.937 win  417 pos= 6405120  -48dBFS [####................] rms=  138 peak=  522 seam=ok lag=335us
13:09:12.940   -> unknown         p=0.38  preproc=69015us infer=41067us
13:09:13.450   pt[781]: min=-440 max=404 avg_abs=98 | fifo=1008 under=0 over=0 late=0 mdf_cb=25118 mdf_err=0
13:09:13.643 in=16128Hz out=16400Hz ring=880 under=0 over=0 (dt=1000000us) loglag=120742us
13:09:13.899 win  418 pos= 6420480  -48dBFS [####................] rms=  125 peak=  458 seam=ok lag=334us
13:09:13.899   -> unknown         p=0.46  preproc=69009us infer=41094us
13:09:13.963   pt[782]: min=-466 max=532 avg_abs=99 | fifo=800 under=0 over=0 late=0 mdf_cb=25150 mdf_err=0
13:09:14.479   pt[783]: min=-634 max=532 avg_abs=124 | fifo=992 under=0 over=0 late=0 mdf_cb=25182 mdf_err=0
13:09:14.671 in=16128Hz out=16000Hz ring=1008 under=0 over=0 (dt=1000000us) loglag=120742us
13:09:14.862 win  419 pos= 6435840  -47dBFS [####................] rms=  143 peak=  634 seam=ok lag=335us
13:09:14.862   -> clock_tick      p=0.69  preproc=69011us infer=41017us
13:09:14.862 ====================================
13:09:14.862 ====================================
13:09:14.862 TAP TOTAL win=419
13:09:14.862 ====================================
13:09:14.869 ====================================
13:09:14.873 tap total: windows=420 (expected 420 from 6453248 samples) overrun=0 torn=0 skipped=0 seam ok=419 NG=0
13:09:14.878   tap lag max=381us (0 of them lower bounds) | tap write max=7595ns avg=5326ns (25208 calls)
13:09:14.896   audio under=0 over=0 late=0 | aed run=420 err=0 (last er=0)
13:09:14.896   preproc max=69054us avg=69013us | infer max=41111us avg=41036us
13:09:14.896   notify out=194 held=119 offlist=107 gated=0 lat max=112184us (0 lower bounds)
13:09:14.957   log sent=2962 dropped=0 lag max=120742us
13:09:14.957   disp sent=148 dropped=0 max=104136us avg=32107us
13:09:14.957 ====================================
13:09:14.957 ====================================
13:09:14.957   pt[784]: min=-472 max=600 avg_abs=100 | fifo=784 under=0 over=0 late=0 mdf_cb=25214 mdf_err=0
13:09:15.472   pt[785]: min=-564 max=500 avg_abs=107 | fifo=976 under=0 over=0 late=0 mdf_cb=25246 mdf_err=0
13:09:15.664 in=16128Hz out=16000Hz ring=1136 under=0 over=0 (dt=999999us) loglag=120742us
13:09:15.854 win  420 pos= 6451200  -47dBFS [####................] rms=  143 peak=  670 seam=ok lag=338us
13:09:15.854   -> unknown         p=0.37  preproc=69018us infer=41039us
13:09:15.983   pt[786]: min=-670 max=608 avg_abs=121 | fifo=1024 under=0 over=0 late=0 mdf_cb=25279 mdf_err=0
13:09:16.497   pt[787]: min=-794 max=640 avg_abs=122 | fifo=1216 under=0 over=0 late=0 mdf_cb=25311 mdf_err=0
13:09:16.625 in=16128Hz out=16000Hz ring=1264 under=0 over=0 (dt=1000000us) loglag=120742us
13:09:16.820 win  421 pos= 6466560  -47dBFS [####................] rms=  151 peak=  794 seam=ok lag=337us
13:09:16.820   -> unknown         p=0.26  preproc=68966us infer=41048us
13:09:17.009   pt[788]: min=-546 max=504 avg_abs=114 | fifo=1008 under=0 over=0 late=0 mdf_cb=25343 mdf_err=0
13:09:17.537   pt[789]: min=-434 max=494 avg_abs=103 | fifo=1200 under=0 over=0 late=0 mdf_cb=25375 mdf_err=0
13:09:17.731 in=16128Hz out=16400Hz ring=992 under=0 over=0 (dt=1000000us) loglag=120742us
13:09:17.731 {"win":422,"cls":"sneezing","p":0.72,"lat_ms":112,"under":0,"over":0,"late":0}
13:09:17.737 win  422 pos= 6481920  -48dBFS [####................] rms=  135 peak=  546 seam=ok lag=337us
13:09:17.746   -> sneezing        p=0.72  preproc=69026us infer=41054us
13:09:17.809 lcd: win 422 -> SNEEZE p=0.72 (29749 us after notify)
13:09:18.066   pt[790]: min=-448 max=612 avg_abs=109 | fifo=992 under=0 over=0 late=0 mdf_cb=25407 mdf_err=0
13:09:18.575   pt[791]: min=-528 max=632 avg_abs=122 | fifo=1184 under=0 over=0 late=0 mdf_cb=25439 mdf_err=0
13:09:18.702 in=15872Hz out=16000Hz ring=864 under=0 over=0 (dt=999999us) loglag=120742us
13:09:18.702 win  423 pos= 6497280  -47dBFS [####................] rms=  149 peak=  632 seam=ok lag=338us
13:09:18.702   -> clock_tick      p=0.71  preproc=69025us infer=41095us
13:09:19.083   pt[792]: min=-622 max=652 avg_abs=127 | fifo=976 under=0 over=0 late=0 mdf_cb=25471 mdf_err=0
13:09:19.654   pt[793]: min=-586 max=562 avg_abs=125 | fifo=1168 under=0 over=0 late=0 mdf_cb=25503 mdf_err=0
13:09:19.654 in=16128Hz out=16000Hz ring=992 under=0 over=0 (dt=999999us) loglag=120742us
13:09:19.660 win  424 pos= 6512640  -46dBFS [####................] rms=  157 peak=  652 seam=ok lag=336us
13:09:19.668   -> unknown         p=0.29  preproc=69043us infer=41048us
13:09:20.114   pt[794]: min=-580 max=526 avg_abs=116 | fifo=960 under=0 over=0 late=0 mdf_cb=25535 mdf_err=0
13:09:20.620   pt[795]: min=-516 max=422 avg_abs=101 | fifo=1152 under=0 over=0 late=0 mdf_cb=25567 mdf_err=0
13:09:20.620 win  425 pos= 6528000  -48dBFS [####................] rms=  138 peak=  580 seam=ok lag=337us
13:09:20.621   -> clock_tick      p=0.79  preproc=69021us infer=41045us
13:09:20.684 in=16128Hz out=16000Hz ring=1120 under=0 over=0 (dt=999999us) loglag=120742us
13:09:21.130   pt[796]: min=-534 max=582 avg_abs=115 | fifo=944 under=0 over=0 late=0 mdf_cb=25599 mdf_err=0
13:09:21.573 win  426 pos= 6543360  -47dBFS [####................] rms=  145 peak=  582 seam=ok lag=332us
13:09:21.573   -> clock_tick      p=0.57  preproc=68960us infer=41045us
13:09:21.636   pt[797]: min=-550 max=506 avg_abs=117 | fifo=1136 under=0 over=0 late=0 mdf_cb=25631 mdf_err=0
13:09:21.700 in=16128Hz out=16400Hz ring=848 under=0 over=0 (dt=999999us) loglag=120742us
13:09:22.144   pt[798]: min=-580 max=492 avg_abs=117 | fifo=928 under=0 over=0 late=0 mdf_cb=25663 mdf_err=0
13:09:22.586 win  427 pos= 6558720  -47dBFS [####................] rms=  142 peak=  580 seam=ok lag=336us
13:09:22.586   -> unknown         p=0.45  preproc=69021us infer=41033us
13:09:22.712   pt[799]: min=-528 max=518 avg_abs=99 | fifo=720 under=0 over=0 late=0 mdf_cb=25695 mdf_err=0
13:09:22.712 in=16128Hz out=16000Hz ring=976 under=0 over=0 (dt=1000000us) loglag=120742us
13:09:23.219   pt[800]: min=-450 max=500 avg_abs=105 | fifo=1168 under=0 over=0 late=0 mdf_cb=25728 mdf_err=0
13:09:23.535 {"win":428,"cls":"sneezing","p":0.52,"lat_ms":112,"under":0,"over":0,"late":0}
13:09:23.535 win  428 pos= 6574080  -48dBFS [####................] rms=  125 peak=  500 seam=ok lag=334us
13:09:23.535   -> sneezing        p=0.52  preproc=69014us infer=41071us
13:09:23.535 lcd: win 428 -> SNEEZE p=0.52 (22791 us after notify)
13:09:23.726 in=16128Hz out=16000Hz ring=1104 under=0 over=0 (dt=1000000us) loglag=120742us
13:09:23.726   pt[801]: min=-432 max=446 avg_abs=97 | fifo=960 under=0 over=0 late=0 mdf_cb=25760 mdf_err=0
13:09:24.232   pt[802]: min=-462 max=462 avg_abs=100 | fifo=1152 under=0 over=0 late=0 mdf_cb=25792 mdf_err=0
13:09:24.484 {"win":429,"cls":"unknown","p":0.38,"lat_ms":112,"under":0,"over":0,"late":0}
13:09:24.484 win  429 pos= 6589440  -48dBFS [####................] rms=  128 peak=  618 seam=ok lag=335us
13:09:24.484   -> unknown         p=0.38  preproc=69020us infer=40998us
13:09:24.484 ====================================
13:09:24.484 ====================================
13:09:24.484 TAP TOTAL win=429
13:09:24.484 ====================================
13:09:24.484 ====================================
13:09:24.484 tap total: windows=430 (expected 430 from 6606848 samples) overrun=0 torn=0 skipped=0 seam ok=429 NG=0
13:09:24.490   tap lag max=381us (0 of them lower bounds) | tap write max=7595ns avg=5326ns (25808 calls)
13:09:24.497   audio under=0 over=0 late=0 | aed run=430 err=0 (last er=0)
13:09:24.503   preproc max=69054us avg=69013us | infer max=41111us avg=41036us
13:09:24.507   notify out=197 held=123 offlist=110 gated=0 lat max=112184us (0 lower bounds)
13:09:24.517   log sent=3029 dropped=0 lag max=120742us
13:09:24.521   disp sent=150 dropped=0 max=104136us avg=32029us
13:09:24.526 ====================================
13:09:24.526 ====================================
13:09:24.718 in=16128Hz out=16000Hz ring=1232 under=0 over=0 (dt=999999us) loglag=120742us
13:09:24.718   pt[803]: min=-618 max=594 avg_abs=124 | fifo=944 under=0 over=0 late=0 mdf_cb=25824 mdf_err=0
13:09:25.222   pt[804]: min=-392 max=462 avg_abs=95 | fifo=1136 under=0 over=0 late=0 mdf_cb=25856 mdf_err=0
13:09:25.467 win  430 pos= 6604800  -48dBFS [####................] rms=  137 peak=  594 seam=ok lag=334us
13:09:25.467   -> unknown         p=0.46  preproc=69025us infer=41042us
13:09:25.724 in=16128Hz out=16400Hz ring=960 under=0 over=0 (dt=999999us) loglag=120742us
13:09:25.785   pt[805]: min=-600 max=568 avg_abs=123 | fifo=928 under=0 over=0 late=0 mdf_cb=25888 mdf_err=0
13:09:26.276   pt[806]: min=-452 max=464 avg_abs=113 | fifo=1120 under=0 over=0 late=0 mdf_cb=25920 mdf_err=0
13:09:26.410 win  431 pos= 6620160  -47dBFS [####................] rms=  150 peak=  600 seam=ok lag=334us
13:09:26.410   -> clock_tick      p=0.85  preproc=68972us infer=41051us
13:09:26.718 in=16128Hz out=16000Hz ring=1088 under=0 over=0 (dt=1000000us) loglag=120742us
13:09:26.779   pt[807]: min=-396 max=484 avg_abs=101 | fifo=912 under=0 over=0 late=0 mdf_cb=25952 mdf_err=0
13:09:27.345   pt[808]: min=-502 max=512 avg_abs=114 | fifo=1104 under=0 over=0 late=0 mdf_cb=25984 mdf_err=0
13:09:27.345 win  432 pos= 6635520  -48dBFS [####................] rms=  137 peak=  512 seam=ok lag=333us
13:09:27.345   -> unknown         p=0.38  preproc=69049us infer=41018us
13:09:27.715 in=15872Hz out=16000Hz ring=960 under=0 over=0 (dt=999999us) loglag=120742us
13:09:27.839   pt[809]: min=-458 max=446 avg_abs=112 | fifo=896 under=0 over=0 late=0 mdf_cb=26016 mdf_err=0
13:09:28.344 win  433 pos= 6650880  -48dBFS [####................] rms=  133 peak=  494 seam=ok lag=332us
13:09:28.344   -> unknown         p=0.49  preproc=69015us infer=41095us
13:09:28.344   pt[810]: min=-430 max=376 avg_abs=101 | fifo=1088 under=0 over=0 late=0 mdf_cb=26048 mdf_err=0
13:09:28.720 in=16128Hz out=16000Hz ring=1088 under=0 over=0 (dt=1000000us) loglag=120742us
13:09:28.842   pt[811]: min=-922 max=740 avg_abs=109 | fifo=880 under=0 over=0 late=0 mdf_cb=26080 mdf_err=0
13:09:29.277 {"win":434,"cls":"sneezing","p":0.50,"lat_ms":112,"under":0,"over":0,"late":0}
13:09:29.277 win  434 pos= 6666240  -48dBFS [####................] rms=  137 peak=  922 seam=ok lag=334us
13:09:29.277   -> sneezing        p=0.50  preproc=69028us infer=41021us
13:09:29.277 lcd: win 434 -> SNEEZE p=0.50 (22791 us after notify)
13:09:29.338   pt[812]: min=-546 max=540 avg_abs=112 | fifo=1072 under=0 over=0 late=0 mdf_cb=26112 mdf_err=0
13:09:29.717 in=16128Hz out=16400Hz ring=816 under=0 over=0 (dt=1000000us) loglag=120742us
13:09:29.841   pt[813]: min=-452 max=470 avg_abs=99 | fifo=864 under=0 over=0 late=0 mdf_cb=26144 mdf_err=0
13:09:30.219 {"win":435,"cls":"unknown","p":0.42,"lat_ms":112,"under":0,"over":0,"late":0}
13:09:30.219 win  435 pos= 6681600  -48dBFS [####................] rms=  130 peak=  546 seam=ok lag=332us
13:09:30.219   -> unknown         p=0.42  preproc=69024us infer=41021us
13:09:30.403   pt[814]: min=-434 max=476 avg_abs=99 | fifo=1056 under=0 over=0 late=0 mdf_cb=26176 mdf_err=0
13:09:30.718 in=16128Hz out=16000Hz ring=944 under=0 over=0 (dt=999999us) loglag=120742us
13:09:30.903   pt[815]: min=-536 max=562 avg_abs=116 | fifo=848 under=0 over=0 late=0 mdf_cb=26208 mdf_err=0
13:09:31.223 win  436 pos= 6696960  -47dBFS [####................] rms=  139 peak=  562 seam=ok lag=335us
13:09:31.223   -> rooster         p=0.60  preproc=68960us infer=41059us
13:09:31.409   pt[816]: min=-462 max=588 avg_abs=115 | fifo=1296 under=0 over=0 late=0 mdf_cb=26241 mdf_err=0
13:09:31.718 in=16128Hz out=16000Hz ring=1072 under=0 over=0 (dt=999999us) loglag=120742us
13:09:31.903   pt[817]: min=-438 max=472 avg_abs=104 | fifo=1088 under=0 over=0 late=0 mdf_cb=26273 mdf_err=0
13:09:32.160 win  437 pos= 6712320  -48dBFS [####................] rms=  138 peak=  588 seam=ok lag=338us
13:09:32.160   -> unknown         p=0.36  preproc=69022us infer=41044us
13:09:32.406   pt[818]: min=-646 max=606 avg_abs=111 | fifo=1280 under=0 over=0 late=0 mdf_cb=26305 mdf_err=0
13:09:32.776 in=16128Hz out=16000Hz ring=1200 under=0 over=0 (dt=1000000us) loglag=120742us
13:09:32.971   pt[819]: min=-454 max=646 avg_abs=108 | fifo=1072 under=0 over=0 late=0 mdf_cb=26337 mdf_err=0
13:09:33.094 win  438 pos= 6727680  -47dBFS [####................] rms=  140 peak=  646 seam=ok lag=337us
13:09:33.094   -> clock_tick      p=0.63  preproc=69025us infer=41087us
13:09:33.464   pt[820]: min=-530 max=502 avg_abs=118 | fifo=1264 under=0 over=0 late=0 mdf_cb=26369 mdf_err=0
13:09:33.784 in=16128Hz out=16400Hz ring=928 under=0 over=0 (dt=1000000us) loglag=120742us
13:09:34.091   pt[821]: min=-498 max=526 avg_abs=122 | fifo=1056 under=0 over=0 late=0 mdf_cb=26401 mdf_err=0
13:09:34.091 win  439 pos= 6743040  -47dBFS [####................] rms=  149 peak=  530 seam=ok lag=337us
13:09:34.091   -> unknown         p=0.31  preproc=69048us infer=41047us
13:09:34.091 ====================================
13:09:34.091 ====================================
13:09:34.091 TAP TOTAL win=439
13:09:34.091 ====================================
13:09:34.091 ====================================
13:09:34.091 tap total: windows=440 (expected 440 from 6760448 samples) overrun=0 torn=0 skipped=0 seam ok=439 NG=0
13:09:34.091   tap lag max=381us (0 of them lower bounds) | tap write max=7595ns avg=5326ns (26408 calls)
13:09:34.101   audio under=0 over=0 late=0 | aed run=440 err=0 (last er=0)
13:09:34.101   preproc max=69054us avg=69013us | infer max=41111us avg=41036us
13:09:34.111   notify out=199 held=128 offlist=113 gated=0 lat max=112184us (0 lower bounds)
13:09:34.111   log sent=3095 dropped=0 lag max=120742us
13:09:34.121   disp sent=151 dropped=0 max=104136us avg=31968us
13:09:34.121 ====================================
13:09:34.131 ====================================
13:09:34.503   pt[822]: min=-524 max=530 avg_abs=105 | fifo=848 under=0 over=0 late=0 mdf_cb=26433 mdf_err=0
13:09:34.750 in=16128Hz out=16000Hz ring=1056 under=0 over=0 (dt=999999us) loglag=120742us
13:09:35.059   pt[823]: min=-578 max=424 avg_abs=100 | fifo=1040 under=0 over=0 late=0 mdf_cb=26465 mdf_err=0
13:09:35.059 win  440 pos= 6758400  -48dBFS [####................] rms=  130 peak=  548 seam=ok lag=336us
13:09:35.059   -> unknown         p=0.41  preproc=69021us infer=41046us
13:09:35.508   pt[824]: min=-570 max=578 avg_abs=110 | fifo=832 under=0 over=0 late=0 mdf_cb=26497 mdf_err=0
13:09:35.763 in=15872Hz out=16000Hz ring=928 under=0 over=0 (dt=999999us) loglag=120742us
13:09:36.017 win  441 pos= 6773760  -48dBFS [####................] rms=  137 peak=  578 seam=ok lag=336us
13:09:36.017   -> unknown         p=0.25  preproc=68962us infer=41056us
13:09:36.017   pt[825]: min=-474 max=508 avg_abs=100 | fifo=1024 under=0 over=0 late=0 mdf_cb=26529 mdf_err=0
13:09:36.525   pt[826]: min=-528 max=514 avg_abs=106 | fifo=816 under=0 over=0 late=0 mdf_cb=26561 mdf_err=0
13:09:36.779 in=16128Hz out=16000Hz ring=1056 under=0 over=0 (dt=999999us) loglag=120742us
13:09:36.969 win  442 pos= 6789120  -48dBFS [####................] rms=  127 peak=  528 seam=ok lag=335us
13:09:36.969   -> unknown         p=0.45  preproc=69009us infer=41048us
13:09:37.033   pt[827]: min=-444 max=446 avg_abs=104 | fifo=1008 under=0 over=0 late=0 mdf_cb=26593 mdf_err=0
13:09:37.541   pt[828]: min=-586 max=608 avg_abs=102 | fifo=800 under=0 over=0 late=0 mdf_cb=26625 mdf_err=0
13:09:37.795 in=16128Hz out=16400Hz ring=784 under=0 over=0 (dt=999999us) loglag=120742us
13:09:37.922 {"win":443,"cls":"sneezing","p":0.69,"lat_ms":112,"under":0,"over":0,"late":0}
13:09:37.922 win  443 pos= 6804480  -48dBFS [####................] rms=  131 peak=  608 seam=ok lag=338us
13:09:37.922   -> sneezing        p=0.69  preproc=69032us infer=41080us
13:09:37.922 lcd: win 443 -> SNEEZE p=0.69 (22790 us after notify)
13:09:38.050   pt[829]: min=-522 max=804 avg_abs=107 | fifo=992 under=0 over=0 late=0 mdf_cb=26657 mdf_err=0
13:09:38.559   pt[830]: min=-522 max=482 avg_abs=102 | fifo=1040 under=0 over=0 late=0 mdf_cb=26690 mdf_err=0
13:09:38.877 in=16128Hz out=16000Hz ring=912 under=0 over=0 (dt=1000000us) loglag=120742us
13:09:38.877 win  444 pos= 6819840  -48dBFS [####................] rms=  130 peak=  804 seam=ok lag=332us
13:09:38.877   -> clock_tick      p=0.74  preproc=69030us infer=41023us
13:09:39.131   pt[831]: min=-404 max=484 avg_abs=95 | fifo=1232 under=0 over=0 late=0 mdf_cb=26722 mdf_err=0
13:09:39.640   pt[832]: min=-482 max=522 avg_abs=121 | fifo=1024 under=0 over=0 late=0 mdf_cb=26754 mdf_err=0
13:09:39.831 in=16128Hz out=16000Hz ring=1040 under=0 over=0 (dt=999999us) loglag=120742us
13:09:39.831 win  445 pos= 6835200  -47dBFS [####................] rms=  143 peak=  522 seam=ok lag=335us
13:09:39.831   -> clock_tick      p=0.66  preproc=69012us infer=41056us
13:09:40.150   pt[833]: min=-426 max=516 avg_abs=110 | fifo=1216 under=0 over=0 late=0 mdf_cb=26786 mdf_err=0
13:09:40.661   pt[834]: min=-504 max=522 avg_abs=96 | fifo=1008 under=0 over=0 late=0 mdf_cb=26818 mdf_err=0
13:09:40.788 win  446 pos= 6850560  -48dBFS [####................] rms=  126 peak=  522 seam=ok lag=335us
13:09:40.788   -> clock_tick      p=0.85  preproc=68970us infer=41039us
13:09:40.788 in=16059Hz out=15931Hz ring=1168 under=0 over=0 (dt=1004271us) loglag=120742us
13:09:41.171   pt[835]: min=-464 max=428 avg_abs=102 | fifo=1200 under=0 over=0 late=0 mdf_cb=26850 mdf_err=0
13:09:41.746   pt[836]: min=-598 max=428 avg_abs=121 | fifo=992 under=0 over=0 late=0 mdf_cb=26882 mdf_err=0
13:09:41.746 win  447 pos= 6865920  -47dBFS [####................] rms=  142 peak=  598 seam=ok lag=336us
13:09:41.746   -> unknown         p=0.31  preproc=69043us infer=41059us
13:09:41.810 in=16197Hz out=16068Hz ring=1296 under=0 over=0 (dt=995728us) loglag=120742us
13:09:42.192   pt[837]: min=-428 max=452 avg_abs=102 | fifo=1184 under=0 over=0 late=0 mdf_cb=26914 mdf_err=0
13:09:42.704   pt[838]: min=-464 max=426 avg_abs=113 | fifo=976 under=0 over=0 late=0 mdf_cb=26946 mdf_err=0
13:09:42.704 {"win":448,"cls":"sneezing","p":0.78,"lat_ms":112,"under":0,"over":0,"late":0}
13:09:42.704 win  448 pos= 6881280  -48dBFS [####................] rms=  137 peak=  598 seam=ok lag=334us
13:09:42.768   -> sneezing        p=0.78  preproc=69016us infer=41092us
13:09:42.768 lcd: win 448 -> SNEEZE p=0.78 (31316 us after notify)
13:09:42.832 in=15872Hz out=16400Hz ring=768 under=0 over=0 (dt=1000000us) loglag=120742us
13:09:43.215   pt[839]: min=-468 max=510 avg_abs=94 | fifo=1168 under=0 over=0 late=0 mdf_cb=26978 mdf_err=0
13:09:43.661 {"win":449,"cls":"unknown","p":0.42,"lat_ms":112,"under":0,"over":0,"late":0}
13:09:43.661 win  449 pos= 6896640  -48dBFS [####................] rms=  129 peak=  592 seam=ok lag=333us
13:09:43.661   -> unknown         p=0.42  preproc=69007us infer=41030us
13:09:43.661 ====================================
13:09:43.661 ====================================
13:09:43.661 TAP TOTAL win=449
13:09:43.677 ====================================
13:09:43.680 ====================================
13:09:43.680 tap total: windows=450 (expected 450 from 6914048 samples) overrun=0 torn=0 skipped=0 seam ok=449 NG=0
13:09:43.692   tap lag max=381us (0 of them lower bounds) | tap write max=7595ns avg=5326ns (27008 calls)
13:09:43.701   audio under=0 over=0 late=0 | aed run=450 err=0 (last er=0)
13:09:43.706   preproc max=69054us avg=69013us | infer max=41111us avg=41037us
13:09:43.708   notify out=202 held=132 offlist=116 gated=0 lat max=112184us (0 lower bounds)
13:09:43.708   log sent=3161 dropped=0 lag max=120742us
13:09:43.724   disp sent=153 dropped=0 max=104136us avg=31903us
13:09:43.724 ====================================
13:09:43.724 ====================================
13:09:43.724   pt[840]: min=-592 max=480 avg_abs=112 | fifo=960 under=0 over=0 late=0 mdf_cb=27010 mdf_err=0
13:09:43.803 in=16128Hz out=16000Hz ring=896 under=0 over=0 (dt=999999us) loglag=120742us
13:09:44.248   pt[841]: min=-518 max=406 avg_abs=100 | fifo=1152 under=0 over=0 late=0 mdf_cb=27042 mdf_err=0
13:09:44.633 win  450 pos= 6912000  -48dBFS [####................] rms=  134 peak=  652 seam=ok lag=336us
13:09:44.633   -> clock_tick      p=0.64  preproc=69023us infer=41043us
13:09:44.760   pt[842]: min=-652 max=394 avg_abs=103 | fifo=944 under=0 over=0 late=0 mdf_cb=27074 mdf_err=0
13:09:44.824 in=16128Hz out=16000Hz ring=1024 under=0 over=0 (dt=1000000us) loglag=120742us
13:09:45.269   pt[843]: min=-426 max=448 avg_abs=93 | fifo=1136 under=0 over=0 late=0 mdf_cb=27106 mdf_err=0
13:09:45.588 win  451 pos= 6927360  -49dBFS [###.................] rms=  119 peak=  470 seam=ok lag=335us
13:09:45.588   -> clock_tick      p=0.73  preproc=68955us infer=41032us
13:09:45.780   pt[844]: min=-476 max=386 avg_abs=97 | fifo=928 under=0 over=0 late=0 mdf_cb=27138 mdf_err=0
13:09:45.845 in=16128Hz out=16000Hz ring=1152 under=0 over=0 (dt=999999us) loglag=120742us
13:09:46.291   pt[845]: min=-514 max=464 avg_abs=103 | fifo=1120 under=0 over=0 late=0 mdf_cb=27170 mdf_err=0
13:09:46.547 win  452 pos= 6942720  -48dBFS [####................] rms=  128 peak=  600 seam=ok lag=333us
13:09:46.547   -> unknown         p=0.45  preproc=69023us infer=41047us
13:09:46.802   pt[846]: min=-1396 max=1052 avg_abs=123 | fifo=912 under=0 over=0 late=0 mdf_cb=27202 mdf_err=0
13:09:46.866 in=16128Hz out=16400Hz ring=880 under=0 over=0 (dt=1000000us) loglag=120742us
13:09:47.314   pt[847]: min=-558 max=432 avg_abs=107 | fifo=704 under=0 over=0 late=0 mdf_cb=27234 mdf_err=0
13:09:47.506 win  453 pos= 6958080  -47dBFS [####................] rms=  152 peak= 1396 seam=ok lag=337us
13:09:47.506   -> clock_tick      p=0.78  preproc=69021us infer=41097us
13:09:47.826   pt[848]: min=-466 max=512 avg_abs=96 | fifo=1152 under=0 over=0 late=0 mdf_cb=27267 mdf_err=0
13:09:47.826 in=16128Hz out=16000Hz ring=1008 under=0 over=0 (dt=999999us) loglag=120742us
13:09:48.338   pt[849]: min=-538 max=460 avg_abs=111 | fifo=944 under=0 over=0 late=0 mdf_cb=27299 mdf_err=0
13:09:48.466 win  454 pos= 6973440  -48dBFS [####................] rms=  132 peak=  538 seam=ok lag=337us
13:09:48.466   -> unknown         p=0.39  preproc=69020us infer=41038us
13:09:48.848 in=16128Hz out=16000Hz ring=1136 under=0 over=0 (dt=1000000us) loglag=120742us
13:09:48.848   pt[850]: min=-496 max=608 avg_abs=115 | fifo=1136 under=0 over=0 late=0 mdf_cb=27331 mdf_err=0
13:09:49.421   pt[851]: min=-538 max=540 avg_abs=106 | fifo=928 under=0 over=0 late=0 mdf_cb=27363 mdf_err=0
13:09:49.421 win  455 pos= 6988800  -48dBFS [####................] rms=  138 peak=  608 seam=ok lag=337us
13:09:49.485   -> clock_tick      p=0.68  preproc=69061us infer=41055us
13:09:49.868 in=16128Hz out=16000Hz ring=1264 under=0 over=0 (dt=999999us) loglag=120742us
13:09:49.868   pt[852]: min=-400 max=446 avg_abs=86 | fifo=1120 under=0 over=0 late=0 mdf_cb=27395 mdf_err=0
13:09:50.378   pt[853]: min=-380 max=356 avg_abs=94 | fifo=912 under=0 over=0 late=0 mdf_cb=27427 mdf_err=0
13:09:50.378 {"win":456,"cls":"sneezing","p":0.69,"lat_ms":112,"under":0,"over":0,"late":0}
13:09:50.442 win  456 pos= 7004160  -49dBFS [###.................] rms=  118 peak=  540 seam=ok lag=338us
13:09:50.442   -> sneezing        p=0.69  preproc=68967us infer=41043us
13:09:50.442 lcd: win 456 -> SNEEZE p=0.69 (31230 us after notify)
13:09:50.889 in=15872Hz out=16400Hz ring=736 under=0 over=0 (dt=1000000us) loglag=120742us
13:09:50.889   pt[854]: min=-506 max=584 avg_abs=135 | fifo=1104 under=0 over=0 late=0 mdf_cb=27459 mdf_err=0
13:09:51.335 {"win":457,"cls":"unknown","p":0.48,"lat_ms":112,"under":0,"over":0,"late":0}
13:09:51.335 win  457 pos= 7019520  -47dBFS [####................] rms=  148 peak=  584 seam=ok lag=335us
13:09:51.344   -> unknown         p=0.48  preproc=69020us infer=41042us
13:09:51.415   pt[855]: min=-412 max=456 avg_abs=93 | fifo=896 under=0 over=0 late=0 mdf_cb=27491 mdf_err=0
13:09:51.877 in=16128Hz out=16000Hz ring=864 under=0 over=0 (dt=999999us) loglag=120742us
13:09:51.941   pt[856]: min=-430 max=424 avg_abs=98 | fifo=1088 under=0 over=0 late=0 mdf_cb=27523 mdf_err=0
13:09:52.324 win  458 pos= 7034880  -49dBFS [###.................] rms=  122 peak=  500 seam=ok lag=334us
13:09:52.324   -> unknown         p=0.38  preproc=69023us infer=41070us
13:09:52.452   pt[857]: min=-376 max=500 avg_abs=98 | fifo=880 under=0 over=0 late=0 mdf_cb=27555 mdf_err=0
13:09:52.896 in=16128Hz out=16000Hz ring=992 under=0 over=0 (dt=1000000us) loglag=120742us
13:09:52.960   pt[858]: min=-406 max=500 avg_abs=97 | fifo=1072 under=0 over=0 late=0 mdf_cb=27587 mdf_err=0
13:09:53.277 win  459 pos= 7050240  -49dBFS [###.................] rms=  120 peak=  500 seam=ok lag=337us
13:09:53.277   -> clock_tick      p=0.84  preproc=69021us infer=41039us
13:09:53.277 ====================================
13:09:53.277 ====================================
13:09:53.277 TAP TOTAL win=459
13:09:53.277 ====================================
13:09:53.277 ====================================
13:09:53.277 tap total: windows=460 (expected 460 from 7067648 samples) overrun=0 torn=0 skipped=0 seam ok=459 NG=0
13:09:53.277   tap lag max=381us (0 of them lower bounds) | tap write max=7595ns avg=5326ns (27608 calls)
13:09:53.292   audio under=0 over=0 late=0 | aed run=460 err=0 (last er=0)
13:09:53.292   preproc max=69061us avg=69013us | infer max=41111us avg=41037us
13:09:53.304   notify out=204 held=135 offlist=121 gated=0 lat max=112184us (0 lower bounds)
13:09:53.308   log sent=3227 dropped=0 lag max=120742us
13:09:53.308   disp sent=154 dropped=0 max=104136us avg=31899us
13:09:53.308 ====================================
13:09:53.324 ====================================
13:09:53.452   pt[859]: min=-424 max=388 avg_abs=85 | fifo=864 under=0 over=0 late=0 mdf_cb=27619 mdf_err=0
13:09:53.895 in=16128Hz out=16000Hz ring=1120 under=0 over=0 (dt=1000000us) loglag=120742us
13:09:53.958   pt[860]: min=-438 max=446 avg_abs=90 | fifo=1056 under=0 over=0 late=0 mdf_cb=27651 mdf_err=0
13:09:54.210 win  460 pos= 7065600  -49dBFS [###.................] rms=  118 peak=  446 seam=ok lag=334us
13:09:54.210   -> unknown         p=0.37  preproc=69026us infer=41042us
13:09:54.527   pt[861]: min=-442 max=396 avg_abs=111 | fifo=848 under=0 over=0 late=0 mdf_cb=27683 mdf_err=0
13:09:54.906 in=16128Hz out=16400Hz ring=848 under=0 over=0 (dt=1000000us) loglag=120742us
13:09:55.033   pt[862]: min=-388 max=530 avg_abs=116 | fifo=1296 under=0 over=0 late=0 mdf_cb=27716 mdf_err=0
13:09:55.223 win  461 pos= 7080960  -47dBFS [####................] rms=  141 peak=  536 seam=ok lag=337us
13:09:55.223   -> unknown         p=0.50  preproc=68959us infer=41058us
13:09:55.539   pt[863]: min=-558 max=488 avg_abs=125 | fifo=1088 under=0 over=0 late=0 mdf_cb=27748 mdf_err=0
13:09:55.920 in=16128Hz out=16000Hz ring=976 under=0 over=0 (dt=999999us) loglag=120742us
13:09:56.047   pt[864]: min=-542 max=522 avg_abs=107 | fifo=1280 under=0 over=0 late=0 mdf_cb=27780 mdf_err=0
13:09:56.173 win  462 pos= 7096320  -47dBFS [####................] rms=  145 peak=  558 seam=ok lag=334us
13:09:56.173   -> unknown         p=0.42  preproc=69023us infer=41028us
13:09:56.553   pt[865]: min=-390 max=424 avg_abs=93 | fifo=1072 under=0 over=0 late=0 mdf_cb=27812 mdf_err=0
13:09:56.932 in=16128Hz out=16000Hz ring=1104 under=0 over=0 (dt=1000000us) loglag=120742us
13:09:57.122   pt[866]: min=-478 max=484 avg_abs=107 | fifo=864 under=0 over=0 late=0 mdf_cb=27844 mdf_err=0
13:09:57.122 win  463 pos= 7111680  -48dBFS [####................] rms=  127 peak=  484 seam=ok lag=337us
13:09:57.122   -> unknown         p=0.33  preproc=69052us infer=41091us
13:09:57.566   pt[867]: min=-566 max=652 avg_abs=110 | fifo=1056 under=0 over=0 late=0 mdf_cb=27876 mdf_err=0
13:09:57.883 in=16128Hz out=16000Hz ring=1232 under=0 over=0 (dt=1000000us) loglag=120742us
13:09:58.073 win  464 pos= 7127040  -47dBFS [####................] rms=  152 peak=  652 seam=ok lag=335us
13:09:58.073   -> rooster         p=0.52  preproc=69019us infer=41050us
13:09:58.073   pt[868]: min=-648 max=636 avg_abs=138 | fifo=848 under=0 over=0 late=0 mdf_cb=27908 mdf_err=0
13:09:58.580   pt[869]: min=-554 max=592 avg_abs=123 | fifo=1040 under=0 over=0 late=0 mdf_cb=27940 mdf_err=0
13:09:58.898 in=16128Hz out=16400Hz ring=960 under=0 over=0 (dt=999999us) loglag=120742us
13:09:59.025 win  465 pos= 7142400  -46dBFS [####................] rms=  164 peak=  608 seam=ok lag=334us
13:09:59.025   -> clock_tick      p=0.73  preproc=69022us infer=41017us
13:09:59.088   pt[870]: min=-540 max=506 avg_abs=121 | fifo=832 under=0 over=0 late=0 mdf_cb=27972 mdf_err=0
13:09:59.656   pt[871]: min=-490 max=418 avg_abs=99 | fifo=1024 under=0 over=0 late=0 mdf_cb=28004 mdf_err=0
13:09:59.972 in=16128Hz out=16000Hz ring=1088 under=0 over=0 (dt=1000000us) loglag=120742us
13:09:59.972 win  466 pos= 7157760  -48dBFS [####................] rms=  124 peak=  516 seam=ok lag=334us
13:09:59.972   -> clock_tick      p=0.90  preproc=68977us infer=41017us
13:10:00.116   pt[872]: min=-428 max=462 avg_abs=95 | fifo=1072 under=0 over=0 late=0 mdf_cb=28037 mdf_err=0
13:10:00.686   pt[873]: min=-606 max=720 avg_abs=130 | fifo=1264 under=0 over=0 late=0 mdf_cb=28069 mdf_err=0
13:10:00.939 in=16128Hz out=16000Hz ring=1216 under=0 over=0 (dt=1000000us) loglag=120742us
13:10:00.939 win  467 pos= 7173120  -46dBFS [####................] rms=  158 peak=  720 seam=ok lag=334us
13:10:00.939   -> rooster         p=0.61  preproc=69012us infer=41050us
13:10:01.187   pt[874]: min=-620 max=570 avg_abs=127 | fifo=1056 under=0 over=0 late=0 mdf_cb=28101 mdf_err=0
13:10:01.697   pt[875]: min=-480 max=462 avg_abs=99 | fifo=1248 under=0 over=0 late=0 mdf_cb=28133 mdf_err=0
13:10:01.952 win  468 pos= 7188480  -48dBFS [####................] rms=  135 peak=  570 seam=ok lag=334us
13:10:01.952   -> clock_tick      p=0.62  preproc=69023us infer=41087us
13:10:01.952 in=16128Hz out=16400Hz ring=944 under=0 over=0 (dt=999998us) loglag=120742us
13:10:02.208   pt[876]: min=-438 max=456 avg_abs=101 | fifo=1040 under=0 over=0 late=0 mdf_cb=28165 mdf_err=0
13:10:02.718   pt[877]: min=-510 max=418 avg_abs=91 | fifo=832 under=0 over=0 late=0 mdf_cb=28197 mdf_err=0
13:10:02.910 win  469 pos= 7203840  -49dBFS [###.................] rms=  120 peak=  510 seam=ok lag=335us
13:10:02.910   -> clock_tick      p=0.76  preproc=69017us infer=41019us
13:10:02.910 ====================================
13:10:02.910 ====================================
13:10:02.910 TAP TOTAL win=469
13:10:02.910 ====================================
13:10:02.910 ====================================
13:10:02.910 tap total: windows=470 (expected 470 from 7221248 samples) overrun=0 torn=0 skipped=0 seam ok=469 NG=0
13:10:02.910   tap lag max=381us (0 of them lower bounds) | tap write max=7595ns avg=5325ns (28208 calls)
13:10:02.910   audio under=0 over=0 late=0 | aed run=470 err=0 (last er=0)
13:10:02.910   preproc max=69061us avg=69013us | infer max=41111us avg=41037us
13:10:02.910   notify out=204 held=139 offlist=127 gated=0 lat max=112184us (0 lower bounds)
13:10:02.910   log sent=3289 dropped=0 lag max=120742us
13:10:02.921   disp sent=154 dropped=0 max=104136us avg=31899us
13:10:02.925 ====================================
13:10:02.926 ====================================
13:10:02.926 in=15848Hz out=15976Hz ring=816 under=0 over=0 (dt=1001464us) loglag=120742us
13:10:03.244   pt[878]: min=-538 max=548 avg_abs=116 | fifo=1024 under=0 over=0 late=0 mdf_cb=28229 mdf_err=0
13:10:03.815   pt[879]: min=-610 max=572 avg_abs=135 | fifo=816 under=0 over=0 late=0 mdf_cb=28261 mdf_err=0
13:10:03.815 win  470 pos= 7219200  -46dBFS [####................] rms=  161 peak=  610 seam=ok lag=337us
13:10:03.829   -> clock_tick      p=0.66  preproc=69048us infer=41058us
13:10:03.958 in=16151Hz out=16023Hz ring=944 under=0 over=0 (dt=998535us) loglag=120742us
13:10:04.277   pt[880]: min=-420 max=492 avg_abs=101 | fifo=1008 under=0 over=0 late=0 mdf_cb=28293 mdf_err=0
13:10:04.786   pt[881]: min=-452 max=490 avg_abs=103 | fifo=800 under=0 over=0 late=0 mdf_cb=28325 mdf_err=0
13:10:04.786 win  471 pos= 7234560  -48dBFS [####................] rms=  129 peak=  572 seam=ok lag=336us
13:10:04.786   -> clock_tick      p=0.75  preproc=68968us infer=41044us
13:10:04.977 in=16128Hz out=16000Hz ring=1072 under=0 over=0 (dt=999999us) loglag=120742us
13:10:05.294   pt[882]: min=-578 max=640 avg_abs=123 | fifo=1248 under=0 over=0 late=0 mdf_cb=28358 mdf_err=0
13:10:05.740 win  472 pos= 7249920  -47dBFS [####................] rms=  140 peak=  640 seam=ok lag=335us
13:10:05.740   -> unknown         p=0.43  preproc=69022us infer=41055us
13:10:05.803   pt[883]: min=-412 max=442 avg_abs=95 | fifo=1040 under=0 over=0 late=0 mdf_cb=28390 mdf_err=0
13:10:05.994 in=16128Hz out=16400Hz ring=800 under=0 over=0 (dt=1000000us) loglag=120742us
13:10:06.310   pt[884]: min=-548 max=762 avg_abs=127 | fifo=1232 under=0 over=0 late=0 mdf_cb=28422 mdf_err=0
13:10:06.753 win  473 pos= 7265280  -47dBFS [####................] rms=  145 peak=  762 seam=ok lag=338us
13:10:06.753   -> unknown         p=0.45  preproc=69019us infer=41089us
13:10:06.817   pt[885]: min=-416 max=504 avg_abs=96 | fifo=1024 under=0 over=0 late=0 mdf_cb=28454 mdf_err=0
13:10:06.944 in=16128Hz out=16000Hz ring=928 under=0 over=0 (dt=999999us) loglag=120742us
13:10:07.324   pt[886]: min=-366 max=426 avg_abs=94 | fifo=1216 under=0 over=0 late=0 mdf_cb=28486 mdf_err=0
13:10:07.703 win  474 pos= 7280640  -49dBFS [###.................] rms=  118 peak=  434 seam=ok lag=337us
13:10:07.703   -> rooster         p=0.61  preproc=69015us infer=41019us
13:10:07.830   pt[887]: min=-434 max=424 avg_abs=99 | fifo=1008 under=0 over=0 late=0 mdf_cb=28518 mdf_err=0
13:10:07.957 in=16128Hz out=16000Hz ring=1056 under=0 over=0 (dt=1000000us) loglag=120742us
13:10:08.337   pt[888]: min=-530 max=428 avg_abs=100 | fifo=1200 under=0 over=0 late=0 mdf_cb=28550 mdf_err=0
13:10:08.654 win  475 pos= 7296000  -48dBFS [####................] rms=  127 peak=  530 seam=ok lag=337us
13:10:08.654   -> rooster         p=0.66  preproc=69032us infer=41030us
13:10:08.908   pt[889]: min=-438 max=420 avg_abs=95 | fifo=992 under=0 over=0 late=0 mdf_cb=28582 mdf_err=0
13:10:08.971 in=16128Hz out=16000Hz ring=1184 under=0 over=0 (dt=1000000us) loglag=120742us
13:10:09.416   pt[890]: min=-412 max=450 avg_abs=93 | fifo=784 under=0 over=0 late=0 mdf_cb=28614 mdf_err=0
13:10:09.607 win  476 pos= 7311360  -49dBFS [###.................] rms=  120 peak=  450 seam=ok lag=338us
13:10:09.607   -> clock_tick      p=0.51  preproc=68972us infer=41053us
13:10:09.927   pt[891]: min=-450 max=482 avg_abs=102 | fifo=976 under=0 over=0 late=0 mdf_cb=28646 mdf_err=0
13:10:09.991 in=16128Hz out=16400Hz ring=912 under=0 over=0 (dt=999999us) loglag=120742us
13:10:10.437   pt[892]: min=-458 max=448 avg_abs=95 | fifo=768 under=0 over=0 late=0 mdf_cb=28678 mdf_err=0
13:10:10.564 win  477 pos= 7326720  -49dBFS [###.................] rms=  122 peak=  482 seam=ok lag=336us
13:10:10.564   -> clock_tick      p=0.64  preproc=69018us infer=41040us
13:10:10.946   pt[893]: min=-408 max=364 avg_abs=92 | fifo=1216 under=0 over=0 late=0 mdf_cb=28711 mdf_err=0
13:10:11.010 in=16128Hz out=16000Hz ring=1040 under=0 over=0 (dt=1000000us) loglag=120742us
13:10:11.519   pt[894]: min=-476 max=390 avg_abs=85 | fifo=1008 under=0 over=0 late=0 mdf_cb=28743 mdf_err=0
13:10:11.519 win  478 pos= 7342080  -49dBFS [###.................] rms=  112 peak=  408 seam=ok lag=334us
13:10:11.519   -> unknown         p=0.46  preproc=69041us infer=41091us
13:10:11.963   pt[895]: min=-456 max=500 avg_abs=104 | fifo=1200 under=0 over=0 late=0 mdf_cb=28775 mdf_err=0
13:10:12.026 in=16128Hz out=16000Hz ring=1168 under=0 over=0 (dt=999999us) loglag=120742us
13:10:12.471   pt[896]: min=-368 max=440 avg_abs=100 | fifo=992 under=0 over=0 late=0 mdf_cb=28807 mdf_err=0
13:10:12.471 win  479 pos= 7357440  -48dBFS [####................] rms=  127 peak=  500 seam=ok lag=337us
13:10:12.471   -> unknown         p=0.48  preproc=69027us infer=41042us
13:10:12.471 ====================================
13:10:12.471 ====================================
13:10:12.471 TAP TOTAL win=479
13:10:12.471 ====================================
13:10:12.487 ====================================
13:10:12.490 tap total: windows=480 (expected 480 from 7374848 samples) overrun=0 torn=0 skipped=0 seam ok=479 NG=0
13:10:12.497   tap lag max=381us (0 of them lower bounds) | tap write max=7595ns avg=5326ns (28808 calls)
13:10:12.503   audio under=0 over=0 late=0 | aed run=480 err=0 (last er=0)
13:10:12.503   preproc max=69061us avg=69013us | infer max=41111us avg=41038us
13:10:12.519   notify out=204 held=143 offlist=133 gated=0 lat max=112184us (0 lower bounds)
13:10:12.519   log sent=3352 dropped=0 lag max=120742us
13:10:12.519   disp sent=154 dropped=0 max=104136us avg=31899us
13:10:12.535 ====================================
13:10:12.539 ====================================
13:10:12.979   pt[897]: min=-490 max=592 avg_abs=113 | fifo=1184 under=0 over=0 late=0 mdf_cb=28839 mdf_err=0
13:10:13.043 in=16128Hz out=16400Hz ring=896 under=0 over=0 (dt=999999us) loglag=120742us
13:10:13.424 {"win":480,"cls":"sneezing","p":0.79,"lat_ms":112,"under":0,"over":0,"late":0}
13:10:13.424 win  480 pos= 7372800  -47dBFS [####................] rms=  148 peak=  742 seam=ok lag=334us
13:10:13.428   -> sneezing        p=0.79  preproc=69021us infer=41040us
13:10:13.504 lcd: win 480 -> SNEEZE p=0.79 (22790 us after notify)
13:10:13.504   pt[898]: min=-532 max=742 avg_abs=122 | fifo=976 under=0 over=0 late=0 mdf_cb=28871 mdf_err=0
13:10:14.011   pt[899]: min=-426 max=414 avg_abs=95 | fifo=1168 under=0 over=0 late=0 mdf_cb=28903 mdf_err=0
13:10:14.011 in=16128Hz out=16000Hz ring=1024 under=0 over=0 (dt=1000000us) loglag=120742us
13:10:14.391 win  481 pos= 7388160  -47dBFS [####................] rms=  139 peak=  646 seam=ok lag=333us
13:10:14.391   -> clock_tick      p=0.91  preproc=68966us infer=41043us
13:10:14.517   pt[900]: min=-638 max=734 avg_abs=123 | fifo=960 under=0 over=0 late=0 mdf_cb=28935 mdf_err=0
13:10:15.024 in=16128Hz out=16000Hz ring=1152 under=0 over=0 (dt=1000000us) loglag=120742us
13:10:15.024   pt[901]: min=-540 max=498 avg_abs=111 | fifo=752 under=0 over=0 late=0 mdf_cb=28967 mdf_err=0
13:10:15.341 win  482 pos= 7403520  -48dBFS [####................] rms=  138 peak=  734 seam=ok lag=333us
13:10:15.341   -> clock_tick      p=0.83  preproc=69019us infer=41018us
13:10:15.532   pt[902]: min=-460 max=346 avg_abs=89 | fifo=944 under=0 over=0 late=0 mdf_cb=28999 mdf_err=0
13:10:16.038 in=16128Hz out=16000Hz ring=1280 under=0 over=0 (dt=999999us) loglag=120742us
13:10:16.038   pt[903]: min=-398 max=378 avg_abs=83 | fifo=992 under=0 over=0 late=0 mdf_cb=29032 mdf_err=0
13:10:16.355 win  483 pos= 7418880  -50dBFS [###.................] rms=  105 peak=  398 seam=ok lag=332us
13:10:16.355   -> clock_tick      p=0.56  preproc=69017us infer=41082us
13:10:16.609   pt[904]: min=-382 max=314 avg_abs=81 | fifo=1184 under=0 over=0 late=0 mdf_cb=29064 mdf_err=0
13:10:17.052 in=16128Hz out=16400Hz ring=1008 under=0 over=0 (dt=1000000us) loglag=120742us
13:10:17.116   pt[905]: min=-446 max=478 avg_abs=98 | fifo=976 under=0 over=0 late=0 mdf_cb=29096 mdf_err=0
13:10:17.306 {"win":484,"cls":"sneezing","p":0.71,"lat_ms":112,"under":0,"over":0,"late":0}
13:10:17.306 win  484 pos= 7434240  -49dBFS [###.................] rms=  117 peak=  546 seam=ok lag=337us
13:10:17.306   -> sneezing        p=0.71  preproc=69022us infer=41039us
13:10:17.306 lcd: win 484 -> SNEEZE p=0.71 (23085 us after notify)
13:10:17.624   pt[906]: min=-504 max=546 avg_abs=93 | fifo=1168 under=0 over=0 late=0 mdf_cb=29128 mdf_err=0
13:10:18.067 in=15872Hz out=16000Hz ring=880 under=0 over=0 (dt=999999us) loglag=120742us
13:10:18.130   pt[907]: min=-470 max=354 avg_abs=92 | fifo=960 under=0 over=0 late=0 mdf_cb=29160 mdf_err=0
13:10:18.257 {"win":485,"cls":"unknown","p":0.46,"lat_ms":112,"under":0,"over":0,"late":0}
13:10:18.257 win  485 pos= 7449600  -49dBFS [###.................] rms=  115 peak=  504 seam=ok lag=337us
13:10:18.257   -> unknown         p=0.46  preproc=69019us infer=41027us
13:10:18.637   pt[908]: min=-470 max=492 avg_abs=109 | fifo=1152 under=0 over=0 late=0 mdf_cb=29192 mdf_err=0
13:10:19.081 in=16128Hz out=16000Hz ring=1008 under=0 over=0 (dt=999999us) loglag=120742us
13:10:19.207   pt[909]: min=-374 max=446 avg_abs=92 | fifo=944 under=0 over=0 late=0 mdf_cb=29224 mdf_err=0
13:10:19.207 win  486 pos= 7464960  -48dBFS [####................] rms=  126 peak=  492 seam=ok lag=333us
13:10:19.207   -> unknown         p=0.37  preproc=68998us infer=41042us
13:10:19.650   pt[910]: min=-866 max=756 avg_abs=128 | fifo=1136 under=0 over=0 late=0 mdf_cb=29256 mdf_err=0
13:10:20.158 in=16128Hz out=16000Hz ring=1136 under=0 over=0 (dt=1000000us) loglag=120742us
13:10:20.158 win  487 pos= 7480320  -47dBFS [####................] rms=  152 peak=  866 seam=ok lag=337us
13:10:20.158   -> clock_tick      p=0.79  preproc=69035us infer=41042us
13:10:20.158   pt[911]: min=-546 max=596 avg_abs=108 | fifo=1184 under=0 over=0 late=0 mdf_cb=29289 mdf_err=0
13:10:20.666   pt[912]: min=-464 max=366 avg_abs=102 | fifo=1120 under=0 over=0 late=0 mdf_cb=29320 mdf_err=0
13:10:21.111 in=16128Hz out=16400Hz ring=864 under=0 over=0 (dt=999999us) loglag=120742us
13:10:21.111 {"win":488,"cls":"sneezing","p":0.78,"lat_ms":112,"under":0,"over":0,"late":0}
13:10:21.111 win  488 pos= 7495680  -48dBFS [####................] rms=  127 peak=  464 seam=ok lag=334us
13:10:21.111   -> sneezing        p=0.78  preproc=69021us infer=41083us
13:10:21.175 lcd: win 488 -> SNEEZE p=0.78 (29612 us after notify)
13:10:21.175   pt[913]: min=-826 max=644 avg_abs=117 | fifo=912 under=0 over=0 late=0 mdf_cb=29352 mdf_err=0
13:10:21.747   pt[914]: min=-634 max=540 avg_abs=124 | fifo=704 under=0 over=0 late=0 mdf_cb=29384 mdf_err=0
13:10:22.064 in=16128Hz out=16000Hz ring=992 under=0 over=0 (dt=1000000us) loglag=120742us
13:10:22.064 {"win":489,"cls":"unknown","p":0.32,"lat_ms":112,"under":0,"over":0,"late":0}
13:10:22.064 win  489 pos= 7511040  -47dBFS [####................] rms=  153 peak=  826 seam=ok lag=336us
13:10:22.064   -> unknown         p=0.32  preproc=69019us infer=41044us
13:10:22.082 ====================================
13:10:22.082 ====================================
13:10:22.082 TAP TOTAL win=489
13:10:22.082 ====================================
13:10:22.082 ====================================
13:10:22.096 tap total: windows=490 (expected 490 from 7528448 samples) overrun=0 torn=0 skipped=0 seam ok=489 NG=0
13:10:22.096   tap lag max=381us (0 of them lower bounds) | tap write max=7595ns avg=5326ns (29408 calls)
13:10:22.112   audio under=0 over=0 late=0 | aed run=490 err=0 (last er=0)
13:10:22.112   preproc max=69061us avg=69013us | infer max=41111us avg=41038us
13:10:22.112   notify out=209 held=144 offlist=137 gated=0 lat max=112184us (0 lower bounds)
13:10:22.127   log sent=3422 dropped=0 lag max=120742us
13:10:22.127   disp sent=157 dropped=0 max=104136us avg=31770us
13:10:22.127 ====================================
13:10:22.143 ====================================
13:10:22.206   pt[915]: min=-410 max=378 avg_abs=99 | fifo=1152 under=0 over=0 late=0 mdf_cb=29417 mdf_err=0
13:10:22.714   pt[916]: min=-600 max=620 avg_abs=115 | fifo=944 under=0 over=0 late=0 mdf_cb=29449 mdf_err=0
13:10:23.031 win  490 pos= 7526400  -48dBFS [####................] rms=  136 peak=  620 seam=ok lag=336us
13:10:23.031   -> clock_tick      p=0.82  preproc=69016us infer=41042us
13:10:23.095 in=16128Hz out=16000Hz ring=1120 under=0 over=0 (dt=999999us) loglag=120742us
13:10:23.287   pt[917]: min=-346 max=482 avg_abs=91 | fifo=1136 under=0 over=0 late=0 mdf_cb=29481 mdf_err=0
13:10:23.795   pt[918]: min=-404 max=528 avg_abs=93 | fifo=928 under=0 over=0 late=0 mdf_cb=29513 mdf_err=0
13:10:23.985 {"win":491,"cls":"sneezing","p":0.75,"lat_ms":112,"under":0,"over":0,"late":0}
13:10:23.985 win  491 pos= 7541760  -49dBFS [###.................] rms=  117 peak=  528 seam=ok lag=337us
13:10:23.989   -> sneezing        p=0.75  preproc=68977us infer=41044us
13:10:24.049 lcd: win 491 -> SNEEZE p=0.75 (22787 us after notify)
13:10:24.112 in=16128Hz out=16000Hz ring=1248 under=0 over=0 (dt=1000000us) loglag=120742us
13:10:24.302   pt[919]: min=-472 max=332 avg_abs=89 | fifo=1120 under=0 over=0 late=0 mdf_cb=29545 mdf_err=0
13:10:24.811   pt[920]: min=-460 max=520 avg_abs=94 | fifo=912 under=0 over=0 late=0 mdf_cb=29577 mdf_err=0
13:10:24.938 {"win":492,"cls":"sneezing","p":0.65,"lat_ms":112,"under":0,"over":0,"late":0}
13:10:24.938 win  492 pos= 7557120  -49dBFS [###.................] rms=  116 peak=  520 seam=ok lag=336us
13:10:24.938   -> sneezing        p=0.65  preproc=69012us infer=41047us
13:10:25.017 lcd: win 492 -> SNEEZE p=0.65 (22795 us after notify)
13:10:25.081 in=16128Hz out=16400Hz ring=976 under=0 over=0 (dt=999999us) loglag=120742us
13:10:25.335   pt[921]: min=-406 max=374 avg_abs=87 | fifo=1104 under=0 over=0 late=0 mdf_cb=29609 mdf_err=0
13:10:25.905   pt[922]: min=-408 max=398 avg_abs=92 | fifo=896 under=0 over=0 late=0 mdf_cb=29641 mdf_err=0
13:10:25.905 {"win":493,"cls":"unknown","p":0.36,"lat_ms":112,"under":0,"over":0,"late":0}
13:10:25.905 win  493 pos= 7572480  -49dBFS [###.................] rms=  112 peak=  408 seam=ok lag=336us
13:10:25.905   -> unknown         p=0.36  preproc=69040us infer=41038us
13:10:26.112 in=16128Hz out=16000Hz ring=1104 under=0 over=0 (dt=999999us) loglag=120742us
13:10:26.366   pt[923]: min=-362 max=396 avg_abs=92 | fifo=1088 under=0 over=0 late=0 mdf_cb=29673 mdf_err=0
13:10:26.874   pt[924]: min=-558 max=480 avg_abs=104 | fifo=880 under=0 over=0 late=0 mdf_cb=29705 mdf_err=0
13:10:26.874 {"win":494,"cls":"sneezing","p":0.95,"lat_ms":112,"under":0,"over":0,"late":0}
13:10:26.874 win  494 pos= 7587840  -48dBFS [####................] rms=  125 peak=  480 seam=ok lag=335us
13:10:26.874   -> sneezing        p=0.95  preproc=69021us infer=41011us
13:10:26.937 lcd: win 494 -> SNEEZE p=0.95 (31367 us after notify)
13:10:27.127 in=16128Hz out=16000Hz ring=1232 under=0 over=0 (dt=999999us) loglag=120742us
13:10:27.381   pt[925]: min=-936 max=828 avg_abs=148 | fifo=1072 under=0 over=0 late=0 mdf_cb=29737 mdf_err=0
13:10:27.825 win  495 pos= 7603200  -46dBFS [####................] rms=  167 peak=  936 seam=ok lag=334us
13:10:27.825   -> clock_tick      p=0.84  preproc=69019us infer=41048us
13:10:27.889   pt[926]: min=-538 max=460 avg_abs=111 | fifo=864 under=0 over=0 late=0 mdf_cb=29769 mdf_err=0
13:10:28.143 in=15872Hz out=16400Hz ring=704 under=0 over=0 (dt=999999us) loglag=120742us
13:10:28.397   pt[927]: min=-432 max=456 avg_abs=91 | fifo=1056 under=0 over=0 late=0 mdf_cb=29801 mdf_err=0
13:10:28.778 win  496 pos= 7618560  -48dBFS [####................] rms=  125 peak=  538 seam=ok lag=335us
13:10:28.778   -> unknown         p=0.46  preproc=68970us infer=41057us
13:10:28.906   pt[928]: min=-478 max=466 avg_abs=106 | fifo=1104 under=0 over=0 late=0 mdf_cb=29834 mdf_err=0
13:10:29.096 in=16128Hz out=16000Hz ring=832 under=0 over=0 (dt=1000000us) loglag=120742us
13:10:29.413   pt[929]: min=-596 max=578 avg_abs=126 | fifo=1296 under=0 over=0 late=0 mdf_cb=29866 mdf_err=0
13:10:29.794 win  497 pos= 7633920  -47dBFS [####................] rms=  152 peak=  622 seam=ok lag=334us
13:10:29.794   -> unknown         p=0.37  preproc=69007us infer=41047us
13:10:29.920   pt[930]: min=-622 max=596 avg_abs=107 | fifo=1088 under=0 over=0 late=0 mdf_cb=29898 mdf_err=0
13:10:30.111 in=16128Hz out=16000Hz ring=960 under=0 over=0 (dt=999999us) loglag=120742us
13:10:30.429   pt[931]: min=-364 max=364 avg_abs=92 | fifo=880 under=0 over=0 late=0 mdf_cb=29930 mdf_err=0
13:10:30.746 win  498 pos= 7649280  -49dBFS [###.................] rms=  119 peak=  596 seam=ok lag=332us
13:10:30.746   -> unknown         p=0.42  preproc=69022us infer=41015us
13:10:30.937   pt[932]: min=-436 max=410 avg_abs=91 | fifo=1072 under=0 over=0 late=0 mdf_cb=29962 mdf_err=0
13:10:31.127 in=16128Hz out=16000Hz ring=1088 under=0 over=0 (dt=999999us) loglag=120742us
13:10:31.446   pt[933]: min=-382 max=468 avg_abs=96 | fifo=864 under=0 over=0 late=0 mdf_cb=29994 mdf_err=0
13:10:31.699 {"win":499,"cls":"sneezing","p":0.86,"lat_ms":112,"under":0,"over":0,"late":0}
13:10:31.699 win  499 pos= 7664640  -49dBFS [###.................] rms=  119 peak=  468 seam=ok lag=336us
13:10:31.699   -> sneezing        p=0.86  preproc=69033us infer=41016us
13:10:31.699 ====================================
13:10:31.699 ====================================
13:10:31.699 TAP TOTAL win=499
13:10:31.699 ====================================
13:10:31.699 ====================================
13:10:31.699 tap total: windows=500 (expected 500 from 7682048 samples) overrun=0 torn=0 skipped=0 seam ok=499 NG=0
13:10:31.699   tap lag max=381us (0 of them lower bounds) | tap write max=7595ns avg=5326ns (30008 calls)
13:10:31.709   audio under=0 over=0 late=0 | aed run=500 err=0 (last er=0)
13:10:31.762   preproc max=69061us avg=69013us | infer max=41111us avg=41038us
13:10:31.762   notify out=214 held=147 offlist=139 gated=0 lat max=112184us (0 lower bounds)
13:10:31.762   log sent=3492 dropped=0 lag max=120742us
13:10:31.762   disp sent=161 dropped=0 max=104136us avg=31655us
13:10:31.762 ====================================
13:10:31.762 ====================================
13:10:31.762 lcd: win 499 -> SNEEZE p=0.86 (88932 us after notify)
13:10:31.954   pt[934]: min=-434 max=438 avg_abs=90 | fifo=1056 under=0 over=0 late=0 mdf_cb=30026 mdf_err=0
13:10:32.144 in=16128Hz out=16400Hz ring=816 under=0 over=0 (dt=1000000us) loglag=120742us
13:10:32.525   pt[935]: min=-368 max=442 avg_abs=88 | fifo=848 under=0 over=0 late=0 mdf_cb=30058 mdf_err=0
13:10:32.651 {"win":500,"cls":"sneezing","p":0.67,"lat_ms":112,"under":0,"over":0,"late":0}
13:10:32.651 win  500 pos= 7680000  -49dBFS [###.................] rms=  113 peak=  442 seam=ok lag=336us
13:10:32.651   -> sneezing        p=0.67  preproc=69020us infer=41044us
13:10:32.651 lcd: win 500 -> SNEEZE p=0.67 (23089 us after notify)
13:10:33.032   pt[936]: min=-578 max=548 avg_abs=101 | fifo=1040 under=0 over=0 late=0 mdf_cb=30090 mdf_err=0
13:10:33.159 in=16128Hz out=16000Hz ring=944 under=0 over=0 (dt=1000000us) loglag=120742us
13:10:33.602   pt[937]: min=-550 max=456 avg_abs=108 | fifo=832 under=0 over=0 late=0 mdf_cb=30122 mdf_err=0
13:10:33.602 win  501 pos= 7695360  -48dBFS [####................] rms=  131 peak=  578 seam=ok lag=335us
13:10:33.602   -> clock_tick      p=0.93  preproc=68994us infer=41010us
13:10:34.046   pt[938]: min=-506 max=522 avg_abs=107 | fifo=1024 under=0 over=0 late=0 mdf_cb=30154 mdf_err=0
13:10:34.173 in=16128Hz out=16000Hz ring=1072 under=0 over=0 (dt=999999us) loglag=120742us
13:10:34.553   pt[939]: min=-616 max=602 avg_abs=101 | fifo=816 under=0 over=0 late=0 mdf_cb=30186 mdf_err=0
13:10:34.553 win  502 pos= 7710720  -48dBFS [####................] rms=  131 peak=  550 seam=ok lag=338us
13:10:34.553   -> unknown         p=0.46  preproc=69025us infer=41048us
13:10:35.078   pt[940]: min=-448 max=516 avg_abs=104 | fifo=1264 under=0 over=0 late=0 mdf_cb=30219 mdf_err=0
13:10:35.142 in=16128Hz out=16000Hz ring=1200 under=0 over=0 (dt=999999us) loglag=120742us
13:10:35.521 win  503 pos= 7726080  -47dBFS [####................] rms=  140 peak=  616 seam=ok lag=339us
13:10:35.521   -> unknown         p=0.49  preproc=69028us infer=41099us
13:10:35.585   pt[941]: min=-430 max=486 avg_abs=117 | fifo=1056 under=0 over=0 late=0 mdf_cb=30251 mdf_err=0
13:10:36.092   pt[942]: min=-408 max=408 avg_abs=93 | fifo=1248 under=0 over=0 late=0 mdf_cb=30283 mdf_err=0
13:10:36.155 in=16128Hz out=16400Hz ring=928 under=0 over=0 (dt=1000000us) loglag=120742us
13:10:36.472 win  504 pos= 7741440  -48dBFS [####................] rms=  126 peak=  486 seam=ok lag=336us
13:10:36.472   -> clock_tick      p=0.75  preproc=69013us infer=41038us
13:10:36.599   pt[943]: min=-452 max=544 avg_abs=96 | fifo=1040 under=0 over=0 late=0 mdf_cb=30315 mdf_err=0
13:10:37.107   pt[944]: min=-510 max=480 avg_abs=104 | fifo=1232 under=0 over=0 late=0 mdf_cb=30347 mdf_err=0
13:10:37.171 in=16128Hz out=16000Hz ring=1056 under=0 over=0 (dt=1000000us) loglag=120742us
13:10:37.425 {"win":505,"cls":"sneezing","p":0.66,"lat_ms":112,"under":0,"over":0,"late":0}
13:10:37.425 win  505 pos= 7756800  -48dBFS [####................] rms=  124 peak=  544 seam=ok lag=337us
13:10:37.427   -> sneezing        p=0.66  preproc=69023us infer=41043us
13:10:37.488 lcd: win 505 -> SNEEZE p=0.66 (22792 us after notify)
13:10:37.616   pt[945]: min=-592 max=474 avg_abs=101 | fifo=1024 under=0 over=0 late=0 mdf_cb=30379 mdf_err=0
13:10:38.123   pt[946]: min=-378 max=442 avg_abs=100 | fifo=1216 under=0 over=0 late=0 mdf_cb=30411 mdf_err=0
13:10:38.186 in=16128Hz out=16000Hz ring=1184 under=0 over=0 (dt=999999us) loglag=120742us
13:10:38.377 {"win":506,"cls":"unknown","p":0.39,"lat_ms":112,"under":0,"over":0,"late":0}
13:10:38.377 win  506 pos= 7772160  -48dBFS [####................] rms=  130 peak=  592 seam=ok lag=334us
13:10:38.393   -> unknown         p=0.39  preproc=68978us infer=41044us
13:10:38.647   pt[947]: min=-600 max=432 avg_abs=106 | fifo=1008 under=0 over=0 late=0 mdf_cb=30443 mdf_err=0
13:10:39.154   pt[948]: min=-372 max=384 avg_abs=85 | fifo=800 under=0 over=0 late=0 mdf_cb=30475 mdf_err=0
13:10:39.218 in=15872Hz out=16000Hz ring=1056 under=0 over=0 (dt=1000000us) loglag=120742us
13:10:39.345 win  507 pos= 7787520  -49dBFS [###.................] rms=  121 peak=  600 seam=ok lag=337us
13:10:39.345   -> unknown         p=0.50  preproc=69026us infer=41055us
13:10:39.663   pt[949]: min=-644 max=558 avg_abs=107 | fifo=992 under=0 over=0 late=0 mdf_cb=30507 mdf_err=0
13:10:40.172 in=16128Hz out=16400Hz ring=784 under=0 over=0 (dt=999999us) loglag=120742us
13:10:40.172   pt[950]: min=-656 max=572 avg_abs=128 | fifo=784 under=0 over=0 late=0 mdf_cb=30539 mdf_err=0
13:10:40.300 {"win":508,"cls":"sneezing","p":0.53,"lat_ms":112,"under":0,"over":0,"late":0}
13:10:40.300 win  508 pos= 7802880  -47dBFS [####................] rms=  152 peak=  656 seam=ok lag=334us
13:10:40.300   -> sneezing        p=0.53  preproc=69028us infer=41094us
13:10:40.379 lcd: win 508 -> SNEEZE p=0.53 (22790 us after notify)
13:10:40.696   pt[951]: min=-482 max=552 avg_abs=112 | fifo=976 under=0 over=0 late=0 mdf_cb=30571 mdf_err=0
13:10:41.267 in=16128Hz out=16000Hz ring=912 under=0 over=0 (dt=1000000us) loglag=120742us
13:10:41.267   pt[952]: min=-470 max=526 avg_abs=101 | fifo=1024 under=0 over=0 late=0 mdf_cb=30604 mdf_err=0
13:10:41.267 win  509 pos= 7818240  -48dBFS [####................] rms=  131 peak=  482 seam=ok lag=334us
13:10:41.283   -> rooster         p=0.58  preproc=69051us infer=41020us
13:10:41.283 ====================================
13:10:41.283 ====================================
13:10:41.293 TAP TOTAL win=509
13:10:41.293 ====================================
13:10:41.299 ====================================
13:10:41.299 tap total: windows=510 (expected 510 from 7835648 samples) overrun=0 torn=0 skipped=0 seam ok=509 NG=0
13:10:41.306   tap lag max=381us (0 of them lower bounds) | tap write max=7595ns avg=5326ns (30608 calls)
13:10:41.315   audio under=0 over=0 late=0 | aed run=510 err=0 (last er=0)
13:10:41.315   preproc max=69061us avg=69013us | infer max=41111us avg=41038us
13:10:41.331   notify out=218 held=150 offlist=142 gated=0 lat max=112184us (0 lower bounds)
13:10:41.337   log sent=3563 dropped=0 lag max=120742us
13:10:41.337   disp sent=164 dropped=0 max=104136us avg=31844us
13:10:41.346 ====================================
13:10:41.351 ====================================
13:10:41.728   pt[953]: min=-492 max=532 avg_abs=97 | fifo=1216 under=0 over=0 late=0 mdf_cb=30636 mdf_err=0
13:10:42.239 in=16127Hz out=15999Hz ring=1040 under=0 over=0 (dt=1000001us) loglag=120742us
13:10:42.239 win  510 pos= 7833600  -49dBFS [###.................] rms=  118 peak=  532 seam=ok lag=335us
13:10:42.239   -> unknown         p=0.47  preproc=69024us infer=41061us
13:10:42.239   pt[954]: min=-360 max=348 avg_abs=85 | fifo=1008 under=0 over=0 late=0 mdf_cb=30668 mdf_err=0
13:10:42.746   pt[955]: min=-374 max=316 avg_abs=94 | fifo=1200 under=0 over=0 late=0 mdf_cb=30700 mdf_err=0
13:10:43.191 {"win":511,"cls":"sneezing","p":0.88,"lat_ms":112,"under":0,"over":0,"late":0}
13:10:43.191 win  511 pos= 7848960  -49dBFS [###.................] rms=  118 peak=  374 seam=ok lag=335us
13:10:43.191   -> sneezing        p=0.88  preproc=68961us infer=41043us
13:10:43.191 in=16025Hz out=15898Hz ring=1168 under=0 over=0 (dt=1006410us) loglag=120742us
13:10:43.271 lcd: win 511 -> SNEEZE p=0.88 (29789 us after notify)
13:10:43.271   pt[956]: min=-374 max=360 avg_abs=96 | fifo=992 under=0 over=0 late=0 mdf_cb=30732 mdf_err=0
13:10:43.778   pt[957]: min=-440 max=508 avg_abs=107 | fifo=1184 under=0 over=0 late=0 mdf_cb=30764 mdf_err=0
13:10:44.158 {"win":512,"cls":"unknown","p":0.49,"lat_ms":112,"under":0,"over":0,"late":0}
13:10:44.158 win  512 pos= 7864320  -48dBFS [####................] rms=  135 peak=  508 seam=ok lag=335us
13:10:44.158   -> unknown         p=0.49  preproc=69018us infer=41021us
13:10:44.223 in=16232Hz out=16505Hz ring=896 under=0 over=0 (dt=993588us) loglag=120742us
13:10:44.286   pt[958]: min=-696 max=984 avg_abs=140 | fifo=976 under=0 over=0 late=0 mdf_cb=30796 mdf_err=0
13:10:44.794   pt[959]: min=-564 max=530 avg_abs=110 | fifo=768 under=0 over=0 late=0 mdf_cb=30828 mdf_err=0
13:10:45.112 {"win":513,"cls":"dog","p":0.59,"lat_ms":112,"under":0,"over":0,"late":0}
13:10:45.112 win  513 pos= 7879680  -46dBFS [####................] rms=  156 peak=  984 seam=ok lag=335us
13:10:45.112   -> dog             p=0.59  preproc=69018us infer=41071us
13:10:45.175 lcd: win 513 -> DOG p=0.59 (21680 us after notify)
13:10:45.239 in=16128Hz out=16000Hz ring=1024 under=0 over=0 (dt=999999us) loglag=120742us
13:10:45.367   pt[960]: min=-470 max=510 avg_abs=94 | fifo=960 under=0 over=0 late=0 mdf_cb=30860 mdf_err=0
13:10:45.877   pt[961]: min=-464 max=518 avg_abs=105 | fifo=752 under=0 over=0 late=0 mdf_cb=30892 mdf_err=0
13:10:46.069 {"win":514,"cls":"sneezing","p":0.52,"lat_ms":112,"under":0,"over":0,"late":0}
13:10:46.069 win  514 pos= 7895040  -48dBFS [####................] rms=  130 peak=  518 seam=ok lag=333us
13:10:46.074   -> sneezing        p=0.52  preproc=69027us infer=41038us
13:10:46.149 lcd: win 514 -> SNEEZE p=0.52 (22793 us after notify)
13:10:46.213 in=16128Hz out=16000Hz ring=1152 under=0 over=0 (dt=999999us) loglag=120742us
13:10:46.340   pt[962]: min=-548 max=588 avg_abs=109 | fifo=1200 under=0 over=0 late=0 mdf_cb=30925 mdf_err=0
13:10:46.852   pt[963]: min=-1032 max=948 avg_abs=141 | fifo=992 under=0 over=0 late=0 mdf_cb=30957 mdf_err=0
13:10:47.043 {"win":515,"cls":"unknown","p":0.33,"lat_ms":112,"under":0,"over":0,"late":0}
13:10:47.043 win  515 pos= 7910400  -46dBFS [####................] rms=  166 peak= 1032 seam=ok lag=333us
13:10:47.043   -> unknown         p=0.33  preproc=69024us infer=41053us
13:10:47.235 in=16128Hz out=16400Hz ring=880 under=0 over=0 (dt=999999us) loglag=120742us
13:10:47.362   pt[964]: min=-368 max=450 avg_abs=94 | fifo=1184 under=0 over=0 late=0 mdf_cb=30989 mdf_err=0
13:10:47.999   pt[965]: min=-332 max=368 avg_abs=86 | fifo=976 under=0 over=0 late=0 mdf_cb=31021 mdf_err=0
13:10:47.999 {"win":516,"cls":"sneezing","p":0.93,"lat_ms":112,"under":0,"over":0,"late":0}
13:10:47.999 win  516 pos= 7925760  -49dBFS [###.................] rms=  112 peak=  392 seam=ok lag=337us
13:10:47.999   -> sneezing        p=0.93  preproc=68989us infer=41038us
13:10:48.063 lcd: win 516 -> SNEEZE p=0.93 (31522 us after notify)
13:10:48.255 in=16128Hz out=16000Hz ring=1008 under=0 over=0 (dt=999999us) loglag=120742us
13:10:48.444   pt[966]: min=-338 max=360 avg_abs=85 | fifo=1168 under=0 over=0 late=0 mdf_cb=31053 mdf_err=0
13:10:48.952   pt[967]: min=-498 max=660 avg_abs=107 | fifo=960 under=0 over=0 late=0 mdf_cb=31085 mdf_err=0
13:10:48.952 win  517 pos= 7941120  -49dBFS [###.................] rms=  123 peak=  660 seam=ok lag=337us
13:10:48.956   -> clock_tick      p=0.55  preproc=69025us infer=41049us
13:10:49.270 in=16128Hz out=16000Hz ring=1136 under=0 over=0 (dt=999999us) loglag=120742us
13:10:49.462   pt[968]: min=-508 max=580 avg_abs=101 | fifo=1152 under=0 over=0 late=0 mdf_cb=31117 mdf_err=0
13:10:49.909 win  518 pos= 7956480  -48dBFS [####................] rms=  127 peak=  580 seam=ok lag=337us
13:10:49.909   -> unknown         p=0.38  preproc=69024us infer=41078us
13:10:49.973   pt[969]: min=-508 max=500 avg_abs=99 | fifo=944 under=0 over=0 late=0 mdf_cb=31149 mdf_err=0
13:10:50.292 in=16128Hz out=16000Hz ring=1264 under=0 over=0 (dt=999999us) loglag=120742us
13:10:50.484   pt[970]: min=-464 max=508 avg_abs=98 | fifo=736 under=0 over=0 late=0 mdf_cb=31181 mdf_err=0
13:10:50.865 win  519 pos= 7971840  -49dBFS [###.................] rms=  121 peak=  508 seam=ok lag=337us
13:10:50.865   -> unknown         p=0.38  preproc=69030us infer=41052us
13:10:50.865 ====================================
13:10:50.876 ====================================
13:10:50.879 TAP TOTAL win=519
13:10:50.881 ====================================
13:10:50.881 ====================================
13:10:50.881 tap total: windows=520 (expected 520 from 7989248 samples) overrun=0 torn=0 skipped=0 seam ok=519 NG=0
13:10:50.897   tap lag max=381us (0 of them lower bounds) | tap write max=7595ns avg=5326ns (31208 calls)
13:10:50.897   audio under=0 over=0 late=0 | aed run=520 err=0 (last er=0)
13:10:50.897   preproc max=69061us avg=69013us | infer max=41111us avg=41038us
13:10:50.912   notify out=224 held=153 offlist=143 gated=0 lat max=112184us (0 lower bounds)
13:10:50.912   log sent=3634 dropped=0 lag max=120742us
13:10:50.928   disp sent=168 dropped=0 max=104136us avg=31716us
13:10:50.928 ====================================
13:10:50.928 ====================================
13:10:50.991   pt[971]: min=-374 max=414 avg_abs=94 | fifo=928 under=0 over=0 late=0 mdf_cb=31213 mdf_err=0
13:10:51.246 in=16128Hz out=16400Hz ring=992 under=0 over=0 (dt=1000000us) loglag=120742us
13:10:51.501   pt[972]: min=-352 max=436 avg_abs=89 | fifo=976 under=0 over=0 late=0 mdf_cb=31246 mdf_err=0
13:10:51.820 {"win":520,"cls":"sneezing","p":0.58,"lat_ms":112,"under":0,"over":0,"late":0}
13:10:51.820 win  520 pos= 7987200  -49dBFS [###.................] rms=  119 peak=  514 seam=ok lag=336us
13:10:51.829   -> sneezing        p=0.58  preproc=69019us infer=41043us
13:10:51.900 lcd: win 520 -> SNEEZE p=0.58 (22791 us after notify)
13:10:52.028   pt[973]: min=-514 max=452 avg_abs=105 | fifo=1168 under=0 over=0 late=0 mdf_cb=31278 mdf_err=0
13:10:52.282 in=16128Hz out=16000Hz ring=1120 under=0 over=0 (dt=1000000us) loglag=120742us
13:10:52.538   pt[974]: min=-564 max=586 avg_abs=98 | fifo=960 under=0 over=0 late=0 mdf_cb=31310 mdf_err=0
13:10:52.793 {"win":521,"cls":"sneezing","p":0.95,"lat_ms":112,"under":0,"over":0,"late":0}
13:10:52.793 win  521 pos= 8002560  -48dBFS [####................] rms=  137 peak=  708 seam=ok lag=336us
13:10:52.793   -> sneezing        p=0.95  preproc=68966us infer=41011us
13:10:52.856 lcd: win 521 -> SNEEZE p=0.95 (22788 us after notify)
13:10:53.047   pt[975]: min=-708 max=664 avg_abs=129 | fifo=1152 under=0 over=0 late=0 mdf_cb=31342 mdf_err=0
13:10:53.301 in=16128Hz out=16000Hz ring=1248 under=0 over=0 (dt=999999us) loglag=120742us
13:10:53.556   pt[976]: min=-372 max=394 avg_abs=99 | fifo=944 under=0 over=0 late=0 mdf_cb=31374 mdf_err=0
13:10:53.747 {"win":522,"cls":"sneezing","p":0.70,"lat_ms":112,"under":0,"over":0,"late":0}
13:10:53.747 win  522 pos= 8017920  -48dBFS [####................] rms=  135 peak=  664 seam=ok lag=335us
13:10:53.747   -> sneezing        p=0.70  preproc=69033us infer=41039us
13:10:53.811 lcd: win 522 -> SNEEZE p=0.70 (22791 us after notify)
13:10:54.065   pt[977]: min=-378 max=356 avg_abs=79 | fifo=1136 under=0 over=0 late=0 mdf_cb=31406 mdf_err=0
13:10:54.320 in=16128Hz out=16400Hz ring=976 under=0 over=0 (dt=1000000us) loglag=120742us
13:10:54.573   pt[978]: min=-470 max=462 avg_abs=102 | fifo=928 under=0 over=0 late=0 mdf_cb=31438 mdf_err=0
13:10:54.700 {"win":523,"cls":"sneezing","p":0.95,"lat_ms":112,"under":0,"over":0,"late":0}
13:10:54.700 win  523 pos= 8033280  -49dBFS [###.................] rms=  116 peak=  470 seam=ok lag=335us
13:10:54.716   -> sneezing        p=0.95  preproc=69020us infer=41053us
13:10:54.779 lcd: win 523 -> SNEEZE p=0.95 (22795 us after notify)
13:10:55.096   pt[979]: min=-426 max=358 avg_abs=101 | fifo=1120 under=0 over=0 late=0 mdf_cb=31470 mdf_err=0
13:10:55.286 in=16128Hz out=16000Hz ring=1104 under=0 over=0 (dt=999999us) loglag=120742us
13:10:55.665   pt[980]: min=-360 max=410 avg_abs=96 | fifo=912 under=0 over=0 late=0 mdf_cb=31502 mdf_err=0
13:10:55.665 {"win":524,"cls":"sneezing","p":0.58,"lat_ms":112,"under":0,"over":0,"late":0}
13:10:55.673 win  524 pos= 8048640  -49dBFS [###.................] rms=  123 peak=  426 seam=ok lag=334us
13:10:55.681   -> sneezing        p=0.58  preproc=69041us infer=41039us
13:10:55.745 lcd: win 524 -> SNEEZE p=0.58 (31278 us after notify)
13:10:56.124   pt[981]: min=-800 max=684 avg_abs=115 | fifo=960 under=0 over=0 late=0 mdf_cb=31535 mdf_err=0
13:10:56.315 in=15872Hz out=16000Hz ring=976 under=0 over=0 (dt=999999us) loglag=120742us
13:10:56.633   pt[982]: min=-726 max=570 avg_abs=110 | fifo=1152 under=0 over=0 late=0 mdf_cb=31567 mdf_err=0
13:10:56.633 {"win":525,"cls":"unknown","p":0.48,"lat_ms":112,"under":0,"over":0,"late":0}
13:10:56.633 win  525 pos= 8064000  -47dBFS [####................] rms=  143 peak=  800 seam=ok lag=335us
13:10:56.641   -> unknown         p=0.48  preproc=69018us infer=41040us
13:10:57.158   pt[983]: min=-386 max=390 avg_abs=91 | fifo=944 under=0 over=0 late=0 mdf_cb=31599 mdf_err=0
13:10:57.350 in=16128Hz out=16000Hz ring=1104 under=0 over=0 (dt=999999us) loglag=120742us
13:10:57.603 {"win":526,"cls":"sneezing","p":0.64,"lat_ms":112,"under":0,"over":0,"late":0}
13:10:57.603 win  526 pos= 8079360  -49dBFS [###.................] rms=  119 peak=  726 seam=ok lag=335us
13:10:57.603   -> sneezing        p=0.64  preproc=68967us infer=41045us
13:10:57.603 lcd: win 526 -> SNEEZE p=0.64 (22790 us after notify)
13:10:57.682   pt[984]: min=-550 max=618 avg_abs=100 | fifo=1136 under=0 over=0 late=0 mdf_cb=31631 mdf_err=0
13:10:58.188   pt[985]: min=-472 max=538 avg_abs=94 | fifo=928 under=0 over=0 late=0 mdf_cb=31663 mdf_err=0
13:10:58.314 in=16128Hz out=16400Hz ring=832 under=0 over=0 (dt=1000000us) loglag=120742us
13:10:58.567 {"win":527,"cls":"unknown","p":0.29,"lat_ms":112,"under":0,"over":0,"late":0}
13:10:58.567 win  527 pos= 8094720  -48dBFS [####................] rms=  131 peak=  618 seam=ok lag=333us
13:10:58.567   -> unknown         p=0.29  preproc=69019us infer=41044us
13:10:58.695   pt[986]: min=-548 max=586 avg_abs=105 | fifo=1120 under=0 over=0 late=0 mdf_cb=31695 mdf_err=0
13:10:59.202   pt[987]: min=-738 max=688 avg_abs=137 | fifo=912 under=0 over=0 late=0 mdf_cb=31727 mdf_err=0
13:10:59.328 in=16128Hz out=16000Hz ring=960 under=0 over=0 (dt=999999us) loglag=120742us
13:10:59.518 win  528 pos= 8110080  -46dBFS [####................] rms=  162 peak=  738 seam=ok lag=333us
13:10:59.518   -> clock_tick      p=0.55  preproc=69006us infer=41089us
13:10:59.708   pt[988]: min=-506 max=592 avg_abs=119 | fifo=1104 under=0 over=0 late=0 mdf_cb=31759 mdf_err=0
13:11:00.214   pt[989]: min=-504 max=546 avg_abs=110 | fifo=896 under=0 over=0 late=0 mdf_cb=31791 mdf_err=0
13:11:00.341 in=16128Hz out=16000Hz ring=1088 under=0 over=0 (dt=999999us) loglag=120742us
13:11:00.468 win  529 pos= 8125440  -47dBFS [####................] rms=  138 peak=  546 seam=ok lag=334us
13:11:00.468   -> rooster         p=0.62  preproc=69013us infer=41037us
13:11:00.475 ====================================
13:11:00.477 ====================================
13:11:00.481 TAP TOTAL win=529
13:11:00.483 ====================================
13:11:00.486 ====================================
13:11:00.486 tap total: windows=530 (expected 530 from 8142848 samples) overrun=0 torn=0 skipped=0 seam ok=529 NG=0
13:11:00.497   tap lag max=381us (0 of them lower bounds) | tap write max=7595ns avg=5326ns (31808 calls)
13:11:00.502   audio under=0 over=0 late=0 | aed run=530 err=0 (last er=0)
13:11:00.502   preproc max=69061us avg=69013us | infer max=41111us avg=41038us
13:11:00.517   notify out=232 held=153 offlist=145 gated=0 lat max=112184us (0 lower bounds)
13:11:00.520   log sent=3711 dropped=0 lag max=120742us
13:11:00.520   disp sent=174 dropped=0 max=104136us avg=31457us
13:11:00.532 ====================================
13:11:00.532 ====================================
13:11:00.722   pt[990]: min=-584 max=746 avg_abs=108 | fifo=1088 under=0 over=0 late=0 mdf_cb=31823 mdf_err=0
13:11:01.231   pt[991]: min=-642 max=636 avg_abs=125 | fifo=1136 under=0 over=0 late=0 mdf_cb=31856 mdf_err=0
13:11:01.422 in=16128Hz out=16400Hz ring=816 under=0 over=0 (dt=1000000us) loglag=120742us
13:11:01.422 win  530 pos= 8140800  -47dBFS [####................] rms=  152 peak=  746 seam=ok lag=331us
13:11:01.438   -> unknown         p=0.28  preproc=69020us infer=41051us
13:11:01.756   pt[992]: min=-422 max=420 avg_abs=100 | fifo=928 under=0 over=0 late=0 mdf_cb=31888 mdf_err=0
13:11:02.263   pt[993]: min=-642 max=592 avg_abs=118 | fifo=1120 under=0 over=0 late=0 mdf_cb=31920 mdf_err=0
13:11:02.390 in=16128Hz out=16000Hz ring=944 under=0 over=0 (dt=999999us) loglag=120742us
13:11:02.390 win  531 pos= 8156160  -47dBFS [####................] rms=  140 peak=  642 seam=ok lag=334us
13:11:02.394   -> unknown         p=0.42  preproc=68969us infer=41033us
13:11:02.772   pt[994]: min=-630 max=596 avg_abs=117 | fifo=912 under=0 over=0 late=0 mdf_cb=31952 mdf_err=0
13:11:03.356   pt[995]: min=-472 max=492 avg_abs=99 | fifo=1104 under=0 over=0 late=0 mdf_cb=31984 mdf_err=0
13:11:03.356 in=16128Hz out=16000Hz ring=1072 under=0 over=0 (dt=999999us) loglag=120742us
13:11:03.356 win  532 pos= 8171520  -48dBFS [####................] rms=  138 peak=  630 seam=ok lag=339us
13:11:03.362   -> unknown         p=0.30  preproc=69044us infer=41045us
13:11:03.815   pt[996]: min=-682 max=502 avg_abs=104 | fifo=896 under=0 over=0 late=0 mdf_cb=32016 mdf_err=0
13:11:04.322 win  533 pos= 8186880  -48dBFS [####................] rms=  135 peak=  682 seam=ok lag=337us
13:11:04.322   -> unknown         p=0.39  preproc=69016us infer=41097us
13:11:04.322   pt[997]: min=-600 max=622 avg_abs=122 | fifo=1088 under=0 over=0 late=0 mdf_cb=32048 mdf_err=0
13:11:04.384 in=16128Hz out=16000Hz ring=1200 under=0 over=0 (dt=999999us) loglag=120742us
13:11:04.829   pt[998]: min=-470 max=418 avg_abs=92 | fifo=880 under=0 over=0 late=0 mdf_cb=32080 mdf_err=0
13:11:05.273 win  534 pos= 8202240  -48dBFS [####................] rms=  131 peak=  600 seam=ok lag=336us
13:11:05.273   -> clock_tick      p=0.70  preproc=69025us infer=41038us
13:11:05.353   pt[999]: min=-624 max=444 avg_abs=105 | fifo=1072 under=0 over=0 late=0 mdf_cb=32112 mdf_err=0
13:11:05.353 in=16128Hz out=16400Hz ring=928 under=0 over=0 (dt=1000000us) loglag=120742us
13:11:05.859   pt[1000]: min=-880 max=890 avg_abs=134 | fifo=864 under=0 over=0 late=0 mdf_cb=32144 mdf_err=0
13:11:06.239 win  535 pos= 8217600  -46dBFS [####................] rms=  158 peak=  890 seam=ok lag=337us
13:11:06.239   -> clock_tick      p=0.71  preproc=69024us infer=41009us
13:11:06.366 in=16128Hz out=16000Hz ring=1056 under=0 over=0 (dt=999999us) loglag=120742us
13:11:06.366   pt[1001]: min=-414 max=338 avg_abs=84 | fifo=1056 under=0 over=0 late=0 mdf_cb=32176 mdf_err=0
13:11:06.940   pt[1002]: min=-426 max=434 avg_abs=88 | fifo=1104 under=0 over=0 late=0 mdf_cb=32209 mdf_err=0
13:11:07.195 win  536 pos= 8232960  -49dBFS [###.................] rms=  117 peak=  716 seam=ok lag=336us
13:11:07.195   -> clock_tick      p=0.87  preproc=68968us infer=41040us
13:11:07.384 in=16128Hz out=16000Hz ring=1184 under=0 over=0 (dt=999999us) loglag=120742us
13:11:07.447   pt[1003]: min=-478 max=716 avg_abs=109 | fifo=1296 under=0 over=0 late=0 mdf_cb=32241 mdf_err=0
13:11:07.954   pt[1004]: min=-456 max=388 avg_abs=85 | fifo=1088 under=0 over=0 late=0 mdf_cb=32273 mdf_err=0
13:11:08.144 win  537 pos= 8248320  -49dBFS [###.................] rms=  115 peak=  456 seam=ok lag=337us
13:11:08.144   -> unknown         p=0.31  preproc=69023us infer=41030us
13:11:08.398 in=16128Hz out=16400Hz ring=912 under=0 over=0 (dt=1000000us) loglag=120742us
13:11:08.461   pt[1005]: min=-562 max=622 avg_abs=101 | fifo=880 under=0 over=0 late=0 mdf_cb=32305 mdf_err=0
13:11:08.967   pt[1006]: min=-806 max=714 avg_abs=121 | fifo=1072 under=0 over=0 late=0 mdf_cb=32337 mdf_err=0
13:11:09.158 {"win":538,"cls":"sneezing","p":0.62,"lat_ms":112,"under":0,"over":0,"late":0}
13:11:09.158 win  538 pos= 8263680  -46dBFS [####................] rms=  160 peak=  912 seam=ok lag=334us
13:11:09.158   -> sneezing        p=0.62  preproc=69019us infer=41036us
13:11:09.158 lcd: win 538 -> SNEEZE p=0.62 (22795 us after notify)
13:11:09.412 in=16128Hz out=16000Hz ring=1040 under=0 over=0 (dt=1000000us) loglag=120742us
13:11:09.476   pt[1007]: min=-1848 max=2192 avg_abs=336 | fifo=864 under=0 over=0 late=0 mdf_cb=32369 mdf_err=0
13:11:10.109   pt[1008]: min=-9110 max=10594 avg_abs=764 | fifo=1056 under=0 over=0 late=0 mdf_cb=32401 mdf_err=0
13:11:10.109 {"win":539,"cls":"sneezing","p":0.76,"lat_ms":112,"under":0,"over":0,"late":0}
13:11:10.109 win  539 pos= 8279040  -31dBFS [#########...........] rms=  943 peak=10594 seam=ok lag=336us
13:11:10.109   -> sneezing        p=0.76  preproc=69055us infer=41036us
13:11:10.109 ====================================
13:11:10.109 ====================================
13:11:10.109 TAP TOTAL win=539
13:11:10.109 ====================================
13:11:10.109 ====================================
13:11:10.109 tap total: windows=540 (expected 540 from 8296448 samples) overrun=0 torn=0 skipped=0 seam ok=539 NG=0
13:11:10.115   tap lag max=381us (0 of them lower bounds) | tap write max=7595ns avg=5326ns (32408 calls)
13:11:10.125   audio under=0 over=0 late=0 | aed run=540 err=0 (last er=0)
13:11:10.125   preproc max=69061us avg=69013us | infer max=41111us avg=41038us
13:11:10.137   notify out=234 held=158 offlist=148 gated=0 lat max=112184us (0 lower bounds)
13:11:10.141   log sent=3776 dropped=0 lag max=120742us
13:11:10.141   disp sent=176 dropped=0 max=104136us avg=31407us
13:11:10.149 ====================================
13:11:10.157 ====================================
13:11:10.220 lcd: win 539 -> SNEEZE p=0.76 (97899 us after notify)
13:11:10.411 in=16128Hz out=16000Hz ring=1168 under=0 over=0 (dt=999999us) loglag=120742us
13:11:10.475   pt[1009]: min=-1198 max=1158 avg_abs=281 | fifo=848 under=0 over=0 late=0 mdf_cb=32433 mdf_err=0
13:11:11.062   pt[1010]: min=-1850 max=1290 avg_abs=219 | fifo=1040 under=0 over=0 late=0 mdf_cb=32465 mdf_err=0
13:11:11.062 {"win":540,"cls":"sneezing","p":0.59,"lat_ms":112,"under":0,"over":0,"late":0}
13:11:11.062 win  540 pos= 8294400  -40dBFS [######..............] rms=  329 peak= 1850 seam=ok lag=336us
13:11:11.062   -> sneezing        p=0.59  preproc=69017us infer=41043us
13:11:11.062 lcd: win 540 -> SNEEZE p=0.59 (31669 us after notify)
13:11:11.441 in=15872Hz out=16000Hz ring=1040 under=0 over=0 (dt=999999us) loglag=120742us
13:11:11.504   pt[1011]: min=-1828 max=2192 avg_abs=185 | fifo=832 under=0 over=0 late=0 mdf_cb=32497 mdf_err=0
13:11:12.013 {"win":541,"cls":"sneezing","p":0.61,"lat_ms":112,"under":0,"over":0,"late":0}
13:11:12.013 win  541 pos= 8309760  -43dBFS [#####...............] rms=  229 peak= 2192 seam=ok lag=334us
13:11:12.013   -> sneezing        p=0.61  preproc=68957us infer=41042us
13:11:12.013 lcd: win 541 -> SNEEZE p=0.61 (22791 us after notify)
13:11:12.076   pt[1012]: min=-588 max=494 avg_abs=122 | fifo=1280 under=0 over=0 late=0 mdf_cb=32530 mdf_err=0
13:11:12.458 in=16128Hz out=16400Hz ring=768 under=0 over=0 (dt=999999us) loglag=120742us
13:11:12.586   pt[1013]: min=-810 max=744 avg_abs=141 | fifo=1072 under=0 over=0 late=0 mdf_cb=32562 mdf_err=0
13:11:12.982 win  542 pos= 8325120  -45dBFS [#####...............] rms=  175 peak=  810 seam=ok lag=335us
13:11:12.982   -> clock_tick      p=0.89  preproc=69030us infer=41019us
13:11:13.045   pt[1014]: min=-754 max=750 avg_abs=134 | fifo=1264 under=0 over=0 late=0 mdf_cb=32594 mdf_err=0
13:11:13.426 in=16128Hz out=16000Hz ring=896 under=0 over=0 (dt=999999us) loglag=120742us
13:11:13.617   pt[1015]: min=-556 max=628 avg_abs=110 | fifo=1056 under=0 over=0 late=0 mdf_cb=32626 mdf_err=0
13:11:13.935 win  543 pos= 8340480  -47dBFS [####................] rms=  142 peak=  628 seam=ok lag=336us
13:11:13.935   -> unknown         p=0.24  preproc=69019us infer=41077us
13:11:14.127   pt[1016]: min=-474 max=412 avg_abs=104 | fifo=848 under=0 over=0 late=0 mdf_cb=32658 mdf_err=0
13:11:14.444 in=16128Hz out=16000Hz ring=1024 under=0 over=0 (dt=999999us) loglag=120742us
13:11:14.634   pt[1017]: min=-518 max=422 avg_abs=96 | fifo=1040 under=0 over=0 late=0 mdf_cb=32690 mdf_err=0
13:11:14.888 {"win":544,"cls":"sneezing","p":0.95,"lat_ms":112,"under":0,"over":0,"late":0}
13:11:14.888 win  544 pos= 8355840  -49dBFS [###.................] rms=  123 peak=  518 seam=ok lag=333us
13:11:14.888   -> sneezing        p=0.95  preproc=69021us infer=41037us
13:11:14.888 lcd: win 544 -> SNEEZE p=0.95 (22792 us after notify)
13:11:15.143   pt[1018]: min=-446 max=464 avg_abs=106 | fifo=832 under=0 over=0 late=0 mdf_cb=32722 mdf_err=0
13:11:15.459 in=16128Hz out=16000Hz ring=1152 under=0 over=0 (dt=1000000us) loglag=120742us
13:11:15.649   pt[1019]: min=-538 max=618 avg_abs=103 | fifo=1024 under=0 over=0 late=0 mdf_cb=32754 mdf_err=0
13:11:15.839 win  545 pos= 8371200  -48dBFS [####................] rms=  134 peak=  664 seam=ok lag=335us
13:11:15.839   -> clock_tick      p=0.56  preproc=69025us infer=41030us
13:11:16.156   pt[1020]: min=-476 max=664 avg_abs=112 | fifo=816 under=0 over=0 late=0 mdf_cb=32786 mdf_err=0
13:11:16.474 in=16128Hz out=16400Hz ring=880 under=0 over=0 (dt=999999us) loglag=120742us
13:11:16.664   pt[1021]: min=-428 max=388 avg_abs=95 | fifo=1008 under=0 over=0 late=0 mdf_cb=32818 mdf_err=0
13:11:16.791 win  546 pos= 8386560  -48dBFS [####................] rms=  126 peak=  564 seam=ok lag=335us
13:11:16.791   -> unknown         p=0.37  preproc=68970us infer=41044us
13:11:17.172   pt[1022]: min=-392 max=394 avg_abs=88 | fifo=1056 under=0 over=0 late=0 mdf_cb=32851 mdf_err=0
13:11:17.490 in=16128Hz out=16000Hz ring=1008 under=0 over=0 (dt=1000000us) loglag=120742us
13:11:17.744   pt[1023]: min=-518 max=568 avg_abs=108 | fifo=1248 under=0 over=0 late=0 mdf_cb=32883 mdf_err=0
13:11:17.744 win  547 pos= 8401920  -48dBFS [####................] rms=  126 peak=  568 seam=ok lag=334us
13:11:17.760   -> rooster         p=0.69  preproc=69040us infer=41044us
13:11:18.204   pt[1024]: min=-602 max=550 avg_abs=100 | fifo=1040 under=0 over=0 late=0 mdf_cb=32915 mdf_err=0
13:11:18.458 in=16128Hz out=16000Hz ring=1136 under=0 over=0 (dt=1000000us) loglag=120742us
13:11:18.713   pt[1025]: min=-444 max=436 avg_abs=101 | fifo=1232 under=0 over=0 late=0 mdf_cb=32947 mdf_err=0
13:11:18.713 win  548 pos= 8417280  -48dBFS [####................] rms=  126 peak=  602 seam=ok lag=336us
13:11:18.713   -> unknown         p=0.29  preproc=69023us infer=41093us
13:11:19.224   pt[1026]: min=-610 max=456 avg_abs=111 | fifo=1024 under=0 over=0 late=0 mdf_cb=32979 mdf_err=0
13:11:19.479 in=16128Hz out=16400Hz ring=864 under=0 over=0 (dt=999999us) loglag=120742us
13:11:19.670 win  549 pos= 8432640  -48dBFS [####................] rms=  136 peak=  610 seam=ok lag=336us
13:11:19.670   -> unknown         p=0.32  preproc=69013us infer=41040us
13:11:19.678 ====================================
13:11:19.682 ====================================
13:11:19.685 TAP TOTAL win=549
13:11:19.687 ====================================
13:11:19.687 ====================================
13:11:19.687 tap total: windows=550 (expected 550 from 8450048 samples) overrun=0 torn=0 skipped=0 seam ok=549 NG=0
13:11:19.701   tap lag max=381us (0 of them lower bounds) | tap write max=7595ns avg=5325ns (33008 calls)
13:11:19.708   audio under=0 over=0 late=0 | aed run=550 err=0 (last er=0)
13:11:19.708   preproc max=69061us avg=69013us | infer max=41111us avg=41038us
13:11:19.717   notify out=237 held=162 offlist=151 gated=0 lat max=112184us (0 lower bounds)
13:11:19.717   log sent=3845 dropped=0 lag max=120742us
13:11:19.733   disp sent=179 dropped=0 max=104136us avg=31684us
13:11:19.733 ====================================
13:11:19.733 ====================================
13:11:19.743   pt[1027]: min=-560 max=472 avg_abs=105 | fifo=816 under=0 over=0 late=0 mdf_cb=33011 mdf_err=0
13:11:20.259   pt[1028]: min=-420 max=498 avg_abs=99 | fifo=1008 under=0 over=0 late=0 mdf_cb=33043 mdf_err=0
13:11:20.514 in=16128Hz out=16000Hz ring=992 under=0 over=0 (dt=1000000us) loglag=120742us
13:11:20.641 win  550 pos= 8448000  -48dBFS [####................] rms=  128 peak=  498 seam=ok lag=336us
13:11:20.641   -> unknown         p=0.35  preproc=69010us infer=41041us
13:11:20.769   pt[1029]: min=-588 max=802 avg_abs=108 | fifo=800 under=0 over=0 late=0 mdf_cb=33075 mdf_err=0
13:11:21.280   pt[1030]: min=-710 max=622 avg_abs=122 | fifo=992 under=0 over=0 late=0 mdf_cb=33107 mdf_err=0
13:11:21.472 in=16128Hz out=16000Hz ring=1120 under=0 over=0 (dt=1000000us) loglag=120742us
13:11:21.600 win  551 pos= 8463360  -47dBFS [####................] rms=  146 peak=  802 seam=ok lag=336us
13:11:21.600   -> unknown         p=0.39  preproc=68966us infer=41042us
13:11:21.789   pt[1031]: min=-378 max=380 avg_abs=96 | fifo=784 under=0 over=0 late=0 mdf_cb=33139 mdf_err=0
13:11:22.299   pt[1032]: min=-552 max=598 avg_abs=104 | fifo=1232 under=0 over=0 late=0 mdf_cb=33172 mdf_err=0
13:11:22.554 in=16128Hz out=16000Hz ring=848 under=0 over=0 (dt=1000000us) loglag=120742us
13:11:22.554 win  552 pos= 8478720  -48dBFS [####................] rms=  138 peak=  652 seam=ok lag=337us
13:11:22.554   -> unknown         p=0.43  preproc=69022us infer=41027us
13:11:22.825   pt[1033]: min=-652 max=566 avg_abs=114 | fifo=1024 under=0 over=0 late=0 mdf_cb=33204 mdf_err=0
13:11:23.334   pt[1034]: min=-548 max=526 avg_abs=111 | fifo=1216 under=0 over=0 late=0 mdf_cb=33236 mdf_err=0
13:11:23.526 in=16128Hz out=16400Hz ring=976 under=0 over=0 (dt=1000000us) loglag=120742us
13:11:23.526 {"win":553,"cls":"sneezing","p":0.80,"lat_ms":112,"under":0,"over":0,"late":0}
13:11:23.526 win  553 pos= 8494080  -48dBFS [####................] rms=  132 peak=  566 seam=ok lag=335us
13:11:23.526   -> sneezing        p=0.80  preproc=69011us infer=41070us
13:11:23.590 lcd: win 553 -> SNEEZE p=0.80 (29699 us after notify)
13:11:23.846   pt[1035]: min=-438 max=462 avg_abs=102 | fifo=1008 under=0 over=0 late=0 mdf_cb=33268 mdf_err=0
13:11:24.354   pt[1036]: min=-494 max=544 avg_abs=97 | fifo=1200 under=0 over=0 late=0 mdf_cb=33300 mdf_err=0
13:11:24.481 {"win":554,"cls":"unknown","p":0.48,"lat_ms":112,"under":0,"over":0,"late":0}
13:11:24.481 win  554 pos= 8509440  -48dBFS [####................] rms=  128 peak=  544 seam=ok lag=375us
13:11:24.481   -> unknown         p=0.48  preproc=69021us infer=41035us
13:11:24.486 in=16107Hz out=15979Hz ring=1104 under=0 over=0 (dt=1001274us) loglag=120802us
13:11:24.862   pt[1037]: min=-826 max=644 avg_abs=129 | fifo=992 under=0 over=0 late=0 mdf_cb=33332 mdf_err=0
13:11:25.435   pt[1038]: min=-586 max=534 avg_abs=122 | fifo=784 under=0 over=0 late=0 mdf_cb=33364 mdf_err=0
13:11:25.435 win  555 pos= 8524800  -46dBFS [####................] rms=  161 peak=  826 seam=ok lag=335us
13:11:25.442   -> unknown         p=0.42  preproc=69048us infer=41020us
13:11:25.499 in=16148Hz out=16020Hz ring=1232 under=0 over=0 (dt=998724us) loglag=120802us
13:11:25.942   pt[1039]: min=-552 max=480 avg_abs=99 | fifo=976 under=0 over=0 late=0 mdf_cb=33396 mdf_err=0
13:11:26.387 win  556 pos= 8540160  -49dBFS [###.................] rms=  121 peak=  552 seam=ok lag=336us
13:11:26.387   -> unknown         p=0.48  preproc=68968us infer=41040us
13:11:26.451   pt[1040]: min=-426 max=372 avg_abs=91 | fifo=768 under=0 over=0 late=0 mdf_cb=33428 mdf_err=0
13:11:26.515 in=16128Hz out=16400Hz ring=960 under=0 over=0 (dt=1000000us) loglag=120802us
13:11:26.959   pt[1041]: min=-380 max=402 avg_abs=89 | fifo=1216 under=0 over=0 late=0 mdf_cb=33461 mdf_err=0
13:11:27.401 win  557 pos= 8555520  -49dBFS [###.................] rms=  118 peak=  402 seam=ok lag=333us
13:11:27.401   -> unknown         p=0.50  preproc=69019us infer=41043us
13:11:27.464   pt[1042]: min=-392 max=382 avg_abs=97 | fifo=1008 under=0 over=0 late=0 mdf_cb=33493 mdf_err=0
13:11:27.527 in=16128Hz out=16000Hz ring=1088 under=0 over=0 (dt=999999us) loglag=120802us
13:11:27.971   pt[1043]: min=-396 max=344 avg_abs=92 | fifo=1200 under=0 over=0 late=0 mdf_cb=33525 mdf_err=0
13:11:28.352 {"win":558,"cls":"sneezing","p":0.62,"lat_ms":112,"under":0,"over":0,"late":0}
13:11:28.352 win  558 pos= 8570880  -49dBFS [###.................] rms=  117 peak=  646 seam=ok lag=336us
13:11:28.352   -> sneezing        p=0.62  preproc=69014us infer=41019us
13:11:28.352 lcd: win 558 -> SNEEZE p=0.62 (22791 us after notify)
13:11:28.479   pt[1044]: min=-646 max=602 avg_abs=103 | fifo=992 under=0 over=0 late=0 mdf_cb=33557 mdf_err=0
13:11:28.543 in=16128Hz out=16000Hz ring=1216 under=0 over=0 (dt=1000000us) loglag=120802us
13:11:28.989   pt[1045]: min=-478 max=474 avg_abs=99 | fifo=1184 under=0 over=0 late=0 mdf_cb=33589 mdf_err=0
13:11:29.304 win  559 pos= 8586240  -48dBFS [####................] rms=  136 peak=  602 seam=ok lag=334us
13:11:29.304   -> clock_tick      p=0.73  preproc=69029us infer=41021us
13:11:29.304 ====================================
13:11:29.304 ====================================
13:11:29.304 TAP TOTAL win=559
13:11:29.304 ====================================
13:11:29.304 ====================================
13:11:29.304 tap total: windows=560 (expected 560 from 8603648 samples) overrun=0 torn=0 skipped=0 seam ok=559 NG=0
13:11:29.304   tap lag max=381us (0 of them lower bounds) | tap write max=7595ns avg=5325ns (33608 calls)
13:11:29.310   audio under=0 over=0 late=0 | aed run=560 err=0 (last er=0)
13:11:29.310   preproc max=69061us avg=69013us | infer max=41111us avg=41038us
13:11:29.324   notify out=240 held=168 offlist=152 gated=0 lat max=112184us (0 lower bounds)
13:11:29.329   log sent=3912 dropped=0 lag max=120802us
13:11:29.335   disp sent=181 dropped=0 max=104136us avg=31624us
13:11:29.335 ====================================
13:11:29.335 ====================================
13:11:29.527   pt[1046]: min=-568 max=638 avg_abs=124 | fifo=976 under=0 over=0 late=0 mdf_cb=33621 mdf_err=0
13:11:29.527 in=16128Hz out=16400Hz ring=944 under=0 over=0 (dt=999999us) loglag=120802us
13:11:30.036   pt[1047]: min=-438 max=478 avg_abs=106 | fifo=768 under=0 over=0 late=0 mdf_cb=33653 mdf_err=0
13:11:30.228 win  560 pos= 8601600  -47dBFS [####................] rms=  142 peak=  638 seam=ok lag=332us
13:11:30.233   -> unknown         p=0.49  preproc=69022us infer=41019us
13:11:30.547   pt[1048]: min=-476 max=336 avg_abs=97 | fifo=960 under=0 over=0 late=0 mdf_cb=33685 mdf_err=0
13:11:30.547 in=16128Hz out=16000Hz ring=1072 under=0 over=0 (dt=1000000us) loglag=120802us
13:11:31.059   pt[1049]: min=-400 max=430 avg_abs=104 | fifo=1008 under=0 over=0 late=0 mdf_cb=33718 mdf_err=0
13:11:31.187 {"win":561,"cls":"sneezing","p":0.84,"lat_ms":112,"under":0,"over":0,"late":0}
13:11:31.192 win  561 pos= 8616960  -48dBFS [####................] rms=  124 peak=  476 seam=ok lag=334us
13:11:31.198   -> sneezing        p=0.84  preproc=68961us infer=41040us
13:11:31.267 lcd: win 561 -> SNEEZE p=0.84 (22793 us after notify)
13:11:31.586 in=16128Hz out=16000Hz ring=1200 under=0 over=0 (dt=1000000us) loglag=120802us
13:11:31.586   pt[1050]: min=-604 max=620 avg_abs=110 | fifo=1200 under=0 over=0 late=0 mdf_cb=33750 mdf_err=0
13:11:32.159   pt[1051]: min=-362 max=406 avg_abs=93 | fifo=992 under=0 over=0 late=0 mdf_cb=33782 mdf_err=0
13:11:32.159 {"win":562,"cls":"unknown","p":0.46,"lat_ms":112,"under":0,"over":0,"late":0}
13:11:32.163 win  562 pos= 8632320  -48dBFS [####................] rms=  129 peak=  620 seam=ok lag=333us
13:11:32.171   -> unknown         p=0.46  preproc=69048us infer=40999us
13:11:32.557 in=16128Hz out=16400Hz ring=928 under=0 over=0 (dt=999999us) loglag=120802us
13:11:32.621   pt[1052]: min=-640 max=506 avg_abs=110 | fifo=1184 under=0 over=0 late=0 mdf_cb=33814 mdf_err=0
13:11:33.130   pt[1053]: min=-448 max=502 avg_abs=99 | fifo=976 under=0 over=0 late=0 mdf_cb=33846 mdf_err=0
13:11:33.130 win  563 pos= 8647680  -48dBFS [####................] rms=  133 peak=  640 seam=ok lag=333us
13:11:33.130   -> unknown         p=0.46  preproc=69014us infer=41041us
13:11:33.575 in=16128Hz out=16000Hz ring=1056 under=0 over=0 (dt=999999us) loglag=120802us
13:11:33.639   pt[1054]: min=-414 max=334 avg_abs=79 | fifo=1168 under=0 over=0 late=0 mdf_cb=33878 mdf_err=0
13:11:34.086 win  564 pos= 8663040  -49dBFS [###.................] rms=  111 peak=  466 seam=ok lag=337us
13:11:34.086   -> unknown         p=0.45  preproc=69010us infer=41037us
13:11:34.149   pt[1055]: min=-466 max=434 avg_abs=98 | fifo=960 under=0 over=0 late=0 mdf_cb=33910 mdf_err=0
13:11:34.598 in=16128Hz out=16000Hz ring=1184 under=0 over=0 (dt=1000000us) loglag=120802us
13:11:34.662   pt[1056]: min=-304 max=348 avg_abs=82 | fifo=752 under=0 over=0 late=0 mdf_cb=33942 mdf_err=0
13:11:35.043 {"win":565,"cls":"sneezing","p":0.60,"lat_ms":112,"under":0,"over":0,"late":0}
13:11:35.043 win  565 pos= 8678400  -49dBFS [###.................] rms=  113 peak=  434 seam=ok lag=335us
13:11:35.043   -> sneezing        p=0.60  preproc=69021us infer=41002us
13:11:35.107 lcd: win 565 -> SNEEZE p=0.60 (22792 us after notify)
13:11:35.170   pt[1057]: min=-414 max=412 avg_abs=97 | fifo=944 under=0 over=0 late=0 mdf_cb=33974 mdf_err=0
13:11:35.615 in=16128Hz out=16000Hz ring=1312 under=0 over=0 (dt=999999us) loglag=120802us
13:11:35.679   pt[1058]: min=-640 max=556 avg_abs=94 | fifo=992 under=0 over=0 late=0 mdf_cb=34007 mdf_err=0
13:11:35.995 {"win":566,"cls":"unknown","p":0.43,"lat_ms":112,"under":0,"over":0,"late":0}
13:11:35.995 win  566 pos= 8693760  -48dBFS [####................] rms=  128 peak=  802 seam=ok lag=335us
13:11:36.001   -> unknown         p=0.43  preproc=68970us infer=41042us
13:11:36.202   pt[1059]: min=-570 max=802 avg_abs=114 | fifo=1184 under=0 over=0 late=0 mdf_cb=34039 mdf_err=0
13:11:36.583 in=16128Hz out=16400Hz ring=1040 under=0 over=0 (dt=1000000us) loglag=120802us
13:11:36.710   pt[1060]: min=-532 max=524 avg_abs=102 | fifo=976 under=0 over=0 late=0 mdf_cb=34071 mdf_err=0
13:11:36.961 win  567 pos= 8709120  -48dBFS [####................] rms=  133 peak=  684 seam=ok lag=336us
13:11:36.961   -> clock_tick      p=0.52  preproc=69027us infer=41030us
13:11:37.199   pt[1061]: min=-426 max=424 avg_abs=94 | fifo=1168 under=0 over=0 late=0 mdf_cb=34103 mdf_err=0
13:11:37.639 in=16128Hz out=16000Hz ring=1168 under=0 over=0 (dt=999999us) loglag=120802us
13:11:37.767   pt[1062]: min=-594 max=714 avg_abs=110 | fifo=960 under=0 over=0 late=0 mdf_cb=34135 mdf_err=0
13:11:37.952 win  568 pos= 8724480  -48dBFS [####................] rms=  130 peak=  714 seam=ok lag=337us
13:11:37.952   -> clock_tick      p=0.52  preproc=69023us infer=41052us
13:11:38.265   pt[1063]: min=-842 max=656 avg_abs=125 | fifo=1152 under=0 over=0 late=0 mdf_cb=34167 mdf_err=0
13:11:38.644 in=16128Hz out=16000Hz ring=1296 under=0 over=0 (dt=999999us) loglag=120802us
13:11:38.766   pt[1064]: min=-670 max=734 avg_abs=113 | fifo=944 under=0 over=0 late=0 mdf_cb=34199 mdf_err=0
13:11:38.891 win  569 pos= 8739840  -46dBFS [####................] rms=  159 peak=  842 seam=ok lag=333us
13:11:38.891   -> unknown         p=0.34  preproc=69023us infer=40986us
13:11:38.891 ====================================
13:11:38.891 ====================================
13:11:38.891 TAP TOTAL win=569
13:11:38.891 ====================================
13:11:38.892 ====================================
13:11:38.896 tap total: windows=570 (expected 570 from 8757248 samples) overrun=0 torn=0 skipped=0 seam ok=569 NG=0
13:11:38.903   tap lag max=381us (0 of them lower bounds) | tap write max=7595ns avg=5325ns (34208 calls)
13:11:38.914   audio under=0 over=0 late=0 | aed run=570 err=0 (last er=0)
13:11:38.919   preproc max=69061us avg=69013us | infer max=41111us avg=41038us
13:11:38.924   notify out=244 held=172 offlist=154 gated=0 lat max=112184us (0 lower bounds)
13:11:38.931   log sent=3981 dropped=0 lag max=120802us
13:11:38.931   disp sent=183 dropped=0 max=104136us avg=31527us
13:11:38.941 ====================================
13:11:38.944 ====================================
13:11:39.251   pt[1065]: min=-660 max=646 avg_abs=101 | fifo=736 under=0 over=0 late=0 mdf_cb=34231 mdf_err=0
13:11:39.624 in=16128Hz out=16400Hz ring=1024 under=0 over=0 (dt=1000000us) loglag=120802us
13:11:39.879   pt[1066]: min=-390 max=558 avg_abs=100 | fifo=1184 under=0 over=0 late=0 mdf_cb=34264 mdf_err=0
13:11:39.879 {"win":570,"cls":"sneezing","p":0.52,"lat_ms":112,"under":0,"over":0,"late":0}
13:11:39.879 win  570 pos= 8755200  -48dBFS [####................] rms=  130 peak=  660 seam=ok lag=337us
13:11:39.879   -> sneezing        p=0.52  preproc=69047us infer=40994us
13:11:39.879 lcd: win 570 -> SNEEZE p=0.52 (31494 us after notify)
13:11:40.310   pt[1067]: min=-600 max=436 avg_abs=114 | fifo=976 under=0 over=0 late=0 mdf_cb=34296 mdf_err=0
13:11:40.620 in=16128Hz out=16000Hz ring=1152 under=0 over=0 (dt=1000000us) loglag=120802us
13:11:40.810 {"win":571,"cls":"sneezing","p":0.73,"lat_ms":112,"under":0,"over":0,"late":0}
13:11:40.810 win  571 pos= 8770560  -47dBFS [####................] rms=  142 peak=  600 seam=ok lag=336us
13:11:40.810   -> sneezing        p=0.73  preproc=68967us infer=41041us
13:11:40.810   pt[1068]: min=-536 max=542 avg_abs=111 | fifo=1168 under=0 over=0 late=0 mdf_cb=34328 mdf_err=0
13:11:40.871 lcd: win 571 -> SNEEZE p=0.73 (31509 us after notify)
13:11:41.315   pt[1069]: min=-390 max=412 avg_abs=90 | fifo=960 under=0 over=0 late=0 mdf_cb=34360 mdf_err=0
13:11:41.633 in=15872Hz out=16000Hz ring=1024 under=0 over=0 (dt=999999us) loglag=120802us
13:11:41.751 {"win":572,"cls":"sneezing","p":0.82,"lat_ms":112,"under":0,"over":0,"late":0}
13:11:41.753 win  572 pos= 8785920  -49dBFS [###.................] rms=  122 peak=  496 seam=ok lag=335us
13:11:41.759   -> sneezing        p=0.82  preproc=69008us infer=41020us
13:11:41.826 lcd: win 572 -> SNEEZE p=0.82 (22793 us after notify)
13:11:41.826   pt[1070]: min=-398 max=376 avg_abs=101 | fifo=1152 under=0 over=0 late=0 mdf_cb=34392 mdf_err=0
13:11:42.395   pt[1071]: min=-620 max=620 avg_abs=109 | fifo=944 under=0 over=0 late=0 mdf_cb=34424 mdf_err=0
13:11:42.760 in=16128Hz out=16400Hz ring=752 under=0 over=0 (dt=1000000us) loglag=120802us
13:11:42.760 {"win":573,"cls":"sneezing","p":0.68,"lat_ms":112,"under":0,"over":0,"late":0}
13:11:42.760 win  573 pos= 8801280  -48dBFS [####................] rms=  128 peak=  620 seam=ok lag=333us
13:11:42.760   -> sneezing        p=0.68  preproc=69017us infer=41034us
13:11:42.760 lcd: win 573 -> SNEEZE p=0.68 (29701 us after notify)
13:11:42.899   pt[1072]: min=-622 max=484 avg_abs=103 | fifo=736 under=0 over=0 late=0 mdf_cb=34456 mdf_err=0
13:11:43.389   pt[1073]: min=-624 max=710 avg_abs=105 | fifo=928 under=0 over=0 late=0 mdf_cb=34488 mdf_err=0
13:11:43.704 in=16127Hz out=15999Hz ring=880 under=0 over=0 (dt=1000001us) loglag=120802us
13:11:43.704 {"win":574,"cls":"unknown","p":0.42,"lat_ms":112,"under":0,"over":0,"late":0}
13:11:43.704 win  574 pos= 8816640  -48dBFS [####................] rms=  135 peak=  710 seam=ok lag=332us
13:11:43.704   -> unknown         p=0.42  preproc=69016us infer=41019us
13:11:43.887   pt[1074]: min=-338 max=386 avg_abs=84 | fifo=976 under=0 over=0 late=0 mdf_cb=34521 mdf_err=0
13:11:44.395   pt[1075]: min=-444 max=530 avg_abs=108 | fifo=1168 under=0 over=0 late=0 mdf_cb=34553 mdf_err=0
13:11:44.644 {"win":575,"cls":"sneezing","p":0.57,"lat_ms":112,"under":0,"over":0,"late":0}
13:11:44.644 win  575 pos= 8832000  -48dBFS [####................] rms=  132 peak=  564 seam=ok lag=334us
13:11:44.644   -> sneezing        p=0.57  preproc=69028us infer=41044us
13:11:44.706 in=16102Hz out=15974Hz ring=1008 under=0 over=0 (dt=1001603us) loglag=120802us
13:11:44.706 lcd: win 575 -> SNEEZE p=0.57 (29792 us after notify)
13:11:44.961   pt[1076]: min=-618 max=510 avg_abs=110 | fifo=960 under=0 over=0 late=0 mdf_cb=34585 mdf_err=0
13:11:45.453   pt[1077]: min=-406 max=482 avg_abs=99 | fifo=1152 under=0 over=0 late=0 mdf_cb=34617 mdf_err=0
13:11:45.638 win  576 pos= 8847360  -48dBFS [####................] rms=  126 peak=  618 seam=ok lag=333us
13:11:45.638   -> clock_tick      p=0.53  preproc=68961us infer=41062us
13:11:45.699 in=16153Hz out=16025Hz ring=736 under=0 over=0 (dt=998394us) loglag=120802us
13:11:45.961   pt[1078]: min=-566 max=580 avg_abs=104 | fifo=944 under=0 over=0 late=0 mdf_cb=34649 mdf_err=0
13:11:46.582   pt[1079]: min=-576 max=712 avg_abs=122 | fifo=1136 under=0 over=0 late=0 mdf_cb=34681 mdf_err=0
13:11:46.582 win  577 pos= 8862720  -47dBFS [####................] rms=  144 peak=  712 seam=ok lag=335us
13:11:46.582   -> clock_tick      p=0.80  preproc=69039us infer=41036us
13:11:46.706 in=16128Hz out=16400Hz ring=864 under=0 over=0 (dt=1000000us) loglag=120802us
13:11:47.018   pt[1080]: min=-452 max=394 avg_abs=100 | fifo=928 under=0 over=0 late=0 mdf_cb=34713 mdf_err=0
13:11:47.510   pt[1081]: min=-596 max=576 avg_abs=118 | fifo=1120 under=0 over=0 late=0 mdf_cb=34745 mdf_err=0
13:11:47.516 win  578 pos= 8878080  -48dBFS [####................] rms=  135 peak=  566 seam=ok lag=333us
13:11:47.525   -> rooster         p=0.61  preproc=69022us infer=41125us
13:11:47.722 in=16128Hz out=16000Hz ring=992 under=0 over=0 (dt=999999us) loglag=120802us
13:11:48.026   pt[1082]: min=-482 max=620 avg_abs=115 | fifo=912 under=0 over=0 late=0 mdf_cb=34777 mdf_err=0
13:11:48.527 win  579 pos= 8893440  -47dBFS [####................] rms=  154 peak= 1216 seam=ok lag=332us
13:11:48.527   -> clock_tick      p=0.55  preproc=69015us infer=41019us
13:11:48.527 ====================================
13:11:48.527 ====================================
13:11:48.527 TAP TOTAL win=579
13:11:48.527 ====================================
13:11:48.527 ====================================
13:11:48.527 tap total: windows=580 (expected 580 from 8910848 samples) overrun=0 torn=0 skipped=0 seam ok=579 NG=0
13:11:48.527   tap lag max=381us (0 of them lower bounds) | tap write max=7595ns avg=5325ns (34808 calls)
13:11:48.527   audio under=0 over=0 late=0 | aed run=580 err=0 (last er=0)
13:11:48.527   preproc max=69061us avg=69013us | infer max=41125us avg=41038us
13:11:48.527   notify out=250 held=172 offlist=158 gated=0 lat max=112184us (0 lower bounds)
13:11:48.527   log sent=4053 dropped=0 lag max=120802us
13:11:48.537   disp sent=188 dropped=0 max=104136us avg=31462us
13:11:48.537 ====================================
13:11:48.546 ====================================
13:11:48.547   pt[1083]: min=-778 max=1216 avg_abs=124 | fifo=960 under=0 over=0 late=0 mdf_cb=34810 mdf_err=0
13:11:48.687 in=16128Hz out=16000Hz ring=1120 under=0 over=0 (dt=1000000us) loglag=120802us
13:11:49.068   pt[1084]: min=-552 max=510 avg_abs=123 | fifo=1152 under=0 over=0 late=0 mdf_cb=34842 mdf_err=0
13:11:49.434 win  580 pos= 8908800  -47dBFS [####................] rms=  154 peak=  586 seam=ok lag=337us
13:11:49.438   -> clock_tick      p=0.83  preproc=69020us infer=41041us
13:11:49.564   pt[1085]: min=-696 max=622 avg_abs=116 | fifo=944 under=0 over=0 late=0 mdf_cb=34874 mdf_err=0
13:11:49.687 in=16128Hz out=16400Hz ring=848 under=0 over=0 (dt=1000000us) loglag=120802us
13:11:50.058   pt[1086]: min=-478 max=484 avg_abs=97 | fifo=1136 under=0 over=0 late=0 mdf_cb=34906 mdf_err=0
13:11:50.434 win  581 pos= 8924160  -47dBFS [####................] rms=  141 peak=  696 seam=ok lag=338us
13:11:50.434   -> unknown         p=0.43  preproc=68971us infer=41029us
13:11:50.569   pt[1087]: min=-664 max=646 avg_abs=134 | fifo=928 under=0 over=0 late=0 mdf_cb=34938 mdf_err=0
13:11:50.688 in=16128Hz out=16000Hz ring=976 under=0 over=0 (dt=999999us) loglag=120802us
13:11:51.129   pt[1088]: min=-500 max=532 avg_abs=110 | fifo=1120 under=0 over=0 late=0 mdf_cb=34970 mdf_err=0
13:11:51.377 win  582 pos= 8939520  -47dBFS [####................] rms=  152 peak=  664 seam=ok lag=336us
13:11:51.377   -> clock_tick      p=0.50  preproc=69021us infer=41013us
13:11:51.627   pt[1089]: min=-716 max=720 avg_abs=120 | fifo=912 under=0 over=0 late=0 mdf_cb=35002 mdf_err=0
13:11:51.749 in=16128Hz out=16000Hz ring=1104 under=0 over=0 (dt=999999us) loglag=120802us
13:11:52.123   pt[1090]: min=-522 max=650 avg_abs=102 | fifo=1104 under=0 over=0 late=0 mdf_cb=35034 mdf_err=0
13:11:52.313 win  583 pos= 8954880  -47dBFS [####................] rms=  141 peak=  720 seam=ok lag=338us
13:11:52.317   -> clock_tick      p=0.63  preproc=69021us infer=41069us
13:11:52.643   pt[1091]: min=-476 max=444 avg_abs=100 | fifo=896 under=0 over=0 late=0 mdf_cb=35066 mdf_err=0
13:11:52.704 in=16128Hz out=16400Hz ring=832 under=0 over=0 (dt=1000000us) loglag=120802us
13:11:53.141   pt[1092]: min=-500 max=556 avg_abs=107 | fifo=944 under=0 over=0 late=0 mdf_cb=35099 mdf_err=0
13:11:53.332 win  584 pos= 8970240  -48dBFS [####................] rms=  132 peak=  556 seam=ok lag=337us
13:11:53.332   -> rooster         p=0.54  preproc=69024us infer=41030us
13:11:53.642   pt[1093]: min=-838 max=824 avg_abs=121 | fifo=1136 under=0 over=0 late=0 mdf_cb=35131 mdf_err=0
13:11:53.763 in=16128Hz out=16000Hz ring=960 under=0 over=0 (dt=999999us) loglag=120802us
13:11:54.269   pt[1094]: min=-716 max=662 avg_abs=113 | fifo=928 under=0 over=0 late=0 mdf_cb=35163 mdf_err=0
13:11:54.269 win  585 pos= 8985600  -47dBFS [####................] rms=  153 peak=  838 seam=ok lag=335us
13:11:54.269   -> unknown         p=0.40  preproc=69048us infer=41017us
13:11:54.703   pt[1095]: min=-874 max=780 avg_abs=105 | fifo=1120 under=0 over=0 late=0 mdf_cb=35195 mdf_err=0
13:11:54.764 in=16128Hz out=16000Hz ring=1088 under=0 over=0 (dt=999999us) loglag=120802us
13:11:55.211   pt[1096]: min=-1328 max=940 avg_abs=140 | fifo=912 under=0 over=0 late=0 mdf_cb=35227 mdf_err=0
13:11:55.211 win  586 pos= 9000960  -46dBFS [####................] rms=  163 peak= 1328 seam=ok lag=336us
13:11:55.211   -> clock_tick      p=0.68  preproc=68957us infer=41045us
13:11:55.702   pt[1097]: min=-794 max=716 avg_abs=109 | fifo=1104 under=0 over=0 late=0 mdf_cb=35259 mdf_err=0
13:11:55.764 in=16128Hz out=16000Hz ring=1216 under=0 over=0 (dt=999999us) loglag=120802us
13:11:56.204 win  587 pos= 9016320  -47dBFS [####................] rms=  146 peak=  794 seam=ok lag=339us
13:11:56.204   -> unknown         p=0.47  preproc=69021us infer=41044us
13:11:56.264   pt[1098]: min=-738 max=588 avg_abs=113 | fifo=896 under=0 over=0 late=0 mdf_cb=35291 mdf_err=0
13:11:56.762   pt[1099]: min=-452 max=516 avg_abs=107 | fifo=1088 under=0 over=0 late=0 mdf_cb=35323 mdf_err=0
13:11:56.762 in=16128Hz out=16400Hz ring=944 under=0 over=0 (dt=1000000us) loglag=120802us
13:11:57.144 win  588 pos= 9031680  -47dBFS [####................] rms=  142 peak=  568 seam=ok lag=336us
13:11:57.144   -> clock_tick      p=0.53  preproc=69010us infer=41056us
13:11:57.267   pt[1100]: min=-930 max=900 avg_abs=139 | fifo=880 under=0 over=0 late=0 mdf_cb=35355 mdf_err=0
13:11:57.765 in=16128Hz out=16000Hz ring=1072 under=0 over=0 (dt=999999us) loglag=120802us
13:11:57.765   pt[1101]: min=-696 max=714 avg_abs=121 | fifo=1328 under=0 over=0 late=0 mdf_cb=35388 mdf_err=0
13:11:58.081 win  589 pos= 9047040  -46dBFS [####................] rms=  166 peak=  930 seam=ok lag=334us
13:11:58.081   -> unknown         p=0.40  preproc=69023us infer=41042us
13:11:58.086 ====================================
13:11:58.088 ====================================
13:11:58.091 TAP TOTAL win=589
13:11:58.093 ====================================
13:11:58.096 ====================================
13:11:58.100 tap total: windows=590 (expected 590 from 9064448 samples) overrun=0 torn=0 skipped=0 seam ok=589 NG=0
13:11:58.103   tap lag max=381us (0 of them lower bounds) | tap write max=7595ns avg=5326ns (35408 calls)
13:11:58.110   audio under=0 over=0 late=0 | aed run=590 err=0 (last er=0)
13:11:58.121   preproc max=69061us avg=69013us | infer max=41125us avg=41038us
13:11:58.125   notify out=250 held=176 offlist=164 gated=0 lat max=112184us (0 lower bounds)
13:11:58.131   log sent=4116 dropped=0 lag max=120802us
13:11:58.131   disp sent=188 dropped=0 max=104136us avg=31462us
13:11:58.143 ====================================
13:11:58.143 ====================================
13:11:58.332   pt[1102]: min=-580 max=554 avg_abs=111 | fifo=1120 under=0 over=0 late=0 mdf_cb=35420 mdf_err=0
13:11:58.769 in=16128Hz out=16000Hz ring=1200 under=0 over=0 (dt=1000000us) loglag=120802us
13:11:58.832   pt[1103]: min=-784 max=836 avg_abs=116 | fifo=912 under=0 over=0 late=0 mdf_cb=35452 mdf_err=0
13:11:59.080 win  590 pos= 9062400  -46dBFS [####................] rms=  162 peak= 1216 seam=ok lag=334us
13:11:59.080   -> unknown         p=0.31  preproc=69019us infer=41048us
13:11:59.326   pt[1104]: min=-1216 max=852 avg_abs=141 | fifo=1104 under=0 over=0 late=0 mdf_cb=35484 mdf_err=0
13:11:59.764 in=16128Hz out=16400Hz ring=928 under=0 over=0 (dt=1000000us) loglag=120802us
13:11:59.832   pt[1105]: min=-524 max=440 avg_abs=118 | fifo=896 under=0 over=0 late=0 mdf_cb=35516 mdf_err=0
13:12:00.016 win  591 pos= 9077760  -47dBFS [####................] rms=  153 peak=  524 seam=ok lag=333us
13:12:00.016   -> clock_tick      p=0.70  preproc=68965us infer=41053us
13:12:00.341   pt[1106]: min=-634 max=616 avg_abs=115 | fifo=1088 under=0 over=0 late=0 mdf_cb=35548 mdf_err=0
13:12:00.782 in=16128Hz out=16000Hz ring=1056 under=0 over=0 (dt=999999us) loglag=120802us
13:12:00.844   pt[1107]: min=-626 max=554 avg_abs=112 | fifo=880 under=0 over=0 late=0 mdf_cb=35580 mdf_err=0
13:12:00.974 {"win":592,"cls":"sneezing","p":0.70,"lat_ms":112,"under":0,"over":0,"late":0}
13:12:00.974 win  592 pos= 9093120  -47dBFS [####................] rms=  144 peak=  634 seam=ok lag=335us
13:12:00.974   -> sneezing        p=0.70  preproc=69013us infer=40981us
13:12:01.041 lcd: win 592 -> SNEEZE p=0.70 (22794 us after notify)
13:12:01.349   pt[1108]: min=-554 max=536 avg_abs=97 | fifo=1072 under=0 over=0 late=0 mdf_cb=35612 mdf_err=0
13:12:01.803 in=16128Hz out=16000Hz ring=1184 under=0 over=0 (dt=1000000us) loglag=120802us
13:12:01.926   pt[1109]: min=-408 max=370 avg_abs=90 | fifo=1120 under=0 over=0 late=0 mdf_cb=35645 mdf_err=0
13:12:01.926 {"win":593,"cls":"unknown","p":0.33,"lat_ms":112,"under":0,"over":0,"late":0}
13:12:01.928 win  593 pos= 9108480  -49dBFS [###.................] rms=  118 peak=  554 seam=ok lag=333us
13:12:01.934   -> unknown         p=0.33  preproc=69033us infer=41039us
13:12:02.378   pt[1110]: min=-410 max=440 avg_abs=98 | fifo=1312 under=0 over=0 late=0 mdf_cb=35677 mdf_err=0
13:12:02.890 in=16128Hz out=16400Hz ring=912 under=0 over=0 (dt=1000000us) loglag=120802us
13:12:02.890 win  594 pos= 9123840  -49dBFS [###.................] rms=  123 peak=  458 seam=ok lag=333us
13:12:02.890   -> unknown         p=0.36  preproc=69027us infer=41041us
13:12:02.893   pt[1111]: min=-430 max=458 avg_abs=96 | fifo=1104 under=0 over=0 late=0 mdf_cb=35709 mdf_err=0
13:12:03.451   pt[1112]: min=-526 max=554 avg_abs=114 | fifo=896 under=0 over=0 late=0 mdf_cb=35741 mdf_err=0
13:12:03.832 in=16128Hz out=16000Hz ring=1040 under=0 over=0 (dt=999999us) loglag=120802us
13:12:03.838 win  595 pos= 9139200  -48dBFS [####................] rms=  134 peak=  554 seam=ok lag=333us
13:12:03.848   -> clock_tick      p=0.92  preproc=69028us infer=41018us
13:12:03.968   pt[1113]: min=-1070 max=996 avg_abs=133 | fifo=1088 under=0 over=0 late=0 mdf_cb=35773 mdf_err=0
13:12:04.468   pt[1114]: min=-850 max=778 avg_abs=151 | fifo=880 under=0 over=0 late=0 mdf_cb=35805 mdf_err=0
13:12:04.840 win  596 pos= 9154560  -44dBFS [#####...............] rms=  203 peak= 1070 seam=ok lag=334us
13:12:04.840   -> rooster         p=0.68  preproc=68978us infer=41039us
13:12:04.840 in=16072Hz out=15945Hz ring=1168 under=0 over=0 (dt=1003429us) loglag=120802us
13:12:04.969   pt[1115]: min=-710 max=664 avg_abs=138 | fifo=1072 under=0 over=0 late=0 mdf_cb=35837 mdf_err=0
13:12:05.470   pt[1116]: min=-746 max=670 avg_abs=130 | fifo=864 under=0 over=0 late=0 mdf_cb=35869 mdf_err=0
13:12:05.783 win  597 pos= 9169920  -45dBFS [#####...............] rms=  178 peak=  766 seam=ok lag=339us
13:12:05.783   -> unknown         p=0.23  preproc=69012us infer=41033us
13:12:05.851 in=16183Hz out=16456Hz ring=896 under=0 over=0 (dt=996570us) loglag=120802us
13:12:06.027   pt[1117]: min=-830 max=666 avg_abs=144 | fifo=1312 under=0 over=0 late=0 mdf_cb=35902 mdf_err=0
13:12:06.546   pt[1118]: min=-1060 max=738 avg_abs=134 | fifo=1104 under=0 over=0 late=0 mdf_cb=35934 mdf_err=0
13:12:06.736 win  598 pos= 9185280  -46dBFS [####................] rms=  172 peak= 1060 seam=ok lag=336us
13:12:06.736   -> rooster         p=0.67  preproc=69033us infer=41051us
13:12:06.860 in=16128Hz out=16000Hz ring=1024 under=0 over=0 (dt=999999us) loglag=120802us
13:12:07.045   pt[1119]: min=-762 max=992 avg_abs=131 | fifo=896 under=0 over=0 late=0 mdf_cb=35966 mdf_err=0
13:12:07.548   pt[1120]: min=-692 max=642 avg_abs=114 | fifo=1088 under=0 over=0 late=0 mdf_cb=35998 mdf_err=0
13:12:07.672 win  599 pos= 9200640  -46dBFS [####................] rms=  161 peak=  992 seam=ok lag=336us
13:12:07.680   -> unknown         p=0.26  preproc=69020us infer=41040us
13:12:07.686 ====================================
13:12:07.688 ====================================
13:12:07.692 TAP TOTAL win=599
13:12:07.694 ====================================
13:12:07.698 ====================================
13:12:07.700 tap total: windows=600 (expected 600 from 9218048 samples) overrun=0 torn=0 skipped=0 seam ok=599 NG=0
13:12:07.710   tap lag max=381us (0 of them lower bounds) | tap write max=7595ns avg=5326ns (36008 calls)
13:12:07.717   audio under=0 over=0 late=0 | aed run=600 err=0 (last er=0)
13:12:07.723   preproc max=69061us avg=69013us | infer max=41125us avg=41038us
13:12:07.723   notify out=252 held=180 offlist=168 gated=0 lat max=112184us (0 lower bounds)
13:12:07.733   log sent=4181 dropped=0 lag max=120802us
13:12:07.733   disp sent=189 dropped=0 max=104136us avg=31416us
13:12:07.745 ====================================
13:12:07.747 ====================================
13:12:07.872 in=16128Hz out=16000Hz ring=1152 under=0 over=0 (dt=1000000us) loglag=120802us
13:12:08.062   pt[1121]: min=-458 max=508 avg_abs=106 | fifo=880 under=0 over=0 late=0 mdf_cb=36030 mdf_err=0
13:12:08.684   pt[1122]: min=-504 max=422 avg_abs=105 | fifo=1072 under=0 over=0 late=0 mdf_cb=36062 mdf_err=0
13:12:08.684 win  600 pos= 9216000  -48dBFS [####................] rms=  129 peak=  504 seam=ok lag=337us
13:12:08.684   -> unknown         p=0.21  preproc=69047us infer=41014us
13:12:08.870 in=16128Hz out=16000Hz ring=1280 under=0 over=0 (dt=1000000us) loglag=120802us
13:12:09.062   pt[1123]: min=-484 max=468 avg_abs=103 | fifo=864 under=0 over=0 late=0 mdf_cb=36094 mdf_err=0
13:12:09.629   pt[1124]: min=-514 max=468 avg_abs=97 | fifo=1056 under=0 over=0 late=0 mdf_cb=36126 mdf_err=0
13:12:09.629 {"win":601,"cls":"sneezing","p":0.71,"lat_ms":112,"under":0,"over":0,"late":0}
13:12:09.629 win  601 pos= 9231360  -48dBFS [####................] rms=  128 peak=  514 seam=ok lag=336us
13:12:09.629   -> sneezing        p=0.71  preproc=68970us infer=41053us
13:12:09.629 lcd: win 601 -> SNEEZE p=0.71 (31406 us after notify)
13:12:09.879 in=16128Hz out=16400Hz ring=1008 under=0 over=0 (dt=1000000us) loglag=120802us
13:12:10.122   pt[1125]: min=-474 max=456 avg_abs=102 | fifo=848 under=0 over=0 late=0 mdf_cb=36158 mdf_err=0
13:12:10.557 win  602 pos= 9246720  -48dBFS [####................] rms=  136 peak=  524 seam=ok lag=336us
13:12:10.561   -> clock_tick      p=0.50  preproc=69024us infer=41021us
13:12:10.621   pt[1126]: min=-510 max=560 avg_abs=121 | fifo=1296 under=0 over=0 late=0 mdf_cb=36191 mdf_err=0
13:12:10.872 in=16128Hz out=16000Hz ring=1136 under=0 over=0 (dt=999999us) loglag=120802us
13:12:11.130   pt[1127]: min=-468 max=670 avg_abs=108 | fifo=1088 under=0 over=0 late=0 mdf_cb=36223 mdf_err=0
13:12:11.560 win  603 pos= 9262080  -48dBFS [####................] rms=  138 peak=  670 seam=ok lag=336us
13:12:11.560   -> unknown         p=0.42  preproc=69016us infer=41031us
13:12:11.632   pt[1128]: min=-570 max=450 avg_abs=106 | fifo=880 under=0 over=0 late=0 mdf_cb=36255 mdf_err=0
13:12:11.888 in=16128Hz out=16000Hz ring=1264 under=0 over=0 (dt=1000000us) loglag=120802us
13:12:12.199   pt[1129]: min=-616 max=718 avg_abs=126 | fifo=1072 under=0 over=0 late=0 mdf_cb=36287 mdf_err=0
13:12:12.520 win  604 pos= 9277440  -47dBFS [####................] rms=  155 peak=  718 seam=ok lag=335us
13:12:12.520   -> clock_tick      p=0.55  preproc=69024us infer=41038us
13:12:12.711   pt[1130]: min=-514 max=500 avg_abs=124 | fifo=864 under=0 over=0 late=0 mdf_cb=36319 mdf_err=0
13:12:12.910 in=16128Hz out=16400Hz ring=992 under=0 over=0 (dt=1000000us) loglag=120802us
13:12:13.214   pt[1131]: min=-476 max=562 avg_abs=112 | fifo=1056 under=0 over=0 late=0 mdf_cb=36351 mdf_err=0
13:12:13.464 win  605 pos= 9292800  -47dBFS [####................] rms=  146 peak=  562 seam=ok lag=335us
13:12:13.464   -> unknown         p=0.44  preproc=69018us infer=41032us
13:12:13.716   pt[1132]: min=-626 max=680 avg_abs=128 | fifo=848 under=0 over=0 late=0 mdf_cb=36383 mdf_err=0
13:12:13.909 in=16128Hz out=16000Hz ring=1120 under=0 over=0 (dt=999999us) loglag=120802us
13:12:14.220   pt[1133]: min=-630 max=758 avg_abs=142 | fifo=1040 under=0 over=0 late=0 mdf_cb=36415 mdf_err=0
13:12:14.406 win  606 pos= 9308160  -46dBFS [####................] rms=  173 peak=  758 seam=ok lag=334us
13:12:14.406   -> clock_tick      p=0.65  preproc=68963us infer=41041us
13:12:14.721   pt[1134]: min=-582 max=552 avg_abs=109 | fifo=1088 under=0 over=0 late=0 mdf_cb=36448 mdf_err=0
13:12:14.903 in=16128Hz out=16000Hz ring=1248 under=0 over=0 (dt=999999us) loglag=120802us
13:12:15.240   pt[1135]: min=-506 max=502 avg_abs=116 | fifo=1280 under=0 over=0 late=0 mdf_cb=36480 mdf_err=0
13:12:15.356 win  607 pos= 9323520  -47dBFS [####................] rms=  140 peak=  582 seam=ok lag=335us
13:12:15.358   -> unknown         p=0.43  preproc=69022us infer=41009us
13:12:15.792   pt[1136]: min=-596 max=450 avg_abs=107 | fifo=1072 under=0 over=0 late=0 mdf_cb=36512 mdf_err=0
13:12:15.926 in=16128Hz out=16400Hz ring=976 under=0 over=0 (dt=1000000us) loglag=120802us
13:12:16.356   pt[1137]: min=-490 max=526 avg_abs=116 | fifo=864 under=0 over=0 late=0 mdf_cb=36544 mdf_err=0
13:12:16.356 win  608 pos= 9338880  -47dBFS [####................] rms=  140 peak=  596 seam=ok lag=334us
13:12:16.356   -> clock_tick      p=0.68  preproc=69036us infer=41071us
13:12:16.797   pt[1138]: min=-588 max=480 avg_abs=109 | fifo=1056 under=0 over=0 late=0 mdf_cb=36576 mdf_err=0
13:12:16.924 in=16128Hz out=16000Hz ring=1104 under=0 over=0 (dt=999999us) loglag=120802us
13:12:17.297 win  609 pos= 9354240  -48dBFS [####................] rms=  135 peak=  588 seam=ok lag=335us
13:12:17.297   -> clock_tick      p=0.67  preproc=69015us infer=41035us
13:12:17.297 ====================================
13:12:17.297 ====================================
13:12:17.297 TAP TOTAL win=609
13:12:17.297 ====================================
13:12:17.299 ====================================
13:12:17.301 tap total: windows=610 (expected 610 from 9371648 samples) overrun=0 torn=0 skipped=0 seam ok=609 NG=0
13:12:17.312   tap lag max=381us (0 of them lower bounds) | tap write max=7595ns avg=5326ns (36608 calls)
13:12:17.320   audio under=0 over=0 late=0 | aed run=610 err=0 (last er=0)
13:12:17.327   preproc max=69061us avg=69013us | infer max=41125us avg=41038us
13:12:17.331   notify out=253 held=184 offlist=173 gated=0 lat max=112184us (0 lower bounds)
13:12:17.337   log sent=4245 dropped=0 lag max=120802us
13:12:17.341   disp sent=190 dropped=0 max=104136us avg=31416us
13:12:17.347 ====================================
13:12:17.347 ====================================
13:12:17.353   pt[1139]: min=-520 max=514 avg_abs=111 | fifo=848 under=0 over=0 late=0 mdf_cb=36608 mdf_err=0
13:12:17.801   pt[1140]: min=-454 max=452 avg_abs=99 | fifo=1040 under=0 over=0 late=0 mdf_cb=36640 mdf_err=0
13:12:17.917 in=15872Hz out=16000Hz ring=976 under=0 over=0 (dt=999999us) loglag=120802us
13:12:18.236 win  610 pos= 9369600  -48dBFS [####................] rms=  133 peak=  520 seam=ok lag=333us
13:12:18.240   -> clock_tick      p=0.77  preproc=69021us infer=41024us
13:12:18.312   pt[1141]: min=-450 max=512 avg_abs=101 | fifo=832 under=0 over=0 late=0 mdf_cb=36672 mdf_err=0
13:12:18.872   pt[1142]: min=-520 max=424 avg_abs=100 | fifo=1024 under=0 over=0 late=0 mdf_cb=36704 mdf_err=0
13:12:18.937 in=16128Hz out=16000Hz ring=1104 under=0 over=0 (dt=1000000us) loglag=120802us
13:12:19.245 {"win":611,"cls":"sneezing","p":0.73,"lat_ms":112,"under":0,"over":0,"late":0}
13:12:19.245 win  611 pos= 9384960  -48dBFS [####................] rms=  136 peak=  564 seam=ok lag=336us
13:12:19.245   -> sneezing        p=0.73  preproc=68971us infer=41043us
13:12:19.245 lcd: win 611 -> SNEEZE p=0.73 (22789 us after notify)
13:12:19.377   pt[1143]: min=-496 max=564 avg_abs=117 | fifo=1072 under=0 over=0 late=0 mdf_cb=36737 mdf_err=0
13:12:19.875   pt[1144]: min=-494 max=598 avg_abs=111 | fifo=1264 under=0 over=0 late=0 mdf_cb=36769 mdf_err=0
13:12:19.937 in=16128Hz out=16400Hz ring=832 under=0 over=0 (dt=1000000us) loglag=120802us
13:12:20.185 {"win":612,"cls":"unknown","p":0.39,"lat_ms":112,"under":0,"over":0,"late":0}
13:12:20.185 win  612 pos= 9400320  -47dBFS [####................] rms=  139 peak=  598 seam=ok lag=337us
13:12:20.185   -> unknown         p=0.39  preproc=69023us infer=41026us
13:12:20.372   pt[1145]: min=-434 max=420 avg_abs=96 | fifo=1056 under=0 over=0 late=0 mdf_cb=36801 mdf_err=0
13:12:20.933   pt[1146]: min=-530 max=544 avg_abs=104 | fifo=1248 under=0 over=0 late=0 mdf_cb=36833 mdf_err=0
13:12:20.933 in=16128Hz out=16000Hz ring=960 under=0 over=0 (dt=999999us) loglag=120802us
13:12:21.125 win  613 pos= 9415680  -49dBFS [###.................] rms=  123 peak=  544 seam=ok lag=338us
13:12:21.125   -> clock_tick      p=0.59  preproc=69021us infer=41029us
13:12:21.441   pt[1147]: min=-512 max=494 avg_abs=98 | fifo=1040 under=0 over=0 late=0 mdf_cb=36865 mdf_err=0
13:12:21.939   pt[1148]: min=-526 max=458 avg_abs=96 | fifo=832 under=0 over=0 late=0 mdf_cb=36897 mdf_err=0
13:12:21.939 in=16128Hz out=16000Hz ring=1088 under=0 over=0 (dt=999999us) loglag=120802us
13:12:22.123 {"win":614,"cls":"sneezing","p":0.89,"lat_ms":112,"under":0,"over":0,"late":0}
13:12:22.123 win  614 pos= 9431040  -49dBFS [###.................] rms=  123 peak=  526 seam=ok lag=338us
13:12:22.123   -> sneezing        p=0.89  preproc=69014us infer=40988us
13:12:22.123 lcd: win 614 -> SNEEZE p=0.89 (22793 us after notify)
13:12:22.444   pt[1149]: min=-396 max=440 avg_abs=94 | fifo=1024 under=0 over=0 late=0 mdf_cb=36929 mdf_err=0
13:12:23.081 in=16128Hz out=16400Hz ring=816 under=0 over=0 (dt=1000000us) loglag=120802us
13:12:23.081   pt[1150]: min=-330 max=352 avg_abs=82 | fifo=816 under=0 over=0 late=0 mdf_cb=36961 mdf_err=0
13:12:23.081 {"win":615,"cls":"sneezing","p":0.87,"lat_ms":112,"under":0,"over":0,"late":0}
13:12:23.081 win  615 pos= 9446400  -50dBFS [###.................] rms=  109 peak=  440 seam=ok lag=337us
13:12:23.081   -> sneezing        p=0.87  preproc=69051us infer=41022us
13:12:23.081 lcd: win 615 -> SNEEZE p=0.87 (38230 us after notify)
13:12:23.453   pt[1151]: min=-426 max=410 avg_abs=94 | fifo=1264 under=0 over=0 late=0 mdf_cb=36994 mdf_err=0
13:12:24.017 in=16128Hz out=16000Hz ring=944 under=0 over=0 (dt=999999us) loglag=120802us
13:12:24.017   pt[1152]: min=-348 max=324 avg_abs=86 | fifo=1056 under=0 over=0 late=0 mdf_cb=37026 mdf_err=0
13:12:24.017 {"win":616,"cls":"unknown","p":0.45,"lat_ms":112,"under":0,"over":0,"late":0}
13:12:24.017 win  616 pos= 9461760  -49dBFS [###.................] rms=  111 peak=  426 seam=ok lag=335us
13:12:24.026   -> unknown         p=0.45  preproc=68970us infer=41043us
13:12:24.535   pt[1153]: min=-448 max=486 avg_abs=100 | fifo=1248 under=0 over=0 late=0 mdf_cb=37058 mdf_err=0
13:12:24.987 in=16128Hz out=16000Hz ring=1072 under=0 over=0 (dt=999999us) loglag=120802us
13:12:24.987 win  617 pos= 9477120  -48dBFS [####................] rms=  126 peak=  490 seam=ok lag=336us
13:12:24.987   -> clock_tick      p=0.64  preproc=69019us infer=41029us
13:12:25.050   pt[1154]: min=-426 max=490 avg_abs=100 | fifo=1040 under=0 over=0 late=0 mdf_cb=37090 mdf_err=0
13:12:25.545   pt[1155]: min=-548 max=540 avg_abs=118 | fifo=832 under=0 over=0 late=0 mdf_cb=37122 mdf_err=0
13:12:25.925 win  618 pos= 9492480  -47dBFS [####................] rms=  140 peak=  548 seam=ok lag=337us
13:12:25.925   -> unknown         p=0.30  preproc=69021us infer=41040us
13:12:25.986 in=16128Hz out=16400Hz ring=800 under=0 over=0 (dt=999999us) loglag=120802us
13:12:26.048   pt[1156]: min=-438 max=500 avg_abs=108 | fifo=1024 under=0 over=0 late=0 mdf_cb=37154 mdf_err=0
13:12:26.553   pt[1157]: min=-446 max=548 avg_abs=113 | fifo=816 under=0 over=0 late=0 mdf_cb=37186 mdf_err=0
13:12:26.919 win  619 pos= 9507840  -47dBFS [####................] rms=  149 peak=  872 seam=ok lag=335us
13:12:26.919   -> rooster         p=0.53  preproc=69027us infer=41040us
13:12:26.919 ====================================
13:12:26.919 ====================================
13:12:26.919 TAP TOTAL win=619
13:12:26.919 ====================================
13:12:26.919 ====================================
13:12:26.919 tap total: windows=620 (expected 620 from 9525248 samples) overrun=0 torn=0 skipped=0 seam ok=619 NG=0
13:12:26.919   tap lag max=381us (0 of them lower bounds) | tap write max=7595ns avg=5326ns (37208 calls)
13:12:26.919   audio under=0 over=0 late=0 | aed run=620 err=0 (last er=0)
13:12:26.926   preproc max=69061us avg=69013us | infer max=41125us avg=41038us
13:12:26.933   notify out=258 held=185 offlist=177 gated=0 lat max=112184us (0 lower bounds)
13:12:26.937   log sent=4315 dropped=0 lag max=120802us
13:12:27.005   disp sent=193 dropped=0 max=104136us avg=31362us
13:12:27.005 ====================================
13:12:27.005 ====================================
13:12:27.005 in=16128Hz out=16000Hz ring=928 under=0 over=0 (dt=1000000us) loglag=120802us
13:12:27.067   pt[1158]: min=-872 max=612 avg_abs=139 | fifo=1008 under=0 over=0 late=0 mdf_cb=37218 mdf_err=0
13:12:27.626   pt[1159]: min=-608 max=652 avg_abs=134 | fifo=1056 under=0 over=0 late=0 mdf_cb=37251 mdf_err=0
13:12:27.872 win  620 pos= 9523200  -46dBFS [####................] rms=  174 peak=  872 seam=ok lag=336us
13:12:27.872   -> clock_tick      p=0.85  preproc=69030us infer=41008us
13:12:28.004 in=16128Hz out=16000Hz ring=1056 under=0 over=0 (dt=999999us) loglag=120802us
13:12:28.128   pt[1160]: min=-584 max=646 avg_abs=134 | fifo=1248 under=0 over=0 late=0 mdf_cb=37283 mdf_err=0
13:12:28.621   pt[1161]: min=-594 max=614 avg_abs=130 | fifo=1040 under=0 over=0 late=0 mdf_cb=37315 mdf_err=0
13:12:28.816 win  621 pos= 9538560  -46dBFS [####................] rms=  166 peak=  646 seam=ok lag=336us
13:12:28.816   -> clock_tick      p=0.89  preproc=68968us infer=41043us
13:12:29.004 in=16128Hz out=16400Hz ring=784 under=0 over=0 (dt=1000000us) loglag=120802us
13:12:29.126   pt[1162]: min=-526 max=516 avg_abs=119 | fifo=1232 under=0 over=0 late=0 mdf_cb=37347 mdf_err=0
13:12:29.637   pt[1163]: min=-708 max=620 avg_abs=139 | fifo=1024 under=0 over=0 late=0 mdf_cb=37379 mdf_err=0
13:12:29.766 win  622 pos= 9553920  -46dBFS [####................] rms=  160 peak=  708 seam=ok lag=334us
13:12:29.766   -> rooster         p=0.88  preproc=69019us infer=41021us
13:12:30.015 in=16128Hz out=16000Hz ring=912 under=0 over=0 (dt=1000000us) loglag=120802us
13:12:30.148   pt[1164]: min=-528 max=564 avg_abs=128 | fifo=816 under=0 over=0 late=0 mdf_cb=37411 mdf_err=0
13:12:30.761   pt[1165]: min=-474 max=432 avg_abs=114 | fifo=1008 under=0 over=0 late=0 mdf_cb=37443 mdf_err=0
13:12:30.761 {"win":623,"cls":"sneezing","p":0.86,"lat_ms":112,"under":0,"over":0,"late":0}
13:12:30.761 win  623 pos= 9569280  -47dBFS [####................] rms=  152 peak=  564 seam=ok lag=335us
13:12:30.761   -> sneezing        p=0.86  preproc=69042us infer=41046us
13:12:30.761 lcd: win 623 -> SNEEZE p=0.86 (31492 us after notify)
13:12:31.025 in=16128Hz out=16000Hz ring=1040 under=0 over=0 (dt=1000000us) loglag=120802us
13:12:31.211   pt[1166]: min=-334 max=390 avg_abs=95 | fifo=800 under=0 over=0 late=0 mdf_cb=37475 mdf_err=0
13:12:31.705   pt[1167]: min=-392 max=442 avg_abs=99 | fifo=992 under=0 over=0 late=0 mdf_cb=37507 mdf_err=0
13:12:31.705 {"win":624,"cls":"sneezing","p":0.77,"lat_ms":112,"under":0,"over":0,"late":0}
13:12:31.705 win  624 pos= 9584640  -49dBFS [###.................] rms=  122 peak=  442 seam=ok lag=332us
13:12:31.705   -> sneezing        p=0.77  preproc=69017us infer=41042us
13:12:31.762 lcd: win 624 -> SNEEZE p=0.77 (31365 us after notify)
13:12:32.018 in=16128Hz out=16000Hz ring=1168 under=0 over=0 (dt=1000000us) loglag=120802us
13:12:32.205   pt[1168]: min=-494 max=416 avg_abs=108 | fifo=784 under=0 over=0 late=0 mdf_cb=37539 mdf_err=0
13:12:32.640 win  625 pos= 9600000  -48dBFS [####................] rms=  126 peak=  494 seam=ok lag=336us
13:12:32.644   -> clock_tick      p=0.52  preproc=69012us infer=41048us
13:12:32.716   pt[1169]: min=-394 max=408 avg_abs=98 | fifo=1232 under=0 over=0 late=0 mdf_cb=37572 mdf_err=0
13:12:33.039 in=16128Hz out=16400Hz ring=896 under=0 over=0 (dt=999999us) loglag=120802us
13:12:33.217   pt[1170]: min=-376 max=472 avg_abs=105 | fifo=1024 under=0 over=0 late=0 mdf_cb=37604 mdf_err=0
13:12:33.654 {"win":626,"cls":"sneezing","p":0.72,"lat_ms":112,"under":0,"over":0,"late":0}
13:12:33.654 win  626 pos= 9615360  -48dBFS [####................] rms=  125 peak=  472 seam=ok lag=330us
13:12:33.654   -> sneezing        p=0.72  preproc=68971us infer=41045us
13:12:33.654 lcd: win 626 -> SNEEZE p=0.72 (22791 us after notify)
13:12:33.776   pt[1171]: min=-368 max=404 avg_abs=91 | fifo=1216 under=0 over=0 late=0 mdf_cb=37636 mdf_err=0
13:12:34.027 in=16128Hz out=16000Hz ring=1024 under=0 over=0 (dt=1000000us) loglag=120802us
13:12:34.286   pt[1172]: min=-488 max=420 avg_abs=98 | fifo=1008 under=0 over=0 late=0 mdf_cb=37668 mdf_err=0
13:12:34.588 {"win":627,"cls":"unknown","p":0.41,"lat_ms":112,"under":0,"over":0,"late":0}
13:12:34.588 win  627 pos= 9630720  -49dBFS [###.................] rms=  117 peak=  488 seam=ok lag=332us
13:12:34.588   -> unknown         p=0.41  preproc=69022us infer=41054us
13:12:34.778   pt[1173]: min=-416 max=344 avg_abs=86 | fifo=1200 under=0 over=0 late=0 mdf_cb=37700 mdf_err=0
13:12:35.035 in=16128Hz out=16000Hz ring=1152 under=0 over=0 (dt=999999us) loglag=120802us
13:12:35.280   pt[1174]: min=-372 max=484 avg_abs=101 | fifo=992 under=0 over=0 late=0 mdf_cb=37732 mdf_err=0
13:12:35.529 win  628 pos= 9646080  -48dBFS [####................] rms=  123 peak=  484 seam=ok lag=337us
13:12:35.529   -> unknown         p=0.37  preproc=69024us infer=41041us
13:12:35.844   pt[1175]: min=-420 max=394 avg_abs=100 | fifo=784 under=0 over=0 late=0 mdf_cb=37764 mdf_err=0
13:12:36.038 in=16128Hz out=16400Hz ring=880 under=0 over=0 (dt=1000000us) loglag=120802us
13:12:36.305   pt[1176]: min=-364 max=466 avg_abs=103 | fifo=976 under=0 over=0 late=0 mdf_cb=37796 mdf_err=0
13:12:36.495 win  629 pos= 9661440  -48dBFS [####................] rms=  126 peak=  466 seam=ok lag=336us
13:12:36.495   -> unknown         p=0.41  preproc=69014us infer=41037us
13:12:36.495 ====================================
13:12:36.495 ====================================
13:12:36.499 TAP TOTAL win=629
13:12:36.499 ====================================
13:12:36.499 ====================================
13:12:36.506 tap total: windows=630 (expected 630 from 9678848 samples) overrun=0 torn=0 skipped=0 seam ok=629 NG=0
13:12:36.516   tap lag max=381us (0 of them lower bounds) | tap write max=7595ns avg=5326ns (37808 calls)
13:12:36.516   audio under=0 over=0 late=0 | aed run=630 err=0 (last er=0)
13:12:36.526   preproc max=69061us avg=69013us | infer max=41125us avg=41038us
13:12:36.526   notify out=262 held=187 offlist=181 gated=0 lat max=112184us (0 lower bounds)
13:12:36.537   log sent=4385 dropped=0 lag max=120802us
13:12:36.546   disp sent=196 dropped=0 max=104136us avg=31319us
13:12:36.546 ====================================
13:12:36.546 ====================================
13:12:36.862   pt[1177]: min=-494 max=396 avg_abs=101 | fifo=768 under=0 over=0 late=0 mdf_cb=37828 mdf_err=0
13:12:37.047 in=16128Hz out=16000Hz ring=1008 under=0 over=0 (dt=1000000us) loglag=120802us
13:12:37.482   pt[1178]: min=-546 max=444 avg_abs=121 | fifo=1216 under=0 over=0 late=0 mdf_cb=37861 mdf_err=0
13:12:37.482 win  630 pos= 9676800  -47dBFS [####................] rms=  145 peak=  546 seam=ok lag=334us
13:12:37.482   -> unknown         p=0.50  preproc=69020us infer=41045us
13:12:37.857   pt[1179]: min=-576 max=520 avg_abs=125 | fifo=1008 under=0 over=0 late=0 mdf_cb=37893 mdf_err=0
13:12:38.106 in=16128Hz out=16000Hz ring=1136 under=0 over=0 (dt=999999us) loglag=120802us
13:12:38.432   pt[1180]: min=-458 max=478 avg_abs=108 | fifo=1200 under=0 over=0 late=0 mdf_cb=37925 mdf_err=0
13:12:38.432 win  631 pos= 9692160  -47dBFS [####................] rms=  150 peak=  576 seam=ok lag=337us
13:12:38.432   -> unknown         p=0.49  preproc=68987us infer=41048us
13:12:38.927   pt[1181]: min=-532 max=422 avg_abs=108 | fifo=992 under=0 over=0 late=0 mdf_cb=37957 mdf_err=0
13:12:39.107 in=16128Hz out=16400Hz ring=864 under=0 over=0 (dt=1000000us) loglag=120802us
13:12:39.427 {"win":632,"cls":"sneezing","p":0.51,"lat_ms":112,"under":0,"over":0,"late":0}
13:12:39.427 win  632 pos= 9707520  -48dBFS [####................] rms=  130 peak=  532 seam=ok lag=336us
13:12:39.427   -> sneezing        p=0.51  preproc=69019us infer=41041us
13:12:39.427   pt[1182]: min=-382 max=366 avg_abs=91 | fifo=1184 under=0 over=0 late=0 mdf_cb=37989 mdf_err=0
13:12:39.427 lcd: win 632 -> SNEEZE p=0.51 (31471 us after notify)
13:12:39.941   pt[1183]: min=-366 max=406 avg_abs=100 | fifo=976 under=0 over=0 late=0 mdf_cb=38021 mdf_err=0
13:12:40.120 in=16128Hz out=16000Hz ring=992 under=0 over=0 (dt=1000000us) loglag=120802us
13:12:40.376 {"win":633,"cls":"unknown","p":0.46,"lat_ms":112,"under":0,"over":0,"late":0}
13:12:40.376 win  633 pos= 9722880  -48dBFS [####................] rms=  127 peak=  434 seam=ok lag=335us
13:12:40.376   -> unknown         p=0.46  preproc=69019us infer=41094us
13:12:40.438   pt[1184]: min=-478 max=532 avg_abs=115 | fifo=1168 under=0 over=0 late=0 mdf_cb=38053 mdf_err=0
13:12:40.939   pt[1185]: min=-530 max=408 avg_abs=108 | fifo=960 under=0 over=0 late=0 mdf_cb=38085 mdf_err=0
13:12:41.122 in=16128Hz out=16000Hz ring=1120 under=0 over=0 (dt=999999us) loglag=120802us
13:12:41.316 win  634 pos= 9738240  -48dBFS [####................] rms=  137 peak=  532 seam=ok lag=335us
13:12:41.316   -> clock_tick      p=0.71  preproc=69026us infer=41018us
13:12:41.500   pt[1186]: min=-444 max=424 avg_abs=100 | fifo=752 under=0 over=0 late=0 mdf_cb=38117 mdf_err=0
13:12:42.003   pt[1187]: min=-388 max=362 avg_abs=93 | fifo=1200 under=0 over=0 late=0 mdf_cb=38150 mdf_err=0
13:12:42.121 in=16128Hz out=16000Hz ring=1248 under=0 over=0 (dt=1000000us) loglag=120802us
13:12:42.251 {"win":635,"cls":"sneezing","p":0.79,"lat_ms":112,"under":0,"over":0,"late":0}
13:12:42.251 win  635 pos= 9753600  -49dBFS [###.................] rms=  121 peak=  444 seam=ok lag=337us
13:12:42.251   -> sneezing        p=0.79  preproc=69020us infer=41039us
13:12:42.309 lcd: win 635 -> SNEEZE p=0.79 (22790 us after notify)
13:12:42.505   pt[1188]: min=-416 max=374 avg_abs=97 | fifo=992 under=0 over=0 late=0 mdf_cb=38182 mdf_err=0
13:12:43.001   pt[1189]: min=-482 max=432 avg_abs=116 | fifo=1184 under=0 over=0 late=0 mdf_cb=38214 mdf_err=0
13:12:43.254 in=16128Hz out=16400Hz ring=976 under=0 over=0 (dt=1000000us) loglag=120802us
13:12:43.254 {"win":636,"cls":"unknown","p":0.44,"lat_ms":112,"under":0,"over":0,"late":0}
13:12:43.254 win  636 pos= 9768960  -48dBFS [####................] rms=  135 peak=  482 seam=ok lag=335us
13:12:43.254   -> unknown         p=0.44  preproc=68973us infer=41044us
13:12:43.502   pt[1190]: min=-438 max=440 avg_abs=126 | fifo=976 under=0 over=0 late=0 mdf_cb=38246 mdf_err=0
13:12:44.069   pt[1191]: min=-454 max=446 avg_abs=123 | fifo=1168 under=0 over=0 late=0 mdf_cb=38278 mdf_err=0
13:12:44.189 in=16128Hz out=16000Hz ring=1104 under=0 over=0 (dt=999999us) loglag=120802us
13:12:44.189 {"win":637,"cls":"sneezing","p":0.59,"lat_ms":112,"under":0,"over":0,"late":0}
13:12:44.189 win  637 pos= 9784320  -47dBFS [####................] rms=  151 peak=  454 seam=ok lag=338us
13:12:44.189   -> sneezing        p=0.59  preproc=69017us infer=41043us
13:12:44.189 lcd: win 637 -> SNEEZE p=0.59 (29754 us after notify)
13:12:44.566   pt[1192]: min=-502 max=512 avg_abs=130 | fifo=960 under=0 over=0 late=0 mdf_cb=38310 mdf_err=0
13:12:45.126   pt[1193]: min=-444 max=590 avg_abs=110 | fifo=1152 under=0 over=0 late=0 mdf_cb=38342 mdf_err=0
13:12:45.128 in=16128Hz out=16000Hz ring=1232 under=0 over=0 (dt=1000000us) loglag=120802us
13:12:45.132 {"win":638,"cls":"sneezing","p":0.64,"lat_ms":112,"under":0,"over":0,"late":0}
13:12:45.137 win  638 pos= 9799680  -47dBFS [####................] rms=  152 peak=  590 seam=ok lag=333us
13:12:45.146   -> sneezing        p=0.64  preproc=69054us infer=41016us
13:12:45.205 lcd: win 638 -> SNEEZE p=0.64 (38492 us after notify)
13:12:45.583   pt[1194]: min=-472 max=542 avg_abs=107 | fifo=944 under=0 over=0 late=0 mdf_cb=38374 mdf_err=0
13:12:46.147   pt[1195]: min=-508 max=498 avg_abs=119 | fifo=736 under=0 over=0 late=0 mdf_cb=38406 mdf_err=0
13:12:46.147 {"win":639,"cls":"sneezing","p":0.56,"lat_ms":112,"under":0,"over":0,"late":0}
13:12:46.147 win  639 pos= 9815040  -48dBFS [####................] rms=  137 peak=  542 seam=ok lag=335us
13:12:46.147   -> sneezing        p=0.56  preproc=69027us infer=41020us
13:12:46.147 ====================================
13:12:46.147 ====================================
13:12:46.147 TAP TOTAL win=639
13:12:46.147 ====================================
13:12:46.147 ====================================
13:12:46.147 tap total: windows=640 (expected 640 from 9832448 samples) overrun=0 torn=0 skipped=0 seam ok=639 NG=0
13:12:46.147   tap lag max=381us (0 of them lower bounds) | tap write max=8540ns avg=5326ns (38408 calls)
13:12:46.147   audio under=0 over=0 late=0 | aed run=640 err=0 (last er=0)
13:12:46.147   preproc max=69061us avg=69013us | infer max=41125us avg=41038us
13:12:46.212   notify out=269 held=189 offlist=182 gated=0 lat max=112184us (0 lower bounds)
13:12:46.212   log sent=4458 dropped=0 lag max=120802us
13:12:46.212   disp sent=201 dropped=0 max=104136us avg=31305us
13:12:46.212 ====================================
13:12:46.212 ====================================
13:12:46.212 in=15859Hz out=15987Hz ring=1104 under=0 over=0 (dt=1000771us) loglag=120802us
13:12:46.212 lcd: win 639 -> SNEEZE p=0.56 (104547 us after notify)
13:12:46.599   pt[1196]: min=-530 max=464 avg_abs=129 | fifo=1184 under=0 over=0 late=0 mdf_cb=38439 mdf_err=0
13:12:47.093 {"win":640,"cls":"sneezing","p":0.65,"lat_ms":112,"under":0,"over":0,"late":0}
13:12:47.093 win  640 pos= 9830400  -46dBFS [####................] rms=  157 peak=  530 seam=ok lag=335us
13:12:47.093   -> sneezing        p=0.65  preproc=69019us infer=41051us
13:12:47.093 lcd: win 640 -> SNEEZE p=0.65 (22790 us after notify)
13:12:47.093   pt[1197]: min=-356 max=528 avg_abs=104 | fifo=976 under=0 over=0 late=0 mdf_cb=38471 mdf_err=0
13:12:47.161 in=16396Hz out=16412Hz ring=1088 under=0 over=0 (dt=999227us) loglag=120802us
13:12:47.660   pt[1198]: min=-384 max=446 avg_abs=111 | fifo=1168 under=0 over=0 late=0 mdf_cb=38503 mdf_err=0
13:12:48.027 {"win":641,"cls":"sneezing","p":0.58,"lat_ms":112,"under":0,"over":0,"late":0}
13:12:48.027 win  641 pos= 9845760  -48dBFS [####................] rms=  135 peak=  446 seam=ok lag=333us
13:12:48.027   -> sneezing        p=0.58  preproc=68961us infer=41054us
13:12:48.027 lcd: win 641 -> SNEEZE p=0.58 (22788 us after notify)
13:12:48.163   pt[1199]: min=-436 max=424 avg_abs=109 | fifo=960 under=0 over=0 late=0 mdf_cb=38535 mdf_err=0
13:12:48.163 ====================================
13:12:48.163 ====================================
13:12:48.163 PASSTHROUGH STOPPED
13:12:48.163 ====================================
13:12:48.163 ====================================
13:12:48.163 Passthrough stopped (sai_cb half=12352 cplt=12351, mdf_cb=38535 mdf_err=0, under=0 over=0)
13:12:48.163 ====================================
13:12:48.163 ====================================
13:12:50.044 ====================================
13:12:50.044 ====================================
13:12:50.044 FINAL
13:12:50.044 ====================================
13:12:50.044 ====================================
13:12:50.044 tap: no window for 2000 ms (audio stopped?)
13:12:50.044 tap final: windows=642 (expected 642 from 9864960 samples) overrun=0 torn=0 skipped=0 seam ok=641 NG=0
13:12:50.046   tap lag max=381us (0 of them lower bounds) | tap write max=8540ns avg=5326ns (38535 calls)
13:12:50.055   audio under=0 over=0 late=0 | aed run=642 err=0 (last er=0)
13:12:50.061   preproc max=69061us avg=69013us | infer max=41125us avg=41038us
13:12:50.067   notify out=271 held=189 offlist=182 gated=0 lat max=112184us (0 lower bounds)
13:12:50.073   log sent=4496 dropped=0 lag max=120802us
13:12:50.075   disp sent=203 dropped=0 max=104547us avg=31582us
13:12:50.075 ====================================
13:12:50.085 ====================================
