01:39:52.979 
01:39:52.979 [FAULT] vector table installed
01:39:52.979   VTOR     : 0x34080C00 -> 0x34097400
01:39:52.979   entries  : 256 (defined 211)
01:39:52.979   replaced : 184 (unhandled IRQ 179, fault exc 5)
01:39:52.979 [TRACE] CYCCNT=OK SystemCoreClock=600000000Hz (600 cyc/us) LAR_unlock=not-required
01:39:52.979 CONFIG: D slow-infer (INFER_PRIO_INVERT=0 INFER_SLOW_X=10 task_infer pri 15)
01:39:52.979 Start User-main program.
01:39:52.979 extflash init (MX66UW1G45G, XSPI2, DTR-OPI) fixes: VDDIO3_1V8=1 XSPIM=1 XSPIPHY=1 IC3=1
01:39:52.979 --- XSPI2 regs (before init) ---
01:39:52.979   PWR SVMCR3   =0x04101310  VDDIO3SV=1 VDDIO3RDY=0 VDDIO3VRSEL=1(1=1.8V) VDDIO3VMEN=0
01:39:53.026   RCC AHB5ENR  =0x00003020  XSPI2EN=1 XSPIMEN=1
01:39:53.026   RCC AHB5RSTSR=0x00000000  XSPI2RST=0 XSPIMRST=0 (1=in reset)
01:39:53.026   RCC AHB4ENR  =0x0004e0df  GPIONEN=1
01:39:53.026   RCC CCIPR6   =0x00000000  XSPI2SEL=0 (0=HCLK 1=CLKP 2=IC3 3=IC4)
01:39:53.026   RCC MISCENR  =0x00000040  XSPIPHYCOMPEN=0
01:39:53.026   RCC MISCRSTSR=0x00000000  XSPIPHY2RST=0 (1=in reset)
01:39:53.026   RCC IC3CFGR  =0x00000000  DIVENSR=0x00000000
01:39:53.026   HCLK=200000000 Hz  XSPI2 kernel clock=200000000 Hz
01:39:53.026   XSPIM CR     =0x00000010  MUXEN=0 MODE=0 CSSEL_OVR_EN=1 OVR_O2=0 REQ2ACK=0
01:39:53.026   XSPI2 CR     =0x10000301  EN=1 FMODE=1 CSSEL=0 MSEL=0 NOPREF=0
01:39:53.029   XSPI2 DCR1   =0x011a0000  DCR2=0x00000003 (PRESCALER=3)  DCR3=0x00000000  DCR4=0x00000000
01:39:53.060   XSPI2 SR     =0x00000020  BUSY=1 TCF=0 TEF=0 FTF=0 FLEVEL=0
01:39:53.060   XSPI2 CCR    =0x01002101  TCR=0x00000008  IR=0x0000005a  DLR=0x00000007
01:39:53.060   XSPI2 CALFCR =0x00000000  CALMR=0x00000000  CALSOR=0x00000000  CALSIR=0x00000000
01:39:53.060   GPION MODER  =0x03aaeaaa  OTYPER=0x00000000  OSPEEDR=0x00ff3fff  PUPDR=0x00000000
01:39:53.065   GPION AFR0   =0x09999999  AFR1=0x00009999  IDR=0x00000a29
01:39:53.069   GPION SECCFGR=0x00001fff  PRIVCFGR=0x00001fff  DELAYR0=0x00000000 DELAYR1=0x00000000  ADVCFGR0=0x00000000 ADVCFGR1=0x00000000
01:39:53.081 --- end ---
01:39:53.082   kernel clock: IC3 = PLL1 1200000000 Hz / 6
01:39:53.086   [ OK ] XSPI2 clock/reset/GPIO
01:39:53.089   [ OK ] HAL_XSPI_Init
01:39:53.092   XSPI2 kernel clock 200000000 Hz / (prescaler 3 + 1) = SCLK 50000000 Hz
01:39:53.098 --- XSPI2 regs (after HAL_XSPI_Init) ---
01:39:53.101   PWR SVMCR3   =0x04101310  VDDIO3SV=1 VDDIO3RDY=0 VDDIO3VRSEL=1(1=1.8V) VDDIO3VMEN=0
01:39:53.110   RCC AHB5ENR  =0x00003020  XSPI2EN=1 XSPIMEN=1
01:39:53.113   RCC AHB5RSTSR=0x00000000  XSPI2RST=0 XSPIMRST=0 (1=in reset)
01:39:53.119   RCC AHB4ENR  =0x0004e0df  GPIONEN=1
01:39:53.123   RCC CCIPR6   =0x00000020  XSPI2SEL=2 (0=HCLK 1=CLKP 2=IC3 3=IC4)
01:39:53.128   RCC MISCENR  =0x00000048  XSPIPHYCOMPEN=1
01:39:53.132   RCC MISCRSTSR=0x00000000  XSPIPHY2RST=0 (1=in reset)
01:39:53.138   RCC IC3CFGR  =0x00050000  DIVENSR=0x00000000
01:39:53.142   HCLK=200000000 Hz  XSPI2 kernel clock=200000000 Hz
01:39:53.146   XSPIM CR     =0x00000010  MUXEN=0 MODE=0 CSSEL_OVR_EN=1 OVR_O2=0 REQ2ACK=0
01:39:53.153   XSPI2 CR     =0x00000001  EN=1 FMODE=0 CSSEL=0 MSEL=0 NOPREF=0
01:39:53.160   XSPI2 DCR1   =0x011a0100  DCR2=0x00000003 (PRESCALER=3)  DCR3=0x00000000  DCR4=0x00000000
01:39:53.168   XSPI2 SR     =0x00000004  BUSY=0 TCF=0 TEF=0 FTF=1 FLEVEL=0
01:39:53.174   XSPI2 CCR    =0x00000000  TCR=0x00000000  IR=0x00000000  DLR=0x00000000
01:39:53.180   XSPI2 CALFCR =0x00000000  CALMR=0x00000000  CALSOR=0x00000000  CALSIR=0x00000000
01:39:53.187   GPION MODER  =0x03aaeaaa  OTYPER=0x00000000  OSPEEDR=0x00ff3fff  PUPDR=0x00000005
01:39:53.195   GPION AFR0   =0x09999999  AFR1=0x00009999  IDR=0x00000f7d
01:39:53.200   GPION SECCFGR=0x00001fff  PRIVCFGR=0x00001fff  DELAYR0=0x00000000 DELAYR1=0x00000000  ADVCFGR0=0x00000000 ADVCFGR1=0x00000000
01:39:53.211 --- end ---
01:39:53.213   [ OK ] Reset memory (SPI, STR-OPI, DTR-OPI)
01:39:53.342   [ OK ] Ready (SPI)
01:39:53.342   [ OK ] Read ID (SPI)
01:39:53.342   JEDEC ID: c2 81 3b
01:39:53.342   [ OK ] Manufacturer = Macronix (0xC2)
01:39:53.342   [ OK ] Enter DTR-OPI (CR2: 20 dummy cycles, DOPI)
01:39:53.421   [ OK ] Ready (DTR-OPI)
01:39:53.421   [ OK ] Verify CR2 = DOPI
01:39:53.421   [ OK ] Memory-mapped mode
01:39:53.421 extflash mapped at 0x70000000
01:39:53.421 extflash_init: ret=0
01:39:53.421 
01:39:53.421 [probe] reading 64B @ 0x70180000 ...
01:39:53.421 [probe] OK (no fault, D-cache was on)
01:39:53.421 70180000: f3 02 e9 fc ed 03 0d df ff 03 00 fe ff 00 fe 00
01:39:53.421 70180010: 02 01 f2 fb 00 00 fd 02 ff 06 1a 00 f6 01 01 08
01:39:53.421 70180020: 01 ff fb fa 03 00 02 f8 04 fe f5 0c 12 1b 19 e2
01:39:53.421 70180030: f9 06 02 fc f3 d6 12 f8 00 ff fe ff 00 00 01 ff
01:39:53.424 [probe] FNV-1a 0x568e47bd (expect 0x568e47bd) MATCH
01:39:53.428 npu hw init (AXISRAM3-6, NPU, CACHEAXI, RIF)
01:39:53.432   CPU cache: CCR.DC=1 CCR.IC=1  MSCR=0x0000300a (DCACTIVE=1 ICACTIVE=1 FORCEWT=0)
01:39:53.438   MPU: CTRL=0x00000007 (ENABLE=1 PRIVDEFENA=1) MAIR0=0x004f4f44 MAIR1=0x00000000, enabled regions:
01:39:53.448     region 0: 0x34080f40-0x34080fdf AttrIndx=0
01:39:53.451   RCC CFGR1=0x33330000 (SYSSWS=3, 3=IC2/IC6/IC11)  DIVENR=0x000084e7  IC6CFGR=0x00030000  IC11CFGR=0x00020000
01:39:53.461   IC6  (NPU)    : EN=1 src=PLL1 (1200000000 Hz) / 4 = 300000000 Hz
01:39:53.467   IC11 (NPU RAM): EN=1 src=PLL1 (1200000000 Hz) / 3 = 400000000 Hz
01:39:53.473   [ OK ] NPU clocks enabled by FSBL (SYSSWS=IC2/IC6/IC11, IC6EN, IC11EN)
01:39:53.479   RCC MEMENR 0x000013f0 -> 0x000017ff (AXISRAM2-6EN=11111 CACHEAXIRAMEN=1)
01:39:53.486   [ OK ] memory clocks (AXISRAM2-6, CACHEAXIRAM)
01:39:53.490   RAMCFG AXISRAM2 CR 0x00000000 -> 0x00000000 (already powered)
01:39:53.496   RAMCFG AXISRAM3 CR 0x00100000 -> 0x00000000 (was shut down)
01:39:53.502   RAMCFG AXISRAM4 CR 0x00100000 -> 0x00000000 (was shut down)
01:39:53.507   RAMCFG AXISRAM5 CR 0x00100000 -> 0x00000000 (was shut down)
01:39:53.513   RAMCFG AXISRAM6 CR 0x00100000 -> 0x00000000 (was shut down)
01:39:53.592   [ OK ] AXISRAM2-6 power on (RAMCFG SRAMSD=0)
01:39:53.592   [ram] testing AXISRAM3-6 heads 0x34200000..0x34350000 (D-cache off, interrupts masked) ...
01:39:53.592   [ram] AXISRAM3 @ 0x34200000: MATCH (0 mismatches in 64 words x 2 patterns)
01:39:53.592   [ram] AXISRAM4 @ 0x34270000: MATCH (0 mismatches in 64 words x 2 patterns)
01:39:53.592   [ram] AXISRAM5 @ 0x342e0000: MATCH (0 mismatches in 64 words x 2 patterns)
01:39:53.592   [ram] AXISRAM6 @ 0x34350000: MATCH (0 mismatches in 64 words x 2 patterns)
01:39:53.592   [ OK ] AXISRAM3-6 pattern write/read
01:39:53.592   before: AHB5ENR NPUEN=0 CACHEAXIEN=0  AHB5RSTR NPURST=0 CACHEAXIRST=0
01:39:53.592   [ OK ] NPU clock on, reset released
01:39:53.592   CACHEAXI after reset: SR=0x00000002 (BUSYF=0) after 1 us
01:39:53.593   CACHEAXI CR1=0x00000001 SR=0x00000002
01:39:53.596   [ OK ] NPU cache (CACHEAXI) enabled
01:39:53.600   locks: RIMC_CR.GLOCK=0 RISC_CR.GLOCK=0 RISC RLOCK(NPU)=0
01:39:53.605   RIMC_ATTR1 0x00000000 -> 0x00000310 (MCID=1 MSEC=1 MPRIV=1)
01:39:53.610   RISC_SECCFGR3 0x00000000 -> 0x00000400  RISC_PRIVCFGR3 0x00000000 -> 0x00000400 (NPU = bit10)
01:39:53.619   [ OK ] RIMC: NPU master = CID1, secure, privileged
01:39:53.624   [ OK ] RISC: NPU registers = secure, privileged only
01:39:53.628   [npu] reading ATON CLKCTRL VERSION @ 0x580e0004 ...
01:39:53.634   [npu] no fault. VERSION=0x01b4121f after 1 reads (TYPE=0x1f MAJOR=1 MINOR=2 AGATES=4 BGATES=0x1b) expect 0x01b4121f -> MATCH
01:39:53.645   [ OK ] NPU register read (TYPE/MAJOR/MINOR as ll_aton expects)
01:39:53.651   RISAF (expect all 0 = default filtering, secure+privileged pass):
01:39:53.657   RISAF2  AXISRAM1   : CR=0x00000000 IASR=0x00000000 BREN(region bits)=0x000
01:39:53.664   RISAF3  AXISRAM2   : CR=0x00000000 IASR=0x00000000 BREN(region bits)=0x000
01:39:53.671   RISAF4  NPU MST0   : CR=0x00000000 IASR=0x00000000 BREN(region bits)=0x000
01:39:53.678   RISAF5  NPU MST1   : CR=0x00000000 IASR=0x00000000 BREN(region bits)=0x000
01:39:53.685   RISAF6  AXISRAM3-6 : CR=0x00000000 IASR=0x00000000 BREN(region bits)=0x000
01:39:53.692   RISAF12 XSPI2 flash: CR=0x00000000 IASR=0x00000000 BREN(region bits)=0x000
01:39:53.700 npu hw ready (clk=1 mem=1 ram=1 npu=1 cache=1 rif=1 id=1)
01:39:53.704 npu_hw_init: ret=0
01:39:53.705 tap_ring_init: ret=0
01:39:53.708 notify: 4 target classes (dog crying_baby ...), OOD threshold p>0.50
01:39:53.714 notify: peak gate off (NOTIFY_GATE_PEAK_DBFS=-99)
01:39:53.718 notify_init: ret=0
01:39:53.721 lcd_task_start: ret=0
01:39:53.796 preproc_init: ret=0 (mel LUT 461 coefs, expected 461)
01:39:53.796 npu rt init (ll_aton atonn-v1.1.3-262-g7cc65410, model yamnet_1024_64x96_tl_qdq_int8_OE_3_3_1)
01:39:53.796   stai_runtime_init: rc=0x0
01:39:53.796   [ OK ] stai_runtime_init
01:39:53.796   NVIC IRQ 53 (NPU0): enabled=0 pending=0
01:39:53.796   [ OK ] NPU interrupt disabled (polling only)
01:39:53.796   stai_network_init: rc=0x0 (context 56 B)
01:39:53.796   [ OK ] stai_network_init
01:39:53.796   [ OK ] stai_network_get_info
01:39:53.796   c_model=network (2026-03-30 12:19:29), runtime 1.1.3, tool 4.0.0, macc=0, nodes=101
01:39:53.796   n_inputs=1 n_outputs=1 n_activations=39 n_weights=0
01:39:53.796   [ OK ] stai_network_get_inputs/outputs
01:39:53.796   input  "Input_0_out_0" @ 0x34350000: 6144 B, format=0x00840440, shape=1x64x96x1, scale=30530542 e-9, zero_point=33
01:39:53.796   output "Softmax_102_out_0" @ 0x34350410: 40 B, format=0x00821040, shape=1x10
01:39:53.796   [ OK ] input buffer 32B aligned
01:39:53.798 npu rt ready (inference timeout 100000 us)
01:39:53.802 npu_rt_init: ret=0
01:39:53.803 npu random-input test (reference only, not a pass/fail criterion): seed=2026
01:39:53.876   input in RAM before inference: 0 of 6144 bytes differ from aed_test_input
01:39:53.876   inference: 41385 us
01:39:53.876    # class              npu    ort  ort_noopt  (x1e-4)
01:39:53.876    0 chainsaw            24     44     23
01:39:53.876    1 clock_tick        4174   2648   3153
01:39:53.876    2 crackling_fire      17     16      9
01:39:53.878    3 crying_baby          3      3      1
01:39:53.882    4 dog                  1      1      1
01:39:53.886    5 helicopter        5309   6929   6488
01:39:53.889    6 rain               247    157    187
01:39:53.893    7 rooster            120    109     76
01:39:53.897    8 sea_waves           95     81     56
01:39:53.901    9 sneezing            10     10      6
01:39:53.904   top1: 5 helicopter (5309 x1e-4)
01:39:53.908   max |npu - ort| = 1620, max |npu - ort_noopt| = 1179 (x1e-4)
01:39:53.913   input buffer head @ 0x34350000:
01:39:53.916     expected (source input)  : 2a 79 92 5a 84 2c 4e ad 3f cc 43 86 e7 d9 51 23
01:39:53.923     before inference (RAM)   : 2a 79 92 5a 84 2c 4e ad 3f cc 43 86 e7 d9 51 23
01:39:53.930     after inference (cache)  : c3 19 bd a3 8f 1d ea de da b4 80 80 80 80 80 87
01:39:53.937     after inference (RAM)    : c3 19 bd a3 8f 1d ea de da b4 80 80 80 80 80 87
01:39:53.944   random input: top1 matches PC, output NOT within 500 x1e-4 of a PC reference (reference only)
01:39:54.018 npu logits (reference only; int8 softmax input captured just before epoch 30 @ 0x34350000):
01:39:54.018   [npu] epoch callback installed: before run=1, after run=0
01:39:54.018   [npu] epoch callback calls recorded: 0
01:39:54.018   not captured (er=0, captured=0)
01:39:54.018 ====================================
01:39:54.018 ====================================
01:39:54.020 NPU SELFTEST
01:39:54.022 ====================================
01:39:54.026 ====================================
01:39:54.028 npu clip test: SKIP (AED_USE_TEST_CLIPS=0 to save code space; the preproc test judges 2 clips instead)
01:39:54.037 npu selftest NOT JUDGED
01:39:54.040 ====================================
01:39:54.043 ====================================
01:39:54.047 npu repeat x10 (same input):
01:39:54.114   [ 1]  40745 us, max diff vs first = 0 x1e-4 (bit-identical)
01:39:54.178   [ 2]  40726 us, max diff vs first = 0 x1e-4 (bit-identical)
01:39:54.239   [ 3]  40731 us, max diff vs first = 0 x1e-4 (bit-identical)
01:39:54.239   [ 4]  40711 us, max diff vs first = 0 x1e-4 (bit-identical)
01:39:54.301   [ 5]  40731 us, max diff vs first = 0 x1e-4 (bit-identical)
01:39:54.364   [ 6]  40707 us, max diff vs first = 0 x1e-4 (bit-identical)
01:39:54.427   [ 7]  40742 us, max diff vs first = 0 x1e-4 (bit-identical)
01:39:54.427   [ 8]  40736 us, max diff vs first = 0 x1e-4 (bit-identical)
01:39:54.488   [ 9]  40745 us, max diff vs first = 0 x1e-4 (bit-identical)
01:39:54.552   [10]  40725 us, max diff vs first = 0 x1e-4 (bit-identical)
01:39:54.552   inference time: min=40707 mean=40729 max=40745 us (10 of 10 runs OK)
01:39:54.552 infer_task_start: ret=0
01:39:54.552 WM8904 Device ID = 0x8904
01:39:54.552 WM8904 init (headphone, 16kHz) start
01:39:54.552   [ OK ] SW Reset
01:39:54.552   [ OK ] Clock: CLK_SYS_ENA
01:39:54.552   [ OK ] Bias control (ISEL)
01:39:54.552   [ OK ] VMID control (enable)
01:39:54.552 lcd: pixel clock 25000000 Hz (PLL4 -> IC16, MX_LTDC_Clock_Init st=0)
01:39:54.552 lcd: 800x480, total 812x492 -> refresh 62.57 Hz
01:39:54.554 lcd: rif RIMC_ATTR10 0x00000000 -> 0x00000310 (MCID=1 MSEC=1 MPRIV=1)
01:39:54.560 lcd: rif RISC reg3 bit7 (LTDCL1) SEC 0 -> 1, PRIV 0 -> 1
01:39:54.569 lcd: rif RISAF6.IASR 0x00000000 -> 0x00000000 (cleared before enabling LTDC)
01:39:54.572 lcd: [ OK ] gpio + panel power (PQ3 on, PQ6 backlight, PG13 DE)
01:39:54.577 lcd: [ OK ] ltdc init (hs=4 hbp=4 hfp=4 vs=4 vbp=4 vfp=4)
01:39:54.583 lcd: [ OK ] layer0 L8 + CLUT 16 colors, framebuffer 0x34200000 (384000 B)
01:39:54.590 lcd_init: ret=0
01:39:54.644 lcd: [ OK ] idle "READY" (class band y=192 h=96 scale 4, beat at 8,8)
01:39:54.644   [ OK ] VMID control (settle)
01:39:54.644   [ OK ] Bias control (BIAS_EN)
01:39:54.648   [ OK ] Mic bias enable
01:39:54.650   [ OK ] Power mgmt0 (input disable)
01:39:54.654   [ OK ] Power mgmt2 (HP PGA enable)
01:39:54.657   [ OK ] Clock: CLK_DSP_ENA
01:39:54.659   [ OK ] Power mgmt6 (DAC/ADC enable)
01:39:54.662   [ OK ] Digital mic disable
01:39:54.665   [ OK ] GPIO1 control (default)
01:39:54.668   [ OK ] DRC0 (disabled)
01:39:54.670   [ OK ] Analog ADC0 (OSR128)
01:39:54.674   [ OK ] DAC digital1 (muted)
01:39:54.676   [ OK ] Audio interface0 (ADC src)
01:39:54.680   [ OK ] Audio interface1 (16b/I2S)
01:39:54.683   [ OK ] Clock rates1 (16kHz)
01:39:54.686   [ OK ] HP volume (left)
01:39:54.688   [ OK ] HP volume (right)
01:39:54.691   [ OK ] ADC digital volume (muted)
01:39:54.694   [ OK ] Charge pump enable
01:39:54.697   [ OK ] Analog HP (enable)
01:39:54.699   [ OK ] Analog HP (enable delay)
01:39:54.730   [ OK ] DC servo (channel enable)
01:39:54.730   [ OK ] DC servo (startup trigger)
01:39:54.853   [ OK ] DC servo (startup wait)
01:39:54.853   [ OK ] Analog HP (output enable)
01:39:54.853   [ OK ] Analog HP (remove short)
01:39:54.853   [ OK ] Class W (dynamic power)
01:39:54.853 WM8904 init (headphone, 16kHz) done
01:39:54.853 SAI1 peripheral init OK (kerclk=24571428 mckdiv=12 -> Fs=7998Hz)
01:39:54.853 MDF1 (PDM mic) init OK (step=6)
01:39:54.853 WM8904 DAC unmute OK
01:39:54.853 SAI1 DMA start OK (440Hz sine, output path check)
01:39:55.852 MDF1 acquisition start OK
01:39:55.911 Passthrough ACTIVE (mic -> headphone, prefill=1280 samples, mdf_cb=5)
01:39:55.911 Speak into the onboard mics; you should hear it and avg_abs should rise.
01:39:56.415   pt[0]: min=-18778 max=32767 avg_abs=1663 | fifo=1072 under=0 over=0 late=0 mdf_cb=37 mdf_err=0
01:39:56.917 win    0 pos=       0  -22dBFS [############........] rms= 2729 peak=32767 seam=- lag=332us
01:39:56.917   -> clock_tick      p=0.66  preproc=69122us infer=41065us
01:39:56.917 in=15911Hz out=16180Hz ring=1008 under=0 over=0 (dt=1013591us) loglag=67005us
01:39:56.923   pt[1]: min=-4864 max=4956 avg_abs=617 | fifo=864 under=0 over=0 late=0 mdf_cb=69 mdf_err=0
01:39:57.491   pt[2]: min=-1088 max=1052 avg_abs=317 | fifo=1056 under=0 over=0 late=0 mdf_cb=101 mdf_err=0
01:39:57.867 {"win":1,"cls":"sneezing","p":0.91,"lat_ms":112,"under":0,"over":0,"late":0}
01:39:57.869 win    1 pos=   15360  -38dBFS [#######.............] rms=  409 peak= 1378 seam=ok lag=333us
01:39:57.878   -> sneezing        p=0.91  preproc=69078us infer=41005us
01:39:57.942 lcd: win 1 -> SNEEZE p=0.91 (22616 us after notify)
01:39:57.942 in=16186Hz out=16057Hz ring=1136 under=0 over=0 (dt=996406us) loglag=67005us
01:39:58.007   pt[3]: min=-1378 max=1172 avg_abs=355 | fifo=848 under=0 over=0 late=0 mdf_cb=133 mdf_err=0
01:39:58.523   pt[4]: min=-470 max=444 avg_abs=127 | fifo=1040 under=0 over=0 late=0 mdf_cb=165 mdf_err=0
01:39:58.832 {"win":2,"cls":"sneezing","p":0.64,"lat_ms":112,"under":0,"over":0,"late":0}
01:39:58.832 win    2 pos=   30720  -38dBFS [#######.............] rms=  433 peak= 4280 seam=ok lag=333us
01:39:58.843   -> sneezing        p=0.64  preproc=69130us infer=41014us
01:39:58.911 lcd: win 2 -> SNEEZE p=0.64 (22571 us after notify)
01:39:58.973 in=16128Hz out=16400Hz ring=864 under=0 over=0 (dt=1000000us) loglag=67005us
01:39:59.036   pt[5]: min=-3614 max=4280 avg_abs=355 | fifo=832 under=0 over=0 late=0 mdf_cb=197 mdf_err=0
01:39:59.562   pt[6]: min=-2710 max=2140 avg_abs=173 | fifo=1024 under=0 over=0 late=0 mdf_cb=229 mdf_err=0
01:39:59.859 {"win":3,"cls":"unknown","p":0.39,"lat_ms":112,"under":0,"over":0,"late":0}
01:39:59.859 win    3 pos=   46080  -41dBFS [######..............] rms=  276 peak= 2710 seam=ok lag=336us
01:39:59.859   -> unknown         p=0.39  preproc=69113us infer=41022us
01:39:59.999 in=16128Hz out=16000Hz ring=992 under=0 over=0 (dt=999999us) loglag=67005us
01:40:00.079   pt[7]: min=-2408 max=4860 avg_abs=263 | fifo=1072 under=0 over=0 late=0 mdf_cb=262 mdf_err=0
01:40:00.548   pt[8]: min=-3612 max=4778 avg_abs=625 | fifo=1264 under=0 over=0 late=0 mdf_cb=294 mdf_err=0
01:40:00.747 win    4 pos=   61440  -33dBFS [#########...........] rms=  732 peak= 4860 seam=ok lag=337us
01:40:00.751   -> unknown         p=0.40  preproc=69125us infer=41016us
01:40:00.948 in=16128Hz out=16000Hz ring=1120 under=0 over=0 (dt=1000000us) loglag=67005us
01:40:01.087   pt[9]: min=-1680 max=2118 avg_abs=535 | fifo=1056 under=0 over=0 late=0 mdf_cb=326 mdf_err=0
01:40:01.588   pt[10]: min=-2630 max=3196 avg_abs=590 | fifo=848 under=0 over=0 late=0 mdf_cb=358 mdf_err=0
01:40:01.710 win    5 pos=   76800  -32dBFS [#########...........] rms=  779 peak= 3196 seam=ok lag=337us
01:40:01.711   -> clock_tick      p=0.57  preproc=69113us infer=41062us
01:40:01.962 in=16128Hz out=16400Hz ring=848 under=0 over=0 (dt=1000000us) loglag=67005us
01:40:02.086   pt[11]: min=-2194 max=3492 avg_abs=318 | fifo=1040 under=0 over=0 late=0 mdf_cb=390 mdf_err=0
01:40:02.707   pt[12]: min=-1856 max=1554 avg_abs=386 | fifo=832 under=0 over=0 late=0 mdf_cb=422 mdf_err=0
01:40:02.707 {"win":6,"cls":"sneezing","p":0.79,"lat_ms":112,"under":0,"over":0,"late":0}
01:40:02.707 win    6 pos=   92160  -35dBFS [########............] rms=  600 peak= 3492 seam=ok lag=334us
01:40:02.707   -> sneezing        p=0.79  preproc=69094us infer=40982us
01:40:02.707 lcd: win 6 -> SNEEZE p=0.79 (31058 us after notify)
01:40:03.021 in=16128Hz out=16000Hz ring=976 under=0 over=0 (dt=999999us) loglag=91695us
01:40:03.146   pt[13]: min=-910 max=960 avg_abs=198 | fifo=1024 under=0 over=0 late=0 mdf_cb=454 mdf_err=0
01:40:03.647   pt[14]: min=-1520 max=1830 avg_abs=203 | fifo=1072 under=0 over=0 late=0 mdf_cb=487 mdf_err=0
01:40:03.647 {"win":7,"cls":"unknown","p":0.29,"lat_ms":112,"under":0,"over":0,"late":0}
01:40:03.647 win    7 pos=  107520  -41dBFS [######..............] rms=  299 peak= 1830 seam=ok lag=336us
01:40:03.647   -> unknown         p=0.29  preproc=69116us infer=41003us
01:40:04.024 in=16128Hz out=16000Hz ring=1104 under=0 over=0 (dt=1000000us) loglag=91695us
01:40:04.167   pt[15]: min=-394 max=424 avg_abs=95 | fifo=864 under=0 over=0 late=0 mdf_cb=519 mdf_err=0
01:40:04.604 {"win":8,"cls":"sneezing","p":0.50,"lat_ms":112,"under":0,"over":0,"late":0}
01:40:04.604 win    8 pos=  122880  -49dBFS [###.................] rms=  115 peak=  424 seam=ok lag=337us
01:40:04.604   -> sneezing        p=0.50  preproc=69112us infer=41017us
01:40:04.684 lcd: win 8 -> SNEEZE p=0.50 (22614 us after notify)
01:40:04.684   pt[16]: min=-372 max=270 avg_abs=82 | fifo=1056 under=0 over=0 late=0 mdf_cb=551 mdf_err=0
01:40:04.995 in=16128Hz out=16400Hz ring=832 under=0 over=0 (dt=1000000us) loglag=91695us
01:40:05.186   pt[17]: min=-412 max=304 avg_abs=95 | fifo=848 under=0 over=0 late=0 mdf_cb=583 mdf_err=0
01:40:05.385 #trace begin clk=600000000Hz entries=4096 span_us=9300752 stop=ring-full
01:40:05.385 t_us,id,arg
01:40:05.385 0,3,23
01:40:05.385 1,5,4
01:40:05.385 43,6,4
01:40:05.385 1563,2,9
01:40:05.385 1564,5,2
01:40:05.385 1610,13,10
01:40:05.385 1616,14,10
01:40:05.385 1616,6,2
01:40:05.385 17432,1,10
01:40:05.385 17434,5,1
01:40:05.385 17479,13,11
01:40:05.385 17485,14,11
01:40:05.385 17485,6,1
01:40:05.385 24798,4,23
01:40:05.385 24800,5,8
01:40:05.388 24842,6,8
01:40:05.464 33309,2,11
01:40:05.464 33310,5,2
01:40:05.464 33356,13,12
01:40:05.464 33361,14,12
01:40:05.464 33361,6,2
01:40:05.464 49182,1,12
01:40:05.464 49183,5,1
01:40:05.464 49229,13,13
01:40:05.464 49234,14,13
01:40:05.464 49234,6,1
01:40:05.464 49602,3,24
01:40:05.464 49603,5,4
01:40:05.464 49645,6,4
01:40:05.464 65063,2,13
01:40:05.464 65064,5,2
01:40:05.464 65110,13,14
01:40:05.604 65116,14,14
01:40:05.604 65116,6,2
01:40:05.604 74412,4,24
01:40:05.604 74414,5,8
01:40:05.604 74456,6,8
01:40:05.604 80936,1,14
01:40:05.604 80937,5,1
01:40:05.604 80983,13,15
01:40:05.604 80988,14,15
01:40:05.604 80989,6,1
01:40:05.604 96812,2,15
01:40:05.604 96813,5,2
01:40:05.604 96859,13,16
01:40:05.604 96864,14,16
01:40:05.604 96865,6,2
01:40:05.604 99215,3,25
01:40:05.604 99216,5,4
01:40:05.604 99259,6,4
01:40:05.604 112685,1,16
01:40:05.604 112687,5,1
01:40:05.604 112732,13,17
01:40:05.604 112738,14,17
01:40:05.604 112738,6,1
01:40:05.604 124019,4,25
01:40:05.604 124020,5,8
01:40:05.604 124062,6,8
01:40:05.604 128562,2,17
01:40:05.604 128563,5,2
01:40:05.604 128609,13,18
01:40:05.604 128614,14,18
01:40:05.604 128615,6,2
01:40:05.604 144438,1,18
01:40:05.613 144440,5,1
01:40:05.613 144485,13,19
01:40:05.613 144491,14,19
01:40:05.613 144491,6,1
01:40:05.613 148825,3,26
01:40:05.613 148826,5,4
01:40:05.613 148868,6,4
01:40:05.615 160307,2,19
01:40:05.615 160308,5,2
01:40:05.616 160354,13,20
01:40:05.617 160360,14,20
01:40:05.618 160360,6,2
01:40:05.618 173611,4,26
01:40:05.620 173612,5,8
01:40:05.621 173654,6,8
01:40:05.622 176167,1,20
01:40:05.683 176168,5,1
01:40:05.683 176213,13,21
01:40:05.683 176219,14,21
01:40:05.683 176219,6,1
01:40:05.683 192034,2,21
01:40:05.683 192035,5,2
01:40:05.683 192081,13,22
01:40:05.683 192086,14,22
01:40:05.683 192086,6,2
01:40:05.683 198404,3,27
01:40:05.683 198405,5,4
01:40:05.683 198447,6,4
01:40:05.683 207905,1,22
01:40:05.683 207907,5,1
01:40:05.683 207952,13,23
01:40:05.683 207958,14,23
01:40:05.683 207958,6,1
01:40:05.683 223199,4,27
01:40:05.683 223201,5,8
01:40:05.683 223242,6,8
01:40:05.683 223771,2,23
01:40:05.683 223772,5,2
01:40:05.683 223818,13,24
01:40:05.683 223824,14,24
01:40:05.683 223824,6,2
01:40:05.683 239641,1,24
01:40:05.683 239642,5,1
01:40:05.683 239688,13,25
01:40:05.683 239693,14,25
01:40:05.683 239693,6,1
01:40:05.683 247997,3,28
01:40:05.683 247999,5,4
01:40:05.778 248040,6,4
01:40:05.778 255513,2,25
01:40:05.778 255515,5,2
01:40:05.778 255560,13,26
01:40:05.778 255566,14,26
01:40:05.778 255566,6,2
01:40:05.778 271377,1,26
01:40:05.778 271378,5,1
01:40:05.778 271424,13,27
01:40:05.778 271429,14,27
01:40:05.778 271430,6,1
01:40:05.778 272790,4,28
01:40:05.778 272791,5,8
01:40:05.778 272833,6,8
01:40:05.778 287256,2,27
01:40:05.778 287257,5,2
01:40:05.778 287303,13,28
01:40:05.778 287309,14,28
01:40:05.778 287309,6,2
01:40:05.778 297597,3,29
01:40:05.778 297598,5,4
01:40:05.778 297640,6,4
01:40:05.778 303129,1,28
01:40:05.778 303130,5,1
01:40:05.778 303176,13,29
01:40:05.778 303181,14,29
01:40:05.778 303182,6,1
01:40:05.778 318998,2,29
01:40:05.778 318999,5,2
01:40:05.778 319045,13,30
01:40:05.778 319051,14,30
01:40:05.778 319051,6,2
01:40:05.778 322394,4,29
01:40:05.778 322396,5,8
01:40:05.778 322438,6,8
01:40:05.778 334868,1,30
01:40:05.778 334869,5,1
01:40:05.778 334914,13,31
01:40:05.778 334920,14,31
01:40:05.778 334920,6,1
01:40:05.778 347185,3,30
01:40:05.778 347187,5,4
01:40:05.778 347229,6,4
01:40:05.778 350733,2,31
01:40:05.778 350734,5,2
01:40:05.778 350780,13,32
01:40:05.778 350785,14,32
01:40:05.778 350785,6,2
01:40:05.855 366598,1,32
01:40:05.855 366599,5,1
01:40:05.855 366644,13,33
01:40:05.855 366650,14,33
01:40:05.855 366650,6,1
01:40:05.855 371976,4,30
01:40:05.855 371978,5,8
01:40:05.855 372020,6,8
01:40:05.855 382464,2,33
01:40:05.855 382465,5,2
01:40:05.855 382511,13,34
01:40:05.855 382516,14,34
01:40:05.855 382517,6,2
01:40:05.855 396772,3,31
01:40:05.855 396773,5,4
01:40:05.855 396816,6,4
01:40:05.855 398336,1,34
01:40:05.855 398337,5,1
01:40:05.855 398382,13,35
01:40:05.855 398388,14,35
01:40:05.855 398388,6,1
01:40:05.855 414200,2,35
01:40:05.855 414201,5,2
01:40:05.855 414247,13,36
01:40:05.855 414253,14,36
01:40:05.855 414253,6,2
01:40:05.855 421561,4,31
01:40:05.855 421563,5,8
01:40:05.855 421605,6,8
01:40:05.855 430069,1,36
01:40:05.855 430070,5,1
01:40:05.855 430116,13,37
01:40:05.855 430121,14,37
01:40:05.855 430121,6,1
01:40:05.855 445943,2,37
01:40:05.855 445944,5,2
01:40:05.855 445990,13,38
01:40:05.855 445995,14,38
01:40:05.855 445996,6,2
01:40:05.862 446363,3,32
01:40:05.862 446364,5,4
01:40:05.862 446406,6,4
01:40:05.862 461813,1,38
01:40:05.862 461814,5,1
01:40:05.862 461860,13,39
01:40:05.862 461865,14,39
01:40:05.864 461866,6,1
01:40:05.865 471160,4,32
01:40:05.932 471161,5,8
01:40:05.932 471203,6,8
01:40:05.932 477682,2,39
01:40:05.932 477683,5,2
01:40:05.932 477729,13,40
01:40:05.932 477735,14,40
01:40:05.932 477735,6,2
01:40:05.932 493558,1,40
01:40:05.932 493560,5,1
01:40:05.932 493605,13,41
01:40:05.932 493611,14,41
01:40:05.932 493611,6,1
01:40:05.932 495964,3,33
01:40:05.932 495965,5,4
01:40:05.932 496007,6,4
01:40:05.932 509428,2,41
01:40:05.932 509429,5,2
01:40:05.932 509475,13,42
01:40:05.932 509481,14,42
01:40:05.932 509481,6,2
01:40:05.932 520765,4,33
01:40:05.932 520766,5,8
01:40:05.932 520808,6,8
01:40:05.932 525302,1,42
01:40:05.932 525303,5,1
01:40:05.932 525349,13,43
01:40:05.932 525354,14,43
01:40:05.932 525355,6,1
01:40:05.932 541171,2,43
01:40:05.932 541172,5,2
01:40:05.932 541218,13,44
01:40:05.932 541224,14,44
01:40:05.995 541224,6,2
01:40:05.995 545558,3,34
01:40:05.995 545559,5,4
01:40:05.995 545602,6,4
01:40:05.995 557036,1,44
01:40:05.995 557037,5,1
01:40:05.995 557083,13,45
01:40:05.995 557088,14,45
01:40:05.995 557089,6,1
01:40:05.995 570349,4,34
01:40:05.995 570350,5,8
01:40:05.995 570392,6,8
01:40:05.995 572903,2,45
01:40:05.995 572904,5,2
01:40:05.995 572953,13,46
01:40:05.995 572959,14,46
01:40:05.995 572959,6,2
01:40:05.995 588763,1,46
01:40:05.995 588764,5,1
01:40:05.995 588810,13,47
01:40:05.995 588815,14,47
01:40:05.995 588816,6,1
01:40:05.995 595131,3,35
01:40:05.995 595132,5,4
01:40:05.995 595174,6,4
01:40:05.995 604626,2,47
01:40:05.995 604627,5,2
01:40:05.995 604673,13,48
01:40:05.995 604679,14,48
01:40:05.995 604679,6,2
01:40:05.995 619914,4,35
01:40:05.995 619916,5,8
01:40:06.003 619958,6,8
01:40:06.003 620486,1,48
01:40:06.003 620487,5,1
01:40:06.003 620532,13,49
01:40:06.004 620538,14,49
01:40:06.005 620538,6,1
01:40:06.005 636345,2,49
01:40:06.007 636346,5,2
01:40:06.008 636392,13,50
01:40:06.010 636397,14,50
01:40:06.010 636398,6,2
01:40:06.011 644700,3,36
01:40:06.012 644701,5,4
01:40:06.014 644743,6,4
01:40:06.014 652214,1,50
01:40:06.015 652215,5,1
01:40:06.091 652261,13,51
01:40:06.091 652266,14,51
01:40:06.091 652266,6,1
01:40:06.091 668080,2,51
01:40:06.091 668081,5,2
01:40:06.091 668127,13,52
01:40:06.091 668133,14,52
01:40:06.091 668134,6,2
01:40:06.091 669491,4,36
01:40:06.091 669492,5,8
01:40:06.091 669535,6,8
01:40:06.091 683944,1,52
01:40:06.091 683945,5,1
01:40:06.091 683991,13,53
01:40:06.091 683996,14,53
01:40:06.091 683997,6,1
01:40:06.091 694281,3,37
01:40:06.091 694282,5,4
01:40:06.091 694325,6,4
01:40:06.091 699811,2,53
01:40:06.091 699812,5,2
01:40:06.091 699858,13,54
01:40:06.091 699864,14,54
01:40:06.091 699864,6,2
01:40:06.091 715677,1,54
01:40:06.091 715679,5,1
01:40:06.091 715724,13,55
01:40:06.091 715730,14,55
01:40:06.091 715730,6,1
01:40:06.091 719072,4,37
01:40:06.091 719073,5,8
01:40:06.091 719115,6,8
01:40:06.091 731541,2,55
01:40:06.091 731542,5,2
01:40:06.097 731588,13,56
01:40:06.097 731594,14,56
01:40:06.097 731594,6,2
01:40:06.097 743858,3,38
01:40:06.097 743860,5,4
01:40:06.099 743902,6,4
01:40:06.099 747404,1,56
01:40:06.100 747405,5,1
01:40:06.100 747451,13,57
01:40:06.102 747457,14,57
01:40:06.103 747457,6,1
01:40:06.104 763266,2,57
01:40:06.105 763268,5,2
01:40:06.106 763313,13,58
01:40:06.169 763319,14,58
01:40:06.169 763319,6,2
01:40:06.169 768644,4,38
01:40:06.169 768646,5,8
01:40:06.169 768688,6,8
01:40:06.169 779128,1,58
01:40:06.169 779130,5,1
01:40:06.169 779175,13,59
01:40:06.169 779181,14,59
01:40:06.169 779181,6,1
01:40:06.169 793433,3,39
01:40:06.169 793434,5,4
01:40:06.169 793476,6,4
01:40:06.169 794995,2,59
01:40:06.169 794997,5,2
01:40:06.169 795042,13,60
01:40:06.169 795048,14,60
01:40:06.169 795048,6,2
01:40:06.169 810853,1,60
01:40:06.169 810855,5,1
01:40:06.169 810900,13,61
01:40:06.169 810907,15,0
01:40:06.169 810907,14,61
01:40:06.169 810908,6,1
01:40:06.169 811239,16,0
01:40:06.169 818214,4,39
01:40:06.169 818217,5,8
01:40:06.169 818260,6,8
01:40:06.169 826715,2,61
01:40:06.169 826717,5,2
01:40:06.169 826763,13,62
01:40:06.169 826768,14,62
01:40:06.245 826769,6,2
01:40:06.245 842576,1,62
01:40:06.245 842578,5,1
01:40:06.245 842623,13,63
01:40:06.245 842629,14,63
01:40:06.245 842629,6,1
01:40:06.245 842995,3,40
01:40:06.245 842997,5,4
01:40:06.245 843040,6,4
01:40:06.245 858430,2,63
01:40:06.245 858431,5,2
01:40:06.245 858477,13,64
01:40:06.245 858483,14,64
01:40:06.245 858483,6,2
01:40:06.245 867764,4,40
01:40:06.245 867766,5,8
01:40:06.245 867809,6,8
01:40:06.245 874283,1,64
01:40:06.245 874285,5,1
01:40:06.245 874331,13,65
01:40:06.245 874336,14,65
01:40:06.245 874337,6,1
01:40:06.245 882077,9,13
01:40:06.245 890148,2,65
01:40:06.245 890151,5,2
01:40:06.245 890197,13,66
01:40:06.245 890203,14,66
01:40:06.245 890203,6,2
01:40:06.245 892550,3,41
01:40:06.245 892552,5,4
01:40:06.245 892595,6,4
01:40:06.245 906014,1,66
01:40:06.245 906017,5,1
01:40:06.245 906063,13,67
01:40:06.245 906069,14,67
01:40:06.245 906069,6,1
01:40:06.245 917355,4,41
01:40:06.245 917356,5,8
01:40:06.248 917400,6,8
01:40:06.248 921900,2,67
01:40:06.248 921901,5,2
01:40:06.250 921947,13,68
01:40:06.251 921953,14,68
01:40:06.252 921953,6,2
01:40:06.254 923141,10,13
01:40:06.255 937774,1,68
01:40:06.256 937776,5,1
01:40:06.258 937822,13,69
01:40:06.324 937828,14,69
01:40:06.324 937828,6,1
01:40:06.324 942202,3,42
01:40:06.324 942204,5,4
01:40:06.324 942247,6,4
01:40:06.324 953640,2,69
01:40:06.324 953642,5,2
01:40:06.324 953688,13,70
01:40:06.324 953694,14,70
01:40:06.324 953694,6,2
01:40:06.324 966956,4,42
01:40:06.324 966957,5,8
01:40:06.324 967000,6,8
01:40:06.324 969512,1,70
01:40:06.324 969514,5,1
01:40:06.324 969559,13,71
01:40:06.324 969565,14,71
01:40:06.324 969565,6,1
01:40:06.324 985379,2,71
01:40:06.324 985380,5,2
01:40:06.324 985426,13,72
01:40:06.324 985432,14,72
01:40:06.324 985432,6,2
01:40:06.324 991746,3,43
01:40:06.324 991747,5,4
01:40:06.324 991789,6,4
01:40:06.324 1001241,1,72
01:40:06.324 1001242,5,1
01:40:06.324 1001287,13,73
01:40:06.324 1001293,14,73
01:40:06.324 1001293,6,1
01:40:06.324 1016530,4,43
01:40:06.403 1016531,5,8
01:40:06.403 1016573,6,8
01:40:06.403 1017101,2,73
01:40:06.403 1017103,5,2
01:40:06.403 1017148,13,74
01:40:06.403 1017154,14,74
01:40:06.403 1017154,6,2
01:40:06.403 1032969,1,74
01:40:06.403 1032970,5,1
01:40:06.403 1033015,13,75
01:40:06.403 1033021,14,75
01:40:06.403 1033021,6,1
01:40:06.403 1041323,3,44
01:40:06.403 1041325,5,4
01:40:06.403 1041367,6,4
01:40:06.403 1048838,2,75
01:40:06.403 1048840,5,2
01:40:06.403 1048885,13,76
01:40:06.403 1048891,14,76
01:40:06.403 1048891,6,2
01:40:06.403 1064704,1,76
01:40:06.403 1064705,5,1
01:40:06.403 1064750,13,77
01:40:06.403 1064756,14,77
01:40:06.403 1064756,6,1
01:40:06.403 1066115,4,44
01:40:06.403 1066116,5,8
01:40:06.403 1066158,6,8
01:40:06.403 1080574,2,77
01:40:06.403 1080575,5,2
01:40:06.403 1080621,13,78
01:40:06.403 1080626,14,78
01:40:06.544 1080627,6,2
01:40:06.544 1090907,3,45
01:40:06.544 1090908,5,4
01:40:06.544 1090950,6,4
01:40:06.544 1096433,1,78
01:40:06.544 1096434,5,1
01:40:06.544 1096479,13,79
01:40:06.544 1096485,14,79
01:40:06.544 1096485,6,1
01:40:06.544 1112294,2,79
01:40:06.544 1112296,5,2
01:40:06.544 1112341,13,80
01:40:06.544 1112347,14,80
01:40:06.544 1112347,6,2
01:40:06.544 1115691,4,45
01:40:06.544 1115692,5,8
01:40:06.544 1115734,6,8
01:40:06.544 1128163,1,80
01:40:06.551 1128164,5,1
01:40:06.551 1128210,13,81
01:40:06.551 1128216,14,81
01:40:06.551 1128216,6,1
01:40:06.551 1140484,3,46
01:40:06.552 1140485,5,4
01:40:06.552 1140528,6,4
01:40:06.554 1144034,2,81
01:40:06.555 1144035,5,2
01:40:06.555 1144081,13,82
01:40:06.557 1144087,14,82
01:40:06.558 1144087,6,2
01:40:06.560 1159898,1,82
01:40:06.561 1159899,5,1
01:40:06.635 1159944,13,83
01:40:06.635 1159950,14,83
01:40:06.635 1159950,6,1
01:40:06.635 1165272,4,46
01:40:06.635 1165273,5,8
01:40:06.635 1165315,6,8
01:40:06.635 1175757,2,83
01:40:06.635 1175758,5,2
01:40:06.635 1175804,13,84
01:40:06.635 1175809,14,84
01:40:06.635 1175810,6,2
01:40:06.635 1190055,3,47
01:40:06.635 1190056,5,4
01:40:06.635 1190098,6,4
01:40:06.635 1191619,1,84
01:40:06.635 1191620,5,1
01:40:06.635 1191665,13,85
01:40:06.635 1191671,14,85
01:40:06.635 1191671,6,1
01:40:06.635 1207490,2,85
01:40:06.635 1207491,5,2
01:40:06.635 1207537,13,86
01:40:06.635 1207542,14,86
01:40:06.635 1207543,6,2
01:40:06.635 1214857,4,47
01:40:06.635 1214859,5,8
01:40:06.635 1214900,6,8
01:40:06.635 1223364,1,86
01:40:06.635 1223365,5,1
01:40:06.635 1223410,13,87
01:40:06.635 1223416,14,87
01:40:06.635 1223416,6,1
01:40:06.635 1239245,2,87
01:40:06.635 1239247,5,2
01:40:06.635 1239292,13,88
01:40:06.638 1239298,14,88
01:40:06.638 1239298,6,2
01:40:06.640 1239665,3,48
01:40:06.640 1239667,5,4
01:40:06.641 1239709,6,4
01:40:06.643 1255122,1,88
01:40:06.644 1255123,5,1
01:40:06.645 1255169,13,89
01:40:06.646 1255174,14,89
01:40:06.648 1255174,6,1
01:40:06.649 1264471,4,48
01:40:06.650 1264472,5,8
01:40:06.651 1264514,6,8
01:40:06.715 1270992,2,89
01:40:06.715 1270994,5,2
01:40:06.715 1271039,13,90
01:40:06.715 1271045,14,90
01:40:06.715 1271045,6,2
01:40:06.715 1286854,1,90
01:40:06.715 1286855,5,1
01:40:06.715 1286900,13,91
01:40:06.715 1286906,14,91
01:40:06.715 1286906,6,1
01:40:06.715 1289256,3,49
01:40:06.715 1289257,5,4
01:40:06.715 1289299,6,4
01:40:06.715 1302723,2,91
01:40:06.715 1302725,5,2
01:40:06.715 1302770,13,92
01:40:06.715 1302776,14,92
01:40:06.715 1302776,6,2
01:40:06.715 1314058,4,49
01:40:06.715 1314059,5,8
01:40:06.715 1314101,6,8
01:40:06.715 1318600,1,92
01:40:06.715 1318601,5,1
01:40:06.715 1318646,13,93
01:40:06.715 1318652,14,93
01:40:06.715 1318652,6,1
01:40:06.715 1334485,2,93
01:40:06.715 1334486,5,2
01:40:06.715 1334532,13,94
01:40:06.715 1334538,14,94
01:40:06.715 1334538,6,2
01:40:06.715 1338878,3,50
01:40:06.791 1338880,5,4
01:40:06.791 1338922,6,4
01:40:06.791 1350371,1,94
01:40:06.791 1350373,5,1
01:40:06.791 1350418,13,95
01:40:06.791 1350424,14,95
01:40:06.791 1350424,6,1
01:40:06.791 1363705,4,50
01:40:06.791 1363706,5,8
01:40:06.791 1363749,6,8
01:40:06.791 1366265,2,95
01:40:06.791 1366266,5,2
01:40:06.791 1366312,13,96
01:40:06.791 1366317,14,96
01:40:06.791 1366318,6,2
01:40:06.791 1382152,1,96
01:40:06.791 1382153,5,1
01:40:06.791 1382199,13,97
01:40:06.791 1382204,14,97
01:40:06.791 1382205,6,1
01:40:06.791 1388528,3,51
01:40:06.791 1388529,5,4
01:40:06.791 1388572,6,4
01:40:06.791 1398030,2,97
01:40:06.791 1398032,5,2
01:40:06.791 1398077,13,98
01:40:06.791 1398083,14,98
01:40:06.791 1398083,6,2
01:40:06.791 1413342,4,51
01:40:06.791 1413343,5,8
01:40:06.791 1413385,6,8
01:40:06.791 1413914,1,98
01:40:06.791 1413916,5,1
01:40:06.791 1413961,13,99
01:40:06.791 1413967,14,99
01:40:06.791 1413967,6,1
01:40:06.791 1429800,2,99
01:40:06.791 1429801,5,2
01:40:06.795 1429847,13,100
01:40:06.795 1429853,14,100
01:40:06.795 1429853,6,2
01:40:06.795 1438162,3,52
01:40:06.797 1438163,5,4
01:40:06.798 1438205,6,4
01:40:06.799 1445684,1,100
01:40:06.800 1445686,5,1
01:40:06.801 1445731,13,101
01:40:06.803 1445737,14,101
01:40:06.871 1445737,6,1
01:40:06.871 1461576,2,101
01:40:06.871 1461578,5,2
01:40:06.871 1461624,13,102
01:40:06.871 1461630,14,102
01:40:06.871 1461630,6,2
01:40:06.871 1462990,4,52
01:40:06.871 1462991,5,8
01:40:06.871 1463033,6,8
01:40:06.871 1477469,1,102
01:40:06.871 1477470,5,1
01:40:06.871 1477516,13,103
01:40:06.871 1477521,14,103
01:40:06.871 1477521,6,1
01:40:06.871 1487817,3,53
01:40:06.871 1487819,5,4
01:40:06.871 1487860,6,4
01:40:06.871 1493352,2,103
01:40:06.871 1493353,5,2
01:40:06.871 1493399,13,104
01:40:06.871 1493405,14,104
01:40:06.871 1493405,6,2
01:40:06.871 1509229,1,104
01:40:06.871 1509230,5,1
01:40:06.871 1509276,13,105
01:40:06.871 1509281,14,105
01:40:06.871 1509282,6,1
01:40:06.871 1512628,4,53
01:40:06.879 1512629,5,8
01:40:06.879 1512671,6,8
01:40:06.879 1525113,2,105
01:40:06.879 1525115,5,2
01:40:06.949 1525160,13,106
01:40:06.949 1525166,14,106
01:40:06.949 1525166,6,2
01:40:06.949 1537445,3,54
01:40:06.949 1537446,5,4
01:40:06.949 1537488,6,4
01:40:06.949 1540996,1,106
01:40:06.949 1540997,5,1
01:40:06.949 1541043,13,107
01:40:06.949 1541048,14,107
01:40:06.949 1541048,6,1
01:40:06.949 1556875,2,107
01:40:06.949 1556876,5,2
01:40:06.949 1556922,13,108
01:40:06.949 1556927,14,108
01:40:06.949 1556928,6,2
01:40:06.949 1562257,4,54
01:40:06.949 1562259,5,8
01:40:06.949 1562301,6,8
01:40:06.949 1572751,1,108
01:40:06.949 1572753,5,1
01:40:06.949 1572798,13,109
01:40:06.949 1572804,14,109
01:40:06.949 1572804,6,1
01:40:06.949 1587058,3,55
01:40:06.949 1587060,5,4
01:40:06.949 1587101,6,4
01:40:06.949 1588622,2,109
01:40:06.954 1588623,5,2
01:40:06.954 1588669,13,110
01:40:06.954 1588675,14,110
01:40:06.955 1588675,6,2
01:40:07.026 1604496,1,110
01:40:07.026 1604497,5,1
01:40:07.026 1604542,13,111
01:40:07.026 1604548,14,111
01:40:07.026 1604548,6,1
01:40:07.026 1611865,4,55
01:40:07.026 1611866,5,8
01:40:07.026 1611909,6,8
01:40:07.026 1620376,2,111
01:40:07.026 1620378,5,2
01:40:07.026 1620423,13,112
01:40:07.026 1620429,14,112
01:40:07.026 1620429,6,2
01:40:07.026 1636256,1,112
01:40:07.026 1636257,5,1
01:40:07.026 1636303,13,113
01:40:07.026 1636309,14,113
01:40:07.026 1636309,6,1
01:40:07.026 1636677,3,56
01:40:07.026 1636678,5,4
01:40:07.026 1636721,6,4
01:40:07.026 1652142,2,113
01:40:07.026 1652143,5,2
01:40:07.026 1652189,13,114
01:40:07.026 1652195,14,114
01:40:07.026 1652195,6,2
01:40:07.026 1661490,4,56
01:40:07.026 1661491,5,8
01:40:07.026 1661534,6,8
01:40:07.026 1668013,1,114
01:40:07.026 1668015,5,1
01:40:07.026 1668060,13,115
01:40:07.089 1668066,14,115
01:40:07.089 1668066,6,1
01:40:07.089 1683889,2,115
01:40:07.089 1683890,5,2
01:40:07.089 1683936,13,116
01:40:07.089 1683942,14,116
01:40:07.089 1683943,6,2
01:40:07.089 1686294,3,57
01:40:07.089 1686296,5,4
01:40:07.089 1686339,6,4
01:40:07.089 1699770,1,116
01:40:07.089 1699771,5,1
01:40:07.089 1699816,13,117
01:40:07.089 1699822,14,117
01:40:07.089 1699822,6,1
01:40:07.089 1711107,4,57
01:40:07.089 1711108,5,8
01:40:07.089 1711150,6,8
01:40:07.089 1715649,2,117
01:40:07.089 1715650,5,2
01:40:07.089 1715696,13,118
01:40:07.089 1715701,14,118
01:40:07.089 1715702,6,2
01:40:07.089 1731531,1,118
01:40:07.089 1731532,5,1
01:40:07.089 1731577,13,119
01:40:07.094 1731583,14,119
01:40:07.094 1731583,6,1
01:40:07.094 1735921,3,58
01:40:07.094 1735922,5,4
01:40:07.096 1735964,6,4
01:40:07.096 1747412,2,119
01:40:07.167 1747413,5,2
01:40:07.167 1747459,13,120
01:40:07.167 1747464,14,120
01:40:07.167 1747465,6,2
01:40:07.167 1760727,4,58
01:40:07.167 1760729,5,8
01:40:07.167 1760771,6,8
01:40:07.167 1763283,1,120
01:40:07.167 1763284,5,1
01:40:07.167 1763330,13,121
01:40:07.167 1763337,15,1
01:40:07.167 1763337,14,121
01:40:07.167 1763337,6,1
01:40:07.167 1763669,16,1
01:40:07.167 1779165,2,121
01:40:07.167 1779167,5,2
01:40:07.167 1779213,13,122
01:40:07.167 1779219,14,122
01:40:07.167 1779219,6,2
01:40:07.167 1785537,3,59
01:40:07.167 1785539,5,4
01:40:07.167 1785582,6,4
01:40:07.167 1795042,1,122
01:40:07.167 1795043,5,1
01:40:07.167 1795089,13,123
01:40:07.167 1795095,14,123
01:40:07.167 1795095,6,1
01:40:07.167 1810349,4,59
01:40:07.167 1810351,5,8
01:40:07.167 1810393,6,8
01:40:07.167 1810922,2,123
01:40:07.167 1810923,5,2
01:40:07.246 1810969,13,124
01:40:07.246 1810975,14,124
01:40:07.246 1810975,6,2
01:40:07.246 1826806,1,124
01:40:07.246 1826808,5,1
01:40:07.246 1826854,13,125
01:40:07.246 1826859,14,125
01:40:07.246 1826860,6,1
01:40:07.246 1834472,9,14
01:40:07.246 1835164,3,60
01:40:07.246 1835167,5,4
01:40:07.246 1835210,6,4
01:40:07.246 1842685,2,125
01:40:07.246 1842687,5,2
01:40:07.246 1842733,13,126
01:40:07.246 1842739,14,126
01:40:07.246 1842739,6,2
01:40:07.246 1858562,1,126
01:40:07.246 1858564,5,1
01:40:07.246 1858610,13,127
01:40:07.246 1858616,14,127
01:40:07.246 1858616,6,1
01:40:07.246 1859974,4,60
01:40:07.246 1859975,5,8
01:40:07.246 1860018,6,8
01:40:07.246 1874435,2,127
01:40:07.246 1874437,5,2
01:40:07.246 1874483,13,128
01:40:07.246 1874488,14,128
01:40:07.246 1874489,6,2
01:40:07.246 1875476,10,14
01:40:07.246 1890549,1,128
01:40:07.325 1890551,3,61
01:40:07.325 1890552,5,1
01:40:07.325 1890599,13,129
01:40:07.325 1890605,14,129
01:40:07.325 1890605,6,1
01:40:07.325 1890606,5,4
01:40:07.325 1890649,6,4
01:40:07.325 1906178,2,129
01:40:07.325 1906180,5,2
01:40:07.325 1906227,13,130
01:40:07.325 1906233,14,130
01:40:07.325 1906233,6,2
01:40:07.325 1909574,4,61
01:40:07.325 1909575,5,8
01:40:07.325 1909619,6,8
01:40:07.325 1922048,1,130
01:40:07.325 1922050,5,1
01:40:07.325 1922095,13,131
01:40:07.325 1922101,14,131
01:40:07.325 1922101,6,1
01:40:07.325 1934441,3,62
01:40:07.325 1934443,5,4
01:40:07.325 1934486,6,4
01:40:07.325 1937985,2,131
01:40:07.325 1937986,5,2
01:40:07.325 1938032,13,132
01:40:07.325 1938038,14,132
01:40:07.325 1938039,6,2
01:40:07.325 1953811,1,132
01:40:07.325 1953812,5,1
01:40:07.325 1953858,13,133
01:40:07.325 1953863,14,133
01:40:07.332 1953863,6,1
01:40:07.332 1959193,4,62
01:40:07.333 1959194,5,8
01:40:07.333 1959237,6,8
01:40:07.333 1971258,2,133
01:40:07.335 1971259,5,2
01:40:07.336 1971305,13,134
01:40:07.338 1971311,14,134
01:40:07.339 1971311,6,2
01:40:07.340 1983987,3,63
01:40:07.341 1983989,5,4
01:40:07.342 1984031,6,4
01:40:07.343 1985550,1,134
01:40:07.344 1985551,5,1
01:40:07.346 1985597,13,135
01:40:07.347 1985602,14,135
01:40:07.480 1985603,6,1
01:40:07.480 2001419,2,135
01:40:07.480 2001420,5,2
01:40:07.480 2001466,13,136
01:40:07.480 2001472,14,136
01:40:07.480 2001472,6,2
01:40:07.480 2008785,4,63
01:40:07.480 2008787,5,8
01:40:07.480 2008829,6,8
01:40:07.480 2017293,1,136
01:40:07.480 2017295,5,1
01:40:07.480 2017340,13,137
01:40:07.480 2017346,14,137
01:40:07.482 2017346,6,1
01:40:07.482 2033160,2,137
01:40:07.483 2033161,5,2
01:40:07.557 2033207,13,138
01:40:07.557 2033212,14,138
01:40:07.557 2033213,6,2
01:40:07.557 2033580,3,64
01:40:07.557 2033581,5,4
01:40:07.557 2033623,6,4
01:40:07.557 2049022,1,138
01:40:07.557 2049023,5,1
01:40:07.557 2049068,13,139
01:40:07.557 2049074,14,139
01:40:07.557 2049074,6,1
01:40:07.557 2058367,4,64
01:40:07.557 2058368,5,8
01:40:07.557 2058410,6,8
01:40:07.557 2064886,2,139
01:40:07.557 2064888,5,2
01:40:07.557 2064933,13,140
01:40:07.557 2064939,14,140
01:40:07.557 2064939,6,2
01:40:07.557 2080756,1,140
01:40:07.557 2080757,5,1
01:40:07.557 2080803,13,141
01:40:07.557 2080808,14,141
01:40:07.557 2080809,6,1
01:40:07.557 2083161,3,65
01:40:07.557 2083162,5,4
01:40:07.557 2083204,6,4
01:40:07.557 2096627,2,141
01:40:07.557 2096628,5,2
01:40:07.557 2096673,13,142
01:40:07.557 2096679,14,142
01:40:07.557 2096680,6,2
01:40:07.618 2107949,4,65
01:40:07.618 2107950,5,8
01:40:07.618 2107992,6,8
01:40:07.618 2112486,1,142
01:40:07.618 2112487,5,1
01:40:07.618 2112532,13,143
01:40:07.618 2112538,14,143
01:40:07.618 2112538,6,1
01:40:07.618 2128338,2,143
01:40:07.618 2128340,5,2
01:40:07.618 2128385,13,144
01:40:07.618 2128391,14,144
01:40:07.618 2128391,6,2
01:40:07.618 2132720,3,66
01:40:07.618 2132721,5,4
01:40:07.618 2132763,6,4
01:40:07.618 2144193,1,144
01:40:07.618 2144195,5,1
01:40:07.618 2144240,13,145
01:40:07.618 2144246,14,145
01:40:07.618 2144246,6,1
01:40:07.618 2157509,4,66
01:40:07.618 2157510,5,8
01:40:07.618 2157553,6,8
01:40:07.618 2160064,2,145
01:40:07.618 2160065,5,2
01:40:07.618 2160111,13,146
01:40:07.618 2160116,14,146
01:40:07.618 2160117,6,2
01:40:07.618 2175928,1,146
01:40:07.620 2175929,5,1
01:40:07.620 2175975,13,147
01:40:07.683 2175980,14,147
01:40:07.683 2175980,6,1
01:40:07.683 2182294,3,67
01:40:07.683 2182295,5,4
01:40:07.683 2182337,6,4
01:40:07.683 2191792,2,147
01:40:07.683 2191794,5,2
01:40:07.683 2191839,13,148
01:40:07.683 2191845,14,148
01:40:07.683 2191846,6,2
01:40:07.683 2207099,4,67
01:40:07.683 2207100,5,8
01:40:07.683 2207142,6,8
01:40:07.683 2207671,1,148
01:40:07.683 2207672,5,1
01:40:07.683 2207717,13,149
01:40:07.683 2207723,14,149
01:40:07.683 2207723,6,1
01:40:07.683 2223548,2,149
01:40:07.683 2223549,5,2
01:40:07.683 2223595,13,150
01:40:07.683 2223601,14,150
01:40:07.683 2223601,6,2
01:40:07.683 2231897,3,68
01:40:07.683 2231898,5,4
01:40:07.683 2231940,6,4
01:40:07.688 2239405,1,150
01:40:07.688 2239406,5,1
01:40:07.688 2239452,13,151
01:40:07.689 2239458,14,151
01:40:07.690 2239458,6,1
01:40:07.691 2255264,2,151
01:40:07.760 2255265,5,2
01:40:07.760 2255311,13,152
01:40:07.760 2255316,14,152
01:40:07.760 2255317,6,2
01:40:07.760 2256675,4,68
01:40:07.760 2256676,5,8
01:40:07.760 2256718,6,8
01:40:07.760 2271126,1,152
01:40:07.760 2271127,5,1
01:40:07.760 2271173,13,153
01:40:07.760 2271178,14,153
01:40:07.760 2271179,6,1
01:40:07.760 2281457,3,69
01:40:07.760 2281458,5,4
01:40:07.760 2281500,6,4
01:40:07.760 2286989,2,153
01:40:07.760 2286991,5,2
01:40:07.760 2287036,13,154
01:40:07.760 2287042,14,154
01:40:07.760 2287042,6,2
01:40:07.760 2302861,1,154
01:40:07.760 2302863,5,1
01:40:07.760 2302908,13,155
01:40:07.760 2302914,14,155
01:40:07.760 2302914,6,1
01:40:07.760 2306257,4,69
01:40:07.760 2306258,5,8
01:40:07.760 2306300,6,8
01:40:07.760 2318728,2,155
01:40:07.760 2318729,5,2
01:40:07.760 2318774,13,156
01:40:07.763 2318780,14,156
01:40:07.822 2318780,6,2
01:40:07.822 2331048,3,70
01:40:07.822 2331049,5,4
01:40:07.822 2331091,6,4
01:40:07.822 2334593,1,156
01:40:07.822 2334594,5,1
01:40:07.822 2334640,13,157
01:40:07.822 2334645,14,157
01:40:07.822 2334646,6,1
01:40:07.822 2350457,2,157
01:40:07.822 2350459,5,2
01:40:07.822 2350504,13,158
01:40:07.822 2350510,14,158
01:40:07.822 2350510,6,2
01:40:07.822 2355836,4,70
01:40:07.822 2355837,5,8
01:40:07.822 2355879,6,8
01:40:07.822 2366323,1,158
01:40:07.822 2366324,5,1
01:40:07.822 2366370,13,159
01:40:07.822 2366375,14,159
01:40:07.822 2366376,6,1
01:40:07.822 2380630,3,71
01:40:07.822 2380632,5,4
01:40:07.826 2380674,6,4
01:40:07.826 2382194,2,159
01:40:07.826 2382196,5,2
01:40:07.827 2382242,13,160
01:40:07.828 2382247,14,160
01:40:07.830 2382247,6,2
01:40:07.831 2398062,1,160
01:40:07.832 2398063,5,1
01:40:07.899 2398109,13,161
01:40:07.899 2398114,14,161
01:40:07.899 2398115,6,1
01:40:07.899 2405427,4,71
01:40:07.899 2405428,5,8
01:40:07.899 2405470,6,8
01:40:07.899 2413933,2,161
01:40:07.899 2413934,5,2
01:40:07.899 2413980,13,162
01:40:07.899 2413986,14,162
01:40:07.899 2413986,6,2
01:40:07.899 2429799,1,162
01:40:07.899 2429800,5,1
01:40:07.899 2429846,13,163
01:40:07.899 2429851,14,163
01:40:07.899 2429851,6,1
01:40:07.899 2430219,3,72
01:40:07.899 2430220,5,4
01:40:07.899 2430263,6,4
01:40:07.899 2445668,2,163
01:40:07.899 2445669,5,2
01:40:07.901 2445715,13,164
01:40:07.901 2445720,14,164
01:40:07.902 2445721,6,2
01:40:07.903 2455017,4,72
01:40:07.905 2455018,5,8
01:40:07.905 2455060,6,8
01:40:07.907 2461538,1,164
01:40:07.910 2461539,5,1
01:40:07.910 2461585,13,165
01:40:07.912 2461590,14,165
01:40:07.913 2461590,6,1
01:40:07.979 2481170,2,165
01:40:07.979 2481172,3,73
01:40:07.979 2481173,5,2
01:40:07.979 2481219,13,166
01:40:07.979 2481225,14,166
01:40:07.979 2481225,6,2
01:40:07.979 2481226,5,4
01:40:07.979 2481268,6,4
01:40:07.979 2493285,1,166
01:40:07.979 2493287,5,1
01:40:07.979 2493332,13,167
01:40:07.979 2493338,14,167
01:40:07.979 2493338,6,1
01:40:07.979 2504624,4,73
01:40:07.979 2504625,5,8
01:40:07.979 2504667,6,8
01:40:07.979 2509162,2,167
01:40:07.979 2509164,5,2
01:40:07.979 2509209,13,168
01:40:07.979 2509215,14,168
01:40:07.979 2509215,6,2
01:40:07.979 2525035,1,168
01:40:07.979 2525036,5,1
01:40:07.979 2525081,13,169
01:40:07.979 2525087,14,169
01:40:07.979 2525087,6,1
01:40:07.979 2529420,3,74
01:40:07.979 2529421,5,4
01:40:07.979 2529463,6,4
01:40:07.979 2540900,2,169
01:40:07.979 2540902,5,2
01:40:07.979 2540947,13,170
01:40:08.043 2540953,14,170
01:40:08.043 2540953,6,2
01:40:08.043 2554225,4,74
01:40:08.043 2554226,5,8
01:40:08.043 2554268,6,8
01:40:08.043 2556783,1,170
01:40:08.043 2556785,5,1
01:40:08.043 2556830,13,171
01:40:08.043 2556836,14,171
01:40:08.043 2556836,6,1
01:40:08.043 2572653,2,171
01:40:08.043 2572654,5,2
01:40:08.043 2572700,13,172
01:40:08.043 2572706,14,172
01:40:08.043 2572706,6,2
01:40:08.043 2579020,3,75
01:40:08.043 2579021,5,4
01:40:08.043 2579063,6,4
01:40:08.043 2588516,1,172
01:40:08.043 2588517,5,1
01:40:08.043 2588563,13,173
01:40:08.043 2588568,14,173
01:40:08.043 2588569,6,1
01:40:08.047 2603820,4,75
01:40:08.047 2603821,5,8
01:40:08.047 2603863,6,8
01:40:08.048 2604392,2,173
01:40:08.049 2604393,5,2
01:40:08.051 2604439,13,174
01:40:08.052 2604445,14,174
01:40:08.053 2604445,6,2
01:40:08.054 2620273,1,174
01:40:08.119 2620274,5,1
01:40:08.119 2620320,13,175
01:40:08.119 2620325,14,175
01:40:08.119 2620325,6,1
01:40:08.119 2628633,3,76
01:40:08.119 2628635,5,4
01:40:08.119 2628677,6,4
01:40:08.119 2636153,2,175
01:40:08.119 2636154,5,2
01:40:08.119 2636200,13,176
01:40:08.119 2636205,14,176
01:40:08.119 2636206,6,2
01:40:08.119 2652032,1,176
01:40:08.119 2652033,5,1
01:40:08.119 2652079,13,177
01:40:08.119 2652084,14,177
01:40:08.119 2652085,6,1
01:40:08.119 2653445,4,76
01:40:08.119 2653446,5,8
01:40:08.119 2653489,6,8
01:40:08.119 2667909,2,177
01:40:08.119 2667910,5,2
01:40:08.119 2667956,13,178
01:40:08.119 2667962,14,178
01:40:08.119 2667962,6,2
01:40:08.119 2678247,3,77
01:40:08.119 2678248,5,4
01:40:08.119 2678290,6,4
01:40:08.119 2683780,1,178
01:40:08.123 2683782,5,1
01:40:08.123 2683827,13,179
01:40:08.123 2683833,14,179
01:40:08.199 2683833,6,1
01:40:08.199 2699654,2,179
01:40:08.199 2699655,5,2
01:40:08.199 2699701,13,180
01:40:08.199 2699707,14,180
01:40:08.199 2699707,6,2
01:40:08.199 2703051,4,77
01:40:08.199 2703052,5,8
01:40:08.199 2703094,6,8
01:40:08.199 2715528,1,180
01:40:08.199 2715529,5,1
01:40:08.199 2715574,13,181
01:40:08.199 2715581,15,2
01:40:08.199 2715582,14,181
01:40:08.199 2715582,6,1
01:40:08.199 2715914,16,2
01:40:08.199 2727853,3,78
01:40:08.199 2727855,5,4
01:40:08.199 2727898,6,4
01:40:08.199 2731401,2,181
01:40:08.199 2731403,5,2
01:40:08.199 2731449,13,182
01:40:08.199 2731455,14,182
01:40:08.199 2731455,6,2
01:40:08.199 2747282,1,182
01:40:08.199 2747284,5,1
01:40:08.199 2747330,13,183
01:40:08.199 2747336,14,183
01:40:08.199 2747336,6,1
01:40:08.199 2752662,4,78
01:40:08.199 2752664,5,8
01:40:08.199 2752707,6,8
01:40:08.199 2763154,2,183
01:40:08.199 2763156,5,2
01:40:08.199 2763202,13,184
01:40:08.205 2763208,14,184
01:40:08.205 2763208,6,2
01:40:08.205 2777464,3,79
01:40:08.205 2777466,5,4
01:40:08.205 2777508,6,4
01:40:08.206 2779028,1,184
01:40:08.208 2779030,5,1
01:40:08.208 2779075,13,185
01:40:08.210 2779081,14,185
01:40:08.211 2779082,6,1
01:40:08.212 2786770,9,15
01:40:08.213 2794897,2,185
01:40:08.215 2794900,5,2
01:40:08.276 2794946,13,186
01:40:08.276 2794952,14,186
01:40:08.276 2794952,6,2
01:40:08.276 2802255,4,79
01:40:08.276 2802257,5,8
01:40:08.276 2802300,6,8
01:40:08.276 2810754,1,186
01:40:08.276 2810756,5,1
01:40:08.276 2810802,13,187
01:40:08.276 2810808,14,187
01:40:08.276 2810808,6,1
01:40:08.276 2826610,2,187
01:40:08.276 2826612,5,2
01:40:08.276 2826658,13,188
01:40:08.276 2826664,14,188
01:40:08.276 2826664,6,2
01:40:08.276 2827030,3,80
01:40:08.280 2827031,5,4
01:40:08.280 2827074,6,4
01:40:08.280 2827784,10,15
01:40:08.282 2842856,1,188
01:40:08.283 2842858,5,1
01:40:08.284 2842905,13,189
01:40:08.285 2842911,14,189
01:40:08.287 2842911,6,1
01:40:08.287 2855003,4,80
01:40:08.289 2855005,5,8
01:40:08.290 2855049,6,8
01:40:08.291 2858326,2,189
01:40:08.293 2858327,5,2
01:40:08.293 2858374,13,190
01:40:08.295 2858380,14,190
01:40:08.432 2858380,6,2
01:40:08.432 2874183,1,190
01:40:08.432 2874184,5,1
01:40:08.432 2874229,13,191
01:40:08.432 2874235,14,191
01:40:08.434 2874235,6,1
01:40:08.434 2876583,3,81
01:40:08.436 2876584,5,4
01:40:08.436 2876627,6,4
01:40:08.437 2890037,2,191
01:40:08.439 2890038,5,2
01:40:08.440 2890084,13,192
01:40:08.442 2890090,14,192
01:40:08.443 2890090,6,2
01:40:08.444 2901360,4,81
01:40:08.446 2901361,5,8
01:40:08.510 2901404,6,8
01:40:08.510 2905895,1,192
01:40:08.510 2905897,5,1
01:40:08.510 2905942,13,193
01:40:08.510 2905948,14,193
01:40:08.510 2905948,6,1
01:40:08.510 2921754,2,193
01:40:08.510 2921755,5,2
01:40:08.510 2921801,13,194
01:40:08.510 2921807,14,194
01:40:08.510 2921807,6,2
01:40:08.510 2926140,3,82
01:40:08.510 2926141,5,4
01:40:08.510 2926184,6,4
01:40:08.510 2937675,1,194
01:40:08.510 2937676,5,1
01:40:08.510 2937722,13,195
01:40:08.510 2937728,14,195
01:40:08.510 2937728,6,1
01:40:08.510 2950932,4,82
01:40:08.510 2950933,5,8
01:40:08.510 2950975,6,8
01:40:08.510 2953487,2,195
01:40:08.510 2953488,5,2
01:40:08.510 2953534,13,196
01:40:08.510 2953540,14,196
01:40:08.510 2953540,6,2
01:40:08.510 2969359,1,196
01:40:08.510 2969361,5,1
01:40:08.510 2969406,13,197
01:40:08.510 2969412,14,197
01:40:08.510 2969412,6,1
01:40:08.572 2975732,3,83
01:40:08.572 2975733,5,4
01:40:08.572 2975775,6,4
01:40:08.572 2991258,2,197
01:40:08.572 2991259,5,2
01:40:08.572 2991305,13,198
01:40:08.572 2991311,14,198
01:40:08.572 2991311,6,2
01:40:08.572 3000524,4,83
01:40:08.572 3000525,5,8
01:40:08.572 3000567,6,8
01:40:08.572 3001095,1,198
01:40:08.572 3001096,5,1
01:40:08.572 3001142,13,199
01:40:08.572 3001147,14,199
01:40:08.572 3001148,6,1
01:40:08.572 3016967,2,199
01:40:08.572 3016968,5,2
01:40:08.572 3017014,13,200
01:40:08.572 3017020,14,200
01:40:08.572 3017020,6,2
01:40:08.572 3025319,3,84
01:40:08.572 3025320,5,4
01:40:08.572 3025363,6,4
01:40:08.572 3032834,1,200
01:40:08.572 3032835,5,1
01:40:08.572 3032880,13,201
01:40:08.581 3032886,14,201
01:40:08.581 3032886,6,1
01:40:08.581 3048697,2,201
01:40:08.581 3048698,5,2
01:40:08.581 3048744,13,202
01:40:08.650 3048749,14,202
01:40:08.650 3048750,6,2
01:40:08.650 3050108,4,84
01:40:08.650 3050109,5,8
01:40:08.650 3050151,6,8
01:40:08.650 3064554,1,202
01:40:08.650 3064555,5,1
01:40:08.650 3064601,13,203
01:40:08.650 3064606,14,203
01:40:08.650 3064607,6,1
01:40:08.650 3074884,3,85
01:40:08.650 3074886,5,4
01:40:08.650 3074927,6,4
01:40:08.650 3080413,2,203
01:40:08.650 3080414,5,2
01:40:08.650 3080460,13,204
01:40:08.650 3080466,14,204
01:40:08.650 3080466,6,2
01:40:08.650 3096275,1,204
01:40:08.650 3096276,5,1
01:40:08.650 3096322,13,205
01:40:08.650 3096327,14,205
01:40:08.650 3096327,6,1
01:40:08.650 3099668,4,85
01:40:08.650 3099669,5,8
01:40:08.650 3099711,6,8
01:40:08.650 3112138,2,205
01:40:08.650 3112139,5,2
01:40:08.650 3112185,13,206
01:40:08.650 3112191,14,206
01:40:08.650 3112191,6,2
01:40:08.650 3124456,3,86
01:40:08.711 3124458,5,4
01:40:08.711 3124500,6,4
01:40:08.711 3128003,1,206
01:40:08.711 3128004,5,1
01:40:08.711 3128050,13,207
01:40:08.711 3128055,14,207
01:40:08.711 3128055,6,1
01:40:08.711 3143869,2,207
01:40:08.711 3143870,5,2
01:40:08.711 3143916,13,208
01:40:08.711 3143922,14,208
01:40:08.711 3143922,6,2
01:40:08.711 3149249,4,86
01:40:08.711 3149251,5,8
01:40:08.711 3149293,6,8
01:40:08.711 3159741,1,208
01:40:08.711 3159743,5,1
01:40:08.711 3159788,13,209
01:40:08.711 3159794,14,209
01:40:08.711 3159794,6,1
01:40:08.711 3174039,3,87
01:40:08.711 3174040,5,4
01:40:08.711 3174082,6,4
01:40:08.711 3175603,2,209
01:40:08.711 3175604,5,2
01:40:08.711 3175650,13,210
01:40:08.717 3175656,14,210
01:40:08.717 3175656,6,2
01:40:08.717 3191468,1,210
01:40:08.717 3191470,5,1
01:40:08.717 3191515,13,211
01:40:08.719 3191521,14,211
01:40:08.789 3191521,6,1
01:40:08.789 3198832,4,87
01:40:08.789 3198834,5,8
01:40:08.789 3198876,6,8
01:40:08.789 3207338,2,211
01:40:08.789 3207339,5,2
01:40:08.789 3207385,13,212
01:40:08.789 3207390,14,212
01:40:08.789 3207391,6,2
01:40:08.789 3223206,1,212
01:40:08.789 3223207,5,1
01:40:08.789 3223253,13,213
01:40:08.789 3223258,14,213
01:40:08.789 3223258,6,1
01:40:08.789 3223626,3,88
01:40:08.789 3223628,5,4
01:40:08.789 3223669,6,4
01:40:08.789 3239076,2,213
01:40:08.789 3239077,5,2
01:40:08.789 3239123,13,214
01:40:08.789 3239129,14,214
01:40:08.789 3239129,6,2
01:40:08.789 3248423,4,88
01:40:08.789 3248424,5,8
01:40:08.789 3248466,6,8
01:40:08.789 3254947,1,214
01:40:08.789 3254949,5,1
01:40:08.789 3254994,13,215
01:40:08.789 3255000,14,215
01:40:08.789 3255000,6,1
01:40:08.789 3270812,2,215
01:40:08.793 3270813,5,2
01:40:08.850 3270859,13,216
01:40:08.850 3270865,14,216
01:40:08.850 3270865,6,2
01:40:08.850 3273216,3,89
01:40:08.850 3273217,5,4
01:40:08.850 3273259,6,4
01:40:08.850 3286685,1,216
01:40:08.850 3286686,5,1
01:40:08.850 3286732,13,217
01:40:08.850 3286737,14,217
01:40:08.850 3286738,6,1
01:40:08.850 3298020,4,89
01:40:08.850 3298021,5,8
01:40:08.850 3298063,6,8
01:40:08.850 3302558,2,217
01:40:08.850 3302560,5,2
01:40:08.850 3302605,13,218
01:40:08.850 3302611,14,218
01:40:08.850 3302611,6,2
01:40:08.850 3318429,1,218
01:40:08.850 3318431,5,1
01:40:08.850 3318476,13,219
01:40:08.850 3318482,14,219
01:40:08.850 3318482,6,1
01:40:08.850 3322820,3,90
01:40:08.850 3322821,5,4
01:40:08.850 3322863,6,4
01:40:08.850 3334303,2,219
01:40:08.850 3334304,5,2
01:40:08.850 3334350,13,220
01:40:08.850 3334355,14,220
01:40:08.850 3334356,6,2
01:40:08.914 3347613,4,90
01:40:08.914 3347615,5,8
01:40:08.914 3347657,6,8
01:40:08.914 3350167,1,220
01:40:08.914 3350169,5,1
01:40:08.914 3350214,13,221
01:40:08.914 3350220,14,221
01:40:08.914 3350220,6,1
01:40:08.914 3366032,2,221
01:40:08.914 3366033,5,2
01:40:08.914 3366078,13,222
01:40:08.914 3366084,14,222
01:40:08.914 3366084,6,2
01:40:08.914 3372399,3,91
01:40:08.914 3372400,5,4
01:40:08.914 3372443,6,4
01:40:08.914 3381898,1,222
01:40:08.914 3381899,5,1
01:40:08.914 3381945,13,223
01:40:08.914 3381950,14,223
01:40:08.914 3381951,6,1
01:40:08.914 3397200,4,91
01:40:08.914 3397202,5,8
01:40:08.914 3397244,6,8
01:40:08.914 3397773,2,223
01:40:08.914 3397774,5,2
01:40:08.914 3397820,13,224
01:40:08.917 3397825,14,224
01:40:08.917 3397826,6,2
01:40:08.919 3413656,1,224
01:40:08.920 3413657,5,1
01:40:08.921 3413703,13,225
01:40:08.993 3413708,14,225
01:40:08.993 3413709,6,1
01:40:08.993 3422011,3,92
01:40:08.993 3422013,5,4
01:40:08.993 3422055,6,4
01:40:08.993 3429528,2,225
01:40:08.993 3429529,5,2
01:40:08.993 3429575,13,226
01:40:08.993 3429580,14,226
01:40:08.993 3429581,6,2
01:40:08.993 3445405,1,226
01:40:08.993 3445407,5,1
01:40:08.993 3445452,13,227
01:40:08.993 3445458,14,227
01:40:08.993 3445458,6,1
01:40:08.993 3446819,4,92
01:40:08.993 3446820,5,8
01:40:08.993 3446862,6,8
01:40:08.993 3461284,2,227
01:40:08.993 3461285,5,2
01:40:08.993 3461331,13,228
01:40:08.993 3461337,14,228
01:40:08.993 3461337,6,2
01:40:08.993 3471631,3,93
01:40:08.993 3471633,5,4
01:40:08.996 3471675,6,4
01:40:08.996 3477164,1,228
01:40:08.996 3477165,5,1
01:40:08.998 3477211,13,229
01:40:08.999 3477216,14,229
01:40:09.000 3477216,6,1
01:40:09.001 3501345,2,229
01:40:09.070 3501347,4,93
01:40:09.070 3501348,5,2
01:40:09.070 3501394,13,230
01:40:09.070 3501400,14,230
01:40:09.070 3501400,6,2
01:40:09.070 3501401,5,8
01:40:09.070 3501443,6,8
01:40:09.070 3508916,1,230
01:40:09.070 3508918,5,1
01:40:09.070 3508963,13,231
01:40:09.070 3508969,14,231
01:40:09.070 3508969,6,1
01:40:09.070 3521248,3,94
01:40:09.070 3521250,5,4
01:40:09.070 3521292,6,4
01:40:09.070 3524799,2,231
01:40:09.070 3524800,5,2
01:40:09.070 3524846,13,232
01:40:09.070 3524852,14,232
01:40:09.070 3524852,6,2
01:40:09.070 3540683,1,232
01:40:09.070 3540684,5,1
01:40:09.070 3540730,13,233
01:40:09.070 3540735,14,233
01:40:09.070 3540736,6,1
01:40:09.070 3546067,4,94
01:40:09.070 3546068,5,8
01:40:09.070 3546110,6,8
01:40:09.070 3556560,2,233
01:40:09.070 3556561,5,2
01:40:09.070 3556607,13,234
01:40:09.073 3556612,14,234
01:40:09.132 3556613,6,2
01:40:09.132 3570873,3,95
01:40:09.132 3570874,5,4
01:40:09.132 3570916,6,4
01:40:09.132 3572438,1,234
01:40:09.132 3572439,5,1
01:40:09.132 3572485,13,235
01:40:09.132 3572490,14,235
01:40:09.132 3572491,6,1
01:40:09.132 3588323,2,235
01:40:09.132 3588325,5,2
01:40:09.132 3588370,13,236
01:40:09.132 3588376,14,236
01:40:09.132 3588376,6,2
01:40:09.132 3595690,4,95
01:40:09.132 3595691,5,8
01:40:09.132 3595733,6,8
01:40:09.132 3604201,1,236
01:40:09.132 3604203,5,1
01:40:09.132 3604248,13,237
01:40:09.132 3604254,14,237
01:40:09.132 3604254,6,1
01:40:09.132 3620074,2,237
01:40:09.132 3620075,5,2
01:40:09.135 3620121,13,238
01:40:09.135 3620126,14,238
01:40:09.136 3620127,6,2
01:40:09.138 3620494,3,96
01:40:09.138 3620495,5,4
01:40:09.140 3620537,6,4
01:40:09.141 3635943,1,238
01:40:09.142 3635944,5,1
01:40:09.212 3635990,13,239
01:40:09.212 3635995,14,239
01:40:09.212 3635995,6,1
01:40:09.212 3645288,4,96
01:40:09.212 3645289,5,8
01:40:09.212 3645333,6,8
01:40:09.212 3651806,2,239
01:40:09.212 3651807,5,2
01:40:09.212 3651853,13,240
01:40:09.212 3651858,14,240
01:40:09.212 3651859,6,2
01:40:09.212 3667680,1,240
01:40:09.212 3667681,5,1
01:40:09.212 3667726,13,241
01:40:09.212 3667733,15,3
01:40:09.212 3667734,14,241
01:40:09.212 3667734,6,1
01:40:09.212 3668069,16,3
01:40:09.212 3670084,3,97
01:40:09.212 3670086,5,4
01:40:09.212 3670128,6,4
01:40:09.212 3683548,2,241
01:40:09.212 3683550,5,2
01:40:09.214 3683595,13,242
01:40:09.214 3683601,14,242
01:40:09.216 3683602,6,2
01:40:09.217 3694878,4,97
01:40:09.218 3694879,5,8
01:40:09.219 3694922,6,8
01:40:09.220 3699413,1,242
01:40:09.222 3699415,5,1
01:40:09.223 3699461,13,243
01:40:09.290 3699466,14,243
01:40:09.290 3699467,6,1
01:40:09.290 3715283,2,243
01:40:09.290 3715284,5,2
01:40:09.290 3715330,13,244
01:40:09.290 3715336,14,244
01:40:09.290 3715336,6,2
01:40:09.290 3719670,3,98
01:40:09.290 3719672,5,4
01:40:09.290 3719715,6,4
01:40:09.290 3731148,1,244
01:40:09.290 3731150,5,1
01:40:09.290 3731196,13,245
01:40:09.290 3731201,14,245
01:40:09.290 3731202,6,1
01:40:09.290 3738910,9,16
01:40:09.412 3744455,4,98
01:40:09.412 3744458,5,8
01:40:09.412 3744501,6,8
01:40:09.412 3747010,2,245
01:40:09.412 3747012,5,2
01:40:09.412 3747058,13,246
01:40:09.412 3747064,14,246
01:40:09.412 3747064,6,2
01:40:09.412 3762881,1,246
01:40:09.412 3762883,5,1
01:40:09.412 3762929,13,247
01:40:09.412 3762935,14,247
01:40:09.412 3762936,6,1
01:40:09.412 3769257,3,99
01:40:09.412 3769259,5,4
01:40:09.412 3769301,6,4
01:40:09.474 3778761,2,247
01:40:09.474 3778762,5,2
01:40:09.474 3778808,13,248
01:40:09.474 3778814,14,248
01:40:09.474 3778814,6,2
01:40:09.474 3779932,10,16
01:40:09.474 3794914,1,248
01:40:09.474 3794917,4,99
01:40:09.474 3794918,5,1
01:40:09.474 3794964,13,249
01:40:09.474 3794970,14,249
01:40:09.474 3794971,6,1
01:40:09.474 3794972,5,8
01:40:09.474 3795014,6,8
01:40:09.474 3810505,2,249
01:40:09.474 3810507,5,2
01:40:09.474 3810553,13,250
01:40:09.474 3810559,14,250
01:40:09.474 3810559,6,2
01:40:09.474 3818865,3,100
01:40:09.474 3818866,5,4
01:40:09.474 3818909,6,4
01:40:09.474 3826386,1,250
01:40:09.474 3826387,5,1
01:40:09.474 3826433,13,251
01:40:09.474 3826438,14,251
01:40:09.474 3826438,6,1
01:40:09.474 3842259,2,251
01:40:09.474 3842260,5,2
01:40:09.474 3842306,13,252
01:40:09.474 3842312,14,252
01:40:09.483 3842312,6,2
01:40:09.542 3843671,4,100
01:40:09.542 3843672,5,8
01:40:09.542 3843715,6,8
01:40:09.542 3858134,1,252
01:40:09.542 3858136,5,1
01:40:09.542 3858181,13,253
01:40:09.542 3858187,14,253
01:40:09.542 3858187,6,1
01:40:09.542 3868480,3,101
01:40:09.542 3868481,5,4
01:40:09.542 3868523,6,4
01:40:09.542 3874015,2,253
01:40:09.542 3874017,5,2
01:40:09.542 3874062,13,254
01:40:09.542 3874068,14,254
01:40:09.542 3874068,6,2
01:40:09.542 3889890,1,254
01:40:09.542 3889892,5,1
01:40:09.542 3889937,13,255
01:40:09.542 3889943,14,255
01:40:09.542 3889943,6,1
01:40:09.546 3893286,4,101
01:40:09.546 3893287,5,8
01:40:09.546 3893331,6,8
01:40:09.548 3905768,2,255
01:40:09.549 3905770,5,2
01:40:09.550 3905815,13,0
01:40:09.551 3905821,14,0
01:40:09.552 3905821,6,2
01:40:09.553 3918105,3,102
01:40:09.554 3918106,5,4
01:40:09.555 3918149,6,4
01:40:09.615 3921654,1,0
01:40:09.615 3921655,5,1
01:40:09.615 3921700,13,1
01:40:09.615 3921706,14,1
01:40:09.615 3921706,6,1
01:40:09.615 3937587,2,1
01:40:09.615 3937589,5,2
01:40:09.615 3937635,13,2
01:40:09.615 3937641,14,2
01:40:09.615 3937641,6,2
01:40:09.615 3942922,4,102
01:40:09.615 3942924,5,8
01:40:09.615 3942969,6,8
01:40:09.615 3953427,1,2
01:40:09.615 3953428,5,1
01:40:09.615 3953474,13,3
01:40:09.615 3953479,14,3
01:40:09.615 3953480,6,1
01:40:09.615 3967751,3,103
01:40:09.615 3967752,5,4
01:40:09.615 3967795,6,4
01:40:09.615 3969316,2,3
01:40:09.615 3969317,5,2
01:40:09.615 3969363,13,4
01:40:09.615 3969369,14,4
01:40:09.615 3969369,6,2
01:40:09.615 3985196,1,4
01:40:09.615 3985197,5,1
01:40:09.615 3985242,13,5
01:40:09.615 3985248,14,5
01:40:09.615 3985248,6,1
01:40:09.615 3992565,4,103
01:40:09.678 3992566,5,8
01:40:09.678 3992608,6,8
01:40:09.678 4001080,2,5
01:40:09.678 4001081,5,2
01:40:09.678 4001127,13,6
01:40:09.678 4001133,14,6
01:40:09.678 4001133,6,2
01:40:09.678 4016967,1,6
01:40:09.678 4016968,5,1
01:40:09.678 4017014,13,7
01:40:09.678 4017020,14,7
01:40:09.678 4017020,6,1
01:40:09.678 4017387,3,104
01:40:09.678 4017389,5,4
01:40:09.678 4017431,6,4
01:40:09.678 4032863,2,7
01:40:09.678 4032864,5,2
01:40:09.678 4032910,13,8
01:40:09.678 4032916,14,8
01:40:09.678 4032916,6,2
01:40:09.678 4042219,4,104
01:40:09.678 4042221,5,8
01:40:09.678 4042262,6,8
01:40:09.678 4048748,1,8
01:40:09.678 4048749,5,1
01:40:09.678 4048795,13,9
01:40:09.678 4048800,14,9
01:40:09.678 4048801,6,1
01:40:09.678 4064633,2,9
01:40:09.678 4064634,5,2
01:40:09.678 4064680,13,10
01:40:09.678 4064685,14,10
01:40:09.742 4064686,6,2
01:40:09.742 4067037,3,105
01:40:09.742 4067039,5,4
01:40:09.742 4067081,6,4
01:40:09.742 4080503,1,10
01:40:09.742 4080504,5,1
01:40:09.742 4080550,13,11
01:40:09.742 4080555,14,11
01:40:09.742 4080556,6,1
01:40:09.742 4091836,4,105
01:40:09.742 4091837,5,8
01:40:09.742 4091879,6,8
01:40:09.742 4096375,2,11
01:40:09.742 4096377,5,2
01:40:09.742 4096422,13,12
01:40:09.742 4096428,14,12
01:40:09.742 4096429,6,2
01:40:09.742 4112242,1,12
01:40:09.742 4112243,5,1
01:40:09.742 4112289,13,13
01:40:09.742 4112294,14,13
01:40:09.742 4112294,6,1
01:40:09.742 4116629,3,106
01:40:09.742 4116631,5,4
01:40:09.742 4116672,6,4
01:40:09.742 4128111,2,13
01:40:09.742 4128112,5,2
01:40:09.742 4128158,13,14
01:40:09.742 4128163,14,14
01:40:09.742 4128164,6,2
01:40:09.742 4141422,4,106
01:40:09.742 4141423,5,8
01:40:09.804 4141466,6,8
01:40:09.804 4143978,1,14
01:40:09.804 4143979,5,1
01:40:09.804 4144024,13,15
01:40:09.804 4144030,14,15
01:40:09.804 4144030,6,1
01:40:09.804 4159840,2,15
01:40:09.804 4159841,5,2
01:40:09.804 4159887,13,16
01:40:09.804 4159892,14,16
01:40:09.804 4159893,6,2
01:40:09.804 4166207,3,107
01:40:09.804 4166209,5,4
01:40:09.804 4166251,6,4
01:40:09.804 4175705,1,16
01:40:09.804 4175706,5,1
01:40:09.804 4175752,13,17
01:40:09.804 4175758,14,17
01:40:09.804 4175758,6,1
01:40:09.804 4190998,4,107
01:40:09.804 4190999,5,8
01:40:09.804 4191041,6,8
01:40:09.804 4191570,2,17
01:40:09.804 4191571,5,2
01:40:09.804 4191617,13,18
01:40:09.804 4191623,14,18
01:40:09.804 4191623,6,2
01:40:09.804 4207427,1,18
01:40:09.804 4207428,5,1
01:40:09.804 4207474,13,19
01:40:09.804 4207479,14,19
01:40:09.804 4207480,6,1
01:40:09.812 4215781,3,108
01:40:09.812 4215782,5,4
01:40:09.812 4215824,6,4
01:40:09.813 4223292,2,19
01:40:09.814 4223293,5,2
01:40:09.815 4223339,13,20
01:40:09.816 4223345,14,20
01:40:09.818 4223345,6,2
01:40:09.819 4239157,1,20
01:40:09.820 4239159,5,1
01:40:09.821 4239204,13,21
01:40:09.823 4239210,14,21
01:40:09.824 4239210,6,1
01:40:09.825 4240569,4,108
01:40:09.827 4240570,5,8
01:40:09.827 4240612,6,8
01:40:09.896 4255019,2,21
01:40:09.896 4255020,5,2
01:40:09.896 4255066,13,22
01:40:09.896 4255072,14,22
01:40:09.896 4255072,6,2
01:40:09.896 4265351,3,109
01:40:09.896 4265352,5,4
01:40:09.896 4265394,6,4
01:40:09.896 4270877,1,22
01:40:09.896 4270878,5,1
01:40:09.896 4270923,13,23
01:40:09.896 4270929,14,23
01:40:09.896 4270929,6,1
01:40:09.896 4286741,2,23
01:40:09.896 4286742,5,2
01:40:09.896 4286788,13,24
01:40:09.896 4286793,14,24
01:40:09.896 4286794,6,2
01:40:09.896 4290133,4,109
01:40:09.896 4290134,5,8
01:40:09.896 4290176,6,8
01:40:09.896 4302603,1,24
01:40:09.896 4302605,5,1
01:40:09.896 4302650,13,25
01:40:09.896 4302656,14,25
01:40:09.896 4302656,6,1
01:40:09.896 4314917,3,110
01:40:09.896 4314919,5,4
01:40:09.896 4314960,6,4
01:40:09.896 4318466,2,25
01:40:09.896 4318467,5,2
01:40:09.896 4318513,13,26
01:40:09.902 4318519,14,26
01:40:09.902 4318519,6,2
01:40:09.902 4334328,1,26
01:40:09.903 4334329,5,1
01:40:09.904 4334375,13,27
01:40:09.906 4334380,14,27
01:40:09.907 4334380,6,1
01:40:09.909 4339706,4,110
01:40:09.910 4339707,5,8
01:40:09.911 4339749,6,8
01:40:09.912 4350195,2,27
01:40:09.913 4350197,5,2
01:40:09.915 4350242,13,28
01:40:09.916 4350248,14,28
01:40:09.917 4350248,6,2
01:40:09.918 4364494,3,111
01:40:09.974 4364496,5,4
01:40:09.974 4364538,6,4
01:40:09.974 4366059,1,28
01:40:09.974 4366060,5,1
01:40:09.974 4366106,13,29
01:40:09.974 4366111,14,29
01:40:09.974 4366112,6,1
01:40:09.974 4381934,2,29
01:40:09.974 4381936,5,2
01:40:09.974 4381981,13,30
01:40:09.974 4381987,14,30
01:40:09.974 4381987,6,2
01:40:09.974 4389300,4,111
01:40:09.974 4389301,5,8
01:40:09.974 4389343,6,8
01:40:09.974 4397803,1,30
01:40:09.974 4397804,5,1
01:40:09.974 4397850,13,31
01:40:09.974 4397856,14,31
01:40:09.974 4397856,6,1
01:40:09.974 4413671,2,31
01:40:09.974 4413672,5,2
01:40:09.974 4413718,13,32
01:40:09.974 4413724,14,32
01:40:09.974 4413724,6,2
01:40:09.974 4414091,3,112
01:40:09.974 4414092,5,4
01:40:09.974 4414134,6,4
01:40:09.977 4429538,1,32
01:40:09.977 4429539,5,1
01:40:09.978 4429585,13,33
01:40:09.979 4429590,14,33
01:40:10.038 4429591,6,1
01:40:10.038 4438881,4,112
01:40:10.038 4438882,5,8
01:40:10.038 4438924,6,8
01:40:10.038 4445400,2,33
01:40:10.038 4445401,5,2
01:40:10.038 4445447,13,34
01:40:10.038 4445453,14,34
01:40:10.038 4445453,6,2
01:40:10.038 4461264,1,34
01:40:10.038 4461266,5,1
01:40:10.038 4461311,13,35
01:40:10.038 4461317,14,35
01:40:10.038 4461317,6,1
01:40:10.038 4463669,3,113
01:40:10.038 4463670,5,4
01:40:10.038 4463712,6,4
01:40:10.038 4477137,2,35
01:40:10.038 4477139,5,2
01:40:10.038 4477184,13,36
01:40:10.038 4477190,14,36
01:40:10.038 4477191,6,2
01:40:10.038 4488478,4,113
01:40:10.038 4488479,5,8
01:40:10.038 4488521,6,8
01:40:10.038 4493020,1,36
01:40:10.038 4493021,5,1
01:40:10.038 4493067,13,37
01:40:10.038 4493072,14,37
01:40:10.038 4493073,6,1
01:40:10.043 4508899,2,37
01:40:10.043 4508901,5,2
01:40:10.100 4508946,13,38
01:40:10.100 4508952,14,38
01:40:10.100 4508952,6,2
01:40:10.100 4521346,3,114
01:40:10.100 4521347,5,4
01:40:10.100 4521389,6,4
01:40:10.100 4524776,1,38
01:40:10.100 4524777,5,1
01:40:10.100 4524823,13,39
01:40:10.100 4524829,14,39
01:40:10.100 4524829,6,1
01:40:10.100 4538098,4,114
01:40:10.100 4538099,5,8
01:40:10.100 4538141,6,8
01:40:10.100 4540652,2,39
01:40:10.100 4540653,5,2
01:40:10.100 4540699,13,40
01:40:10.100 4540705,14,40
01:40:10.100 4540705,6,2
01:40:10.100 4556516,1,40
01:40:10.100 4556518,5,1
01:40:10.100 4556563,13,41
01:40:10.100 4556569,14,41
01:40:10.100 4556569,6,1
01:40:10.100 4562887,3,115
01:40:10.100 4562888,5,4
01:40:10.100 4562931,6,4
01:40:10.100 4572381,2,41
01:40:10.100 4572383,5,2
01:40:10.100 4572428,13,42
01:40:10.100 4572434,14,42
01:40:10.100 4572434,6,2
01:40:10.163 4587677,4,115
01:40:10.163 4587678,5,8
01:40:10.163 4587720,6,8
01:40:10.163 4588249,1,42
01:40:10.163 4588250,5,1
01:40:10.163 4588296,13,43
01:40:10.163 4588301,14,43
01:40:10.163 4588302,6,1
01:40:10.163 4604115,2,43
01:40:10.163 4604117,5,2
01:40:10.163 4604162,13,44
01:40:10.163 4604168,14,44
01:40:10.163 4604168,6,2
01:40:10.163 4612469,3,116
01:40:10.163 4612471,5,4
01:40:10.163 4612513,6,4
01:40:10.163 4619982,1,44
01:40:10.163 4619983,5,1
01:40:10.163 4620029,13,45
01:40:10.163 4620036,15,4
01:40:10.163 4620036,14,45
01:40:10.163 4620036,6,1
01:40:10.163 4620373,16,4
01:40:10.163 4635848,2,45
01:40:10.163 4635850,5,2
01:40:10.163 4635896,13,46
01:40:10.163 4635902,14,46
01:40:10.163 4635902,6,2
01:40:10.163 4637260,4,116
01:40:10.163 4637262,5,8
01:40:10.163 4637305,6,8
01:40:10.163 4651719,1,46
01:40:10.225 4651721,5,1
01:40:10.225 4651766,13,47
01:40:10.225 4651772,14,47
01:40:10.225 4651773,6,1
01:40:10.225 4662063,3,117
01:40:10.225 4662065,5,4
01:40:10.225 4662107,6,4
01:40:10.225 4667597,2,47
01:40:10.225 4667599,5,2
01:40:10.225 4667645,13,48
01:40:10.225 4667651,14,48
01:40:10.225 4667651,6,2
01:40:10.225 4683478,1,48
01:40:10.225 4683480,5,1
01:40:10.225 4683525,13,49
01:40:10.225 4683531,14,49
01:40:10.225 4683531,6,1
01:40:10.225 4686874,4,117
01:40:10.225 4686876,5,8
01:40:10.225 4686919,6,8
01:40:10.225 4691225,9,17
01:40:10.225 4699351,2,49
01:40:10.225 4699353,5,2
01:40:10.225 4699399,13,50
01:40:10.225 4699405,14,50
01:40:10.225 4699406,6,2
01:40:10.225 4711686,3,118
01:40:10.225 4711689,5,4
01:40:10.225 4711732,6,4
01:40:10.225 4715238,1,50
01:40:10.225 4715240,5,1
01:40:10.225 4715286,13,51
01:40:10.350 4715292,14,51
01:40:10.350 4715292,6,1
01:40:10.350 4731113,2,51
01:40:10.350 4731115,5,2
01:40:10.350 4731161,13,52
01:40:10.352 4731166,14,52
01:40:10.352 4731167,6,2
01:40:10.354 4732240,10,17
01:40:10.355 4740484,4,118
01:40:10.357 4740486,5,8
01:40:10.357 4740529,6,8
01:40:10.358 4746984,1,52
01:40:10.360 4746985,5,1
01:40:10.361 4747031,13,53
01:40:10.362 4747037,14,53
01:40:10.364 4747038,6,1
01:40:10.429 4761295,3,119
01:40:10.429 4761297,5,4
01:40:10.429 4761339,6,4
01:40:10.429 4762859,2,53
01:40:10.429 4762860,5,2
01:40:10.429 4762906,13,54
01:40:10.429 4762912,14,54
01:40:10.429 4762912,6,2
01:40:10.429 4778731,1,54
01:40:10.429 4778732,5,1
01:40:10.429 4778778,13,55
01:40:10.429 4778783,14,55
01:40:10.429 4778784,6,1
01:40:10.429 4786095,4,119
01:40:10.429 4786097,5,8
01:40:10.429 4786139,6,8
01:40:10.429 4794601,2,55
01:40:10.429 4794602,5,2
01:40:10.429 4794648,13,56
01:40:10.429 4794654,14,56
01:40:10.429 4794654,6,2
01:40:10.429 4810467,1,56
01:40:10.429 4810468,5,1
01:40:10.429 4810514,13,57
01:40:10.429 4810519,14,57
01:40:10.429 4810520,6,1
01:40:10.429 4810886,3,120
01:40:10.429 4810888,5,4
01:40:10.429 4810930,6,4
01:40:10.433 4826336,2,57
01:40:10.433 4826337,5,2
01:40:10.433 4826382,13,58
01:40:10.491 4826388,14,58
01:40:10.491 4826388,6,2
01:40:10.491 4835679,4,120
01:40:10.491 4835680,5,8
01:40:10.491 4835723,6,8
01:40:10.491 4842198,1,58
01:40:10.491 4842199,5,1
01:40:10.491 4842245,13,59
01:40:10.491 4842251,14,59
01:40:10.491 4842251,6,1
01:40:10.491 4858065,2,59
01:40:10.491 4858066,5,2
01:40:10.491 4858112,13,60
01:40:10.491 4858117,14,60
01:40:10.491 4858118,6,2
01:40:10.491 4860467,3,121
01:40:10.491 4860469,5,4
01:40:10.491 4860511,6,4
01:40:10.491 4873930,1,60
01:40:10.491 4873931,5,1
01:40:10.491 4873977,13,61
01:40:10.491 4873982,14,61
01:40:10.491 4873983,6,1
01:40:10.491 4885262,4,121
01:40:10.491 4885263,5,8
01:40:10.491 4885305,6,8
01:40:10.491 4889801,2,61
01:40:10.491 4889803,5,2
01:40:10.491 4889848,13,62
01:40:10.491 4889854,14,62
01:40:10.491 4889855,6,2
01:40:10.497 4905669,1,62
01:40:10.554 4905671,5,1
01:40:10.554 4905716,13,63
01:40:10.554 4905722,14,63
01:40:10.554 4905722,6,1
01:40:10.554 4910055,3,122
01:40:10.554 4910056,5,4
01:40:10.554 4910098,6,4
01:40:10.554 4921538,2,63
01:40:10.554 4921540,5,2
01:40:10.554 4921585,13,64
01:40:10.554 4921591,14,64
01:40:10.554 4921591,6,2
01:40:10.554 4934878,4,122
01:40:10.554 4934880,5,8
01:40:10.554 4934922,6,8
01:40:10.554 4937460,1,64
01:40:10.554 4937461,5,1
01:40:10.554 4937507,13,65
01:40:10.554 4937512,14,65
01:40:10.554 4937513,6,1
01:40:10.554 4953278,2,65
01:40:10.554 4953279,5,2
01:40:10.554 4953325,13,66
01:40:10.554 4953331,14,66
01:40:10.554 4953331,6,2
01:40:10.554 4959648,3,123
01:40:10.554 4959649,5,4
01:40:10.554 4959692,6,4
01:40:10.554 4969146,1,66
01:40:10.554 4969147,5,1
01:40:10.554 4969193,13,67
01:40:10.554 4969198,14,67
01:40:10.618 4969198,6,1
01:40:10.618 4984442,4,123
01:40:10.618 4984443,5,8
01:40:10.618 4984485,6,8
01:40:10.618 4985014,2,67
01:40:10.618 4985015,5,2
01:40:10.618 4985061,13,68
01:40:10.618 4985067,14,68
01:40:10.618 4985067,6,2
01:40:10.618 5000869,1,68
01:40:10.618 5000870,5,1
01:40:10.618 5000916,13,69
01:40:10.618 5000921,14,69
01:40:10.618 5000921,6,1
01:40:10.618 5009219,3,124
01:40:10.618 5009221,5,4
01:40:10.618 5009263,6,4
01:40:10.618 5016731,2,69
01:40:10.618 5016732,5,2
01:40:10.618 5016778,13,70
01:40:10.618 5016784,14,70
01:40:10.618 5016784,6,2
01:40:10.618 5032596,1,70
01:40:10.618 5032597,5,1
01:40:10.618 5032643,13,71
01:40:10.618 5032649,14,71
01:40:10.618 5032649,6,1
01:40:10.618 5034007,4,124
01:40:10.618 5034008,5,8
01:40:10.618 5034050,6,8
01:40:10.618 5048458,2,71
01:40:10.618 5048460,5,2
01:40:10.682 5048505,13,72
01:40:10.682 5048511,14,72
01:40:10.682 5048511,6,2
01:40:10.682 5058793,3,125
01:40:10.682 5058794,5,4
01:40:10.682 5058836,6,4
01:40:10.682 5064325,1,72
01:40:10.682 5064326,5,1
01:40:10.682 5064372,13,73
01:40:10.682 5064377,14,73
01:40:10.682 5064377,6,1
01:40:10.682 5080195,2,73
01:40:10.682 5080197,5,2
01:40:10.682 5080242,13,74
01:40:10.682 5080248,14,74
01:40:10.682 5080248,6,2
01:40:10.682 5083591,4,125
01:40:10.682 5083593,5,8
01:40:10.682 5083635,6,8
01:40:10.682 5096069,1,74
01:40:10.682 5096071,5,1
01:40:10.682 5096116,13,75
01:40:10.682 5096122,14,75
01:40:10.682 5096122,6,1
01:40:10.682 5108397,3,126
01:40:10.682 5108398,5,4
01:40:10.682 5108440,6,4
01:40:10.682 5111943,2,75
01:40:10.682 5111945,5,2
01:40:10.682 5111990,13,76
01:40:10.682 5111996,14,76
01:40:10.682 5111996,6,2
01:40:10.744 5127821,1,76
01:40:10.744 5127822,5,1
01:40:10.744 5127868,13,77
01:40:10.744 5127873,14,77
01:40:10.744 5127873,6,1
01:40:10.744 5133200,4,126
01:40:10.744 5133201,5,8
01:40:10.744 5133243,6,8
01:40:10.744 5143688,2,77
01:40:10.744 5143689,5,2
01:40:10.744 5143734,13,78
01:40:10.744 5143740,14,78
01:40:10.744 5143740,6,2
01:40:10.744 5157986,3,127
01:40:10.744 5157988,5,4
01:40:10.744 5158030,6,4
01:40:10.744 5159550,1,78
01:40:10.744 5159551,5,1
01:40:10.744 5159597,13,79
01:40:10.744 5159602,14,79
01:40:10.744 5159602,6,1
01:40:10.744 5175423,2,79
01:40:10.744 5175424,5,2
01:40:10.744 5175470,13,80
01:40:10.744 5175475,14,80
01:40:10.744 5175476,6,2
01:40:10.744 5182789,4,127
01:40:10.744 5182790,5,8
01:40:10.744 5182833,6,8
01:40:10.744 5191297,1,80
01:40:10.744 5191298,5,1
01:40:10.744 5191343,13,81
01:40:10.747 5191349,14,81
01:40:10.748 5191349,6,1
01:40:10.749 5207176,2,81
01:40:10.750 5207178,5,2
01:40:10.752 5207223,13,82
01:40:10.753 5207229,14,82
01:40:10.755 5207229,6,2
01:40:10.756 5207597,3,128
01:40:10.757 5207598,5,4
01:40:10.758 5207640,6,4
01:40:10.759 5223052,1,82
01:40:10.761 5223053,5,1
01:40:10.762 5223099,13,83
01:40:10.764 5223104,14,83
01:40:10.765 5223105,6,1
01:40:10.766 5232400,4,128
01:40:10.843 5232401,5,8
01:40:10.843 5232443,6,8
01:40:10.843 5238921,2,83
01:40:10.843 5238922,5,2
01:40:10.843 5238968,13,84
01:40:10.843 5238973,14,84
01:40:10.843 5238974,6,2
01:40:10.843 5254790,1,84
01:40:10.843 5254791,5,1
01:40:10.843 5254836,13,85
01:40:10.843 5254842,14,85
01:40:10.843 5254842,6,1
01:40:10.843 5257195,3,129
01:40:10.843 5257196,5,4
01:40:10.843 5257238,6,4
01:40:10.843 5270659,2,85
01:40:10.843 5270660,5,2
01:40:10.843 5270706,13,86
01:40:10.843 5270712,14,86
01:40:10.843 5270712,6,2
01:40:10.843 5281983,4,129
01:40:10.843 5281984,5,8
01:40:10.843 5282026,6,8
01:40:10.843 5286517,1,86
01:40:10.843 5286518,5,1
01:40:10.843 5286564,13,87
01:40:10.843 5286569,14,87
01:40:10.843 5286570,6,1
01:40:10.843 5302377,2,87
01:40:10.843 5302378,5,2
01:40:10.843 5302424,13,88
01:40:10.843 5302429,14,88
01:40:10.843 5302430,6,2
01:40:10.843 5306762,3,130
01:40:10.843 5306763,5,4
01:40:10.843 5306805,6,4
01:40:10.843 5318239,1,88
01:40:10.850 5318240,5,1
01:40:10.850 5318286,13,89
01:40:10.850 5318291,14,89
01:40:10.850 5318291,6,1
01:40:10.850 5331543,4,130
01:40:10.850 5331544,5,8
01:40:10.851 5331586,6,8
01:40:10.852 5334095,2,89
01:40:10.854 5334097,5,2
01:40:10.854 5334142,13,90
01:40:10.856 5334148,14,90
01:40:10.913 5334148,6,2
01:40:10.913 5349963,1,90
01:40:10.913 5349964,5,1
01:40:10.913 5350009,13,91
01:40:10.913 5350015,14,91
01:40:10.913 5350015,6,1
01:40:10.913 5356333,3,131
01:40:10.913 5356334,5,4
01:40:10.913 5356376,6,4
01:40:10.913 5365834,2,91
01:40:10.913 5365835,5,2
01:40:10.913 5365881,13,92
01:40:10.913 5365887,14,92
01:40:10.913 5365887,6,2
01:40:10.913 5381141,4,131
01:40:10.913 5381143,5,8
01:40:10.913 5381185,6,8
01:40:10.913 5381713,1,92
01:40:10.913 5381714,5,1
01:40:10.913 5381760,13,93
01:40:10.913 5381766,14,93
01:40:10.913 5381766,6,1
01:40:10.913 5397590,2,93
01:40:10.913 5397591,5,2
01:40:10.913 5397637,13,94
01:40:10.913 5397642,14,94
01:40:10.913 5397643,6,2
01:40:10.913 5405948,3,132
01:40:10.913 5405950,5,4
01:40:10.917 5405992,6,4
01:40:10.917 5413466,1,94
01:40:10.917 5413467,5,1
01:40:10.977 5413512,13,95
01:40:10.977 5413518,14,95
01:40:10.977 5413518,6,1
01:40:10.977 5429337,2,95
01:40:10.977 5429338,5,2
01:40:10.977 5429384,13,96
01:40:10.977 5429389,14,96
01:40:10.977 5429390,6,2
01:40:10.977 5430748,4,132
01:40:10.977 5430749,5,8
01:40:10.977 5430792,6,8
01:40:10.977 5445206,1,96
01:40:10.977 5445208,5,1
01:40:10.977 5445253,13,97
01:40:10.977 5445259,14,97
01:40:10.977 5445259,6,1
01:40:10.977 5455545,3,133
01:40:10.977 5455547,5,4
01:40:10.977 5455589,6,4
01:40:10.977 5461078,2,97
01:40:10.977 5461080,5,2
01:40:10.977 5461125,13,98
01:40:10.977 5461131,14,98
01:40:10.977 5461131,6,2
01:40:10.977 5476959,1,98
01:40:10.977 5476960,5,1
01:40:10.977 5477006,13,99
01:40:10.977 5477012,14,99
01:40:10.977 5477012,6,1
01:40:10.977 5480356,4,133
01:40:10.977 5480357,5,8
01:40:10.977 5480400,6,8
01:40:11.039 5492839,2,99
01:40:11.039 5492840,5,2
01:40:11.039 5492886,13,100
01:40:11.039 5492892,14,100
01:40:11.039 5492892,6,2
01:40:11.039 5505168,3,134
01:40:11.039 5505169,5,4
01:40:11.039 5505211,6,4
01:40:11.039 5508718,1,100
01:40:11.039 5508719,5,1
01:40:11.039 5508765,13,101
01:40:11.039 5508770,14,101
01:40:11.039 5508770,6,1
01:40:11.039 5524595,2,101
01:40:11.039 5524596,5,2
01:40:11.039 5524642,13,102
01:40:11.039 5524647,14,102
01:40:11.039 5524648,6,2
01:40:11.039 5529977,4,134
01:40:11.039 5529978,5,8
01:40:11.039 5530020,6,8
01:40:11.039 5541345,1,102
01:40:11.039 5541347,5,1
01:40:11.039 5541393,13,103
01:40:11.039 5541398,14,103
01:40:11.042 5541399,6,1
01:40:11.042 5554777,3,135
01:40:11.043 5554778,5,4
01:40:11.044 5554820,6,4
01:40:11.045 5556340,2,103
01:40:11.047 5556341,5,2
01:40:11.048 5556387,13,104
01:40:11.118 5556393,14,104
01:40:11.118 5556393,6,2
01:40:11.118 5572204,1,104
01:40:11.118 5572206,5,1
01:40:11.118 5572251,13,105
01:40:11.118 5572258,15,5
01:40:11.118 5572258,14,105
01:40:11.118 5572259,6,1
01:40:11.118 5572594,16,5
01:40:11.118 5579562,4,135
01:40:11.118 5579564,5,8
01:40:11.118 5579607,6,8
01:40:11.118 5588065,2,105
01:40:11.118 5588067,5,2
01:40:11.118 5588113,13,106
01:40:11.118 5588119,14,106
01:40:11.118 5588119,6,2
01:40:11.118 5603931,1,106
01:40:11.118 5603933,5,1
01:40:11.118 5603979,13,107
01:40:11.118 5603984,14,107
01:40:11.118 5603985,6,1
01:40:11.118 5604351,3,136
01:40:11.121 5604352,5,4
01:40:11.121 5604395,6,4
01:40:11.121 5619791,2,107
01:40:11.123 5619793,5,2
01:40:11.124 5619839,13,108
01:40:11.125 5619844,14,108
01:40:11.127 5619845,6,2
01:40:11.128 5629137,4,136
01:40:11.129 5629139,5,8
01:40:11.196 5629182,6,8
01:40:11.196 5635661,1,108
01:40:11.196 5635662,5,1
01:40:11.196 5635708,13,109
01:40:11.196 5635714,14,109
01:40:11.196 5635714,6,1
01:40:11.196 5643438,9,18
01:40:11.196 5651527,2,109
01:40:11.196 5651530,5,2
01:40:11.196 5651576,13,110
01:40:11.196 5651582,14,110
01:40:11.196 5651583,6,2
01:40:11.196 5653930,3,137
01:40:11.196 5653932,5,4
01:40:11.196 5653975,6,4
01:40:11.196 5667394,1,110
01:40:11.196 5667397,5,1
01:40:11.196 5667442,13,111
01:40:11.321 5667448,14,111
01:40:11.321 5667449,6,1
01:40:11.321 5678721,4,137
01:40:11.321 5678723,5,8
01:40:11.321 5678766,6,8
01:40:11.321 5683260,2,111
01:40:11.321 5683262,5,2
01:40:11.321 5683308,13,112
01:40:11.321 5683314,14,112
01:40:11.321 5683314,6,2
01:40:11.321 5684500,10,18
01:40:11.321 5699120,1,112
01:40:11.324 5699122,5,1
01:40:11.324 5699169,13,113
01:40:11.385 5699175,14,113
01:40:11.385 5699175,6,1
01:40:11.385 5703508,3,138
01:40:11.385 5703510,5,4
01:40:11.385 5703552,6,4
01:40:11.385 5714988,2,113
01:40:11.385 5714990,5,2
01:40:11.385 5715035,13,114
01:40:11.385 5715041,14,114
01:40:11.385 5715041,6,2
01:40:11.385 5728303,4,138
01:40:11.385 5728304,5,8
01:40:11.385 5728347,6,8
01:40:11.385 5730857,1,114
01:40:11.385 5730859,5,1
01:40:11.385 5730904,13,115
01:40:11.385 5730910,14,115
01:40:11.385 5730910,6,1
01:40:11.385 5746726,2,115
01:40:11.391 5746728,5,2
01:40:11.391 5746773,13,116
01:40:11.391 5746779,14,116
01:40:11.391 5746779,6,2
01:40:11.392 5753094,3,139
01:40:11.393 5753095,5,4
01:40:11.394 5753138,6,4
01:40:11.395 5762585,1,116
01:40:11.396 5762587,5,1
01:40:11.398 5762632,13,117
01:40:11.399 5762638,14,117
01:40:11.400 5762638,6,1
01:40:11.402 5777869,4,139
01:40:11.462 5777871,5,8
01:40:11.462 5777912,6,8
01:40:11.462 5778441,2,117
01:40:11.462 5778442,5,2
01:40:11.462 5778488,13,118
01:40:11.462 5778493,14,118
01:40:11.462 5778494,6,2
01:40:11.462 5794306,1,118
01:40:11.462 5794307,5,1
01:40:11.462 5794353,13,119
01:40:11.462 5794358,14,119
01:40:11.462 5794359,6,1
01:40:11.462 5802663,3,140
01:40:11.462 5802664,5,4
01:40:11.462 5802706,6,4
01:40:11.462 5810178,2,119
01:40:11.534 5810179,5,2
01:40:11.534 5810225,13,120
01:40:11.534 5810231,14,120
01:40:11.534 5810231,6,2
01:40:11.534 5826039,1,120
01:40:11.534 5826040,5,1
01:40:11.534 5826086,13,121
01:40:11.534 5826092,14,121
01:40:11.534 5826092,6,1
01:40:11.534 5827450,4,140
01:40:11.534 5827451,5,8
01:40:11.534 5827494,6,8
01:40:11.534 5841909,2,121
01:40:11.534 5841910,5,2
01:40:11.534 5841956,13,122
01:40:11.534 5841962,14,122
01:40:11.534 5841962,6,2
01:40:11.534 5852248,3,141
01:40:11.534 5852249,5,4
01:40:11.534 5852292,6,4
01:40:11.534 5857777,1,122
01:40:11.534 5857778,5,1
01:40:11.534 5857824,13,123
01:40:11.534 5857829,14,123
01:40:11.534 5857830,6,1
01:40:11.534 5873648,2,123
01:40:11.534 5873649,5,2
01:40:11.534 5873695,13,124
01:40:11.534 5873701,14,124
01:40:11.534 5873701,6,2
01:40:11.534 5877042,4,141
01:40:11.534 5877043,5,8
01:40:11.605 5877086,6,8
01:40:11.605 5889516,1,124
01:40:11.605 5889517,5,1
01:40:11.605 5889563,13,125
01:40:11.605 5889568,14,125
01:40:11.605 5889569,6,1
01:40:11.605 5901838,3,142
01:40:11.605 5901840,5,4
01:40:11.605 5901882,6,4
01:40:11.605 5905385,2,125
01:40:11.605 5905386,5,2
01:40:11.605 5905432,13,126
01:40:11.605 5905437,14,126
01:40:11.605 5905438,6,2
01:40:11.605 5921254,1,126
01:40:11.605 5921255,5,1
01:40:11.605 5921301,13,127
01:40:11.605 5921306,14,127
01:40:11.605 5921307,6,1
01:40:11.605 5926633,4,142
01:40:11.605 5926634,5,8
01:40:11.605 5926678,6,8
01:40:11.605 5937151,2,127
01:40:11.605 5937153,5,2
01:40:11.605 5937199,13,128
01:40:11.605 5937205,14,128
01:40:11.605 5937205,6,2
01:40:11.605 5951421,3,143
01:40:11.605 5951422,5,4
01:40:11.605 5951465,6,4
01:40:11.605 5952983,1,128
01:40:11.605 5952984,5,1
01:40:11.683 5953030,13,129
01:40:11.683 5953036,14,129
01:40:11.683 5953036,6,1
01:40:11.683 5968855,2,129
01:40:11.683 5968856,5,2
01:40:11.683 5968902,13,130
01:40:11.683 5968907,14,130
01:40:11.683 5968908,6,2
01:40:11.683 5976221,4,143
01:40:11.683 5976222,5,8
01:40:11.683 5976265,6,8
01:40:11.683 5984722,1,130
01:40:11.683 5984723,5,1
01:40:11.683 5984769,13,131
01:40:11.683 5984774,14,131
01:40:11.683 5984774,6,1
01:40:11.683 6000596,2,131
01:40:11.683 6000597,5,2
01:40:11.683 6000643,13,132
01:40:11.683 6000649,14,132
01:40:11.683 6000649,6,2
01:40:11.683 6001016,3,144
01:40:11.683 6001018,5,4
01:40:11.683 6001060,6,4
01:40:11.683 6016468,1,132
01:40:11.683 6016470,5,1
01:40:11.683 6016515,13,133
01:40:11.683 6016521,14,133
01:40:11.683 6016521,6,1
01:40:11.683 6025817,4,144
01:40:11.683 6025818,5,8
01:40:11.687 6025860,6,8
01:40:11.762 6032341,2,133
01:40:11.762 6032342,5,2
01:40:11.762 6032388,13,134
01:40:11.762 6032393,14,134
01:40:11.762 6032393,6,2
01:40:11.762 6051433,1,134
01:40:11.762 6051435,3,145
01:40:11.762 6051436,5,1
01:40:11.762 6051482,13,135
01:40:11.762 6051488,14,135
01:40:11.762 6051488,6,1
01:40:11.762 6051489,5,4
01:40:11.762 6051531,6,4
01:40:11.762 6064092,2,135
01:40:11.762 6064093,5,2
01:40:11.762 6064139,13,136
01:40:11.762 6064145,14,136
01:40:11.762 6064145,6,2
01:40:11.762 6075420,4,145
01:40:11.762 6075422,5,8
01:40:11.762 6075464,6,8
01:40:11.762 6079959,1,136
01:40:11.762 6079960,5,1
01:40:11.762 6080006,13,137
01:40:11.762 6080012,14,137
01:40:11.762 6080012,6,1
01:40:11.762 6095822,2,137
01:40:11.762 6095823,5,2
01:40:11.762 6095869,13,138
01:40:11.762 6095874,14,138
01:40:11.767 6095875,6,2
01:40:11.767 6100207,3,146
01:40:11.839 6100208,5,4
01:40:11.839 6100250,6,4
01:40:11.839 6111690,1,138
01:40:11.839 6111691,5,1
01:40:11.839 6111737,13,139
01:40:11.839 6111742,14,139
01:40:11.839 6111742,6,1
01:40:11.839 6125005,4,146
01:40:11.839 6125006,5,8
01:40:11.839 6125048,6,8
01:40:11.839 6127561,2,139
01:40:11.839 6127562,5,2
01:40:11.839 6127608,13,140
01:40:11.839 6127614,14,140
01:40:11.839 6127614,6,2
01:40:11.839 6143424,1,140
01:40:11.839 6143425,5,1
01:40:11.839 6143470,13,141
01:40:11.839 6143476,14,141
01:40:11.839 6143476,6,1
01:40:11.839 6149791,3,147
01:40:11.839 6149793,5,4
01:40:11.839 6149835,6,4
01:40:11.839 6159287,2,141
01:40:11.839 6159288,5,2
01:40:11.839 6159334,13,142
01:40:11.839 6159340,14,142
01:40:11.843 6159340,6,2
01:40:11.843 6174575,4,147
01:40:11.843 6174576,5,8
01:40:11.843 6174618,6,8
01:40:11.844 6175146,1,142
01:40:11.918 6175147,5,1
01:40:11.918 6175193,13,143
01:40:11.918 6175198,14,143
01:40:11.918 6175199,6,1
01:40:11.918 6191002,2,143
01:40:11.918 6191003,5,2
01:40:11.918 6191049,13,144
01:40:11.918 6191054,14,144
01:40:11.918 6191055,6,2
01:40:11.918 6199348,3,148
01:40:11.918 6199350,5,4
01:40:11.918 6199392,6,4
01:40:11.918 6206859,1,144
01:40:11.918 6206860,5,1
01:40:11.918 6206906,13,145
01:40:11.918 6206911,14,145
01:40:11.918 6206911,6,1
01:40:11.918 6222718,2,145
01:40:11.918 6222720,5,2
01:40:11.918 6222766,13,146
01:40:11.918 6222771,14,146
01:40:11.918 6222772,6,2
01:40:11.918 6224129,4,148
01:40:11.918 6224130,5,8
01:40:11.918 6224172,6,8
01:40:11.918 6238582,1,146
01:40:11.923 6238584,5,1
01:40:11.923 6238629,13,147
01:40:11.923 6238635,14,147
01:40:11.923 6238635,6,1
01:40:11.925 6248917,3,149
01:40:11.925 6248919,5,4
01:40:11.995 6248961,6,4
01:40:11.995 6254445,2,147
01:40:11.995 6254446,5,2
01:40:11.995 6254492,13,148
01:40:11.995 6254498,14,148
01:40:11.995 6254498,6,2
01:40:11.995 6270300,1,148
01:40:11.995 6270302,5,1
01:40:11.995 6270347,13,149
01:40:11.995 6270353,14,149
01:40:11.995 6270353,6,1
01:40:11.995 6273692,4,149
01:40:11.995 6273693,5,8
01:40:11.995 6273735,6,8
01:40:11.995 6286157,2,149
01:40:11.995 6286158,5,2
01:40:11.995 6286204,13,150
01:40:11.995 6286210,14,150
01:40:11.995 6286210,6,2
01:40:11.995 6298470,3,150
01:40:11.995 6298472,5,4
01:40:11.995 6298514,6,4
01:40:11.995 6302018,1,150
01:40:11.997 6302019,5,1
01:40:11.997 6302064,13,151
01:40:11.998 6302070,14,151
01:40:12.000 6302070,6,1
01:40:12.001 6317878,2,151
01:40:12.003 6317880,5,2
01:40:12.004 6317925,13,152
01:40:12.005 6317931,14,152
01:40:12.006 6317931,6,2
01:40:12.075 6323253,4,150
01:40:12.075 6323254,5,8
01:40:12.075 6323296,6,8
01:40:12.075 6333735,1,152
01:40:12.075 6333737,5,1
01:40:12.075 6333782,13,153
01:40:12.075 6333788,14,153
01:40:12.075 6333788,6,1
01:40:12.075 6348042,3,151
01:40:12.075 6348043,5,4
01:40:12.075 6348085,6,4
01:40:12.075 6349605,2,153
01:40:12.075 6349606,5,2
01:40:12.075 6349652,13,154
01:40:12.075 6349657,14,154
01:40:12.075 6349658,6,2
01:40:12.075 6365473,1,154
01:40:12.075 6365474,5,1
01:40:12.075 6365519,13,155
01:40:12.075 6365525,14,155
01:40:12.075 6365525,6,1
01:40:12.075 6372830,4,151
01:40:12.075 6372831,5,8
01:40:12.079 6372873,6,8
01:40:12.079 6381329,2,155
01:40:12.079 6381330,5,2
01:40:12.080 6381376,13,156
01:40:12.081 6381382,14,156
01:40:12.082 6381382,6,2
01:40:12.084 6397180,1,156
01:40:12.085 6397181,5,1
01:40:12.086 6397227,13,157
01:40:12.153 6397233,14,157
01:40:12.153 6397233,6,1
01:40:12.153 6397600,3,152
01:40:12.153 6397601,5,4
01:40:12.153 6397643,6,4
01:40:12.153 6413035,2,157
01:40:12.153 6413036,5,2
01:40:12.153 6413082,13,158
01:40:12.153 6413087,14,158
01:40:12.153 6413087,6,2
01:40:12.153 6422372,4,152
01:40:12.153 6422373,5,8
01:40:12.153 6422415,6,8
01:40:12.153 6428889,1,158
01:40:12.153 6428891,5,1
01:40:12.153 6428936,13,159
01:40:12.153 6428942,14,159
01:40:12.153 6428942,6,1
01:40:12.153 6444741,2,159
01:40:12.153 6444742,5,2
01:40:12.279 6444788,13,160
01:40:12.279 6444794,14,160
01:40:12.279 6444794,6,2
01:40:12.279 6447141,3,153
01:40:12.279 6447142,5,4
01:40:12.279 6447184,6,4
01:40:12.279 6460599,1,160
01:40:12.279 6460601,5,1
01:40:12.279 6460646,13,161
01:40:12.279 6460652,14,161
01:40:12.279 6460652,6,1
01:40:12.281 6471924,4,153
01:40:12.357 6471925,5,8
01:40:12.357 6471967,6,8
01:40:12.357 6476458,2,161
01:40:12.357 6476460,5,2
01:40:12.357 6476505,13,162
01:40:12.357 6476511,14,162
01:40:12.357 6476511,6,2
01:40:12.357 6492314,1,162
01:40:12.357 6492316,5,1
01:40:12.357 6492361,13,163
01:40:12.357 6492367,14,163
01:40:12.357 6492367,6,1
01:40:12.357 6496698,3,154
01:40:12.357 6496699,5,4
01:40:12.357 6496742,6,4
01:40:12.357 6508170,2,163
01:40:12.357 6508171,5,2
01:40:12.357 6508217,13,164
01:40:12.357 6508222,14,164
01:40:12.357 6508223,6,2
01:40:12.357 6521477,4,154
01:40:12.357 6521478,5,8
01:40:12.357 6521520,6,8
01:40:12.357 6524031,1,164
01:40:12.357 6524032,5,1
01:40:12.357 6524078,13,165
01:40:12.357 6524085,15,6
01:40:12.357 6524085,14,165
01:40:12.357 6524086,6,1
01:40:12.357 6524419,16,6
01:40:12.357 6539886,2,165
01:40:12.360 6539889,5,2
01:40:12.436 6539935,13,166
01:40:12.436 6539940,14,166
01:40:12.436 6539941,6,2
01:40:12.436 6546254,3,155
01:40:12.436 6546256,5,4
01:40:12.436 6546299,6,4
01:40:12.436 6555749,1,166
01:40:12.436 6555751,5,1
01:40:12.436 6555796,13,167
01:40:12.436 6555802,14,167
01:40:12.436 6555803,6,1
01:40:12.436 6571038,4,155
01:40:12.436 6571040,5,8
01:40:12.436 6571082,6,8
01:40:12.436 6571609,2,167
01:40:12.436 6571611,5,2
01:40:12.436 6571657,13,168
01:40:12.436 6571663,14,168
01:40:12.436 6571663,6,2
01:40:12.436 6587464,1,168
01:40:12.436 6587466,5,1
01:40:12.436 6587512,13,169
01:40:12.436 6587517,14,169
01:40:12.436 6587518,6,1
01:40:12.436 6595241,9,19
01:40:12.436 6595810,3,156
01:40:12.436 6595812,5,4
01:40:12.436 6595855,6,4
01:40:12.436 6603313,2,169
01:40:12.441 6603315,5,2
01:40:12.441 6603361,13,170
01:40:12.441 6603367,14,170
01:40:12.513 6603368,6,2
01:40:12.513 6619161,1,170
01:40:12.513 6619163,5,1
01:40:12.513 6619209,13,171
01:40:12.513 6619215,14,171
01:40:12.513 6619216,6,1
01:40:12.513 6620571,4,156
01:40:12.513 6620573,5,8
01:40:12.513 6620615,6,8
01:40:12.513 6635007,2,171
01:40:12.513 6635008,5,2
01:40:12.513 6635054,13,172
01:40:12.513 6635060,14,172
01:40:12.513 6635061,6,2
01:40:12.513 6636223,10,19
01:40:12.513 6651469,1,172
01:40:12.513 6651471,3,157
01:40:12.513 6651472,5,1
01:40:12.513 6651518,13,173
01:40:12.513 6651524,14,173
01:40:12.513 6651525,6,1
01:40:12.513 6651526,5,4
01:40:12.513 6651569,6,4
01:40:12.513 6666707,2,173
01:40:12.513 6666710,5,2
01:40:12.513 6666756,13,174
01:40:12.513 6666762,14,174
01:40:12.516 6666762,6,2
01:40:12.516 6671927,4,157
01:40:12.518 6671929,5,8
01:40:12.518 6671972,6,8
01:40:12.520 6682560,1,174
01:40:12.592 6682562,5,1
01:40:12.592 6682608,13,175
01:40:12.592 6682614,14,175
01:40:12.592 6682614,6,1
01:40:12.592 6694879,3,158
01:40:12.592 6694880,5,4
01:40:12.592 6694923,6,4
01:40:12.592 6698424,2,175
01:40:12.592 6698425,5,2
01:40:12.592 6698471,13,176
01:40:12.592 6698476,14,176
01:40:12.592 6698477,6,2
01:40:12.592 6714272,1,176
01:40:12.592 6714273,5,1
01:40:12.592 6714319,13,177
01:40:12.592 6714325,14,177
01:40:12.592 6714325,6,1
01:40:12.592 6719645,4,158
01:40:12.592 6719646,5,8
01:40:12.592 6719689,6,8
01:40:12.592 6730127,2,177
01:40:12.592 6730128,5,2
01:40:12.592 6730174,13,178
01:40:12.592 6730180,14,178
01:40:12.592 6730180,6,2
01:40:12.596 6744419,3,159
01:40:12.596 6744420,5,4
01:40:12.596 6744463,6,4
01:40:12.596 6745982,1,178
01:40:12.598 6745983,5,1
01:40:12.599 6746029,13,179
01:40:12.600 6746034,14,179
01:40:12.668 6746034,6,1
01:40:12.668 6761830,2,179
01:40:12.668 6761832,5,2
01:40:12.668 6761877,13,180
01:40:12.668 6761883,14,180
01:40:12.668 6761883,6,2
01:40:12.668 6769190,4,159
01:40:12.668 6769191,5,8
01:40:12.668 6769233,6,8
01:40:12.668 6777691,1,180
01:40:12.668 6777692,5,1
01:40:12.668 6777738,13,181
01:40:12.668 6777743,14,181
01:40:12.668 6777744,6,1
01:40:12.668 6793554,2,181
01:40:12.668 6793555,5,2
01:40:12.668 6793601,13,182
01:40:12.668 6793606,14,182
01:40:12.668 6793607,6,2
01:40:12.668 6793974,3,160
01:40:12.668 6793975,5,4
01:40:12.670 6794017,6,4
01:40:12.670 6809408,1,182
01:40:12.672 6809409,5,1
01:40:12.672 6809455,13,183
01:40:12.674 6809460,14,183
01:40:12.675 6809461,6,1
01:40:12.676 6818749,4,160
01:40:12.677 6818750,5,8
01:40:12.678 6818792,6,8
01:40:12.680 6825268,2,183
01:40:12.681 6825270,5,2
01:40:12.747 6825315,13,184
01:40:12.747 6825321,14,184
01:40:12.747 6825321,6,2
01:40:12.747 6841125,1,184
01:40:12.747 6841126,5,1
01:40:12.747 6841172,13,185
01:40:12.747 6841177,14,185
01:40:12.747 6841178,6,1
01:40:12.747 6843528,3,161
01:40:12.747 6843529,5,4
01:40:12.747 6843572,6,4
01:40:12.747 6856981,2,185
01:40:12.747 6856983,5,2
01:40:12.747 6857028,13,186
01:40:12.747 6857034,14,186
01:40:12.747 6857034,6,2
01:40:12.747 6868298,4,161
01:40:12.747 6868299,5,8
01:40:12.747 6868342,6,8
01:40:12.747 6872830,1,186
01:40:12.758 6872832,5,1
01:40:12.758 6872877,13,187
01:40:12.758 6872883,14,187
01:40:12.758 6872883,6,1
01:40:12.758 6888680,2,187
01:40:12.758 6888682,5,2
01:40:12.758 6888727,13,188
01:40:12.758 6888733,14,188
01:40:12.758 6888733,6,2
01:40:12.760 6893059,3,162
01:40:12.760 6893061,5,4
01:40:12.762 6893103,6,4
01:40:12.832 6904527,1,188
01:40:12.832 6904528,5,1
01:40:12.832 6904574,13,189
01:40:12.832 6904579,14,189
01:40:12.832 6904580,6,1
01:40:12.832 6917823,4,162
01:40:12.832 6917825,5,8
01:40:12.832 6917867,6,8
01:40:12.832 6920375,2,189
01:40:12.832 6920376,5,2
01:40:12.832 6920422,13,190
01:40:12.832 6920427,14,190
01:40:12.832 6920428,6,2
01:40:12.832 6936276,1,190
01:40:12.832 6936278,5,1
01:40:12.832 6936323,13,191
01:40:12.832 6936329,14,191
01:40:12.832 6936329,6,1
01:40:12.832 6942590,3,163
01:40:12.832 6942592,5,4
01:40:12.832 6942635,6,4
01:40:12.832 6952084,2,191
01:40:12.832 6952085,5,2
01:40:12.832 6952131,13,192
01:40:12.837 6952136,14,192
01:40:12.837 6952137,6,2
01:40:12.837 6967369,4,163
01:40:12.837 6967371,5,8
01:40:12.838 6967413,6,8
01:40:12.840 6967941,1,192
01:40:12.840 6967942,5,1
01:40:12.842 6967988,13,193
01:40:12.920 6967993,14,193
01:40:12.920 6967994,6,1
01:40:12.920 6983798,2,193
01:40:12.920 6983800,5,2
01:40:12.920 6983845,13,194
01:40:12.920 6983851,14,194
01:40:12.920 6983851,6,2
01:40:12.920 6992143,3,164
01:40:12.920 6992145,5,4
01:40:12.920 6992187,6,4
01:40:12.920 6999650,1,194
01:40:12.920 6999651,5,1
01:40:12.920 6999697,13,195
01:40:12.920 6999702,14,195
01:40:12.920 6999702,6,1
01:40:12.920 7015507,2,195
01:40:12.920 7015508,5,2
01:40:12.920 7015554,13,196
01:40:12.920 7015559,14,196
01:40:12.920 7015560,6,2
01:40:12.920 7016917,4,164
01:40:12.920 7016919,5,8
01:40:12.920 7016961,6,8
01:40:12.920 7031363,1,196
01:40:12.920 7031364,5,1
01:40:12.920 7031410,13,197
01:40:12.920 7031415,14,197
01:40:12.920 7031415,6,1
01:40:12.920 7041690,3,165
01:40:12.924 7041691,5,4
01:40:12.924 7041733,6,4
01:40:12.924 7047215,2,197
01:40:12.998 7047216,5,2
01:40:12.998 7047262,13,198
01:40:12.998 7047268,14,198
01:40:12.998 7047268,6,2
01:40:12.998 7071258,1,198
01:40:12.998 7071260,4,165
01:40:12.998 7071260,5,1
01:40:12.998 7071306,13,199
01:40:12.998 7071312,14,199
01:40:12.998 7071312,6,1
01:40:12.998 7071313,5,8
01:40:12.998 7071355,6,8
01:40:12.998 7078925,2,199
01:40:12.998 7078926,5,2
01:40:12.998 7078972,13,200
01:40:12.998 7078978,14,200
01:40:12.998 7078978,6,2
01:40:12.998 7091240,3,166
01:40:12.998 7091242,5,4
01:40:12.998 7091284,6,4
01:40:12.998 7094785,1,200
01:40:12.998 7094786,5,1
01:40:12.998 7094831,13,201
01:40:12.998 7094837,14,201
01:40:12.998 7094837,6,1
01:40:12.998 7110642,2,201
01:40:12.998 7110644,5,2
01:40:12.998 7110689,13,202
01:40:13.002 7110695,14,202
01:40:13.002 7110695,6,2
01:40:13.002 7116021,4,166
01:40:13.003 7116022,5,8
01:40:13.078 7116064,6,8
01:40:13.078 7126509,1,202
01:40:13.078 7126511,5,1
01:40:13.078 7126556,13,203
01:40:13.078 7126562,14,203
01:40:13.078 7126562,6,1
01:40:13.078 7140814,3,167
01:40:13.078 7140816,5,4
01:40:13.078 7140858,6,4
01:40:13.078 7142378,2,203
01:40:13.078 7142379,5,2
01:40:13.078 7142425,13,204
01:40:13.078 7142430,14,204
01:40:13.078 7142431,6,2
01:40:13.078 7158245,1,204
01:40:13.078 7158246,5,1
01:40:13.078 7158291,13,205
01:40:13.078 7158297,14,205
01:40:13.078 7158297,6,1
01:40:13.078 7165603,4,167
01:40:13.078 7165604,5,8
01:40:13.078 7165646,6,8
01:40:13.078 7174108,2,205
01:40:13.078 7174109,5,2
01:40:13.078 7174155,13,206
01:40:13.078 7174161,14,206
01:40:13.083 7174161,6,2
01:40:13.083 7189974,1,206
01:40:13.083 7189975,5,1
01:40:13.083 7190020,13,207
01:40:13.083 7190026,14,207
01:40:13.085 7190026,6,1
01:40:13.161 7190393,3,168
01:40:13.161 7190395,5,4
01:40:13.161 7190437,6,4
01:40:13.161 7205840,2,207
01:40:13.161 7205841,5,2
01:40:13.161 7205887,13,208
01:40:13.283 7205892,14,208
01:40:13.283 7205893,6,2
01:40:13.283 7215179,4,168
01:40:13.283 7215180,5,8
01:40:13.283 7215223,6,8
01:40:13.283 7221699,1,208
01:40:13.283 7221700,5,1
01:40:13.283 7221746,13,209
01:40:13.283 7221751,14,209
01:40:13.283 7221752,6,1
01:40:13.283 7237564,2,209
01:40:13.283 7237565,5,2
01:40:13.283 7237611,13,210
01:40:13.283 7237616,14,210
01:40:13.283 7237617,6,2
01:40:13.283 7239965,3,169
01:40:13.283 7239967,5,4
01:40:13.283 7240009,6,4
01:40:13.283 7253424,1,210
01:40:13.283 7253426,5,1
01:40:13.283 7253471,13,211
01:40:13.283 7253477,14,211
01:40:13.283 7253477,6,1
01:40:13.283 7264753,4,169
01:40:13.283 7264754,5,8
01:40:13.283 7264796,6,8
01:40:13.344 7269290,2,211
01:40:13.344 7269292,5,2
01:40:13.344 7269337,13,212
01:40:13.344 7269343,14,212
01:40:13.344 7269344,6,2
01:40:13.344 7285156,1,212
01:40:13.344 7285158,5,1
01:40:13.344 7285203,13,213
01:40:13.344 7285209,14,213
01:40:13.344 7285209,6,1
01:40:13.344 7289546,3,170
01:40:13.344 7289547,5,4
01:40:13.344 7289589,6,4
01:40:13.344 7301037,2,213
01:40:13.344 7301038,5,2
01:40:13.344 7301084,13,214
01:40:13.344 7301089,14,214
01:40:13.344 7301090,6,2
01:40:13.344 7314359,4,170
01:40:13.344 7314360,5,8
01:40:13.344 7314402,6,8
01:40:13.344 7316916,1,214
01:40:13.344 7316917,5,1
01:40:13.347 7316963,13,215
01:40:13.347 7316968,14,215
01:40:13.349 7316969,6,1
01:40:13.350 7332796,2,215
01:40:13.351 7332797,5,2
01:40:13.351 7332842,13,216
01:40:13.353 7332848,14,216
01:40:13.355 7332849,6,2
01:40:13.356 7339166,3,171
01:40:13.424 7339168,5,4
01:40:13.424 7339209,6,4
01:40:13.424 7348661,1,216
01:40:13.424 7348663,5,1
01:40:13.424 7348708,13,217
01:40:13.424 7348714,14,217
01:40:13.424 7348714,6,1
01:40:13.424 7363958,4,171
01:40:13.424 7363959,5,8
01:40:13.424 7364001,6,8
01:40:13.424 7364530,2,217
01:40:13.424 7364531,5,2
01:40:13.424 7364577,13,218
01:40:13.424 7364582,14,218
01:40:13.424 7364583,6,2
01:40:13.424 7380402,1,218
01:40:13.424 7380403,5,1
01:40:13.424 7380449,13,219
01:40:13.424 7380454,14,219
01:40:13.424 7380455,6,1
01:40:13.424 7388763,3,172
01:40:13.424 7388765,5,4
01:40:13.427 7388807,6,4
01:40:13.427 7396282,2,219
01:40:13.428 7396283,5,2
01:40:13.428 7396329,13,220
01:40:13.430 7396335,14,220
01:40:13.431 7396335,6,2
01:40:13.432 7412154,1,220
01:40:13.434 7412156,5,1
01:40:13.435 7412201,13,221
01:40:13.436 7412207,14,221
01:40:13.502 7412207,6,1
01:40:13.502 7413566,4,172
01:40:13.502 7413567,5,8
01:40:13.502 7413609,6,8
01:40:13.502 7428025,2,221
01:40:13.502 7428026,5,2
01:40:13.502 7428071,13,222
01:40:13.502 7428077,14,222
01:40:13.502 7428077,6,2
01:40:13.502 7438369,3,173
01:40:13.502 7438370,5,4
01:40:13.502 7438412,6,4
01:40:13.502 7443900,1,222
01:40:13.502 7443901,5,1
01:40:13.502 7443947,13,223
01:40:13.502 7443952,14,223
01:40:13.502 7443952,6,1
01:40:13.502 7459767,2,223
01:40:13.502 7459769,5,2
01:40:13.502 7459814,13,224
01:40:13.504 7459820,14,224
01:40:13.504 7459820,6,2
01:40:13.507 7463163,4,173
01:40:13.508 7463164,5,8
01:40:13.508 7463206,6,8
01:40:13.509 7475633,1,224
01:40:13.511 7475635,5,1
01:40:13.512 7475680,13,225
01:40:13.513 7475687,15,7
01:40:13.515 7475688,14,225
01:40:13.516 7475688,6,1
01:40:13.517 7476023,16,7
01:40:13.580 7487958,3,174
01:40:13.580 7487960,5,4
01:40:13.580 7488003,6,4
01:40:13.580 7491507,2,225
01:40:13.580 7491509,5,2
01:40:13.580 7491555,13,226
01:40:13.580 7491561,14,226
01:40:13.580 7491561,6,2
01:40:13.580 7507382,1,226
01:40:13.580 7507384,5,1
01:40:13.580 7507430,13,227
01:40:13.580 7507435,14,227
01:40:13.580 7507436,6,1
01:40:13.580 7512761,4,174
01:40:13.580 7512763,5,8
01:40:13.580 7512806,6,8
01:40:13.580 7523257,2,227
01:40:13.580 7523259,5,2
01:40:13.582 7523304,13,228
01:40:13.582 7523310,14,228
01:40:13.584 7523311,6,2
01:40:13.586 7537564,3,175
01:40:13.586 7537566,5,4
01:40:13.588 7537609,6,4
01:40:13.589 7539129,1,228
01:40:13.591 7539130,5,1
01:40:13.592 7539176,13,229
01:40:13.592 7539182,14,229
01:40:13.595 7539182,6,1
01:40:13.595 7546867,9,20
01:40:13.597 7554998,2,229
01:40:13.598 7555000,5,2
01:40:13.661 7555046,13,230
01:40:13.661 7555052,14,230
01:40:13.661 7555053,6,2
01:40:13.661 7562355,4,175
01:40:13.661 7562358,5,8
01:40:13.661 7562400,6,8
01:40:13.661 7570854,1,230
01:40:13.661 7570857,5,1
01:40:13.661 7570902,13,231
01:40:13.661 7570909,14,231
01:40:13.661 7570909,6,1
01:40:13.661 7586710,2,231
01:40:13.661 7586711,5,2
01:40:13.661 7586758,13,232
01:40:13.661 7586764,14,232
01:40:13.661 7586764,6,2
01:40:13.661 7587129,3,176
01:40:13.661 7587131,5,4
01:40:13.665 7587174,6,4
01:40:13.665 7587869,10,20
01:40:13.665 7603112,1,232
01:40:13.666 7603115,5,1
01:40:13.667 7603161,13,233
01:40:13.668 7603167,14,233
01:40:13.670 7603168,6,1
01:40:13.671 7616623,4,176
01:40:13.671 7616625,5,8
01:40:13.673 7616668,6,8
01:40:13.680 7618438,2,233
01:40:13.680 7618439,5,2
01:40:13.680 7618485,13,234
01:40:13.680 7618491,14,234
01:40:13.737 7618491,6,2
01:40:13.737 7634303,1,234
01:40:13.737 7634304,5,1
01:40:13.737 7634350,13,235
01:40:13.737 7634355,14,235
01:40:13.737 7634355,6,1
01:40:13.737 7636705,3,177
01:40:13.737 7636706,5,4
01:40:13.737 7636748,6,4
01:40:13.737 7650162,2,235
01:40:13.737 7650163,5,2
01:40:13.737 7650209,13,236
01:40:13.737 7650215,14,236
01:40:13.737 7650215,6,2
01:40:13.737 7661490,4,177
01:40:13.737 7661491,5,8
01:40:13.799 7661534,6,8
01:40:13.799 7666028,1,236
01:40:13.799 7666030,5,1
01:40:13.799 7666075,13,237
01:40:13.799 7666081,14,237
01:40:13.799 7666081,6,1
01:40:13.799 7681895,2,237
01:40:13.799 7681896,5,2
01:40:13.799 7681942,13,238
01:40:13.799 7681948,14,238
01:40:13.799 7681948,6,2
01:40:13.799 7686280,3,178
01:40:13.799 7686281,5,4
01:40:13.799 7686323,6,4
01:40:13.799 7697752,1,238
01:40:13.799 7697753,5,1
01:40:13.799 7697799,13,239
01:40:13.799 7697804,14,239
01:40:13.799 7697805,6,1
01:40:13.799 7711062,4,178
01:40:13.799 7711063,5,8
01:40:13.799 7711106,6,8
01:40:13.799 7713617,2,239
01:40:13.799 7713618,5,2
01:40:13.799 7713664,13,240
01:40:13.799 7713669,14,240
01:40:13.799 7713670,6,2
01:40:13.799 7729475,1,240
01:40:13.799 7729477,5,1
01:40:13.799 7729522,13,241
01:40:13.799 7729528,14,241
01:40:13.799 7729528,6,1
01:40:13.861 7735839,3,179
01:40:13.861 7735840,5,4
01:40:13.861 7735882,6,4
01:40:13.861 7745331,2,241
01:40:13.861 7745333,5,2
01:40:13.861 7745379,13,242
01:40:13.861 7745384,14,242
01:40:13.861 7745385,6,2
01:40:13.861 7760622,4,179
01:40:13.861 7760624,5,8
01:40:13.861 7760666,6,8
01:40:13.861 7761194,1,242
01:40:13.861 7761195,5,1
01:40:13.861 7761240,13,243
01:40:13.861 7761246,14,243
01:40:13.861 7761246,6,1
01:40:13.861 7777055,2,243
01:40:13.863 7777056,5,2
01:40:13.863 7777102,13,244
01:40:13.865 7777108,14,244
01:40:13.866 7777108,6,2
01:40:13.867 7785405,3,180
01:40:13.868 7785406,5,4
01:40:13.869 7785448,6,4
01:40:13.870 7792917,1,244
01:40:13.872 7792918,5,1
01:40:13.873 7792966,13,245
01:40:13.876 7792972,14,245
01:40:13.876 7792972,6,1
01:40:13.876 7808785,2,245
01:40:13.879 7808786,5,2
01:40:13.880 7808832,13,246
01:40:13.940 7808837,14,246
01:40:13.940 7808838,6,2
01:40:13.940 7810196,4,180
01:40:13.940 7810197,5,8
01:40:13.940 7810239,6,8
01:40:13.940 7824655,1,246
01:40:13.940 7824656,5,1
01:40:13.940 7824701,13,247
01:40:13.940 7824707,14,247
01:40:13.940 7824707,6,1
01:40:13.940 7834995,3,181
01:40:13.940 7834996,5,4
01:40:13.940 7835039,6,4
01:40:13.940 7840526,2,247
01:40:13.940 7840527,5,2
01:40:13.940 7840573,13,248
01:40:13.941 7840579,14,248
01:40:13.943 7840579,6,2
01:40:13.943 7856387,1,248
01:40:13.945 7856388,5,1
01:40:13.946 7856433,13,249
01:40:13.947 7856439,14,249
01:40:13.949 7856439,6,1
01:40:13.950 7859782,4,181
01:40:13.951 7859783,5,8
01:40:13.952 7859826,6,8
01:40:13.954 7872256,2,249
01:40:13.955 7872257,5,2
01:40:13.956 7872303,13,250
01:40:13.957 7872309,14,250
01:40:13.959 7872309,6,2
01:40:13.960 7884577,3,182
01:40:14.031 7884579,5,4
01:40:14.031 7884621,6,4
01:40:14.031 7888124,1,250
01:40:14.031 7888125,5,1
01:40:14.031 7888170,13,251
01:40:14.031 7888176,14,251
01:40:14.031 7888176,6,1
01:40:14.031 7903996,2,251
01:40:14.031 7903997,5,2
01:40:14.031 7904043,13,252
01:40:14.031 7904049,14,252
01:40:14.031 7904049,6,2
01:40:14.031 7909375,4,182
01:40:14.031 7909377,5,8
01:40:14.031 7909419,6,8
01:40:14.031 7919869,1,252
01:40:14.031 7919870,5,1
01:40:14.031 7919916,13,253
01:40:14.031 7919921,14,253
01:40:14.031 7919922,6,1
01:40:14.031 7934178,3,183
01:40:14.031 7934180,5,4
01:40:14.031 7934222,6,4
01:40:14.031 7935799,2,253
01:40:14.031 7935800,5,2
01:40:14.034 7935846,13,254
01:40:14.034 7935852,14,254
01:40:14.035 7935852,6,2
01:40:14.037 7951611,1,254
01:40:14.038 7951613,5,1
01:40:14.040 7951658,13,255
01:40:14.041 7951664,14,255
01:40:14.111 7951664,6,1
01:40:14.111 7958970,4,183
01:40:14.111 7958971,5,8
01:40:14.111 7959014,6,8
01:40:14.111 7967477,2,255
01:40:14.111 7967479,5,2
01:40:14.111 7967525,13,0
01:40:14.111 7967530,14,0
01:40:14.111 7967531,6,2
01:40:14.249 7983346,1,0
01:40:14.249 7983347,5,1
01:40:14.249 7983393,13,1
01:40:14.249 7983398,14,1
01:40:14.249 7983398,6,1
01:40:14.249 7983766,3,184
01:40:14.249 7983767,5,4
01:40:14.249 7983809,6,4
01:40:14.249 7999207,2,1
01:40:14.249 7999208,5,2
01:40:14.249 7999254,13,2
01:40:14.249 7999260,14,2
01:40:14.249 7999260,6,2
01:40:14.249 8008548,4,184
01:40:14.249 8008549,5,8
01:40:14.249 8008592,6,8
01:40:14.249 8015065,1,2
01:40:14.249 8015066,5,1
01:40:14.249 8015112,13,3
01:40:14.249 8015117,14,3
01:40:14.249 8015118,6,1
01:40:14.249 8030929,2,3
01:40:14.249 8030930,5,2
01:40:14.249 8030976,13,4
01:40:14.249 8030982,14,4
01:40:14.249 8030982,6,2
01:40:14.249 8033334,3,185
01:40:14.249 8033335,5,4
01:40:14.253 8033377,6,4
01:40:14.253 8046803,1,4
01:40:14.253 8046804,5,1
01:40:14.254 8046850,13,5
01:40:14.255 8046855,14,5
01:40:14.256 8046856,6,1
01:40:14.257 8058141,4,185
01:40:14.259 8058143,5,8
01:40:14.259 8058184,6,8
01:40:14.261 8062681,2,5
01:40:14.262 8062682,5,2
01:40:14.326 8062728,13,6
01:40:14.326 8062734,14,6
01:40:14.326 8062734,6,2
01:40:14.326 8078556,1,6
01:40:14.326 8078557,5,1
01:40:14.326 8078602,13,7
01:40:14.326 8078608,14,7
01:40:14.326 8078608,6,1
01:40:14.326 8082947,3,186
01:40:14.326 8082949,5,4
01:40:14.326 8082991,6,4
01:40:14.326 8094433,2,7
01:40:14.326 8094434,5,2
01:40:14.326 8094481,13,8
01:40:14.326 8094486,14,8
01:40:14.326 8094487,6,2
01:40:14.326 8107750,4,186
01:40:14.326 8107751,5,8
01:40:14.326 8107793,6,8
01:40:14.326 8110306,1,8
01:40:14.326 8110307,5,1
01:40:14.326 8110352,13,9
01:40:14.326 8110358,14,9
01:40:14.326 8110358,6,1
01:40:14.326 8126183,2,9
01:40:14.326 8126184,5,2
01:40:14.326 8126229,13,10
01:40:14.326 8126235,14,10
01:40:14.326 8126235,6,2
01:40:14.326 8132561,3,187
01:40:14.326 8132563,5,4
01:40:14.326 8132605,6,4
01:40:14.405 8142067,1,10
01:40:14.405 8142068,5,1
01:40:14.405 8142114,13,11
01:40:14.405 8142119,14,11
01:40:14.405 8142119,6,1
01:40:14.405 8157381,4,187
01:40:14.405 8157383,5,8
01:40:14.405 8157424,6,8
01:40:14.405 8157953,2,11
01:40:14.405 8157954,5,2
01:40:14.405 8158000,13,12
01:40:14.405 8158006,14,12
01:40:14.405 8158006,6,2
01:40:14.405 8173831,1,12
01:40:14.405 8173832,5,1
01:40:14.405 8173878,13,13
01:40:14.405 8173883,14,13
01:40:14.405 8173884,6,1
01:40:14.405 8182193,3,188
01:40:14.405 8182195,5,4
01:40:14.405 8182237,6,4
01:40:14.405 8189717,2,13
01:40:14.405 8189718,5,2
01:40:14.405 8189764,13,14
01:40:14.405 8189770,14,14
01:40:14.405 8189770,6,2
01:40:14.405 8205604,1,14
01:40:14.405 8205605,5,1
01:40:14.405 8205651,13,15
01:40:14.405 8205656,14,15
01:40:14.405 8205657,6,1
01:40:14.405 8207017,4,188
01:40:14.405 8207019,5,8
01:40:14.405 8207061,6,8
01:40:14.405 8221492,2,15
01:40:14.405 8221493,5,2
01:40:14.405 8221539,13,16
01:40:14.405 8221545,14,16
01:40:14.405 8221545,6,2
01:40:14.405 8231837,3,189
01:40:14.405 8231838,5,4
01:40:14.411 8231880,6,4
01:40:14.411 8237372,1,16
01:40:14.411 8237373,5,1
01:40:14.411 8237419,13,17
01:40:14.411 8237424,14,17
01:40:14.413 8237425,6,1
01:40:14.413 8253253,2,17
01:40:14.483 8253254,5,2
01:40:14.483 8253300,13,18
01:40:14.483 8253305,14,18
01:40:14.483 8253306,6,2
01:40:14.483 8256651,4,189
01:40:14.483 8256652,5,8
01:40:14.483 8256695,6,8
01:40:14.483 8269138,1,18
01:40:14.483 8269139,5,1
01:40:14.483 8269185,13,19
01:40:14.483 8269190,14,19
01:40:14.483 8269190,6,1
01:40:14.483 8281467,3,190
01:40:14.483 8281468,5,4
01:40:14.483 8281510,6,4
01:40:14.483 8285015,2,19
01:40:14.483 8285017,5,2
01:40:14.483 8285062,13,20
01:40:14.483 8285068,14,20
01:40:14.483 8285069,6,2
01:40:14.483 8300896,1,20
01:40:14.483 8300897,5,1
01:40:14.483 8300942,13,21
01:40:14.483 8300948,14,21
01:40:14.483 8300948,6,1
01:40:14.483 8306279,4,190
01:40:14.483 8306280,5,8
01:40:14.483 8306322,6,8
01:40:14.483 8316776,2,21
01:40:14.483 8316777,5,2
01:40:14.483 8316823,13,22
01:40:14.483 8316828,14,22
01:40:14.489 8316829,6,2
01:40:14.489 8331085,3,191
01:40:14.489 8331087,5,4
01:40:14.490 8331129,6,4
01:40:14.491 8332651,1,22
01:40:14.492 8332652,5,1
01:40:14.493 8332698,13,23
01:40:14.494 8332703,14,23
01:40:14.496 8332704,6,1
01:40:14.496 8348533,2,23
01:40:14.498 8348534,5,2
01:40:14.499 8348579,13,24
01:40:14.500 8348585,14,24
01:40:14.501 8348586,6,2
01:40:14.502 8355897,4,191
01:40:14.504 8355899,5,8
01:40:14.578 8355940,6,8
01:40:14.578 8364402,1,24
01:40:14.578 8364403,5,1
01:40:14.578 8364448,13,25
01:40:14.578 8364454,14,25
01:40:14.578 8364454,6,1
01:40:14.578 8380271,2,25
01:40:14.578 8380273,5,2
01:40:14.578 8380318,13,26
01:40:14.578 8380324,14,26
01:40:14.578 8380324,6,2
01:40:14.578 8380692,3,192
01:40:14.578 8380693,5,4
01:40:14.578 8380735,6,4
01:40:14.578 8396148,1,26
01:40:14.578 8396149,5,1
01:40:14.578 8396195,13,27
01:40:14.578 8396200,14,27
01:40:14.578 8396200,6,1
01:40:14.578 8405495,4,192
01:40:14.578 8405497,5,8
01:40:14.578 8405539,6,8
01:40:14.578 8412018,2,27
01:40:14.578 8412020,5,2
01:40:14.578 8412065,13,28
01:40:14.578 8412071,14,28
01:40:14.578 8412071,6,2
01:40:14.578 8427889,1,28
01:40:14.578 8427890,5,1
01:40:14.578 8427936,13,29
01:40:14.578 8427943,15,8
01:40:14.578 8427943,14,29
01:40:14.578 8427944,6,1
01:40:14.578 8428280,16,8
01:40:14.582 8430293,3,193
01:40:14.582 8430295,5,4
01:40:14.582 8430338,6,4
01:40:14.582 8443749,2,29
01:40:14.583 8443751,5,2
01:40:14.585 8443797,13,30
01:40:14.586 8443802,14,30
01:40:14.588 8443803,6,2
01:40:14.588 8455073,4,193
01:40:14.590 8455075,5,8
01:40:14.591 8455118,6,8
01:40:14.592 8459610,1,30
01:40:14.593 8459612,5,1
01:40:14.594 8459657,13,31
01:40:14.672 8459663,14,31
01:40:14.672 8459663,6,1
01:40:14.672 8475473,2,31
01:40:14.672 8475474,5,2
01:40:14.672 8475520,13,32
01:40:14.672 8475526,14,32
01:40:14.672 8475526,6,2
01:40:14.672 8479861,3,194
01:40:14.672 8479862,5,4
01:40:14.672 8479905,6,4
01:40:14.672 8491344,1,32
01:40:14.672 8491346,5,1
01:40:14.672 8491392,13,33
01:40:14.672 8491398,14,33
01:40:14.672 8491398,6,1
01:40:14.672 8499120,9,21
01:40:14.672 8504662,4,194
01:40:14.672 8504665,5,8
01:40:14.672 8504708,6,8
01:40:14.672 8507217,2,33
01:40:14.672 8507219,5,2
01:40:14.672 8507265,13,34
01:40:14.672 8507271,14,34
01:40:14.672 8507272,6,2
01:40:14.672 8523090,1,34
01:40:14.672 8523092,5,1
01:40:14.672 8523138,13,35
01:40:14.672 8523144,14,35
01:40:14.672 8523144,6,1
01:40:14.672 8529463,3,195
01:40:14.672 8529465,5,4
01:40:14.672 8529507,6,4
01:40:14.672 8538969,2,35
01:40:14.672 8538971,5,2
01:40:14.672 8539017,13,36
01:40:14.672 8539022,14,36
01:40:14.672 8539023,6,2
01:40:14.678 8540136,10,21
01:40:14.678 8555210,1,36
01:40:14.678 8555213,4,195
01:40:14.678 8555213,5,1
01:40:14.678 8555260,13,37
01:40:14.679 8555266,14,37
01:40:14.680 8555266,6,1
01:40:14.682 8555267,5,8
01:40:14.683 8555310,6,8
01:40:14.684 8570731,2,37
01:40:14.686 8570733,5,2
01:40:14.751 8570780,13,38
01:40:14.751 8570785,14,38
01:40:14.751 8570786,6,2
01:40:14.751 8579093,3,196
01:40:14.751 8579094,5,4
01:40:14.751 8579137,6,4
01:40:14.751 8586612,1,38
01:40:14.751 8586614,5,1
01:40:14.751 8586660,13,39
01:40:14.751 8586665,14,39
01:40:14.751 8586666,6,1
01:40:14.751 8602491,2,39
01:40:14.751 8602493,5,2
01:40:14.751 8602539,13,40
01:40:14.751 8602545,14,40
01:40:14.751 8602545,6,2
01:40:14.751 8603902,4,196
01:40:14.751 8603904,5,8
01:40:14.751 8603946,6,8
01:40:14.751 8618361,1,40
01:40:14.751 8618362,5,1
01:40:14.751 8618407,13,41
01:40:14.751 8618413,14,41
01:40:14.751 8618413,6,1
01:40:14.751 8628701,3,197
01:40:14.751 8628702,5,4
01:40:14.751 8628745,6,4
01:40:14.751 8634236,2,41
01:40:14.751 8634238,5,2
01:40:14.751 8634283,13,42
01:40:14.751 8634289,14,42
01:40:14.751 8634289,6,2
01:40:14.827 8650112,1,42
01:40:14.827 8650113,5,1
01:40:14.827 8650159,13,43
01:40:14.827 8650164,14,43
01:40:14.827 8650164,6,1
01:40:14.827 8653508,4,197
01:40:14.827 8653510,5,8
01:40:14.827 8653552,6,8
01:40:14.827 8665975,2,43
01:40:14.827 8665976,5,2
01:40:14.827 8666022,13,44
01:40:14.827 8666027,14,44
01:40:14.827 8666028,6,2
01:40:14.827 8678292,3,198
01:40:14.827 8678293,5,4
01:40:14.827 8678335,6,4
01:40:14.827 8681838,1,44
01:40:14.827 8681839,5,1
01:40:14.827 8681885,13,45
01:40:14.827 8681890,14,45
01:40:14.827 8681891,6,1
01:40:14.827 8697707,2,45
01:40:14.827 8697708,5,2
01:40:14.827 8697754,13,46
01:40:14.827 8697760,14,46
01:40:14.827 8697760,6,2
01:40:14.827 8703083,4,198
01:40:14.827 8703084,5,8
01:40:14.827 8703126,6,8
01:40:14.827 8713571,1,46
01:40:14.827 8713572,5,1
01:40:14.827 8713617,13,47
01:40:14.827 8713623,14,47
01:40:14.827 8713623,6,1
01:40:14.827 8727876,3,199
01:40:14.827 8727877,5,4
01:40:14.827 8727920,6,4
01:40:14.827 8729439,2,47
01:40:14.827 8729441,5,2
01:40:14.827 8729486,13,48
01:40:14.834 8729492,14,48
01:40:14.834 8729492,6,2
01:40:14.834 8745311,1,48
01:40:14.834 8745312,5,1
01:40:14.836 8745358,13,49
01:40:14.836 8745363,14,49
01:40:14.836 8745364,6,1
01:40:14.837 8752675,4,199
01:40:14.905 8752677,5,8
01:40:14.905 8752719,6,8
01:40:14.905 8761180,2,49
01:40:14.905 8761182,5,2
01:40:14.905 8761227,13,50
01:40:14.905 8761233,14,50
01:40:14.905 8761234,6,2
01:40:14.905 8777046,1,50
01:40:14.905 8777047,5,1
01:40:14.905 8777093,13,51
01:40:14.905 8777098,14,51
01:40:14.905 8777098,6,1
01:40:14.905 8777465,3,200
01:40:14.905 8777467,5,4
01:40:14.905 8777509,6,4
01:40:14.905 8792911,2,51
01:40:14.905 8792913,5,2
01:40:14.905 8792960,13,52
01:40:14.905 8792966,14,52
01:40:14.905 8792966,6,2
01:40:14.905 8802250,4,200
01:40:14.905 8802251,5,8
01:40:14.905 8802293,6,8
01:40:14.905 8808771,1,52
01:40:14.905 8808772,5,1
01:40:14.905 8808818,13,53
01:40:14.905 8808824,14,53
01:40:14.905 8808824,6,1
01:40:14.905 8824628,2,53
01:40:14.905 8824629,5,2
01:40:14.905 8824675,13,54
01:40:14.905 8824680,14,54
01:40:14.921 8824681,6,2
01:40:14.921 8827030,3,201
01:40:14.921 8827032,5,4
01:40:14.921 8827074,6,4
01:40:14.921 8840498,1,54
01:40:14.921 8840499,5,1
01:40:14.921 8840545,13,55
01:40:14.921 8840550,14,55
01:40:14.921 8840551,6,1
01:40:14.921 8851827,4,201
01:40:14.922 8851829,5,8
01:40:14.922 8851871,6,8
01:40:14.923 8856366,2,55
01:40:14.925 8856368,5,2
01:40:14.926 8856413,13,56
01:40:14.927 8856419,14,56
01:40:15.000 8856420,6,2
01:40:15.000 8872230,1,56
01:40:15.000 8872231,5,1
01:40:15.000 8872276,13,57
01:40:15.000 8872282,14,57
01:40:15.000 8872282,6,1
01:40:15.000 8876614,3,202
01:40:15.000 8876616,5,4
01:40:15.000 8876658,6,4
01:40:15.000 8888098,2,57
01:40:15.000 8888099,5,2
01:40:15.000 8888145,13,58
01:40:15.000 8888151,14,58
01:40:15.000 8888151,6,2
01:40:15.000 8901402,4,202
01:40:15.000 8901403,5,8
01:40:15.000 8901446,6,8
01:40:15.000 8903956,1,58
01:40:15.000 8903958,5,1
01:40:15.000 8904003,13,59
01:40:15.000 8904009,14,59
01:40:15.000 8904009,6,1
01:40:15.000 8919820,2,59
01:40:15.000 8919821,5,2
01:40:15.000 8919867,13,60
01:40:15.000 8919872,14,60
01:40:15.000 8919873,6,2
01:40:15.000 8926194,3,203
01:40:15.000 8926195,5,4
01:40:15.000 8926237,6,4
01:40:15.000 8935752,1,60
01:40:15.000 8935753,5,1
01:40:15.000 8935799,13,61
01:40:15.006 8935805,14,61
01:40:15.006 8935805,6,1
01:40:15.006 8950994,4,203
01:40:15.006 8950995,5,8
01:40:15.008 8951037,6,8
01:40:15.008 8951565,2,61
01:40:15.009 8951567,5,2
01:40:15.010 8951612,13,62
01:40:15.011 8951618,14,62
01:40:15.012 8951618,6,2
01:40:15.015 8967437,1,62
01:40:15.015 8967438,5,1
01:40:15.016 8967483,13,63
01:40:15.017 8967489,14,63
01:40:15.019 8967489,6,1
01:40:15.094 8975793,3,204
01:40:15.094 8975794,5,4
01:40:15.094 8975837,6,4
01:40:15.171 8983310,2,63
01:40:15.171 8983311,5,2
01:40:15.171 8983357,13,64
01:40:15.171 8983363,14,64
01:40:15.171 8983363,6,2
01:40:15.171 8999181,1,64
01:40:15.171 8999183,5,1
01:40:15.171 8999228,13,65
01:40:15.171 8999234,14,65
01:40:15.171 8999234,6,1
01:40:15.171 9000594,4,204
01:40:15.171 9000596,5,8
01:40:15.171 9000638,6,8
01:40:15.250 9015055,2,65
01:40:15.250 9015056,5,2
01:40:15.250 9015102,13,66
01:40:15.250 9015108,14,66
01:40:15.250 9015108,6,2
01:40:15.250 9025392,3,205
01:40:15.250 9025394,5,4
01:40:15.250 9025436,6,4
01:40:15.250 9030925,1,66
01:40:15.250 9030926,5,1
01:40:15.250 9030972,13,67
01:40:15.250 9030977,14,67
01:40:15.250 9030978,6,1
01:40:15.250 9046791,2,67
01:40:15.250 9046792,5,2
01:40:15.250 9046838,13,68
01:40:15.250 9046844,14,68
01:40:15.250 9046844,6,2
01:40:15.250 9050189,4,205
01:40:15.250 9050190,5,8
01:40:15.250 9050232,6,8
01:40:15.250 9062661,1,68
01:40:15.250 9062662,5,1
01:40:15.250 9062708,13,69
01:40:15.250 9062714,14,69
01:40:15.250 9062714,6,1
01:40:15.250 9074982,3,206
01:40:15.250 9074983,5,4
01:40:15.250 9075025,6,4
01:40:15.250 9078532,2,69
01:40:15.250 9078533,5,2
01:40:15.250 9078579,13,70
01:40:15.250 9078584,14,70
01:40:15.250 9078585,6,2
01:40:15.250 9094400,1,70
01:40:15.250 9094401,5,1
01:40:15.250 9094447,13,71
01:40:15.250 9094452,14,71
01:40:15.250 9094453,6,1
01:40:15.250 9099778,4,206
01:40:15.256 9099779,5,8
01:40:15.256 9099821,6,8
01:40:15.256 9111084,2,71
01:40:15.256 9111085,5,2
01:40:15.258 9111131,13,72
01:40:15.259 9111137,14,72
01:40:15.259 9111137,6,2
01:40:15.260 9124584,3,207
01:40:15.314 9124585,5,4
01:40:15.314 9124627,6,4
01:40:15.314 9126147,1,72
01:40:15.314 9126149,5,1
01:40:15.314 9126194,13,73
01:40:15.314 9126200,14,73
01:40:15.314 9126200,6,1
01:40:15.314 9142024,2,73
01:40:15.314 9142025,5,2
01:40:15.314 9142071,13,74
01:40:15.314 9142076,14,74
01:40:15.314 9142076,6,2
01:40:15.314 9149388,4,207
01:40:15.314 9149389,5,8
01:40:15.314 9149431,6,8
01:40:15.314 9157900,1,74
01:40:15.314 9157901,5,1
01:40:15.314 9157946,13,75
01:40:15.314 9157952,14,75
01:40:15.314 9157952,6,1
01:40:15.314 9173778,2,75
01:40:15.314 9173780,5,2
01:40:15.314 9173825,13,76
01:40:15.314 9173831,14,76
01:40:15.314 9173831,6,2
01:40:15.314 9174198,3,208
01:40:15.318 9174200,5,4
01:40:15.318 9174242,6,4
01:40:15.318 9189652,1,76
01:40:15.318 9189654,5,1
01:40:15.319 9189699,13,77
01:40:15.321 9189705,14,77
01:40:15.377 9189705,6,1
01:40:15.377 9198998,4,208
01:40:15.377 9198999,5,8
01:40:15.377 9199041,6,8
01:40:15.377 9205520,2,77
01:40:15.377 9205522,5,2
01:40:15.377 9205567,13,78
01:40:15.377 9205573,14,78
01:40:15.377 9205573,6,2
01:40:15.377 9221391,1,78
01:40:15.377 9221392,5,1
01:40:15.377 9221438,13,79
01:40:15.377 9221443,14,79
01:40:15.377 9221444,6,1
01:40:15.377 9223795,3,209
01:40:15.377 9223796,5,4
01:40:15.377 9223838,6,4
01:40:15.377 9237267,2,79
01:40:15.377 9237268,5,2
01:40:15.377 9237314,13,80
01:40:15.377 9237319,14,80
01:40:15.377 9237319,6,2
01:40:15.377 9248603,4,209
01:40:15.377 9248605,5,8
01:40:15.377 9248647,6,8
01:40:15.377 9253142,1,80
01:40:15.377 9253144,5,1
01:40:15.377 9253189,13,81
01:40:15.381 9253195,14,81
01:40:15.381 9253195,6,1
01:40:15.381 9269017,2,81
01:40:15.381 9269018,5,2
01:40:15.439 9269064,13,82
01:40:15.439 9269070,14,82
01:40:15.439 9269070,6,2
01:40:15.439 9273402,3,210
01:40:15.439 9273404,5,4
01:40:15.439 9273446,6,4
01:40:15.439 9284879,1,82
01:40:15.439 9284880,5,1
01:40:15.439 9284926,13,83
01:40:15.439 9284932,14,83
01:40:15.439 9284932,6,1
01:40:15.439 9298195,4,210
01:40:15.439 9298196,5,8
01:40:15.439 9298238,6,8
01:40:15.439 9300751,2,83
01:40:15.439 9300752,5,2
01:40:15.439 #trace end dropped=0 muted=46
01:40:15.439   pt[37]: min=-5946 max=5688 avg_abs=572 | fifo=1056 under=0 over=0 late=0 mdf_cb=1226 mdf_err=0
01:40:16.003   pt[38]: min=-16834 max=22652 avg_abs=914 | fifo=1248 under=0 over=0 late=0 mdf_cb=1258 mdf_err=0
01:40:16.441 in=16127Hz out=15999Hz ring=1040 under=0 over=0 (dt=1000001us) loglag=8782us
01:40:16.441 ====================================
01:40:16.441 ====================================
01:40:16.441 PREPROC TEST
01:40:16.441 ====================================
01:40:16.441 ====================================
01:40:16.441 preproc test: 2 clips, board log-mel (Application/aed/preproc.c) vs PC (scripts/aed_clips.py)
01:40:16.442   15600 x int16 -> int8 1x64x96 (6144 B), zp=33, mel LUT 461 coefs (expected 461)
01:40:16.449   [0] 5-203128-A-0.wav (dog)
01:40:16.452       preproc 69008 us
01:40:16.454       int8 vs PC: same 6144 diff 0 of 6144, max |d| 0, |d|>1: 0
01:40:16.460       board tensor -> top1 4 dog p=9998 x1e-4 (41063 us) ok
01:40:16.466       pc tensor    -> top1 4 dog p=9998 x1e-4 (40912 us) ok
01:40:16.470       PC reference: ort top1 4 dog p=9998 / noopt top1 4 dog p=9997 (x1e-4)
01:40:16.477   [1] 5-201194-A-38.wav (clock_tick)
01:40:16.480       preproc 69002 us
01:40:16.483       int8 vs PC: same 6144 diff 0 of 6144, max |d| 0, |d|>1: 0
01:40:16.488       board tensor -> top1 1 clock_tick p=9998 x1e-4 (41047 us) ok
01:40:16.495       pc tensor    -> top1 1 clock_tick p=9998 x1e-4 (40990 us) ok
01:40:16.501       PC reference: ort top1 1 clock_tick p=9998 / noopt top1 1 clock_tick p=9998 (x1e-4)
01:40:16.509   totals: same 12288 diff 0 of 12288, max |d| 0, |d|>1: 0
01:40:16.514   top1 == PC: board tensor 2/2, pc tensor 2/2
01:40:16.518 preproc test PASS (no |d| > 1, and top1 from the board tensor matches PC)
01:40:16.525   audio before: under=0 over=0 late=0 / after: under=0 over=0 late=0
01:40:16.531 ====================================
01:40:16.534 ====================================
01:40:16.538 ====================================
01:40:16.541 ====================================
01:40:16.545 READY  起動確認おわり。ここから本番
01:40:16.549 ====================================
01:40:16.552 ====================================
01:40:16.555 win   20 pos=  307200  -25dBFS [###########.........] rms= 1808 peak=22652 seam=ok lag=337us
01:40:16.564   -> unknown         p=0.50  preproc=69113us infer=41063us
01:40:16.569   pt[39]: min=-2620 max=2172 avg_abs=230 | fifo=1040 under=0 over=0 late=0 mdf_cb=1290 mdf_err=0
01:50:14.157   pt[40]: min=-1420 max=1728 avg_abs=230 | fifo=832 under=0 over=0 late=0 mdf_cb=1322 mdf_err=0
01:50:14.157 in=16128Hz out=16400Hz ring=768 under=0 over=0 (dt=999998us) logdrop=3851 loglag=5753363us
01:50:14.223   pt[41]: min=-1416 max=976 avg_abs=174 | fifo=1024 under=0 over=0 late=0 mdf_cb=1354 mdf_err=0
01:50:14.223   pt[42]: min=-1712 max=2082 avg_abs=320 | fifo=816 under=0 over=0 late=0 mdf_cb=1386 mdf_err=0
01:50:14.223 win   21 pos=  322560  -40dBFS [######..............] rms=  315 peak= 2100 seam=ok lag=334us
01:50:14.223   -> unknown         p=0.25  preproc=69076us infer=41013us
01:50:14.223 in=16128Hz out=16000Hz ring=896 under=0 over=0 (dt=1000000us) logdrop=3851 loglag=5753363us
01:50:14.223   pt[43]: min=-2482 max=2670 avg_abs=492 | fifo=1008 under=0 over=0 late=0 mdf_cb=1418 mdf_err=0
01:50:14.223   pt[44]: min=-4150 max=3288 avg_abs=460 | fifo=800 under=0 over=0 late=0 mdf_cb=1450 mdf_err=0
01:50:14.223 in=16128Hz out=16000Hz ring=1024 under=0 over=0 (dt=999999us) logdrop=3851 loglag=5753363us
01:50:14.224 win   22 pos=  337920  -39dBFS [#######.............] rms=  375 peak= 2082 seam=ok lag=150699us
01:50:14.299   -> unknown         p=0.47  preproc=69114us infer=41108us
01:50:14.299   pt[45]: min=-5526 max=4446 avg_abs=481 | fifo=992 under=0 over=0 late=0 mdf_cb=1482 mdf_err=0
01:50:14.299   pt[46]: min=-4106 max=6516 avg_abs=962 | fifo=1040 under=0 over=0 late=0 mdf_cb=1515 mdf_err=0
01:50:14.299 in=16128Hz out=16000Hz ring=1152 under=0 over=0 (dt=1000000us) logdrop=3851 loglag=5753363us
01:50:14.299 win   23 pos=  353280  -34dBFS [########............] rms=  678 peak= 2670 seam=ok lag=301795us
01:50:14.299   -> unknown         p=0.27  preproc=69061us infer=41071us
01:50:14.299   pt[47]: min=-5754 max=5954 avg_abs=654 | fifo=1232 under=0 over=0 late=0 mdf_cb=1547 mdf_err=0
01:50:14.299   pt[48]: min=-1734 max=1438 avg_abs=324 | fifo=1024 under=0 over=0 late=0 mdf_cb=1579 mdf_err=0
01:50:14.299 in=16128Hz out=16400Hz ring=880 under=0 over=0 (dt=1000000us) logdrop=3851 loglag=5753363us
01:50:14.365 win   24 pos=  368640  -28dBFS [##########..........] rms= 1259 peak= 6516 seam=ok lag=452100us
01:50:14.365   -> unknown         p=0.32  preproc=69093us infer=41036us
01:50:14.365   pt[49]: min=-1464 max=1452 avg_abs=315 | fifo=1216 under=0 over=0 late=0 mdf_cb=1611 mdf_err=0
01:50:14.365 in=16128Hz out=16000Hz ring=1008 under=0 over=0 (dt=999999us) logdrop=3851 loglag=5753363us
01:50:14.365   pt[50]: min=-650 max=576 avg_abs=153 | fifo=1008 under=0 over=0 late=0 mdf_cb=1643 mdf_err=0
01:50:14.365 win   25 pos=  384000  -30dBFS [##########..........] rms= 1003 peak= 5954 seam=ok lag=602743us
01:50:14.365   -> unknown         p=0.39  preproc=69049us infer=41009us
01:50:14.365   pt[51]: min=-1032 max=1012 avg_abs=138 | fifo=800 under=0 over=0 late=0 mdf_cb=1675 mdf_err=0
01:50:14.424 in=16128Hz out=16000Hz ring=1136 under=0 over=0 (dt=999999us) logdrop=3851 loglag=5753363us
01:50:14.424   pt[52]: min=-476 max=500 avg_abs=126 | fifo=992 under=0 over=0 late=0 mdf_cb=1707 mdf_err=0
01:50:14.424 {"win":26,"cls":"sneezing","p":0.57,"lat_ms":1856,"under":0,"over":0,"late":0}
01:50:14.424 win   26 pos=  399360  -39dBFS [#######.............] rms=  378 peak= 1464 seam=ok lag=752689us
01:50:14.424   -> sneezing        p=0.57  preproc=69110us infer=41015us
01:50:14.424   pt[53]: min=-394 max=444 avg_abs=104 | fifo=784 under=0 over=0 late=0 mdf_cb=1739 mdf_err=0
01:50:14.424 in=16128Hz out=16400Hz ring=864 under=0 over=0 (dt=1000000us) logdrop=3851 loglag=7030418us
01:50:14.424   pt[54]: min=-478 max=410 avg_abs=118 | fifo=976 under=0 over=0 late=0 mdf_cb=1771 mdf_err=0
01:50:14.490   pt[55]: min=-444 max=536 avg_abs=115 | fifo=1024 under=0 over=0 late=0 mdf_cb=1804 mdf_err=0
01:50:14.490 {"win":27,"cls":"unknown","p":0.46,"lat_ms":2007,"under":0,"over":0,"late":0}
01:50:14.490 win   27 pos=  414720  -46dBFS [####................] rms=  172 peak= 1032 seam=ok lag=903189us
01:50:14.490   -> unknown         p=0.46  preproc=69165us infer=41000us
01:50:14.490 in=16128Hz out=16000Hz ring=992 under=0 over=0 (dt=999999us) logdrop=3851 loglag=7030418us
01:50:14.490   pt[56]: min=-486 max=688 avg_abs=119 | fifo=1216 under=0 over=0 late=0 mdf_cb=1836 mdf_err=0
01:50:14.490   pt[57]: min=-482 max=408 avg_abs=105 | fifo=1008 under=0 over=0 late=0 mdf_cb=1868 mdf_err=0
01:50:14.490 {"win":28,"cls":"sneezing","p":0.89,"lat_ms":2157,"under":0,"over":0,"late":0}
01:50:14.491 win   28 pos=  430080  -47dBFS [####................] rms=  143 peak=  500 seam=ok lag=1053283us
01:50:14.549   -> sneezing        p=0.89  preproc=69085us infer=41077us
01:50:14.549 tap: window lost (overwritten before read), jumped to the newest window
01:50:14.549 in=16128Hz out=16000Hz ring=1120 under=0 over=0 (dt=1000000us) logdrop=3851 loglag=7030418us
01:50:14.549   pt[58]: min=-422 max=412 avg_abs=106 | fifo=1200 under=0 over=0 late=0 mdf_cb=1900 mdf_err=0
01:50:14.549   pt[59]: min=-398 max=412 avg_abs=113 | fifo=992 under=0 over=0 late=0 mdf_cb=1932 mdf_err=0
01:50:14.549 {"win":29,"cls":"sneezing","p":0.69,"lat_ms":1104,"under":0,"over":0,"late":0}
01:50:14.549 win   29 pos=  464656  -47dBFS [####................] rms=  139 peak=  534 seam=- lag=>=0us
01:50:14.615   -> sneezing        p=0.69  preproc=69172us infer=41083us
01:50:14.615 ====================================
01:50:14.615 ====================================
01:50:14.615 TAP TOTAL win=29
01:50:14.615 ====================================
01:50:14.615 ====================================
01:50:14.615 tap total: windows=30 (expected 32 from 498176 samples) overrun=1 torn=0 skipped=19216 seam ok=28 NG=0
01:50:14.615   tap lag max=1053283us (1 of them lower bounds) | tap write max=7123ns avg=5320ns (1946 calls)
01:50:14.615   audio under=0 over=0 late=0 | aed run=30 err=0 (last er=0)
01:50:14.615   preproc max=69172us avg=69104us | infer max=41108us avg=41029us
01:50:14.615   slow x10: window max=1102550us avg=407534us | spin n=9 max=992295us avg=991337us skipped=21
01:50:14.615   notify out=14 held=10 offlist=6 gated=0 lat max=2156634us (1 lower bounds)
01:50:14.673   log sent=220 dropped=0 lag max=0us
01:50:14.673   disp sent=9 dropped=0 max=31058us avg=17218us
01:50:14.673 ====================================
01:50:14.673 ====================================
01:50:14.673 in=16128Hz out=16000Hz ring=1248 under=0 over=0 (dt=999999us) logdrop=3851 loglag=7030418us
01:50:14.673   pt[60]: min=-510 max=472 avg_abs=113 | fifo=1184 under=0 over=0 late=0 mdf_cb=1964 mdf_err=0
01:50:14.673   pt[61]: min=-386 max=452 avg_abs=116 | fifo=976 under=0 over=0 late=0 mdf_cb=1996 mdf_err=0
01:50:14.673 {"win":30,"cls":"sneezing","p":0.58,"lat_ms":1265,"under":0,"over":0,"late":0}
01:50:14.673 win   30 pos=  480016  -47dBFS [####................] rms=  139 peak=  510 seam=ok lag=161994us
01:50:14.673   -> sneezing        p=0.58  preproc=69092us infer=41046us
01:50:14.740 in=16128Hz out=16400Hz ring=976 under=0 over=0 (dt=1000000us) logdrop=3851 loglag=7030418us
01:50:14.740   pt[62]: min=-466 max=448 avg_abs=114 | fifo=1168 under=0 over=0 late=0 mdf_cb=2028 mdf_err=0
01:50:14.740   pt[63]: min=-398 max=346 avg_abs=94 | fifo=960 under=0 over=0 late=0 mdf_cb=2060 mdf_err=0
01:50:14.740 in=16128Hz out=16000Hz ring=1104 under=0 over=0 (dt=999999us) logdrop=3851 loglag=7030418us
01:50:14.740 {"win":31,"cls":"sneezing","p":0.57,"lat_ms":1415,"under":0,"over":0,"late":0}
01:50:14.740 win   31 pos=  495376  -47dBFS [####................] rms=  140 peak=  506 seam=ok lag=311762us
01:50:14.740   -> sneezing        p=0.57  preproc=69168us infer=40994us
01:50:14.740   pt[64]: min=-660 max=748 avg_abs=139 | fifo=752 under=0 over=0 late=0 mdf_cb=2092 mdf_err=0
01:50:14.740   pt[65]: min=-642 max=710 avg_abs=121 | fifo=944 under=0 over=0 late=0 mdf_cb=2124 mdf_err=0
01:50:14.799 in=15872Hz out=16000Hz ring=976 under=0 over=0 (dt=1000000us) logdrop=3851 loglag=7030418us
01:50:14.799 {"win":32,"cls":"unknown","p":0.38,"lat_ms":1565,"under":0,"over":0,"late":0}
01:50:14.799 win   32 pos=  510736  -48dBFS [####................] rms=  133 peak=  466 seam=ok lag=462278us
01:50:14.799   -> unknown         p=0.38  preproc=69060us infer=41067us
01:50:14.799   pt[66]: min=-856 max=1182 avg_abs=213 | fifo=992 under=0 over=0 late=0 mdf_cb=2157 mdf_err=0
01:50:14.799   pt[67]: min=-922 max=826 avg_abs=170 | fifo=1184 under=0 over=0 late=0 mdf_cb=2189 mdf_err=0
01:50:14.799 in=16128Hz out=16400Hz ring=704 under=0 over=0 (dt=999999us) logdrop=3851 loglag=7030418us
01:50:14.865   pt[68]: min=-512 max=850 avg_abs=120 | fifo=976 under=0 over=0 late=0 mdf_cb=2221 mdf_err=0
01:50:14.865 {"win":33,"cls":"sneezing","p":0.78,"lat_ms":1716,"under":0,"over":0,"late":0}
01:50:14.865 win   33 pos=  526096  -46dBFS [####................] rms=  163 peak=  748 seam=ok lag=612669us
01:50:14.865   -> sneezing        p=0.78  preproc=69199us infer=41007us
01:50:14.865   pt[69]: min=-1646 max=1500 avg_abs=192 | fifo=1168 under=0 over=0 late=0 mdf_cb=2253 mdf_err=0
01:50:14.865 in=16128Hz out=16000Hz ring=832 under=0 over=0 (dt=1000000us) logdrop=3851 loglag=7030418us
01:50:14.865 in=16128Hz out=16000Hz ring=960 under=0 over=0 (dt=999999us) logdrop=3851 loglag=7030418us
01:50:14.865 lcd: win 26 -> SNEEZE p=0.57 (7011249 us after notify)
01:50:14.923 lcd: win 28 -> SNEEZE p=0.89 (4810936 us after notify)
01:50:14.923 lcd: win 29 -> SNEEZE p=0.69 (3713394 us after notify)
01:50:14.923 lcd: win 30 -> SNEEZE p=0.58 (2616920 us after notify)
01:50:14.923 lcd: win 31 -> SNEEZE p=0.57 (1520312 us after notify)
01:50:14.923 lcd: win 33 -> SNEEZE p=0.78 (6478191 us after notify)
01:50:16.174 ====================================
01:50:16.174 ====================================
01:50:16.176 FINAL
01:50:16.177 ====================================
01:50:16.180 ====================================
01:50:16.240 tap: no window for 2000 ms (audio stopped?)
01:50:16.240 tap final: windows=558 (expected 642 from 9865216 samples) overrun=66 torn=0 skipped=1283344 seam ok=491 NG=0
01:50:16.240   tap lag max=1077361us (67 of them lower bounds) | tap write max=8730ns avg=5300ns (38536 calls)
01:50:16.240   audio under=0 over=0 late=0 | aed run=558 err=0 (last er=0)
01:50:16.240   preproc max=69205us avg=69122us | infer max=41178us avg=41046us
01:50:16.240   slow x10: window max=1102930us avg=1064393us | spin n=537 max=992637us avg=991539us skipped=21
01:50:16.240   notify out=264 held=226 offlist=68 gated=0 lat max=2177243us (32 lower bounds)
01:50:16.240   log sent=271 dropped=3851 lag max=7030418us
01:50:16.240   disp sent=12 dropped=167 max=7011249us avg=2187859us
01:50:16.242 ====================================
01:50:16.299 ====================================
