18:08:49.810   pt[89]: min=-972 max=1216 avg_abs=231 | fifo=1120 under=0 over=0 late=0 mdf_cb=2895 mdf_err=0
18:08:49.810 in=16128Hz out=16000Hz ring=1312 under=0 over=0 (dt=1000000us) loglag=117688us
18:08:49.810   pt[90]: min=-1228 max=1600 avg_abs=228 | fifo=912 under=0 over=0 late=0 mdf_cb=2927 mdf_err=0
18:08:49.810 win   48 pos=  737280  -41dBFS [######..............] rms=  286 peak= 1600 seam=ok lag=339us
18:08:49.810   -> clock_tick      p=0.59  preproc=69819us infer=40985us
18:08:49.810   pt[91]: min=-764 max=948 avg_abs=201 | fifo=1104 under=0 over=0 late=0 mdf_cb=2959 mdf_err=0
18:08:49.810 in=16128Hz out=16400Hz ring=1040 under=0 over=0 (dt=999999us) loglag=117688us
18:08:49.810   pt[92]: min=-1836 max=1698 avg_abs=251 | fifo=896 under=0 over=0 late=0 mdf_cb=2991 mdf_err=0
18:08:49.810 win   49 pos=  752640  -38dBFS [#######.............] rms=  415 peak= 1836 seam=ok lag=339us
18:08:49.810   -> unknown         p=0.41  preproc=69819us infer=41034us
18:08:49.810 ====================================
18:08:49.810 ====================================
18:08:49.810 TAP TOTAL win=49
18:08:49.810 ====================================
18:08:49.810 ====================================
18:08:49.810 tap total: windows=50 (expected 50 from 770048 samples) overrun=0 torn=0 skipped=0 seam ok=49 NG=0
18:08:49.810   tap lag max=342us (0 of them lower bounds) | tap write max=6786ns avg=5331ns (3008 calls)
18:08:49.810   audio under=0 over=0 late=0 | aed run=50 err=0 (last er=0)
18:08:49.810   preproc max=69847us avg=69815us | infer max=41041us avg=41004us
18:08:49.810   notify out=15 held=28 offlist=7 gated=0 lat max=112919us (0 lower bounds)
18:08:49.810   log sent=321 dropped=0 lag max=117688us
18:08:49.810 ====================================
18:08:49.810 ====================================
18:08:49.810   pt[93]: min=-1600 max=1492 avg_abs=372 | fifo=1088 under=0 over=0 late=0 mdf_cb=3023 mdf_err=0
18:08:49.810 in=16128Hz out=16000Hz ring=1168 under=0 over=0 (dt=1000000us) loglag=117688us
18:08:49.810   pt[94]: min=-1520 max=1316 avg_abs=252 | fifo=880 under=0 over=0 late=0 mdf_cb=3055 mdf_err=0
18:08:49.810 {"win":50,"cls":"dog","p":0.66,"lat_ms":113,"under":0,"over":0,"late":0}
18:08:49.810 win   50 pos=  768000  -40dBFS [######..............] rms=  335 peak= 1520 seam=ok lag=338us
18:08:49.810   -> dog             p=0.66  preproc=69821us infer=40994us
18:08:49.810   pt[95]: min=-1274 max=1464 avg_abs=288 | fifo=1072 under=0 over=0 late=0 mdf_cb=3087 mdf_err=0
18:08:49.810 in=15872Hz out=16000Hz ring=1040 under=0 over=0 (dt=1000000us) loglag=117688us
18:08:49.810   pt[96]: min=-1064 max=1054 avg_abs=234 | fifo=864 under=0 over=0 late=0 mdf_cb=3119 mdf_err=0
18:08:49.810 {"win":51,"cls":"crackling_fire","p":0.90,"lat_ms":113,"under":0,"over":0,"late":0}
18:08:49.810 win   51 pos=  783360  -40dBFS [######..............] rms=  338 peak= 1464 seam=ok lag=337us
18:08:49.810   -> crackling_fire  p=0.90  preproc=69767us infer=41036us
18:08:49.810   pt[97]: min=-2792 max=1930 avg_abs=308 | fifo=1312 under=0 over=0 late=0 mdf_cb=3152 mdf_err=0
18:08:49.810 in=16128Hz out=16400Hz ring=768 under=0 over=0 (dt=1000000us) loglag=117688us
18:08:49.810   pt[98]: min=-2216 max=1954 avg_abs=296 | fifo=1104 under=0 over=0 late=0 mdf_cb=3184 mdf_err=0
18:08:49.810 {"win":52,"cls":"dog","p":0.99,"lat_ms":113,"under":0,"over":0,"late":0}
18:08:49.810 win   52 pos=  798720  -38dBFS [#######.............] rms=  420 peak= 2792 seam=ok lag=339us
18:08:49.810   -> dog             p=0.99  preproc=69845us infer=40984us
18:08:49.810   pt[99]: min=-3708 max=2374 avg_abs=316 | fifo=1296 under=0 over=0 late=0 mdf_cb=3216 mdf_err=0
18:08:49.810 in=16128Hz out=16000Hz ring=896 under=0 over=0 (dt=999999us) loglag=117688us
18:08:49.810 {"win":53,"cls":"dog","p":0.99,"lat_ms":113,"under":0,"over":0,"late":0}
18:08:49.810 win   53 pos=  814080  -38dBFS [#######.............] rms=  412 peak= 3708 seam=ok lag=340us
18:08:49.810   -> dog             p=0.99  preproc=69812us infer=40983us
18:08:49.810   pt[100]: min=-2274 max=1498 avg_abs=311 | fifo=1088 under=0 over=0 late=0 mdf_cb=3248 mdf_err=0
18:08:49.810 in=16128Hz out=16000Hz ring=1024 under=0 over=0 (dt=999999us) loglag=117688us
18:08:49.810   pt[101]: min=-2552 max=1676 avg_abs=295 | fifo=880 under=0 over=0 late=0 mdf_cb=3280 mdf_err=0
18:08:49.810 {"win":54,"cls":"crackling_fire","p":0.96,"lat_ms":113,"under":0,"over":0,"late":0}
18:08:49.810 win   54 pos=  829440  -38dBFS [#######.............] rms=  405 peak= 2552 seam=ok lag=336us
18:08:49.810   -> crackling_fire  p=0.96  preproc=69823us infer=41010us
18:08:49.810   pt[102]: min=-1370 max=1350 avg_abs=245 | fifo=1072 under=0 over=0 late=0 mdf_cb=3312 mdf_err=0
18:08:49.810 in=16128Hz out=16000Hz ring=1152 under=0 over=0 (dt=1000000us) loglag=117688us
18:08:49.810   pt[103]: min=-1002 max=862 avg_abs=181 | fifo=864 under=0 over=0 late=0 mdf_cb=3344 mdf_err=0
18:08:49.810 {"win":55,"cls":"crackling_fire","p":0.75,"lat_ms":113,"under":0,"over":0,"late":0}
18:08:49.810 win   55 pos=  844800  -43dBFS [#####...............] rms=  229 peak= 1002 seam=ok lag=338us
18:08:49.810   -> crackling_fire  p=0.75  preproc=69828us infer=40980us
18:08:49.810   pt[104]: min=-772 max=812 avg_abs=175 | fifo=1056 under=0 over=0 late=0 mdf_cb=3376 mdf_err=0
18:08:49.810 in=16128Hz out=16400Hz ring=880 under=0 over=0 (dt=999999us) loglag=117688us
18:08:49.810   pt[105]: min=-964 max=912 avg_abs=224 | fifo=848 under=0 over=0 late=0 mdf_cb=3408 mdf_err=0
18:08:49.810 {"win":56,"cls":"unknown","p":0.20,"lat_ms":113,"under":0,"over":0,"late":0}
18:08:49.810 win   56 pos=  860160  -42dBFS [######..............] rms=  252 peak=  964 seam=ok lag=338us
18:08:49.810   -> unknown         p=0.20  preproc=69764us infer=40984us
18:08:49.810   pt[106]: min=-812 max=738 avg_abs=172 | fifo=1040 under=0 over=0 late=0 mdf_cb=3440 mdf_err=0
18:08:49.810 in=16128Hz out=16000Hz ring=1008 under=0 over=0 (dt=999999us) loglag=117688us
18:08:49.810   pt[107]: min=-2966 max=2106 avg_abs=242 | fifo=832 under=0 over=0 late=0 mdf_cb=3472 mdf_err=0
18:08:49.810 {"win":57,"cls":"crackling_fire","p":0.74,"lat_ms":113,"under":0,"over":0,"late":0}
18:08:49.810 win   57 pos=  875520  -39dBFS [#######.............] rms=  364 peak= 3504 seam=ok lag=340us
18:08:49.810   -> crackling_fire  p=0.74  preproc=69829us infer=41034us
18:08:49.810   pt[108]: min=-3504 max=2068 avg_abs=370 | fifo=1024 under=0 over=0 late=0 mdf_cb=3504 mdf_err=0
18:08:49.810 in=16128Hz out=16000Hz ring=1136 under=0 over=0 (dt=1000000us) loglag=117688us
18:08:49.810   pt[109]: min=-2254 max=1776 avg_abs=391 | fif
18:10:11.422 
18:10:11.422 
18:10:11.422 microT-Kernel Version 3.00
18:10:11.422 
18:10:16.240 
18:10:16.240 [FAULT] vector table installed
18:10:16.240   VTOR     : 0x34080C00 -> 0x34097400
18:10:16.240   entries  : 256 (defined 211)
18:10:16.240   replaced : 184 (unhandled IRQ 179, fault exc 5)
18:10:16.240 [TRACE] CYCCNT=OK SystemCoreClock=600000000Hz (600 cyc/us) LAR_unlock=not-required
18:10:16.245 Start User-main program.
18:10:16.247 extflash init (MX66UW1G45G, XSPI2, DTR-OPI) fixes: VDDIO3_1V8=1 XSPIM=1 XSPIPHY=1 IC3=1
18:10:16.256 --- XSPI2 regs (before init) ---
18:10:16.259   PWR SVMCR3   =0x04101310  VDDIO3SV=1 VDDIO3RDY=0 VDDIO3VRSEL=1(1=1.8V) VDDIO3VMEN=0
18:10:16.265   RCC AHB5ENR  =0x00003020  XSPI2EN=1 XSPIMEN=1
18:10:16.270   RCC AHB5RSTSR=0x00000000  XSPI2RST=0 XSPIMRST=0 (1=in reset)
18:10:16.275   RCC AHB4ENR  =0x0004e0df  GPIONEN=1
18:10:16.279   RCC CCIPR6   =0x00000000  XSPI2SEL=0 (0=HCLK 1=CLKP 2=IC3 3=IC4)
18:10:16.286   RCC MISCENR  =0x00000040  XSPIPHYCOMPEN=0
18:10:16.289   RCC MISCRSTSR=0x00000000  XSPIPHY2RST=0 (1=in reset)
18:10:16.294   RCC IC3CFGR  =0x00000000  DIVENSR=0x00000000
18:10:16.298   HCLK=200000000 Hz  XSPI2 kernel clock=200000000 Hz
18:10:16.303   XSPIM CR     =0x00000010  MUXEN=0 MODE=0 CSSEL_OVR_EN=1 OVR_O2=0 REQ2ACK=0
18:10:16.311   XSPI2 CR     =0x10000301  EN=1 FMODE=1 CSSEL=0 MSEL=0 NOPREF=0
18:10:16.315   XSPI2 DCR1   =0x011a0000  DCR2=0x00000003 (PRESCALER=3)  DCR3=0x00000000  DCR4=0x00000000
18:10:16.323   XSPI2 SR     =0x00000020  BUSY=1 TCF=0 TEF=0 FTF=0 FLEVEL=0
18:10:16.329   XSPI2 CCR    =0x01002101  TCR=0x00000008  IR=0x0000005a  DLR=0x00000007
18:10:16.337   XSPI2 CALFCR =0x00000000  CALMR=0x00000000  CALSOR=0x00000000  CALSIR=0x00000000
18:10:16.344   GPION MODER  =0x03aaeaaa  OTYPER=0x00000000  OSPEEDR=0x00ff3fff  PUPDR=0x00000000
18:10:16.351   GPION AFR0   =0x09999999  AFR1=0x00009999  IDR=0x00000a29
18:10:16.356   GPION SECCFGR=0x00001fff  PRIVCFGR=0x00001fff  DELAYR0=0x00000000 DELAYR1=0x00000000  ADVCFGR0=0x00000000 ADVCFGR1=0x00000000
18:10:16.368 --- end ---
18:10:16.369   kernel clock: IC3 = PLL1 1200000000 Hz / 6
18:10:16.373   [ OK ] XSPI2 clock/reset/GPIO
18:10:16.375   [ OK ] HAL_XSPI_Init
18:10:16.377   XSPI2 kernel clock 200000000 Hz / (prescaler 3 + 1) = SCLK 50000000 Hz
18:10:16.385 --- XSPI2 regs (after HAL_XSPI_Init) ---
18:10:16.388   PWR SVMCR3   =0x04101310  VDDIO3SV=1 VDDIO3RDY=0 VDDIO3VRSEL=1(1=1.8V) VDDIO3VMEN=0
18:10:16.395   RCC AHB5ENR  =0x00003020  XSPI2EN=1 XSPIMEN=1
18:10:16.399   RCC AHB5RSTSR=0x00000000  XSPI2RST=0 XSPIMRST=0 (1=in reset)
18:10:16.406   RCC AHB4ENR  =0x0004e0df  GPIONEN=1
18:10:16.409   RCC CCIPR6   =0x00000020  XSPI2SEL=2 (0=HCLK 1=CLKP 2=IC3 3=IC4)
18:10:16.415   RCC MISCENR  =0x00000048  XSPIPHYCOMPEN=1
18:10:16.418   RCC MISCRSTSR=0x00000000  XSPIPHY2RST=0 (1=in reset)
18:10:16.424   RCC IC3CFGR  =0x00050000  DIVENSR=0x00000000
18:10:16.428   HCLK=200000000 Hz  XSPI2 kernel clock=200000000 Hz
18:10:16.432   XSPIM CR     =0x00000010  MUXEN=0 MODE=0 CSSEL_OVR_EN=1 OVR_O2=0 REQ2ACK=0
18:10:16.439   XSPI2 CR     =0x00000001  EN=1 FMODE=0 CSSEL=0 MSEL=0 NOPREF=0
18:10:16.445   XSPI2 DCR1   =0x011a0100  DCR2=0x00000003 (PRESCALER=3)  DCR3=0x00000000  DCR4=0x00000000
18:10:16.454   XSPI2 SR     =0x00000004  BUSY=0 TCF=0 TEF=0 FTF=1 FLEVEL=0
18:10:16.459   XSPI2 CCR    =0x00000000  TCR=0x00000000  IR=0x00000000  DLR=0x00000000
18:10:16.467   XSPI2 CALFCR =0x00000000  CALMR=0x00000000  CALSOR=0x00000000  CALSIR=0x00000000
18:10:16.474   GPION MODER  =0x03aaeaaa  OTYPER=0x00000000  OSPEEDR=0x00ff3fff  PUPDR=0x00000005
18:10:16.480   GPION AFR0   =0x09999999  AFR1=0x00009999  IDR=0x00000f3d
18:10:16.486   GPION SECCFGR=0x00001fff  PRIVCFGR=0x00001fff  DELAYR0=0x00000000 DELAYR1=0x00000000  ADVCFGR0=0x00000000 ADVCFGR1=0x00000000
18:10:16.498 --- end ---
18:10:16.499   [ OK ] Reset memory (SPI, STR-OPI, DTR-OPI)
18:10:16.631   [ OK ] Ready (SPI)
18:10:16.631   [ OK ] Read ID (SPI)
18:10:16.631   JEDEC ID: c2 81 3b
18:10:16.631   [ OK ] Manufacturer = Macronix (0xC2)
18:10:16.631   [ OK ] Enter DTR-OPI (CR2: 20 dummy cycles, DOPI)
18:10:16.692   [ OK ] Ready (DTR-OPI)
18:10:16.692   [ OK ] Verify CR2 = DOPI
18:10:16.692   [ OK ] Memory-mapped mode
18:10:16.692 extflash mapped at 0x70000000
18:10:16.692 extflash_init: ret=0
18:10:16.692 
18:10:16.692 [probe] reading 64B @ 0x70180000 ...
18:10:16.692 [probe] OK (no fault, D-cache was on)
18:10:16.692 70180000: f3 02 e9 fc ed 03 0d df ff 03 00 fe ff 00 fe 00
18:10:16.692 70180010: 02 01 f2 fb 00 00 fd 02 ff 06 1a 00 f6 01 01 08
18:10:16.694 70180020: 01 ff fb fa 03 00 02 f8 04 fe f5 0c 12 1b 19 e2
18:10:16.699 70180030: f9 06 02 fc f3 d6 12 f8 00 ff fe ff 00 00 01 ff
18:10:16.704 [probe] FNV-1a 0x568e47bd (expect 0x568e47bd) MATCH
18:10:16.710 npu hw init (AXISRAM3-6, NPU, CACHEAXI, RIF)
18:10:16.714   CPU cache: CCR.DC=1 CCR.IC=1  MSCR=0x0000300a (DCACTIVE=1 ICACTIVE=1 FORCEWT=0)
18:10:16.721   MPU: CTRL=0x00000007 (ENABLE=1 PRIVDEFENA=1) MAIR0=0x004f4f44 MAIR1=0x00000000, enabled regions:
18:10:16.729     region 0: 0x34080f40-0x34080fdf AttrIndx=0
18:10:16.734   RCC CFGR1=0x33330000 (SYSSWS=3, 3=IC2/IC6/IC11)  DIVENR=0x000004e7  IC6CFGR=0x00030000  IC11CFGR=0x00020000
18:10:16.803   IC6  (NPU)    : EN=1 src=PLL1 (1200000000 Hz) / 4 = 300000000 Hz
18:10:16.803   IC11 (NPU RAM): EN=1 src=PLL1 (1200000000 Hz) / 3 = 400000000 Hz
18:10:16.803   [ OK ] NPU clocks enabled by FSBL (SYSSWS=IC2/IC6/IC11, IC6EN, IC11EN)
18:10:16.803   RCC MEMENR 0x000013f0 -> 0x000017ff (AXISRAM2-6EN=11111 CACHEAXIRAMEN=1)
18:10:16.803   [ OK ] memory clocks (AXISRAM2-6, CACHEAXIRAM)
18:10:16.803   RAMCFG AXISRAM2 CR 0x00000000 -> 0x00000000 (already powered)
18:10:16.803   RAMCFG AXISRAM3 CR 0x00100000 -> 0x00000000 (was shut down)
18:10:16.803   RAMCFG AXISRAM4 CR 0x00100000 -> 0x00000000 (was shut down)
18:10:16.803   RAMCFG AXISRAM5 CR 0x00100000 -> 0x00000000 (was shut down)
18:10:16.803   RAMCFG AXISRAM6 CR 0x00100000 -> 0x00000000 (was shut down)
18:10:16.864   [ OK ] AXISRAM2-6 power on (RAMCFG SRAMSD=0)
18:10:16.864   [ram] testing AXISRAM3-6 heads 0x34200000..0x34350000 (D-cache off, interrupts masked) ...
18:10:16.864   [ram] AXISRAM3 @ 0x34200000: MATCH (0 mismatches in 64 words x 2 patterns)
18:10:16.864   [ram] AXISRAM4 @ 0x34270000: MATCH (0 mismatches in 64 words x 2 patterns)
18:10:16.864   [ram] AXISRAM5 @ 0x342e0000: MATCH (0 mismatches in 64 words x 2 patterns)
18:10:16.864   [ram] AXISRAM6 @ 0x34350000: MATCH (0 mismatches in 64 words x 2 patterns)
18:10:16.864   [ OK ] AXISRAM3-6 pattern write/read
18:10:16.864   before: AHB5ENR NPUEN=0 CACHEAXIEN=0  AHB5RSTR NPURST=0 CACHEAXIRST=0
18:10:16.867   [ OK ] NPU clock on, reset released
18:10:16.871   CACHEAXI after reset: SR=0x00000002 (BUSYF=0) after 1 us
18:10:16.876   CACHEAXI CR1=0x00000001 SR=0x00000002
18:10:16.880   [ OK ] NPU cache (CACHEAXI) enabled
18:10:16.884   locks: RIMC_CR.GLOCK=0 RISC_CR.GLOCK=0 RISC RLOCK(NPU)=0
18:10:16.888   RIMC_ATTR1 0x00000000 -> 0x00000310 (MCID=1 MSEC=1 MPRIV=1)
18:10:16.894   RISC_SECCFGR3 0x00000000 -> 0x00000400  RISC_PRIVCFGR3 0x00000000 -> 0x00000400 (NPU = bit10)
18:10:16.903   [ OK ] RIMC: NPU master = CID1, secure, privileged
18:10:16.908   [ OK ] RISC: NPU registers = secure, privileged only
18:10:16.911   [npu] reading ATON CLKCTRL VERSION @ 0x580e0004 ...
18:10:16.917   [npu] no fault. VERSION=0x01b4121f after 1 reads (TYPE=0x1f MAJOR=1 MINOR=2 AGATES=4 BGATES=0x1b) expect 0x01b4121f -> MATCH
18:10:16.928   [ OK ] NPU register read (TYPE/MAJOR/MINOR as ll_aton expects)
18:10:16.934   RISAF (expect all 0 = default filtering, secure+privileged pass):
18:10:16.940   RISAF2  AXISRAM1   : CR=0x00000000 IASR=0x00000000 BREN(region bits)=0x000
18:10:16.948   RISAF3  AXISRAM2   : CR=0x00000000 IASR=0x00000000 BREN(region bits)=0x000
18:10:16.954   RISAF4  NPU MST0   : CR=0x00000000 IASR=0x00000000 BREN(region bits)=0x000
18:10:16.960   RISAF5  NPU MST1   : CR=0x00000000 IASR=0x00000000 BREN(region bits)=0x000
18:10:16.967   RISAF6  AXISRAM3-6 : CR=0x00000000 IASR=0x00000000 BREN(region bits)=0x000
18:10:16.974   RISAF12 XSPI2 flash: CR=0x00000000 IASR=0x00000000 BREN(region bits)=0x000
18:10:16.981 npu hw ready (clk=1 mem=1 ram=1 npu=1 cache=1 rif=1 id=1)
18:10:16.986 npu_hw_init: ret=0
18:10:16.989 tap_ring_init: ret=0
18:10:16.990 notify: 4 target classes (dog crying_baby ...), OOD threshold p>0.50
18:10:16.996 notify: peak gate off (NOTIFY_GATE_PEAK_DBFS=-99)
18:10:17.002 notify_init: ret=0
18:10:17.068 preproc_init: ret=0 (mel LUT 461 coefs, expected 461)
18:10:17.068 npu rt init (ll_aton atonn-v1.1.3-262-g7cc65410, model yamnet_1024_64x96_tl_qdq_int8_OE_3_3_1)
18:10:17.068   stai_runtime_init: rc=0x0
18:10:17.068   [ OK ] stai_runtime_init
18:10:17.068   NVIC IRQ 53 (NPU0): enabled=0 pending=0
18:10:17.068   [ OK ] NPU interrupt disabled (polling only)
18:10:17.068   stai_network_init: rc=0x0 (context 56 B)
18:10:17.068   [ OK ] stai_network_init
18:10:17.068   [ OK ] stai_network_get_info
18:10:17.068   c_model=network (2026-03-30 12:19:29), runtime 1.1.3, tool 4.0.0, macc=0, nodes=101
18:10:17.068   n_inputs=1 n_outputs=1 n_activations=39 n_weights=0
18:10:17.068   [ OK ] stai_network_get_inputs/outputs
18:10:17.068   input  "Input_0_out_0" @ 0x34350000: 6144 B, format=0x00840440, shape=1x64x96x1, scale=30530542 e-9, zero_point=33
18:10:17.068   output "Softmax_102_out_0" @ 0x34350410: 40 B, format=0x00821040, shape=1x10
18:10:17.076   [ OK ] input buffer 32B aligned
18:10:17.079 npu rt ready (inference timeout 100000 us)
18:10:17.083 npu_rt_init: ret=0
18:10:17.084 npu random-input test (reference only, not a pass/fail criterion): seed=2026
18:10:17.147   input in RAM before inference: 0 of 6144 bytes differ from aed_test_input
18:10:17.147   inference: 41374 us
18:10:17.147    # class              npu    ort  ort_noopt  (x1e-4)
18:10:17.147    0 chainsaw            24     44     23
18:10:17.151    1 clock_tick        4174   2648   3153
18:10:17.154    2 crackling_fire      17     16      9
18:10:17.158    3 crying_baby          3      3      1
18:10:17.162    4 dog                  1      1      1
18:10:17.166    5 helicopter        5309   6929   6488
18:10:17.170    6 rain               247    157    187
18:10:17.173    7 rooster            120    109     76
18:10:17.178    8 sea_waves           95     81     56
18:10:17.181    9 sneezing            10     10      6
18:10:17.185   top1: 5 helicopter (5309 x1e-4)
18:10:17.186   max |npu - ort| = 1620, max |npu - ort_noopt| = 1179 (x1e-4)
18:10:17.194   input buffer head @ 0x34350000:
18:10:17.197     expected (source input)  : 2a 79 92 5a 84 2c 4e ad 3f cc 43 86 e7 d9 51 23
18:10:17.203     before inference (RAM)   : 2a 79 92 5a 84 2c 4e ad 3f cc 43 86 e7 d9 51 23
18:10:17.210     after inference (cache)  : c3 19 bd a3 8f 1d ea de da b4 80 80 80 80 80 87
18:10:17.218     after inference (RAM)    : c3 19 bd a3 8f 1d ea de da b4 80 80 80 80 80 87
18:10:17.224   random input: top1 matches PC, output NOT within 500 x1e-4 of a PC reference (reference only)
18:10:17.304 npu logits (reference only; int8 softmax input captured just before epoch 30 @ 0x34350000):
18:10:17.304   [npu] epoch callback installed: before run=1, after run=0
18:10:17.304   [npu] epoch callback calls recorded: 0
18:10:17.304   not captured (er=0, captured=0)
18:10:17.304 ====================================
18:10:17.304 ====================================
18:10:17.304 NPU SELFTEST
18:10:17.304 ====================================
18:10:17.305 ====================================
18:10:17.310 npu clip test: SKIP (AED_USE_TEST_CLIPS=0 to save code space; the preproc test judges 2 clips instead)
18:10:17.318 npu selftest NOT JUDGED
18:10:17.320 ====================================
18:10:17.324 ====================================
18:10:17.327 npu repeat x10 (same input):
18:10:17.398   [ 1]  40714 us, max diff vs first = 0 x1e-4 (bit-identical)
18:10:17.460   [ 2]  40728 us, max diff vs first = 0 x1e-4 (bit-identical)
18:10:17.522   [ 3]  40723 us, max diff vs first = 0 x1e-4 (bit-identical)
18:10:17.522   [ 4]  40736 us, max diff vs first = 0 x1e-4 (bit-identical)
18:10:17.584   [ 5]  40724 us, max diff vs first = 0 x1e-4 (bit-identical)
18:10:17.647   [ 6]  40725 us, max diff vs first = 0 x1e-4 (bit-identical)
18:10:17.709   [ 7]  40731 us, max diff vs first = 0 x1e-4 (bit-identical)
18:10:17.709   [ 8]  40725 us, max diff vs first = 0 x1e-4 (bit-identical)
18:10:17.771   [ 9]  40717 us, max diff vs first = 0 x1e-4 (bit-identical)
18:10:17.834   [10]  40724 us, max diff vs first = 0 x1e-4 (bit-identical)
18:10:17.834   inference time: min=40714 mean=40724 max=40736 us (10 of 10 runs OK)
18:10:17.834 infer_task_start: ret=0
18:10:17.834 WM8904 Device ID = 0x8904
18:10:17.834 WM8904 init (headphone, 16kHz) start
18:10:17.834   [ OK ] SW Reset
18:10:17.834   [ OK ] Clock: CLK_SYS_ENA
18:10:17.834   [ OK ] Bias control (ISEL)
18:10:17.834   [ OK ] VMID control (enable)
18:10:17.960   [ OK ] VMID control (settle)
18:10:17.960   [ OK ] Bias control (BIAS_EN)
18:10:17.960   [ OK ] Mic bias enable
18:10:17.960   [ OK ] Power mgmt0 (input disable)
18:10:17.960   [ OK ] Power mgmt2 (HP PGA enable)
18:10:17.960   [ OK ] Clock: CLK_DSP_ENA
18:10:17.960   [ OK ] Power mgmt6 (DAC/ADC enable)
18:10:17.960   [ OK ] Digital mic disable
18:10:17.960   [ OK ] GPIO1 control (default)
18:10:17.960   [ OK ] DRC0 (disabled)
18:10:17.960   [ OK ] Analog ADC0 (OSR128)
18:10:17.960   [ OK ] DAC digital1 (muted)
18:10:17.960   [ OK ] Audio interface0 (ADC src)
18:10:17.962   [ OK ] Audio interface1 (16b/I2S)
18:10:17.965   [ OK ] Clock rates1 (16kHz)
18:10:17.967   [ OK ] HP volume (left)
18:10:17.970   [ OK ] HP volume (right)
18:10:17.972   [ OK ] ADC digital volume (muted)
18:10:17.976   [ OK ] Charge pump enable
18:10:17.979   [ OK ] Analog HP (enable)
18:10:17.981   [ OK ] Analog HP (enable delay)
18:10:17.983   [ OK ] DC servo (channel enable)
18:10:17.987   [ OK ] DC servo (startup trigger)
18:10:18.115   [ OK ] DC servo (startup wait)
18:10:18.115   [ OK ] Analog HP (output enable)
18:10:18.115   [ OK ] Analog HP (remove short)
18:10:18.115   [ OK ] Class W (dynamic power)
18:10:18.115 WM8904 init (headphone, 16kHz) done
18:10:18.115 SAI1 peripheral init OK (kerclk=24571428 mckdiv=12 -> Fs=7998Hz)
18:10:18.115 MDF1 (PDM mic) init OK (step=6)
18:10:18.115 WM8904 DAC unmute OK
18:10:18.115 SAI1 DMA start OK (440Hz sine, output path check)
18:10:19.113 MDF1 acquisition start OK
18:10:19.174 Passthrough ACTIVE (mic -> headphone, prefill=1280 samples, mdf_cb=5)
18:10:19.179 Speak into the onboard mics; you should hear it and avg_abs should rise.
18:10:19.689   pt[0]: min=-738 max=32767 avg_abs=758 | fifo=1072 under=0 over=0 late=0 mdf_cb=37 mdf_err=0
18:10:20.188 {"win":0,"cls":"unknown","p":0.34,"lat_ms":113,"under":0,"over":0,"late":0}
18:10:20.190 win    0 pos=       0  -24dBFS [############........] rms= 2064 peak=32767 seam=- lag=339us
18:10:20.197   -> unknown         p=0.34  preproc=69831us infer=40989us
18:10:20.202 in=15858Hz out=16125Hz ring=1008 under=0 over=0 (dt=1017021us) loglag=66995us
18:10:20.210   pt[1]: min=-962 max=834 avg_abs=215 | fifo=1264 under=0 over=0 late=0 mdf_cb=69 mdf_err=0
18:10:20.719   pt[2]: min=-736 max=852 avg_abs=214 | fifo=1056 under=0 over=0 late=0 mdf_cb=101 mdf_err=0
18:10:21.167 win    1 pos=   15360  -42dBFS [######..............] rms=  254 peak=  852 seam=ok lag=338us
18:10:21.167   -> unknown         p=0.43  preproc=69776us infer=40985us
18:10:21.229 in=16242Hz out=16113Hz ring=1136 under=0 over=0 (dt=992976us) loglag=66995us
18:10:21.229   pt[3]: min=-784 max=602 avg_abs=186 | fifo=1248 under=0 over=0 late=0 mdf_cb=133 mdf_err=0
18:10:21.744   pt[4]: min=-1130 max=760 avg_abs=257 | fifo=1040 under=0 over=0 late=0 mdf_cb=165 mdf_err=0
18:10:22.135 win    2 pos=   30720  -41dBFS [######..............] rms=  284 peak= 1130 seam=ok lag=339us
18:10:22.135   -> clock_tick      p=0.64  preproc=69830us infer=40981us
18:10:22.260 in=16128Hz out=16400Hz ring=864 under=0 over=0 (dt=1000000us) loglag=66995us
18:10:22.260   pt[5]: min=-802 max=666 avg_abs=202 | fifo=832 under=0 over=0 late=0 mdf_cb=197 mdf_err=0
18:10:22.822   pt[6]: min=-788 max=786 avg_abs=181 | fifo=1024 under=0 over=0 late=0 mdf_cb=229 mdf_err=0
18:10:23.073 win    3 pos=   46080  -43dBFS [#####...............] rms=  229 peak=  802 seam=ok lag=339us
18:10:23.073   -> unknown         p=0.27  preproc=69836us infer=41031us
18:10:23.259 in=16128Hz out=16000Hz ring=992 under=0 over=0 (dt=1000000us) loglag=66995us
18:10:23.319   pt[7]: min=-718 max=712 avg_abs=167 | fifo=816 under=0 over=0 late=0 mdf_cb=261 mdf_err=0
18:10:23.818   pt[8]: min=-684 max=736 avg_abs=182 | fifo=1008 under=0 over=0 late=0 mdf_cb=293 mdf_err=0
18:10:24.068 win    4 pos=   61440  -44dBFS [#####...............] rms=  218 peak=  736 seam=ok lag=340us
18:10:24.068   -> unknown         p=0.29  preproc=69833us infer=40985us
18:10:24.253 in=16128Hz out=16000Hz ring=1120 under=0 over=0 (dt=999999us) loglag=66995us
18:10:24.314   pt[9]: min=-802 max=614 avg_abs=164 | fifo=800 under=0 over=0 late=0 mdf_cb=325 mdf_err=0
18:10:24.877   pt[10]: min=-800 max=886 avg_abs=258 | fifo=992 under=0 over=0 late=0 mdf_cb=357 mdf_err=0
18:10:25.002 win    5 pos=   76800  -41dBFS [######..............] rms=  288 peak=  886 seam=ok lag=340us
18:10:25.002   -> clock_tick      p=0.54  preproc=69823us infer=40985us
18:10:25.252 in=16128Hz out=16000Hz ring=1248 under=0 over=0 (dt=1000000us) loglag=66995us
18:10:25.378   pt[11]: min=-806 max=930 avg_abs=272 | fifo=1040 under=0 over=0 late=0 mdf_cb=390 mdf_err=0
18:10:26.004   pt[12]: min=-650 max=896 avg_abs=217 | fifo=1232 under=0 over=0 late=0 mdf_cb=422 mdf_err=0
18:10:26.004 win    6 pos=   92160  -41dBFS [######..............] rms=  290 peak=  930 seam=ok lag=337us
18:10:26.004   -> unknown         p=0.39  preproc=69804us infer=40988us
18:10:26.254 in=16128Hz out=16400Hz ring=976 under=0 over=0 (dt=1000000us) loglag=102663us
18:10:26.379   pt[13]: min=-826 max=786 avg_abs=177 | fifo=1024 under=0 over=0 late=0 mdf_cb=454 mdf_err=0
18:10:26.941   pt[14]: min=-606 max=720 avg_abs=193 | fifo=1216 under=0 over=0 late=0 mdf_cb=486 mdf_err=0
18:10:26.941 win    7 pos=  107520  -43dBFS [#####...............] rms=  231 peak=  826 seam=ok lag=339us
18:10:26.941   -> unknown         p=0.34  preproc=69832us infer=40985us
18:10:27.251 in=16128Hz out=16000Hz ring=1104 under=0 over=0 (dt=999999us) loglag=102663us
18:10:27.441   pt[15]: min=-808 max=920 avg_abs=220 | fifo=1008 under=0 over=0 late=0 mdf_cb=518 mdf_err=0
18:10:27.880 win    8 pos=  122880  -42dBFS [######..............] rms=  266 peak=  920 seam=ok lag=339us
18:10:27.880   -> unknown         p=0.36  preproc=69838us infer=41010us
18:10:27.941   pt[16]: min=-800 max=672 avg_abs=201 | fifo=1200 under=0 over=0 late=0 mdf_cb=550 mdf_err=0
18:10:28.255 in=15872Hz out=16000Hz ring=976 under=0 over=0 (dt=1000000us) loglag=102663us
18:10:28.445   pt[17]: min=-688 max=1010 avg_abs=248 | fifo=992 under=0 over=0 late=0 mdf_cb=582 mdf_err=0
18:10:28.694 #trace begin clk=600000000Hz entries=4096 span_us=9313563 stop=ring-full
18:10:28.694 t_us,id,arg
18:10:28.694 0,2,9
18:10:28.694 1,5,2
18:10:28.694 47,13,10
18:10:28.694 52,14,10
18:10:28.694 53,6,2
18:10:28.694 284,3,23
18:10:28.694 285,5,4
18:10:28.694 327,6,4
18:10:28.694 15886,1,10
18:10:28.694 15888,5,1
18:10:28.694 15933,13,11
18:10:28.694 15939,14,11
18:10:28.694 15939,6,1
18:10:28.694 25105,4,23
18:10:28.694 25106,5,8
18:10:28.694 25148,6,8
18:10:28.756 31774,2,11
18:10:28.756 31775,5,2
18:10:28.756 31821,13,12
18:10:28.756 31827,14,12
18:10:28.756 31827,6,2
18:10:28.756 47666,1,12
18:10:28.756 47668,5,1
18:10:28.756 47713,13,13
18:10:28.756 47719,14,13
18:10:28.756 47719,6,1
18:10:28.756 49937,3,24
18:10:28.756 49939,5,4
18:10:28.881 49981,6,4
18:10:28.881 63558,2,13
18:10:28.881 63559,5,2
18:10:28.881 63605,13,14
18:10:28.881 63611,14,14
18:10:28.881 63611,6,2
18:10:28.881 74769,4,24
18:10:28.881 74770,5,8
18:10:28.881 74812,6,8
18:10:28.881 79447,1,14
18:10:28.881 79448,5,1
18:10:28.881 79494,13,15
18:10:28.881 79499,14,15
18:10:28.881 79500,6,1
18:10:28.881 95332,2,15
18:10:28.881 95333,5,2
18:10:28.881 95379,13,16
18:10:28.881 95384,14,16
18:10:28.881 95385,6,2
18:10:28.881 99588,3,25
18:10:28.881 99589,5,4
18:10:28.881 99631,6,4
18:10:28.881 111226,1,16
18:10:28.881 111227,5,1
18:10:28.881 111273,13,17
18:10:28.881 111279,14,17
18:10:28.881 111279,6,1
18:10:28.881 124426,4,25
18:10:28.881 124428,5,8
18:10:28.881 124470,6,8
18:10:28.881 127122,2,17
18:10:28.881 127124,5,2
18:10:28.885 127169,13,18
18:10:28.885 127175,14,18
18:10:28.885 127175,6,2
18:10:28.885 143022,1,18
18:10:28.943 143023,5,1
18:10:28.943 143069,13,19
18:10:28.943 143074,14,19
18:10:28.943 143074,6,1
18:10:28.943 149267,3,26
18:10:28.943 149268,5,4
18:10:28.943 149310,6,4
18:10:28.943 158918,2,19
18:10:28.943 158920,5,2
18:10:28.943 158965,13,20
18:10:28.943 158971,14,20
18:10:28.943 158972,6,2
18:10:28.943 174107,4,26
18:10:28.943 174109,5,8
18:10:28.943 174150,6,8
18:10:28.943 174817,1,20
18:10:28.943 174818,5,1
18:10:28.943 174864,13,21
18:10:28.943 174870,14,21
18:10:28.943 174870,6,1
18:10:28.943 190719,2,21
18:10:28.943 190720,5,2
18:10:28.943 190766,13,22
18:10:28.943 190771,14,22
18:10:28.943 190771,6,2
18:10:28.943 198954,3,27
18:10:28.943 198956,5,4
18:10:28.943 198997,6,4
18:10:28.943 206619,1,22
18:10:28.946 206620,5,1
18:10:28.946 206666,13,23
18:10:28.947 206671,14,23
18:10:29.004 206671,6,1
18:10:29.004 222511,2,23
18:10:29.004 222512,5,2
18:10:29.004 222558,13,24
18:10:29.004 222563,14,24
18:10:29.004 222564,6,2
18:10:29.004 223788,4,27
18:10:29.004 223789,5,8
18:10:29.004 223831,6,8
18:10:29.004 238395,1,24
18:10:29.004 238396,5,1
18:10:29.004 238442,13,25
18:10:29.004 238448,14,25
18:10:29.004 238448,6,1
18:10:29.004 248605,3,28
18:10:29.004 248606,5,4
18:10:29.004 248648,6,4
18:10:29.004 254273,2,25
18:10:29.004 254274,5,2
18:10:29.004 254320,13,26
18:10:29.004 254326,14,26
18:10:29.004 254326,6,2
18:10:29.004 270158,1,26
18:10:29.004 270159,5,1
18:10:29.004 270205,13,27
18:10:29.004 270210,14,27
18:10:29.004 270211,6,1
18:10:29.004 273420,4,28
18:10:29.004 273421,5,8
18:10:29.004 273463,6,8
18:10:29.007 286039,2,27
18:10:29.007 286040,5,2
18:10:29.066 286086,13,28
18:10:29.066 286092,14,28
18:10:29.066 286092,6,2
18:10:29.066 298234,3,29
18:10:29.066 298235,5,4
18:10:29.066 298277,6,4
18:10:29.066 301920,1,28
18:10:29.066 301922,5,1
18:10:29.066 301967,13,29
18:10:29.066 301973,14,29
18:10:29.066 301973,6,1
18:10:29.066 317792,2,29
18:10:29.066 317793,5,2
18:10:29.066 317839,13,30
18:10:29.066 317844,14,30
18:10:29.066 317845,6,2
18:10:29.066 323037,4,29
18:10:29.066 323038,5,8
18:10:29.066 323080,6,8
18:10:29.066 333675,1,30
18:10:29.066 333676,5,1
18:10:29.066 333722,13,31
18:10:29.066 333728,14,31
18:10:29.066 333728,6,1
18:10:29.066 347856,3,30
18:10:29.066 347857,5,4
18:10:29.066 347899,6,4
18:10:29.066 349556,2,31
18:10:29.066 349558,5,2
18:10:29.066 349603,13,32
18:10:29.069 349609,14,32
18:10:29.069 349609,6,2
18:10:29.129 365440,1,32
18:10:29.129 365441,5,1
18:10:29.129 365487,13,33
18:10:29.129 365492,14,33
18:10:29.129 365493,6,1
18:10:29.129 372671,4,30
18:10:29.129 372673,5,8
18:10:29.129 372715,6,8
18:10:29.129 381321,2,33
18:10:29.129 381322,5,2
18:10:29.129 381368,13,34
18:10:29.129 381374,14,34
18:10:29.129 381374,6,2
18:10:29.129 397203,1,34
18:10:29.129 397204,5,1
18:10:29.129 397250,13,35
18:10:29.129 397255,14,35
18:10:29.129 397255,6,1
18:10:29.129 397487,3,31
18:10:29.129 397488,5,4
18:10:29.129 397530,6,4
18:10:29.129 413088,2,35
18:10:29.129 413089,5,2
18:10:29.129 413135,13,36
18:10:29.129 413140,14,36
18:10:29.129 413141,6,2
18:10:29.129 422306,4,31
18:10:29.129 422307,5,8
18:10:29.129 422349,6,8
18:10:29.129 428970,1,36
18:10:29.129 428972,5,1
18:10:29.129 429017,13,37
18:10:29.190 429023,14,37
18:10:29.190 429023,6,1
18:10:29.190 444857,2,37
18:10:29.190 444858,5,2
18:10:29.190 444904,13,38
18:10:29.190 444910,14,38
18:10:29.190 444910,6,2
18:10:29.190 447127,3,32
18:10:29.190 447129,5,4
18:10:29.190 447171,6,4
18:10:29.190 460740,1,38
18:10:29.190 460741,5,1
18:10:29.190 460787,13,39
18:10:29.190 460793,14,39
18:10:29.190 460793,6,1
18:10:29.190 471939,4,32
18:10:29.190 471940,5,8
18:10:29.190 471982,6,8
18:10:29.190 476621,2,39
18:10:29.190 476622,5,2
18:10:29.190 476668,13,40
18:10:29.190 476674,14,40
18:10:29.190 476674,6,2
18:10:29.190 492504,1,40
18:10:29.190 492505,5,1
18:10:29.190 492551,13,41
18:10:29.190 492557,14,41
18:10:29.190 492557,6,1
18:10:29.190 496761,3,33
18:10:29.190 496763,5,4
18:10:29.190 496805,6,4
18:10:29.190 508392,2,41
18:10:29.252 508393,5,2
18:10:29.252 508439,13,42
18:10:29.252 508444,14,42
18:10:29.252 508445,6,2
18:10:29.252 521585,4,33
18:10:29.252 521586,5,8
18:10:29.252 521628,6,8
18:10:29.252 524279,1,42
18:10:29.252 524280,5,1
18:10:29.252 524326,13,43
18:10:29.252 524332,14,43
18:10:29.252 524332,6,1
18:10:29.252 540165,2,43
18:10:29.252 540166,5,2
18:10:29.252 540212,13,44
18:10:29.252 540218,14,44
18:10:29.252 540218,6,2
18:10:29.252 546407,3,34
18:10:29.252 546408,5,4
18:10:29.252 546450,6,4
18:10:29.252 556049,1,44
18:10:29.252 556051,5,1
18:10:29.252 556096,13,45
18:10:29.252 556102,14,45
18:10:29.252 556102,6,1
18:10:29.252 571235,4,34
18:10:29.252 571236,5,8
18:10:29.252 571278,6,8
18:10:29.252 571944,2,45
18:10:29.252 571945,5,2
18:10:29.252 571991,13,46
18:10:29.252 571996,14,46
18:10:29.314 571997,6,2
18:10:29.314 587836,1,46
18:10:29.314 587837,5,1
18:10:29.314 587883,13,47
18:10:29.314 587889,14,47
18:10:29.314 587889,6,1
18:10:29.314 596069,3,35
18:10:29.314 596070,5,4
18:10:29.314 596112,6,4
18:10:29.314 603738,2,47
18:10:29.314 603739,5,2
18:10:29.314 603785,13,48
18:10:29.314 603791,14,48
18:10:29.314 603791,6,2
18:10:29.314 619640,1,48
18:10:29.314 619641,5,1
18:10:29.314 619687,13,49
18:10:29.314 619693,14,49
18:10:29.314 619693,6,1
18:10:29.314 620919,4,35
18:10:29.314 620920,5,8
18:10:29.314 620962,6,8
18:10:29.314 635538,2,49
18:10:29.314 635540,5,2
18:10:29.314 635585,13,50
18:10:29.314 635591,14,50
18:10:29.314 635591,6,2
18:10:29.314 645759,3,36
18:10:29.314 645760,5,4
18:10:29.314 645802,6,4
18:10:29.314 651436,1,50
18:10:29.314 651438,5,1
18:10:29.375 651483,13,51
18:10:29.375 651489,14,51
18:10:29.375 651489,6,1
18:10:29.375 667338,2,51
18:10:29.375 667339,5,2
18:10:29.375 667385,13,52
18:10:29.375 667391,14,52
18:10:29.375 667391,6,2
18:10:29.375 670603,4,36
18:10:29.375 670604,5,8
18:10:29.375 670646,6,8
18:10:29.375 683228,1,52
18:10:29.375 683230,5,1
18:10:29.375 683275,13,53
18:10:29.375 683281,14,53
18:10:29.375 683281,6,1
18:10:29.375 695434,3,37
18:10:29.375 695435,5,4
18:10:29.375 695477,6,4
18:10:29.375 699121,2,53
18:10:29.375 699122,5,2
18:10:29.375 699168,13,54
18:10:29.375 699173,14,54
18:10:29.375 699174,6,2
18:10:29.375 715006,1,54
18:10:29.375 715007,5,1
18:10:29.375 715052,13,55
18:10:29.375 715058,14,55
18:10:29.375 715058,6,1
18:10:29.375 720252,4,37
18:10:29.375 720253,5,8
18:10:29.375 720295,6,8
18:10:29.439 730883,2,55
18:10:29.439 730884,5,2
18:10:29.439 730930,13,56
18:10:29.439 730935,14,56
18:10:29.439 730936,6,2
18:10:29.439 745072,3,38
18:10:29.439 745073,5,4
18:10:29.439 745115,6,4
18:10:29.439 746775,1,56
18:10:29.439 746776,5,1
18:10:29.439 746822,13,57
18:10:29.439 746828,14,57
18:10:29.439 746828,6,1
18:10:29.439 762670,2,57
18:10:29.439 762671,5,2
18:10:29.439 762717,13,58
18:10:29.439 762723,14,58
18:10:29.439 762723,6,2
18:10:29.439 769906,4,38
18:10:29.439 769907,5,8
18:10:29.439 769949,6,8
18:10:29.439 778557,1,58
18:10:29.439 778558,5,1
18:10:29.439 778604,13,59
18:10:29.439 778609,14,59
18:10:29.439 778609,6,1
18:10:29.439 794455,2,59
18:10:29.439 794456,5,2
18:10:29.439 794502,13,60
18:10:29.439 794507,14,60
18:10:29.439 794508,6,2
18:10:29.439 794739,3,39
18:10:29.503 794740,5,4
18:10:29.503 794782,6,4
18:10:29.503 810346,1,60
18:10:29.503 810348,5,1
18:10:29.503 810393,13,61
18:10:29.503 810400,15,0
18:10:29.503 810400,14,61
18:10:29.503 810400,6,1
18:10:29.503 810739,16,0
18:10:29.503 819568,4,39
18:10:29.503 819570,5,8
18:10:29.503 819613,6,8
18:10:29.503 826239,2,61
18:10:29.503 826241,5,2
18:10:29.503 826287,13,62
18:10:29.503 826293,14,62
18:10:29.503 826293,6,2
18:10:29.503 842132,1,62
18:10:29.503 842134,5,1
18:10:29.503 842179,13,63
18:10:29.503 842185,14,63
18:10:29.503 842186,6,1
18:10:29.503 844404,3,40
18:10:29.503 844405,5,4
18:10:29.503 844448,6,4
18:10:29.503 858027,2,63
18:10:29.503 858029,5,2
18:10:29.503 858075,13,64
18:10:29.503 858081,14,64
18:10:29.503 858081,6,2
18:10:29.503 869233,4,40
18:10:29.503 869234,5,8
18:10:29.506 869277,6,8
18:10:29.506 873911,1,64
18:10:29.506 873913,5,1
18:10:29.507 873959,13,65
18:10:29.508 873965,14,65
18:10:29.509 873965,6,1
18:10:29.510 882294,9,13
18:10:29.512 889794,2,65
18:10:29.513 889797,5,2
18:10:29.514 889843,13,66
18:10:29.515 889849,14,66
18:10:29.516 889850,6,2
18:10:29.518 894049,3,41
18:10:29.519 894052,5,4
18:10:29.520 894095,6,4
18:10:29.520 905675,1,66
18:10:29.581 905677,5,1
18:10:29.581 905724,13,67
18:10:29.581 905730,14,67
18:10:29.581 905730,6,1
18:10:29.581 918862,4,41
18:10:29.581 918864,5,8
18:10:29.581 918907,6,8
18:10:29.581 921555,2,67
18:10:29.581 921557,5,2
18:10:29.581 921603,13,68
18:10:29.581 921609,14,68
18:10:29.581 921609,6,2
18:10:29.581 923282,10,13
18:10:29.581 938179,1,68
18:10:29.581 938181,5,1
18:10:29.581 938227,13,69
18:10:29.581 938233,14,69
18:10:29.581 938233,6,1
18:10:29.581 943677,3,42
18:10:29.581 943679,5,4
18:10:29.581 943721,6,4
18:10:29.581 958578,2,69
18:10:29.581 958580,5,2
18:10:29.581 958626,13,70
18:10:29.581 958632,14,70
18:10:29.581 958632,6,2
18:10:29.581 968477,4,42
18:10:29.581 968478,5,8
18:10:29.581 968520,6,8
18:10:29.581 969185,1,70
18:10:29.581 969186,5,1
18:10:29.581 969232,13,71
18:10:29.642 969238,14,71
18:10:29.642 969238,6,1
18:10:29.642 985068,2,71
18:10:29.642 985069,5,2
18:10:29.642 985115,13,72
18:10:29.642 985120,14,72
18:10:29.642 985121,6,2
18:10:29.642 993293,3,43
18:10:29.642 993295,5,4
18:10:29.642 993337,6,4
18:10:29.642 1000954,1,72
18:10:29.642 1000955,5,1
18:10:29.642 1001001,13,73
18:10:29.642 1001006,14,73
18:10:29.642 1001007,6,1
18:10:29.642 1016842,2,73
18:10:29.642 1016843,5,2
18:10:29.642 1016889,13,74
18:10:29.642 1016895,14,74
18:10:29.642 1016895,6,2
18:10:29.642 1018119,4,43
18:10:29.642 1018120,5,8
18:10:29.642 1018162,6,8
18:10:29.642 1032735,1,74
18:10:29.642 1032736,5,1
18:10:29.642 1032782,13,75
18:10:29.642 1032787,14,75
18:10:29.642 1032787,6,1
18:10:29.642 1042954,3,44
18:10:29.642 1042956,5,4
18:10:29.642 1042997,6,4
18:10:29.644 1048630,2,75
18:10:29.704 1048631,5,2
18:10:29.704 1048677,13,76
18:10:29.704 1048682,14,76
18:10:29.704 1048683,6,2
18:10:29.704 1064516,1,76
18:10:29.704 1064517,5,1
18:10:29.704 1064563,13,77
18:10:29.704 1064568,14,77
18:10:29.704 1064569,6,1
18:10:29.704 1067780,4,44
18:10:29.704 1067781,5,8
18:10:29.704 1067823,6,8
18:10:29.704 1080402,2,77
18:10:29.843 1080403,5,2
18:10:29.843 1080449,13,78
18:10:29.843 1080454,14,78
18:10:29.843 1080455,6,2
18:10:29.843 1092604,3,45
18:10:29.843 1092605,5,4
18:10:29.843 1092647,6,4
18:10:29.843 1096291,1,78
18:10:29.843 1096292,5,1
18:10:29.843 1096338,13,79
18:10:29.843 1096343,14,79
18:10:29.843 1096344,6,1
18:10:29.843 1112185,2,79
18:10:29.843 1112186,5,2
18:10:29.843 1112232,13,80
18:10:29.843 1112238,14,80
18:10:29.843 1112238,6,2
18:10:29.843 1117438,4,45
18:10:29.843 1117439,5,8
18:10:29.843 1117481,6,8
18:10:29.843 1128079,1,80
18:10:29.843 1128081,5,1
18:10:29.843 1128126,13,81
18:10:29.843 1128132,14,81
18:10:29.843 1128132,6,1
18:10:29.847 1142270,3,46
18:10:29.847 1142272,5,4
18:10:29.847 1142314,6,4
18:10:29.847 1143974,2,81
18:10:29.848 1143975,5,2
18:10:29.850 1144021,13,82
18:10:29.851 1144027,14,82
18:10:29.852 1144027,6,2
18:10:29.854 1159866,1,82
18:10:29.854 1159867,5,1
18:10:29.921 1159913,13,83
18:10:29.921 1159919,14,83
18:10:29.921 1159919,6,1
18:10:29.921 1167105,4,46
18:10:29.921 1167106,5,8
18:10:29.921 1167149,6,8
18:10:29.921 1175768,2,83
18:10:29.921 1175769,5,2
18:10:29.921 1175815,13,84
18:10:29.921 1175821,14,84
18:10:29.921 1175821,6,2
18:10:29.921 1191666,1,84
18:10:29.921 1191667,5,1
18:10:29.921 1191713,13,85
18:10:29.921 1191718,14,85
18:10:29.921 1191719,6,1
18:10:29.921 1191950,3,47
18:10:29.921 1191951,5,4
18:10:29.921 1191993,6,4
18:10:29.921 1207553,2,85
18:10:29.921 1207554,5,2
18:10:29.921 1207600,13,86
18:10:29.921 1207606,14,86
18:10:29.921 1207606,6,2
18:10:29.921 1216778,4,47
18:10:29.921 1216779,5,8
18:10:29.921 1216821,6,8
18:10:29.921 1223448,1,86
18:10:29.921 1223450,5,1
18:10:29.921 1223495,13,87
18:10:29.921 1223501,14,87
18:10:29.921 1223501,6,1
18:10:29.984 1239346,2,87
18:10:29.984 1239347,5,2
18:10:29.984 1239393,13,88
18:10:29.984 1239398,14,88
18:10:29.984 1239399,6,2
18:10:29.984 1241615,3,48
18:10:29.984 1241616,5,4
18:10:29.984 1241658,6,4
18:10:29.984 1255237,1,88
18:10:29.984 1255238,5,1
18:10:29.984 1255284,13,89
18:10:29.984 1255289,14,89
18:10:29.984 1255289,6,1
18:10:29.984 1266448,4,48
18:10:29.984 1266450,5,8
18:10:29.984 1266492,6,8
18:10:29.984 1271132,2,89
18:10:29.984 1271133,5,2
18:10:29.984 1271181,13,90
18:10:29.984 1271187,14,90
18:10:29.984 1271187,6,2
18:10:29.984 1287031,1,90
18:10:29.984 1287032,5,1
18:10:29.984 1287078,13,91
18:10:29.984 1287083,14,91
18:10:29.984 1287084,6,1
18:10:29.984 1291289,3,49
18:10:29.984 1291290,5,4
18:10:29.984 1291332,6,4
18:10:29.984 1302921,2,91
18:10:29.984 1302922,5,2
18:10:29.984 1302968,13,92
18:10:30.048 1302974,14,92
18:10:30.048 1302974,6,2
18:10:30.048 1316122,4,49
18:10:30.048 1316123,5,8
18:10:30.048 1316165,6,8
18:10:30.048 1318817,1,92
18:10:30.048 1318819,5,1
18:10:30.048 1318864,13,93
18:10:30.048 1318870,14,93
18:10:30.048 1318870,6,1
18:10:30.048 1334706,2,93
18:10:30.048 1334707,5,2
18:10:30.048 1334753,13,94
18:10:30.048 1334758,14,94
18:10:30.048 1334759,6,2
18:10:30.048 1340947,3,50
18:10:30.048 1340949,5,4
18:10:30.048 1340991,6,4
18:10:30.048 1350597,1,94
18:10:30.048 1350598,5,1
18:10:30.048 1350644,13,95
18:10:30.048 1350650,14,95
18:10:30.048 1350650,6,1
18:10:30.048 1365779,4,50
18:10:30.048 1365780,5,8
18:10:30.048 1365822,6,8
18:10:30.048 1366488,2,95
18:10:30.048 1366489,5,2
18:10:30.048 1366535,13,96
18:10:30.048 1366541,14,96
18:10:30.048 1366541,6,2
18:10:30.048 1382379,1,96
18:10:30.048 1382380,5,1
18:10:30.050 1382426,13,97
18:10:30.050 1382431,14,97
18:10:30.051 1382432,6,1
18:10:30.052 1390608,3,51
18:10:30.053 1390609,5,4
18:10:30.055 1390652,6,4
18:10:30.056 1398269,2,97
18:10:30.057 1398270,5,2
18:10:30.058 1398316,13,98
18:10:30.059 1398321,14,98
18:10:30.061 1398322,6,2
18:10:30.062 1414162,1,98
18:10:30.063 1414163,5,1
18:10:30.064 1414209,13,99
18:10:30.065 1414214,14,99
18:10:30.126 1414215,6,1
18:10:30.126 1415440,4,51
18:10:30.126 1415441,5,8
18:10:30.126 1415484,6,8
18:10:30.126 1430052,2,99
18:10:30.126 1430053,5,2
18:10:30.126 1430099,13,100
18:10:30.126 1430104,14,100
18:10:30.126 1430105,6,2
18:10:30.126 1440271,3,52
18:10:30.126 1440272,5,4
18:10:30.126 1440314,6,4
18:10:30.126 1445947,1,100
18:10:30.126 1445949,5,1
18:10:30.126 1445994,13,101
18:10:30.126 1446000,14,101
18:10:30.126 1446000,6,1
18:10:30.126 1461844,2,101
18:10:30.126 1461846,5,2
18:10:30.126 1461892,13,102
18:10:30.126 1461897,14,102
18:10:30.126 1461898,6,2
18:10:30.126 1465107,4,52
18:10:30.126 1465109,5,8
18:10:30.126 1465151,6,8
18:10:30.126 1477742,1,102
18:10:30.126 1477744,5,1
18:10:30.126 1477789,13,103
18:10:30.126 1477795,14,103
18:10:30.126 1477795,6,1
18:10:30.126 1489946,3,53
18:10:30.128 1489947,5,4
18:10:30.188 1489989,6,4
18:10:30.188 1493636,2,103
18:10:30.188 1493637,5,2
18:10:30.188 1493683,13,104
18:10:30.188 1493689,14,104
18:10:30.188 1493689,6,2
18:10:30.188 1509532,1,104
18:10:30.188 1509533,5,1
18:10:30.188 1509579,13,105
18:10:30.188 1509584,14,105
18:10:30.188 1509585,6,1
18:10:30.188 1514783,4,53
18:10:30.188 1514784,5,8
18:10:30.188 1514826,6,8
18:10:30.188 1525429,2,105
18:10:30.188 1525430,5,2
18:10:30.188 1525476,13,106
18:10:30.188 1525482,14,106
18:10:30.188 1525482,6,2
18:10:30.188 1539627,3,54
18:10:30.188 1539628,5,4
18:10:30.188 1539670,6,4
18:10:30.188 1541331,1,106
18:10:30.188 1541333,5,1
18:10:30.188 1541378,13,107
18:10:30.188 1541384,14,107
18:10:30.188 1541384,6,1
18:10:30.188 1557234,2,107
18:10:30.188 1557236,5,2
18:10:30.188 1557281,13,108
18:10:30.188 1557287,14,108
18:10:30.188 1557287,6,2
18:10:30.251 1564477,4,54
18:10:30.251 1564478,5,8
18:10:30.251 1564520,6,8
18:10:30.251 1573134,1,108
18:10:30.251 1573135,5,1
18:10:30.251 1573181,13,109
18:10:30.251 1573186,14,109
18:10:30.251 1573187,6,1
18:10:30.251 1589031,2,109
18:10:30.251 1589033,5,2
18:10:30.251 1589078,13,110
18:10:30.251 1589084,14,110
18:10:30.251 1589084,6,2
18:10:30.251 1589315,3,55
18:10:30.251 1589317,5,4
18:10:30.251 1589359,6,4
18:10:30.251 1604922,1,110
18:10:30.251 1604924,5,1
18:10:30.251 1604969,13,111
18:10:30.251 1604975,14,111
18:10:30.251 1604975,6,1
18:10:30.251 1614149,4,55
18:10:30.251 1614151,5,8
18:10:30.251 1614193,6,8
18:10:30.251 1620823,2,111
18:10:30.251 1620824,5,2
18:10:30.251 1620870,13,112
18:10:30.254 1620876,14,112
18:10:30.254 1620876,6,2
18:10:30.255 1636729,1,112
18:10:30.256 1636731,5,1
18:10:30.257 1636776,13,113
18:10:30.314 1636782,14,113
18:10:30.314 1636782,6,1
18:10:30.314 1639001,3,56
18:10:30.314 1639003,5,4
18:10:30.314 1639045,6,4
18:10:30.314 1652637,2,113
18:10:30.314 1652638,5,2
18:10:30.314 1652684,13,114
18:10:30.314 1652690,14,114
18:10:30.314 1652690,6,2
18:10:30.314 1663852,4,56
18:10:30.314 1663853,5,8
18:10:30.314 1663896,6,8
18:10:30.314 1668535,1,114
18:10:30.314 1668536,5,1
18:10:30.314 1668582,13,115
18:10:30.314 1668588,14,115
18:10:30.314 1668588,6,1
18:10:30.314 1684440,2,115
18:10:30.314 1684441,5,2
18:10:30.317 1684487,13,116
18:10:30.317 1684493,14,116
18:10:30.317 1684493,6,2
18:10:30.318 1688699,3,57
18:10:30.320 1688700,5,4
18:10:30.321 1688742,6,4
18:10:30.322 1700340,1,116
18:10:30.323 1700342,5,1
18:10:30.324 1700387,13,117
18:10:30.326 1700393,14,117
18:10:30.327 1700393,6,1
18:10:30.329 1713540,4,57
18:10:30.391 1713541,5,8
18:10:30.391 1713583,6,8
18:10:30.391 1716237,2,117
18:10:30.391 1716239,5,2
18:10:30.391 1716284,13,118
18:10:30.391 1716290,14,118
18:10:30.391 1716290,6,2
18:10:30.391 1732132,1,118
18:10:30.391 1732133,5,1
18:10:30.391 1732179,13,119
18:10:30.391 1732185,14,119
18:10:30.391 1732185,6,1
18:10:30.391 1738378,3,58
18:10:30.391 1738379,5,4
18:10:30.391 1738421,6,4
18:10:30.391 1748026,2,119
18:10:30.391 1748027,5,2
18:10:30.391 1748072,13,120
18:10:30.391 1748078,14,120
18:10:30.391 1748078,6,2
18:10:30.391 1763207,4,58
18:10:30.391 1763208,5,8
18:10:30.391 1763250,6,8
18:10:30.391 1763916,1,120
18:10:30.391 1763917,5,1
18:10:30.391 1763963,13,121
18:10:30.393 1763969,15,1
18:10:30.393 1763970,14,121
18:10:30.395 1763970,6,1
18:10:30.396 1764307,16,1
18:10:30.397 1779805,2,121
18:10:30.398 1779807,5,2
18:10:30.455 1779853,13,122
18:10:30.455 1779859,14,122
18:10:30.455 1779859,6,2
18:10:30.455 1788036,3,59
18:10:30.455 1788038,5,4
18:10:30.455 1788080,6,4
18:10:30.455 1795699,1,122
18:10:30.455 1795701,5,1
18:10:30.455 1795747,13,123
18:10:30.455 1795753,14,123
18:10:30.455 1795753,6,1
18:10:30.455 1811589,2,123
18:10:30.455 1811591,5,2
18:10:30.455 1811637,13,124
18:10:30.455 1811643,14,124
18:10:30.455 1811643,6,2
18:10:30.455 1812867,4,59
18:10:30.455 1812869,5,8
18:10:30.455 1812911,6,8
18:10:30.455 1827477,1,124
18:10:30.458 1827479,5,1
18:10:30.458 1827525,13,125
18:10:30.459 1827531,14,125
18:10:30.459 1827531,6,1
18:10:30.461 1835813,9,14
18:10:30.462 1837691,3,60
18:10:30.463 1837694,5,4
18:10:30.464 1837737,6,4
18:10:30.465 1843368,2,125
18:10:30.466 1843370,5,2
18:10:30.468 1843417,13,126
18:10:30.469 1843423,14,126
18:10:30.533 1843423,6,2
18:10:30.533 1859262,1,126
18:10:30.533 1859265,5,1
18:10:30.533 1859311,13,127
18:10:30.533 1859317,14,127
18:10:30.533 1859317,6,1
18:10:30.533 1862525,4,60
18:10:30.533 1862527,5,8
18:10:30.533 1862570,6,8
18:10:30.533 1875157,2,127
18:10:30.533 1875160,5,2
18:10:30.533 1875206,13,128
18:10:30.533 1875212,14,128
18:10:30.533 1875212,6,2
18:10:30.533 1876797,10,14
18:10:30.533 1890283,3,61
18:10:30.533 1890285,5,4
18:10:30.533 1890328,6,4
18:10:30.533 1891062,1,128
18:10:30.537 1891064,5,1
18:10:30.537 1891110,13,129
18:10:30.537 1891116,14,129
18:10:30.538 1891116,6,1
18:10:30.540 1906957,2,129
18:10:30.541 1906959,5,2
18:10:30.542 1907005,13,130
18:10:30.544 1907010,14,130
18:10:30.544 1907011,6,2
18:10:30.546 1912208,4,61
18:10:30.547 1912210,5,8
18:10:30.548 1912252,6,8
18:10:30.549 1922848,1,130
18:10:30.611 1922849,5,1
18:10:30.611 1922895,13,131
18:10:30.611 1922900,14,131
18:10:30.611 1922901,6,1
18:10:30.611 1937102,3,62
18:10:30.611 1937104,5,4
18:10:30.611 1937147,6,4
18:10:30.611 1938740,2,131
18:10:30.611 1938741,5,2
18:10:30.611 1938787,13,132
18:10:30.611 1938793,14,132
18:10:30.611 1938793,6,2
18:10:30.611 1954628,1,132
18:10:30.611 1954630,5,1
18:10:30.611 1954675,13,133
18:10:30.611 1954681,14,133
18:10:30.611 1954681,6,1
18:10:30.611 1969375,4,62
18:10:30.611 1969377,5,8
18:10:30.611 1969419,6,8
18:10:30.611 1970516,2,133
18:10:30.611 1970517,5,2
18:10:30.611 1970563,13,134
18:10:30.611 1970569,14,134
18:10:30.611 1970569,6,2
18:10:30.615 1986403,1,134
18:10:30.615 1986404,5,1
18:10:30.615 1986450,13,135
18:10:30.616 1986456,14,135
18:10:30.618 1986456,6,1
18:10:30.619 1986687,3,63
18:10:30.620 1986689,5,4
18:10:30.812 1986731,6,4
18:10:30.812 2002292,2,135
18:10:30.812 2002294,5,2
18:10:30.812 2002340,13,136
18:10:30.812 2002345,14,136
18:10:30.812 2002346,6,2
18:10:30.812 2011510,4,63
18:10:30.812 2011511,5,8
18:10:30.812 2011553,6,8
18:10:30.812 2018179,1,136
18:10:30.812 2018180,5,1
18:10:30.812 2018226,13,137
18:10:30.812 2018232,14,137
18:10:30.812 2018232,6,1
18:10:30.812 2034063,2,137
18:10:30.812 2034064,5,2
18:10:30.812 2034110,13,138
18:10:30.812 2034116,14,138
18:10:30.812 2034116,6,2
18:10:30.812 2036331,3,64
18:10:30.812 2036333,5,4
18:10:30.812 2036374,6,4
18:10:30.812 2049943,1,138
18:10:30.812 2049945,5,1
18:10:30.812 2049990,13,139
18:10:30.812 2049996,14,139
18:10:30.812 2049996,6,1
18:10:30.812 2061145,4,64
18:10:30.812 2061146,5,8
18:10:30.812 2061190,6,8
18:10:30.812 2065825,2,139
18:10:30.812 2065827,5,2
18:10:30.817 2065872,13,140
18:10:30.817 2065878,14,140
18:10:30.817 2065878,6,2
18:10:30.817 2081704,1,140
18:10:30.819 2081706,5,1
18:10:30.819 2081751,13,141
18:10:30.821 2081757,14,141
18:10:30.823 2081757,6,1
18:10:30.824 2085958,3,65
18:10:30.825 2085959,5,4
18:10:30.826 2086001,6,4
18:10:30.827 2097582,2,141
18:10:30.828 2097583,5,2
18:10:30.829 2097629,13,142
18:10:30.831 2097634,14,142
18:10:30.833 2097635,6,2
18:10:30.905 2110762,4,65
18:10:30.905 2110763,5,8
18:10:30.905 2110805,6,8
18:10:30.905 2113456,1,142
18:10:30.905 2113457,5,1
18:10:30.905 2113503,13,143
18:10:30.905 2113508,14,143
18:10:30.905 2113508,6,1
18:10:30.905 2129325,2,143
18:10:30.905 2129326,5,2
18:10:30.905 2129372,13,144
18:10:30.905 2129378,14,144
18:10:30.905 2129378,6,2
18:10:30.905 2135562,3,66
18:10:30.905 2135563,5,4
18:10:30.905 2135605,6,4
18:10:30.905 2145198,1,144
18:10:30.905 2145200,5,1
18:10:30.905 2145245,13,145
18:10:30.905 2145251,14,145
18:10:30.905 2145251,6,1
18:10:30.905 2160367,4,66
18:10:30.905 2160368,5,8
18:10:30.905 2160411,6,8
18:10:30.905 2161076,2,145
18:10:30.905 2161077,5,2
18:10:30.905 2161123,13,146
18:10:30.905 2161128,14,146
18:10:30.905 2161129,6,2
18:10:30.905 2176956,1,146
18:10:30.905 2176957,5,1
18:10:30.905 2177002,13,147
18:10:30.983 2177008,14,147
18:10:30.983 2177008,6,1
18:10:30.983 2185182,3,67
18:10:30.983 2185183,5,4
18:10:30.983 2185225,6,4
18:10:30.983 2192838,2,147
18:10:30.983 2192839,5,2
18:10:30.983 2192885,13,148
18:10:30.983 2192891,14,148
18:10:30.983 2192891,6,2
18:10:30.983 2208716,1,148
18:10:30.983 2208718,5,1
18:10:30.983 2208763,13,149
18:10:30.983 2208769,14,149
18:10:30.983 2208769,6,1
18:10:30.983 2209993,4,67
18:10:30.983 2209994,5,8
18:10:30.983 2210036,6,8
18:10:30.983 2224602,2,149
18:10:30.983 2224603,5,2
18:10:30.983 2224649,13,150
18:10:30.983 2224654,14,150
18:10:30.983 2224655,6,2
18:10:30.983 2234815,3,68
18:10:30.983 2234816,5,4
18:10:30.983 2234858,6,4
18:10:30.983 2240490,1,150
18:10:30.983 2240491,5,1
18:10:30.983 2240537,13,151
18:10:30.983 2240543,14,151
18:10:30.983 2240543,6,1
18:10:30.983 2256378,2,151
18:10:31.046 2256379,5,2
18:10:31.046 2256425,13,152
18:10:31.046 2256431,14,152
18:10:31.046 2256431,6,2
18:10:31.046 2259641,4,68
18:10:31.046 2259643,5,8
18:10:31.046 2259684,6,8
18:10:31.046 2272263,1,152
18:10:31.046 2272264,5,1
18:10:31.046 2272309,13,153
18:10:31.046 2272315,14,153
18:10:31.046 2272315,6,1
18:10:31.046 2284458,3,69
18:10:31.046 2284459,5,4
18:10:31.046 2284501,6,4
18:10:31.046 2288144,2,153
18:10:31.046 2288145,5,2
18:10:31.046 2288191,13,154
18:10:31.046 2288196,14,154
18:10:31.046 2288197,6,2
18:10:31.046 2304019,1,154
18:10:31.046 2304020,5,1
18:10:31.046 2304066,13,155
18:10:31.046 2304071,14,155
18:10:31.046 2304071,6,1
18:10:31.046 2309263,4,69
18:10:31.048 2309264,5,8
18:10:31.048 2309306,6,8
18:10:31.050 2319894,2,155
18:10:31.051 2319895,5,2
18:10:31.052 2319940,13,156
18:10:31.053 2319946,14,156
18:10:31.110 2319946,6,2
18:10:31.110 2334073,3,70
18:10:31.110 2334074,5,4
18:10:31.110 2334116,6,4
18:10:31.110 2335775,1,156
18:10:31.110 2335776,5,1
18:10:31.110 2335822,13,157
18:10:31.110 2335827,14,157
18:10:31.110 2335828,6,1
18:10:31.110 2351661,2,157
18:10:31.110 2351663,5,2
18:10:31.110 2351708,13,158
18:10:31.110 2351714,14,158
18:10:31.110 2351714,6,2
18:10:31.110 2358900,4,70
18:10:31.110 2358901,5,8
18:10:31.110 2358943,6,8
18:10:31.110 2367558,1,158
18:10:31.110 2367559,5,1
18:10:31.110 2367605,13,159
18:10:31.112 2367611,14,159
18:10:31.112 2367611,6,1
18:10:31.113 2383452,2,159
18:10:31.113 2383454,5,2
18:10:31.115 2383499,13,160
18:10:31.116 2383505,14,160
18:10:31.117 2383505,6,2
18:10:31.119 2383737,3,71
18:10:31.120 2383738,5,4
18:10:31.121 2383780,6,4
18:10:31.122 2399341,1,160
18:10:31.123 2399342,5,1
18:10:31.188 2399388,13,161
18:10:31.188 2399393,14,161
18:10:31.188 2399394,6,1
18:10:31.188 2408564,4,71
18:10:31.188 2408565,5,8
18:10:31.188 2408607,6,8
18:10:31.188 2415230,2,161
18:10:31.188 2415231,5,2
18:10:31.188 2415277,13,162
18:10:31.188 2415283,14,162
18:10:31.188 2415283,6,2
18:10:31.188 2431118,1,162
18:10:31.188 2431120,5,1
18:10:31.188 2431168,13,163
18:10:31.188 2431173,14,163
18:10:31.188 2431173,6,1
18:10:31.188 2433388,3,72
18:10:31.188 2433390,5,4
18:10:31.188 2433432,6,4
18:10:31.188 2446995,2,163
18:10:31.188 2446996,5,2
18:10:31.188 2447042,13,164
18:10:31.188 2447048,14,164
18:10:31.188 2447048,6,2
18:10:31.188 2458201,4,72
18:10:31.188 2458202,5,8
18:10:31.190 2458244,6,8
18:10:31.190 2462883,1,164
18:10:31.190 2462884,5,1
18:10:31.191 2462930,13,165
18:10:31.193 2462935,14,165
18:10:31.194 2462936,6,1
18:10:31.266 2479463,2,165
18:10:31.266 2479465,5,2
18:10:31.266 2479511,13,166
18:10:31.266 2479517,14,166
18:10:31.266 2479517,6,2
18:10:31.266 2483033,3,73
18:10:31.266 2483034,5,4
18:10:31.266 2483076,6,4
18:10:31.266 2494671,1,166
18:10:31.266 2494673,5,1
18:10:31.266 2494718,13,167
18:10:31.266 2494724,14,167
18:10:31.266 2494724,6,1
18:10:31.266 2507869,4,73
18:10:31.266 2507870,5,8
18:10:31.266 2507912,6,8
18:10:31.266 2510565,2,167
18:10:31.266 2510566,5,2
18:10:31.266 2510611,13,168
18:10:31.266 2510617,14,168
18:10:31.266 2510617,6,2
18:10:31.266 2526455,1,168
18:10:31.266 2526456,5,1
18:10:31.266 2526502,13,169
18:10:31.266 2526507,14,169
18:10:31.266 2526507,6,1
18:10:31.266 2532699,3,74
18:10:31.266 2532700,5,4
18:10:31.266 2532742,6,4
18:10:31.266 2542348,2,169
18:10:31.266 2542349,5,2
18:10:31.266 2542396,13,170
18:10:31.327 2542401,14,170
18:10:31.327 2542401,6,2
18:10:31.327 2557530,4,74
18:10:31.327 2557531,5,8
18:10:31.327 2557573,6,8
18:10:31.327 2558239,1,170
18:10:31.327 2558240,5,1
18:10:31.327 2558286,13,171
18:10:31.327 2558291,14,171
18:10:31.327 2558292,6,1
18:10:31.327 2574136,2,171
18:10:31.327 2574138,5,2
18:10:31.327 2574183,13,172
18:10:31.327 2574189,14,172
18:10:31.327 2574189,6,2
18:10:31.327 2582369,3,75
18:10:31.327 2582371,5,4
18:10:31.327 2582413,6,4
18:10:31.327 2590034,1,172
18:10:31.327 2590035,5,1
18:10:31.327 2590081,13,173
18:10:31.327 2590087,14,173
18:10:31.327 2590087,6,1
18:10:31.327 2605934,2,173
18:10:31.327 2605935,5,2
18:10:31.327 2605981,13,174
18:10:31.329 2605986,14,174
18:10:31.330 2605987,6,2
18:10:31.331 2607213,4,75
18:10:31.332 2607214,5,8
18:10:31.333 2607256,6,8
18:10:31.335 2621841,1,174
18:10:31.390 2621842,5,1
18:10:31.390 2621888,13,175
18:10:31.390 2621894,14,175
18:10:31.390 2621894,6,1
18:10:31.390 2632063,3,76
18:10:31.390 2632065,5,4
18:10:31.390 2632107,6,4
18:10:31.390 2637745,2,175
18:10:31.390 2637746,5,2
18:10:31.390 2637792,13,176
18:10:31.390 2637798,14,176
18:10:31.390 2637798,6,2
18:10:31.390 2653650,1,176
18:10:31.390 2653651,5,1
18:10:31.390 2653697,13,177
18:10:31.390 2653703,14,177
18:10:31.453 2653703,6,1
18:10:31.453 2656915,4,76
18:10:31.453 2656917,5,8
18:10:31.453 2656959,6,8
18:10:31.453 2669545,2,177
18:10:31.453 2669546,5,2
18:10:31.453 2669592,13,178
18:10:31.453 2669598,14,178
18:10:31.453 2669598,6,2
18:10:31.453 2681754,3,77
18:10:31.453 2681756,5,4
18:10:31.453 2681798,6,4
18:10:31.453 2685445,1,178
18:10:31.453 2685447,5,1
18:10:31.453 2685492,13,179
18:10:31.453 2685498,14,179
18:10:31.453 2685498,6,1
18:10:31.453 2701346,2,179
18:10:31.453 2701347,5,2
18:10:31.453 2701393,13,180
18:10:31.453 2701398,14,180
18:10:31.453 2701399,6,2
18:10:31.453 2706595,4,77
18:10:31.453 2706596,5,8
18:10:31.453 2706639,6,8
18:10:31.453 2717239,1,180
18:10:31.453 2717240,5,1
18:10:31.453 2717286,13,181
18:10:31.453 2717293,15,2
18:10:31.453 2717293,14,181
18:10:31.453 2717293,6,1
18:10:31.453 2717632,16,2
18:10:31.516 2731431,3,78
18:10:31.516 2731434,5,4
18:10:31.516 2731476,6,4
18:10:31.516 2733134,2,181
18:10:31.516 2733136,5,2
18:10:31.516 2733182,13,182
18:10:31.516 2733188,14,182
18:10:31.516 2733188,6,2
18:10:31.516 2749026,1,182
18:10:31.516 2749028,5,1
18:10:31.516 2749074,13,183
18:10:31.516 2749080,14,183
18:10:31.516 2749080,6,1
18:10:31.516 2756267,4,78
18:10:31.516 2756269,5,8
18:10:31.516 2756312,6,8
18:10:31.516 2764926,2,183
18:10:31.516 2764928,5,2
18:10:31.516 2764973,13,184
18:10:31.516 2764979,14,184
18:10:31.516 2764980,6,2
18:10:31.516 2780823,1,184
18:10:31.516 2780825,5,1
18:10:31.516 2780870,13,185
18:10:31.516 2780876,14,185
18:10:31.516 2780876,6,1
18:10:31.516 2781107,3,79
18:10:31.516 2781109,5,4
18:10:31.516 2781153,6,4
18:10:31.516 2789166,9,15
18:10:31.516 2796717,2,185
18:10:31.516 2796720,5,2
18:10:31.581 2796767,13,186
18:10:31.581 2796773,14,186
18:10:31.581 2796773,6,2
18:10:31.581 2805941,4,79
18:10:31.581 2805943,5,8
18:10:31.581 2805986,6,8
18:10:31.581 2812608,1,186
18:10:31.581 2812610,5,1
18:10:31.581 2812656,13,187
18:10:31.581 2812662,14,187
18:10:31.581 2812662,6,1
18:10:31.581 2828491,2,187
18:10:31.581 2828493,5,2
18:10:31.581 2828539,13,188
18:10:31.581 2828546,14,188
18:10:31.581 2828546,6,2
18:10:31.581 2830146,10,15
18:10:31.581 2838389,3,80
18:10:31.581 2838391,5,4
18:10:31.583 2838434,6,4
18:10:31.583 2844376,1,188
18:10:31.584 2844378,5,1
18:10:31.585 2844424,13,189
18:10:31.587 2844430,14,189
18:10:31.587 2844430,6,1
18:10:31.589 2855593,4,80
18:10:31.706 2855594,5,8
18:10:31.706 2855636,6,8
18:10:31.707 2860275,2,189
18:10:31.708 2860276,5,2
18:10:31.709 2860322,13,190
18:10:31.710 2860328,14,190
18:10:31.768 2860328,6,2
18:10:31.768 2876162,1,190
18:10:31.768 2876164,5,1
18:10:31.768 2876209,13,191
18:10:31.768 2876215,14,191
18:10:31.768 2876215,6,1
18:10:31.768 2880419,3,81
18:10:31.768 2880420,5,4
18:10:31.768 2880463,6,4
18:10:31.768 2892054,2,191
18:10:31.768 2892056,5,2
18:10:31.768 2892102,13,192
18:10:31.768 2892107,14,192
18:10:31.768 2892108,6,2
18:10:31.768 2905260,4,81
18:10:31.768 2905261,5,8
18:10:31.768 2905304,6,8
18:10:31.768 2907958,1,192
18:10:31.768 2907960,5,1
18:10:31.768 2908005,13,193
18:10:31.768 2908011,14,193
18:10:31.768 2908011,6,1
18:10:31.768 2923870,2,193
18:10:31.768 2923871,5,2
18:10:31.771 2923917,13,194
18:10:31.771 2923923,14,194
18:10:31.772 2923923,6,2
18:10:31.773 2930119,3,82
18:10:31.774 2930121,5,4
18:10:31.775 2930163,6,4
18:10:31.776 2939776,1,194
18:10:31.778 2939778,5,1
18:10:31.832 2939824,13,195
18:10:31.832 2939829,14,195
18:10:31.832 2939830,6,1
18:10:31.832 2954971,4,82
18:10:31.832 2954972,5,8
18:10:31.832 2955015,6,8
18:10:31.832 2955681,2,195
18:10:31.832 2955682,5,2
18:10:31.832 2955728,13,196
18:10:31.832 2955733,14,196
18:10:31.832 2955734,6,2
18:10:31.832 2971579,1,196
18:10:31.832 2971581,5,1
18:10:31.832 2971626,13,197
18:10:31.832 2971632,14,197
18:10:31.832 2971632,6,1
18:10:31.832 2979819,3,83
18:10:31.832 2979821,5,4
18:10:31.832 2979862,6,4
18:10:31.835 2989288,2,197
18:10:31.835 2989290,5,2
18:10:31.835 2989335,13,198
18:10:31.837 2989341,14,198
18:10:31.838 2989341,6,2
18:10:31.840 3003382,1,198
18:10:31.841 3003384,5,1
18:10:31.842 3003429,13,199
18:10:31.844 3003435,14,199
18:10:31.845 3003435,6,1
18:10:31.846 3004659,4,83
18:10:31.848 3004660,5,8
18:10:31.848 3004702,6,8
18:10:31.910 3019270,2,199
18:10:31.910 3019271,5,2
18:10:31.910 3019316,13,200
18:10:31.910 3019322,14,200
18:10:31.910 3019323,6,2
18:10:31.910 3029487,3,84
18:10:31.910 3029489,5,4
18:10:31.910 3029530,6,4
18:10:31.910 3035166,1,200
18:10:31.910 3035167,5,1
18:10:31.910 3035213,13,201
18:10:31.910 3035218,14,201
18:10:31.910 3035219,6,1
18:10:31.910 3051074,2,201
18:10:31.910 3051075,5,2
18:10:31.910 3051121,13,202
18:10:31.910 3051127,14,202
18:10:31.910 3051127,6,2
18:10:31.910 3054339,4,84
18:10:31.910 3054340,5,8
18:10:31.910 3054382,6,8
18:10:31.910 3066974,1,202
18:10:31.910 3066976,5,1
18:10:31.910 3067021,13,203
18:10:31.910 3067027,14,203
18:10:31.913 3067027,6,1
18:10:31.913 3079186,3,85
18:10:31.914 3079187,5,4
18:10:31.915 3079229,6,4
18:10:31.916 3082877,2,203
18:10:31.918 3082879,5,2
18:10:31.918 3082924,13,204
18:10:31.972 3082930,14,204
18:10:31.972 3082930,6,2
18:10:31.972 3098776,1,204
18:10:31.972 3098777,5,1
18:10:31.972 3098823,13,205
18:10:31.972 3098828,14,205
18:10:31.972 3098829,6,1
18:10:31.972 3104028,4,85
18:10:31.972 3104029,5,8
18:10:31.972 3104071,6,8
18:10:31.972 3114672,2,205
18:10:31.972 3114673,5,2
18:10:31.972 3114719,13,206
18:10:31.972 3114725,14,206
18:10:31.972 3114725,6,2
18:10:31.972 3128868,3,86
18:10:31.972 3128870,5,4
18:10:31.972 3128912,6,4
18:10:31.976 3130572,1,206
18:10:31.976 3130573,5,1
18:10:31.977 3130619,13,207
18:10:31.977 3130624,14,207
18:10:31.979 3130624,6,1
18:10:31.980 3146473,2,207
18:10:31.981 3146474,5,2
18:10:31.982 3146520,13,208
18:10:31.984 3146525,14,208
18:10:31.985 3146526,6,2
18:10:31.986 3153708,4,86
18:10:31.987 3153710,5,8
18:10:31.988 3153752,6,8
18:10:31.990 3162364,1,208
18:10:32.051 3162365,5,1
18:10:32.051 3162410,13,209
18:10:32.051 3162416,14,209
18:10:32.051 3162416,6,1
18:10:32.051 3178261,2,209
18:10:32.051 3178262,5,2
18:10:32.051 3178308,13,210
18:10:32.051 3178314,14,210
18:10:32.051 3178314,6,2
18:10:32.051 3178545,3,87
18:10:32.051 3178546,5,4
18:10:32.051 3178588,6,4
18:10:32.051 3194160,1,210
18:10:32.051 3194161,5,1
18:10:32.051 3194207,13,211
18:10:32.051 3194212,14,211
18:10:32.057 3194213,6,1
18:10:32.057 3203386,4,87
18:10:32.057 3203387,5,8
18:10:32.057 3203430,6,8
18:10:32.057 3210056,2,211
18:10:32.058 3210057,5,2
18:10:32.059 3210103,13,212
18:10:32.059 3210109,14,212
18:10:32.062 3210109,6,2
18:10:32.063 3225956,1,212
18:10:32.064 3225957,5,1
18:10:32.066 3226003,13,213
18:10:32.067 3226008,14,213
18:10:32.067 3226009,6,1
18:10:32.069 3228228,3,88
18:10:32.070 3228229,5,4
18:10:32.128 3228271,6,4
18:10:32.128 3241862,2,213
18:10:32.128 3241863,5,2
18:10:32.128 3241909,13,214
18:10:32.128 3241914,14,214
18:10:32.128 3241914,6,2
18:10:32.128 3253073,4,88
18:10:32.128 3253074,5,8
18:10:32.128 3253115,6,8
18:10:32.128 3257761,1,214
18:10:32.128 3257762,5,1
18:10:32.128 3257808,13,215
18:10:32.128 3257813,14,215
18:10:32.128 3257814,6,1
18:10:32.128 3273660,2,215
18:10:32.128 3273662,5,2
18:10:32.128 3273707,13,216
18:10:32.128 3273713,14,216
18:10:32.128 3273713,6,2
18:10:32.128 3277917,3,89
18:10:32.128 3277918,5,4
18:10:32.128 3277960,6,4
18:10:32.128 3289553,1,216
18:10:32.128 3289554,5,1
18:10:32.128 3289599,13,217
18:10:32.128 3289605,14,217
18:10:32.128 3289605,6,1
18:10:32.128 3302764,4,89
18:10:32.128 3302765,5,8
18:10:32.128 3302807,6,8
18:10:32.130 3305462,2,217
18:10:32.131 3305463,5,2
18:10:32.191 3305509,13,218
18:10:32.191 3305515,14,218
18:10:32.191 3305515,6,2
18:10:32.191 3321370,1,218
18:10:32.191 3321372,5,1
18:10:32.191 3321417,13,219
18:10:32.191 3321423,14,219
18:10:32.191 3321423,6,1
18:10:32.191 3327622,3,90
18:10:32.191 3327623,5,4
18:10:32.191 3327665,6,4
18:10:32.191 3337285,2,219
18:10:32.191 3337287,5,2
18:10:32.191 3337332,13,220
18:10:32.191 3337338,14,220
18:10:32.191 3337338,6,2
18:10:32.191 3352487,4,90
18:10:32.191 3352488,5,8
18:10:32.191 3352530,6,8
18:10:32.191 3353197,1,220
18:10:32.191 3353198,5,1
18:10:32.191 3353244,13,221
18:10:32.191 3353249,14,221
18:10:32.191 3353250,6,1
18:10:32.193 3369107,2,221
18:10:32.194 3369108,5,2
18:10:32.195 3369153,13,222
18:10:32.196 3369159,14,222
18:10:32.198 3369159,6,2
18:10:32.199 3377346,3,91
18:10:32.200 3377348,5,4
18:10:32.202 3377390,6,4
18:10:32.272 3385015,1,222
18:10:32.272 3385017,5,1
18:10:32.272 3385062,13,223
18:10:32.272 3385068,14,223
18:10:32.272 3385068,6,1
18:10:32.272 3400920,2,223
18:10:32.272 3400921,5,2
18:10:32.272 3400967,13,224
18:10:32.272 3400972,14,224
18:10:32.272 3400973,6,2
18:10:32.272 3402198,4,91
18:10:32.272 3402199,5,8
18:10:32.272 3402242,6,8
18:10:32.272 3416821,1,224
18:10:32.272 3416822,5,1
18:10:32.272 3416868,13,225
18:10:32.272 3416873,14,225
18:10:32.272 3416874,6,1
18:10:32.272 3427041,3,92
18:10:32.272 3427042,5,4
18:10:32.272 3427085,6,4
18:10:32.272 3432718,2,225
18:10:32.272 3432719,5,2
18:10:32.272 3432765,13,226
18:10:32.272 3432770,14,226
18:10:32.272 3432771,6,2
18:10:32.272 3448616,1,226
18:10:32.272 3448617,5,1
18:10:32.272 3448663,13,227
18:10:32.272 3448669,14,227
18:10:32.272 3448669,6,1
18:10:32.272 3451881,4,92
18:10:32.333 3451882,5,8
18:10:32.333 3451924,6,8
18:10:32.333 3464511,2,227
18:10:32.333 3464512,5,2
18:10:32.333 3464558,13,228
18:10:32.333 3464564,14,228
18:10:32.333 3464564,6,2
18:10:32.333 3476714,3,93
18:10:32.333 3476715,5,4
18:10:32.333 3476757,6,4
18:10:32.333 3480402,1,228
18:10:32.333 3480404,5,1
18:10:32.333 3480449,13,229
18:10:32.333 3480455,14,229
18:10:32.333 3480455,6,1
18:10:32.333 3499376,2,229
18:10:32.337 3499377,5,2
18:10:32.337 3499423,13,230
18:10:32.337 3499429,14,230
18:10:32.338 3499429,6,2
18:10:32.338 3501538,4,93
18:10:32.340 3501539,5,8
18:10:32.341 3501581,6,8
18:10:32.342 3512183,1,230
18:10:32.343 3512185,5,1
18:10:32.344 3512230,13,231
18:10:32.346 3512236,14,231
18:10:32.348 3512236,6,1
18:10:32.349 3526376,3,94
18:10:32.350 3526377,5,4
18:10:32.351 3526419,6,4
18:10:32.352 3528080,2,231
18:10:32.410 3528082,5,2
18:10:32.410 3528127,13,232
18:10:32.410 3528133,14,232
18:10:32.410 3528133,6,2
18:10:32.410 3543975,1,232
18:10:32.410 3543976,5,1
18:10:32.410 3544022,13,233
18:10:32.410 3544027,14,233
18:10:32.410 3544028,6,1
18:10:32.410 3551215,4,94
18:10:32.410 3551217,5,8
18:10:32.410 3551259,6,8
18:10:32.410 3559871,2,233
18:10:32.410 3559873,5,2
18:10:32.410 3559918,13,234
18:10:32.410 3559924,14,234
18:10:32.410 3559924,6,2
18:10:32.410 3575768,1,234
18:10:32.410 3575769,5,1
18:10:32.410 3575815,13,235
18:10:32.410 3575820,14,235
18:10:32.410 3575821,6,1
18:10:32.413 3576052,3,95
18:10:32.413 3576053,5,4
18:10:32.414 3576095,6,4
18:10:32.415 3591680,2,235
18:10:32.417 3591682,5,2
18:10:32.418 3591727,13,236
18:10:32.419 3591733,14,236
18:10:32.420 3591733,6,2
18:10:32.421 3600909,4,95
18:10:32.422 3600910,5,8
18:10:32.488 3600952,6,8
18:10:32.488 3607581,1,236
18:10:32.488 3607582,5,1
18:10:32.488 3607628,13,237
18:10:32.488 3607634,14,237
18:10:32.488 3607634,6,1
18:10:32.488 3623488,2,237
18:10:32.488 3623489,5,2
18:10:32.488 3623535,13,238
18:10:32.488 3623541,14,238
18:10:32.488 3623541,6,2
18:10:32.488 3625761,3,96
18:10:32.488 3625762,5,4
18:10:32.488 3625804,6,4
18:10:32.488 3639398,1,238
18:10:32.488 3639399,5,1
18:10:32.488 3639445,13,239
18:10:32.488 3639450,14,239
18:10:32.488 3639451,6,1
18:10:32.488 3650618,4,96
18:10:32.488 3650619,5,8
18:10:32.488 3650661,6,8
18:10:32.488 3655302,2,239
18:10:32.488 3655303,5,2
18:10:32.488 3655349,13,240
18:10:32.488 3655355,14,240
18:10:32.488 3655355,6,2
18:10:32.488 3671203,1,240
18:10:32.488 3671204,5,1
18:10:32.488 3671250,13,241
18:10:32.488 3671257,15,3
18:10:32.488 3671257,14,241
18:10:32.549 3671258,6,1
18:10:32.549 3671595,16,3
18:10:32.549 3675465,3,97
18:10:32.549 3675467,5,4
18:10:32.549 3675510,6,4
18:10:32.549 3687103,2,241
18:10:32.549 3687105,5,2
18:10:32.549 3687151,13,242
18:10:32.549 3687157,14,242
18:10:32.549 3687157,6,2
18:10:32.549 3700303,4,97
18:10:32.549 3700305,5,8
18:10:32.549 3700348,6,8
18:10:32.549 3703001,1,242
18:10:32.549 3703003,5,1
18:10:32.549 3703048,13,243
18:10:32.549 3703054,14,243
18:10:32.549 3703055,6,1
18:10:32.549 3718901,2,243
18:10:32.549 3718903,5,2
18:10:32.549 3718948,13,244
18:10:32.549 3718954,14,244
18:10:32.549 3718955,6,2
18:10:32.549 3725149,3,98
18:10:32.549 3725151,5,4
18:10:32.549 3725193,6,4
18:10:32.549 3734805,1,244
18:10:32.549 3734807,5,1
18:10:32.551 3734853,13,245
18:10:32.675 3734858,14,245
18:10:32.675 3734859,6,1
18:10:32.675 3743137,9,16
18:10:32.736 3750002,4,98
18:10:32.736 3750005,5,8
18:10:32.736 3750048,6,8
18:10:32.736 3750712,2,245
18:10:32.736 3750714,5,2
18:10:32.736 3750760,13,246
18:10:32.736 3750766,14,246
18:10:32.736 3750767,6,2
18:10:32.736 3766620,1,246
18:10:32.736 3766622,5,1
18:10:32.736 3766668,13,247
18:10:32.736 3766674,14,247
18:10:32.736 3766675,6,1
18:10:32.736 3774858,3,99
18:10:32.736 3774860,5,4
18:10:32.736 3774903,6,4
18:10:32.736 3782527,2,247
18:10:32.736 3782529,5,2
18:10:32.736 3782575,13,248
18:10:32.736 3782581,14,248
18:10:32.736 3782581,6,2
18:10:32.736 3784167,10,16
18:10:32.736 3798441,1,248
18:10:32.736 3798443,5,1
18:10:32.736 3798489,13,249
18:10:32.736 3798495,14,249
18:10:32.736 3798496,6,1
18:10:32.736 3799720,4,99
18:10:32.736 3799721,5,8
18:10:32.736 3799764,6,8
18:10:32.736 3814359,2,249
18:10:32.736 3814360,5,2
18:10:32.798 3814406,13,250
18:10:32.798 3814411,14,250
18:10:32.798 3814412,6,2
18:10:32.798 3824584,3,100
18:10:32.798 3824586,5,4
18:10:32.798 3824628,6,4
18:10:32.798 3830262,1,250
18:10:32.798 3830263,5,1
18:10:32.798 3830309,13,251
18:10:32.798 3830314,14,251
18:10:32.798 3830314,6,1
18:10:32.798 3846169,2,251
18:10:32.798 3846170,5,2
18:10:32.798 3846216,13,252
18:10:32.798 3846222,14,252
18:10:32.798 3846222,6,2
18:10:32.798 3849437,4,100
18:10:32.798 3849438,5,8
18:10:32.801 3849480,6,8
18:10:32.801 3862083,1,252
18:10:32.802 3862085,5,1
18:10:32.804 3862131,13,253
18:10:32.805 3862136,14,253
18:10:32.806 3862136,6,1
18:10:32.807 3874299,3,101
18:10:32.809 3874301,5,4
18:10:32.810 3874343,6,4
18:10:32.811 3877993,2,253
18:10:32.812 3877994,5,2
18:10:32.814 3878040,13,254
18:10:32.815 3878045,14,254
18:10:32.816 3878045,6,2
18:10:32.875 3893902,1,254
18:10:32.875 3893903,5,1
18:10:32.875 3893949,13,255
18:10:32.875 3893955,14,255
18:10:32.875 3893955,6,1
18:10:32.875 3899161,4,101
18:10:32.875 3899162,5,8
18:10:32.875 3899204,6,8
18:10:32.875 3909819,2,255
18:10:32.875 3909821,5,2
18:10:32.875 3909866,13,0
18:10:32.875 3909872,14,0
18:10:32.875 3909872,6,2
18:10:32.875 3924025,3,102
18:10:32.875 3924026,5,4
18:10:32.875 3924068,6,4
18:10:32.875 3925729,1,0
18:10:32.875 3925731,5,1
18:10:32.875 3925776,13,1
18:10:32.875 3925782,14,1
18:10:32.875 3925782,6,1
18:10:32.875 3941642,2,1
18:10:32.875 3941644,5,2
18:10:32.878 3941690,13,2
18:10:32.878 3941695,14,2
18:10:32.878 3941696,6,2
18:10:32.879 3948888,4,102
18:10:32.880 3948889,5,8
18:10:32.882 3948932,6,8
18:10:32.883 3957557,1,2
18:10:32.884 3957558,5,1
18:10:32.885 3957604,13,3
18:10:32.937 3957609,14,3
18:10:32.937 3957610,6,1
18:10:32.937 3973478,2,3
18:10:32.937 3973479,5,2
18:10:32.937 3973525,13,4
18:10:32.937 3973531,14,4
18:10:32.937 3973531,6,2
18:10:32.937 3973762,3,103
18:10:32.937 3973764,5,4
18:10:32.937 3973806,6,4
18:10:32.937 3989391,1,4
18:10:32.937 3989393,5,1
18:10:32.937 3989438,13,5
18:10:32.937 3989444,14,5
18:10:32.937 3989444,6,1
18:10:32.937 3998626,4,103
18:10:32.937 3998627,5,8
18:10:32.937 3998669,6,8
18:10:32.937 4009288,2,5
18:10:32.937 4009290,5,2
18:10:32.937 4009336,13,6
18:10:32.937 4009341,14,6
18:10:32.937 4009342,6,2
18:10:32.937 4021209,1,6
18:10:32.937 4021210,5,1
18:10:32.940 4021256,13,7
18:10:32.940 4021261,14,7
18:10:32.941 4021262,6,1
18:10:32.942 4023483,3,104
18:10:32.944 4023484,5,4
18:10:32.945 4023526,6,4
18:10:32.946 4037118,2,7
18:10:33.000 4037119,5,2
18:10:33.000 4037165,13,8
18:10:33.000 4037171,14,8
18:10:33.000 4037171,6,2
18:10:33.000 4048334,4,104
18:10:33.000 4048335,5,8
18:10:33.000 4048377,6,8
18:10:33.000 4053020,1,8
18:10:33.000 4053022,5,1
18:10:33.000 4053067,13,9
18:10:33.000 4053073,14,9
18:10:33.000 4053073,6,1
18:10:33.000 4068924,2,9
18:10:33.000 4068925,5,2
18:10:33.000 4068971,13,10
18:10:33.000 4068977,14,10
18:10:33.000 4068977,6,2
18:10:33.000 4073185,3,105
18:10:33.000 4073186,5,4
18:10:33.000 4073228,6,4
18:10:33.000 4084836,1,10
18:10:33.000 4084838,5,1
18:10:33.000 4084883,13,11
18:10:33.000 4084889,14,11
18:10:33.000 4084889,6,1
18:10:33.000 4098033,4,105
18:10:33.002 4098034,5,8
18:10:33.002 4098076,6,8
18:10:33.003 4100731,2,11
18:10:33.004 4100732,5,2
18:10:33.005 4100778,13,12
18:10:33.007 4100784,14,12
18:10:33.063 4100784,6,2
18:10:33.063 4116634,1,12
18:10:33.063 4116635,5,1
18:10:33.063 4116681,13,13
18:10:33.063 4116686,14,13
18:10:33.063 4116687,6,1
18:10:33.063 4122881,3,106
18:10:33.063 4122883,5,4
18:10:33.063 4122925,6,4
18:10:33.063 4132543,2,13
18:10:33.063 4132544,5,2
18:10:33.063 4132590,13,14
18:10:33.063 4132596,14,14
18:10:33.063 4132596,6,2
18:10:33.063 4147744,4,106
18:10:33.063 4147745,5,8
18:10:33.063 4147787,6,8
18:10:33.063 4148453,1,14
18:10:33.063 4148454,5,1
18:10:33.063 4148500,13,15
18:10:33.063 4148505,14,15
18:10:33.063 4148506,6,1
18:10:33.063 4164365,2,15
18:10:33.063 4164367,5,2
18:10:33.063 4164413,13,16
18:10:33.063 4164418,14,16
18:10:33.063 4164418,6,2
18:10:33.063 4172602,3,107
18:10:33.063 4172603,5,4
18:10:33.065 4172646,6,4
18:10:33.065 4180272,1,16
18:10:33.067 4180273,5,1
18:10:33.126 4180319,13,17
18:10:33.126 4180324,14,17
18:10:33.126 4180324,6,1
18:10:33.126 4196181,2,17
18:10:33.126 4196182,5,2
18:10:33.126 4196228,13,18
18:10:33.126 4196233,14,18
18:10:33.126 4196234,6,2
18:10:33.126 4197459,4,107
18:10:33.126 4197461,5,8
18:10:33.126 4197503,6,8
18:10:33.126 4212086,1,18
18:10:33.126 4212087,5,1
18:10:33.126 4212133,13,19
18:10:33.126 4212138,14,19
18:10:33.126 4212138,6,1
18:10:33.126 4222311,3,108
18:10:33.126 4222312,5,4
18:10:33.126 4222354,6,4
18:10:33.126 4227987,2,19
18:10:33.126 4227988,5,2
18:10:33.126 4228034,13,20
18:10:33.126 4228040,14,20
18:10:33.126 4228040,6,2
18:10:33.126 4243890,1,20
18:10:33.126 4243892,5,1
18:10:33.126 4243938,13,21
18:10:33.126 4243943,14,21
18:10:33.126 4243943,6,1
18:10:33.126 4247157,4,108
18:10:33.128 4247158,5,8
18:10:33.128 4247200,6,8
18:10:33.189 4259792,2,21
18:10:33.189 4259793,5,2
18:10:33.189 4259839,13,22
18:10:33.189 4259844,14,22
18:10:33.189 4259845,6,2
18:10:33.189 4271994,3,109
18:10:33.189 4271996,5,4
18:10:33.189 4272037,6,4
18:10:33.189 4275687,1,22
18:10:33.189 4275688,5,1
18:10:33.189 4275734,13,23
18:10:33.189 4275740,14,23
18:10:33.189 4275740,6,1
18:10:33.189 4291596,2,23
18:10:33.189 4291597,5,2
18:10:33.189 4291643,13,24
18:10:33.189 4291648,14,24
18:10:33.189 4291649,6,2
18:10:33.189 4296852,4,109
18:10:33.189 4296853,5,8
18:10:33.189 4296895,6,8
18:10:33.189 4307498,1,24
18:10:33.189 4307500,5,1
18:10:33.189 4307545,13,25
18:10:33.189 4307551,14,25
18:10:33.189 4307551,6,1
18:10:33.189 4321695,3,110
18:10:33.189 4321696,5,4
18:10:33.189 4321738,6,4
18:10:33.189 4323398,2,25
18:10:33.189 4323400,5,2
18:10:33.189 4323445,13,26
18:10:33.251 4323451,14,26
18:10:33.251 4323451,6,2
18:10:33.251 4339284,1,26
18:10:33.251 4339285,5,1
18:10:33.251 4339331,13,27
18:10:33.251 4339336,14,27
18:10:33.251 4339337,6,1
18:10:33.251 4346520,4,110
18:10:33.251 4346521,5,8
18:10:33.251 4346563,6,8
18:10:33.251 4355173,2,27
18:10:33.251 4355174,5,2
18:10:33.251 4355220,13,28
18:10:33.251 4355225,14,28
18:10:33.251 4355226,6,2
18:10:33.251 4371058,1,28
18:10:33.251 4371059,5,1
18:10:33.251 4371105,13,29
18:10:33.251 4371110,14,29
18:10:33.251 4371111,6,1
18:10:33.251 4371342,3,111
18:10:33.251 4371343,5,4
18:10:33.251 4371385,6,4
18:10:33.251 4386942,2,29
18:10:33.251 4386943,5,2
18:10:33.251 4386989,13,30
18:10:33.251 4386995,14,30
18:10:33.251 4386995,6,2
18:10:33.251 4396153,4,111
18:10:33.251 4396154,5,8
18:10:33.251 4396196,6,8
18:10:33.251 4402813,1,30
18:10:33.315 4402814,5,1
18:10:33.315 4402860,13,31
18:10:33.315 4402865,14,31
18:10:33.315 4402866,6,1
18:10:33.315 4418685,2,31
18:10:33.315 4418686,5,2
18:10:33.315 4418732,13,32
18:10:33.315 4418738,14,32
18:10:33.315 4418738,6,2
18:10:33.315 4420953,3,112
18:10:33.315 4420955,5,4
18:10:33.315 4420997,6,4
18:10:33.315 4434566,1,32
18:10:33.315 4434567,5,1
18:10:33.315 4434613,13,33
18:10:33.315 4434618,14,33
18:10:33.315 4434618,6,1
18:10:33.315 4445768,4,112
18:10:33.315 4445769,5,8
18:10:33.315 4445811,6,8
18:10:33.315 4450445,2,33
18:10:33.315 4450446,5,2
18:10:33.315 4450492,13,34
18:10:33.315 4450497,14,34
18:10:33.315 4450498,6,2
18:10:33.315 4466322,1,34
18:10:33.315 4466324,5,1
18:10:33.315 4466369,13,35
18:10:33.315 4466375,14,35
18:10:33.315 4466375,6,1
18:10:33.315 4470576,3,113
18:10:33.315 4470577,5,4
18:10:33.377 4470619,6,4
18:10:33.377 4482207,2,35
18:10:33.377 4482208,5,2
18:10:33.377 4482254,13,36
18:10:33.377 4482260,14,36
18:10:33.377 4482260,6,2
18:10:33.377 4495402,4,113
18:10:33.377 4495403,5,8
18:10:33.377 4495445,6,8
18:10:33.377 4498098,1,36
18:10:33.377 4498099,5,1
18:10:33.377 4498145,13,37
18:10:33.377 4498151,14,37
18:10:33.377 4498151,6,1
18:10:33.377 4519376,2,37
18:10:33.377 4519377,5,2
18:10:33.377 4519423,13,38
18:10:33.377 4519429,14,38
18:10:33.377 4519429,6,2
18:10:33.377 4520227,3,114
18:10:33.377 4520228,5,4
18:10:33.377 4520270,6,4
18:10:33.377 4529871,1,38
18:10:33.377 4529873,5,1
18:10:33.377 4529918,13,39
18:10:33.377 4529924,14,39
18:10:33.377 4529924,6,1
18:10:33.377 4545048,4,114
18:10:33.377 4545049,5,8
18:10:33.377 4545091,6,8
18:10:33.377 4545757,2,39
18:10:33.377 4545758,5,2
18:10:33.440 4545804,13,40
18:10:33.440 4545809,14,40
18:10:33.440 4545810,6,2
18:10:33.440 4561639,1,40
18:10:33.440 4561640,5,1
18:10:33.440 4561686,13,41
18:10:33.440 4561691,14,41
18:10:33.440 4561692,6,1
18:10:33.440 4569864,3,115
18:10:33.440 4569866,5,4
18:10:33.440 4569907,6,4
18:10:33.440 4577524,2,41
18:10:33.440 4577525,5,2
18:10:33.440 4577571,13,42
18:10:33.440 4577577,14,42
18:10:33.440 4577577,6,2
18:10:33.440 4593406,1,42
18:10:33.440 4593407,5,1
18:10:33.440 4593453,13,43
18:10:33.440 4593459,14,43
18:10:33.440 4593459,6,1
18:10:33.440 4594683,4,115
18:10:33.440 4594684,5,8
18:10:33.440 4594726,6,8
18:10:33.440 4609290,2,43
18:10:33.440 4609291,5,2
18:10:33.440 4609337,13,44
18:10:33.440 4609343,14,44
18:10:33.440 4609343,6,2
18:10:33.440 4619505,3,116
18:10:33.440 4619506,5,4
18:10:33.440 4619548,6,4
18:10:33.443 4625176,1,44
18:10:33.443 4625178,5,1
18:10:33.444 4625223,13,45
18:10:33.446 4625230,15,4
18:10:33.447 4625230,14,45
18:10:33.448 4625231,6,1
18:10:33.449 4625570,16,4
18:10:33.450 4641054,2,45
18:10:33.451 4641057,5,2
18:10:33.452 4641103,13,46
18:10:33.454 4641108,14,46
18:10:33.455 4641109,6,2
18:10:33.456 4644316,4,116
18:10:33.458 4644318,5,8
18:10:33.459 4644360,6,8
18:10:33.460 4656933,1,46
18:10:33.518 4656935,5,1
18:10:33.518 4656981,13,47
18:10:33.518 4656987,14,47
18:10:33.518 4656987,6,1
18:10:33.518 4669123,3,117
18:10:33.518 4669125,5,4
18:10:33.518 4669168,6,4
18:10:33.518 4672810,2,47
18:10:33.518 4672811,5,2
18:10:33.518 4672857,13,48
18:10:33.518 4672863,14,48
18:10:33.518 4672863,6,2
18:10:33.518 4688688,1,48
18:10:33.518 4688690,5,1
18:10:33.518 4688735,13,49
18:10:33.518 4688741,14,49
18:10:33.518 4688742,6,1
18:10:33.518 4693935,4,117
18:10:33.518 4693937,5,8
18:10:33.518 4693980,6,8
18:10:33.518 4697107,9,17
18:10:33.518 4704583,2,49
18:10:33.518 4704586,5,2
18:10:33.518 4704632,13,50
18:10:33.642 4704638,14,50
18:10:33.642 4704639,6,2
18:10:33.642 4718769,3,118
18:10:33.642 4718771,5,4
18:10:33.642 4718814,6,4
18:10:33.642 4720470,1,50
18:10:33.642 4720472,5,1
18:10:33.642 4720518,13,51
18:10:33.705 4720524,14,51
18:10:33.705 4720524,6,1
18:10:33.705 4736360,2,51
18:10:33.705 4736362,5,2
18:10:33.705 4736409,13,52
18:10:33.705 4736415,14,52
18:10:33.705 4736415,6,2
18:10:33.705 4738091,10,17
18:10:33.705 4746333,4,118
18:10:33.705 4746335,5,8
18:10:33.705 4746378,6,8
18:10:33.705 4752254,1,52
18:10:33.705 4752255,5,1
18:10:33.705 4752301,13,53
18:10:33.705 4752308,14,53
18:10:33.705 4752308,6,1
18:10:33.705 4768153,2,53
18:10:33.705 4768154,5,2
18:10:33.705 4768200,13,54
18:10:33.705 4768206,14,54
18:10:33.705 4768206,6,2
18:10:33.705 4768437,3,119
18:10:33.705 4768438,5,4
18:10:33.705 4768481,6,4
18:10:33.705 4784047,1,54
18:10:33.705 4784048,5,1
18:10:33.705 4784094,13,55
18:10:33.705 4784100,14,55
18:10:33.705 4784100,6,1
18:10:33.705 4793267,4,119
18:10:33.705 4793268,5,8
18:10:33.705 4793310,6,8
18:10:33.766 4799936,2,55
18:10:33.766 4799938,5,2
18:10:33.766 4799983,13,56
18:10:33.766 4799989,14,56
18:10:33.766 4799989,6,2
18:10:33.766 4815828,1,56
18:10:33.766 4815829,5,1
18:10:33.766 4815875,13,57
18:10:33.766 4815881,14,57
18:10:33.766 4815881,6,1
18:10:33.766 4818098,3,120
18:10:33.766 4818100,5,4
18:10:33.766 4818141,6,4
18:10:33.766 4831717,2,57
18:10:33.766 4831719,5,2
18:10:33.766 4831764,13,58
18:10:33.766 4831770,14,58
18:10:33.766 4831770,6,2
18:10:33.766 4842929,4,120
18:10:33.766 4842930,5,8
18:10:33.766 4842972,6,8
18:10:33.766 4847610,1,58
18:10:33.766 4847612,5,1
18:10:33.766 4847657,13,59
18:10:33.766 4847663,14,59
18:10:33.766 4847663,6,1
18:10:33.766 4863497,2,59
18:10:33.766 4863499,5,2
18:10:33.766 4863544,13,60
18:10:33.766 4863550,14,60
18:10:33.766 4863550,6,2
18:10:33.766 4867753,3,121
18:10:33.828 4867755,5,4
18:10:33.828 4867796,6,4
18:10:33.828 4879388,1,60
18:10:33.828 4879390,5,1
18:10:33.828 4879435,13,61
18:10:33.828 4879441,14,61
18:10:33.828 4879441,6,1
18:10:33.828 4892585,4,121
18:10:33.828 4892586,5,8
18:10:33.828 4892628,6,8
18:10:33.828 4895280,2,61
18:10:33.828 4895282,5,2
18:10:33.828 4895327,13,62
18:10:33.828 4895333,14,62
18:10:33.828 4895333,6,2
18:10:33.828 4911170,1,62
18:10:33.828 4911171,5,1
18:10:33.828 4911217,13,63
18:10:33.828 4911223,14,63
18:10:33.828 4911223,6,1
18:10:33.828 4917413,3,122
18:10:33.828 4917414,5,4
18:10:33.828 4917456,6,4
18:10:33.828 4927064,2,63
18:10:33.828 4927065,5,2
18:10:33.828 4927111,13,64
18:10:33.828 4927116,14,64
18:10:33.828 4927117,6,2
18:10:33.828 4942244,4,122
18:10:33.828 4942246,5,8
18:10:33.828 4942288,6,8
18:10:33.828 4942954,1,64
18:10:33.891 4942955,5,1
18:10:33.891 4943001,13,65
18:10:33.891 4943006,14,65
18:10:33.891 4943007,6,1
18:10:33.891 4958855,2,65
18:10:33.891 4958856,5,2
18:10:33.891 4958902,13,66
18:10:33.891 4958907,14,66
18:10:33.891 4958908,6,2
18:10:33.891 4967089,3,123
18:10:33.891 4967091,5,4
18:10:33.891 4967133,6,4
18:10:33.891 4974752,1,66
18:10:33.891 4974753,5,1
18:10:33.891 4974799,13,67
18:10:33.891 4974804,14,67
18:10:33.891 4974804,6,1
18:10:33.891 4990647,2,67
18:10:33.891 4990648,5,2
18:10:33.891 4990694,13,68
18:10:33.891 4990700,14,68
18:10:33.891 4990700,6,2
18:10:33.891 4991925,4,123
18:10:33.891 4991926,5,8
18:10:33.891 4991968,6,8
18:10:33.891 5006547,1,68
18:10:33.891 5006548,5,1
18:10:33.891 5006594,13,69
18:10:33.891 5006599,14,69
18:10:33.891 5006600,6,1
18:10:33.891 5016768,3,124
18:10:33.891 5016770,5,4
18:10:33.953 5016811,6,4
18:10:33.953 5029289,2,69
18:10:33.953 5029290,5,2
18:10:33.953 5029336,13,70
18:10:33.953 5029342,14,70
18:10:33.953 5029342,6,2
18:10:33.953 5038340,1,70
18:10:33.953 5038342,5,1
18:10:33.953 5038387,13,71
18:10:33.953 5038393,14,71
18:10:33.953 5038393,6,1
18:10:33.953 5041606,4,124
18:10:33.953 5041608,5,8
18:10:33.953 5041649,6,8
18:10:33.953 5054248,2,71
18:10:33.953 5054250,5,2
18:10:33.953 5054295,13,72
18:10:33.953 5054301,14,72
18:10:33.953 5054301,6,2
18:10:33.953 5066463,3,125
18:10:33.953 5066465,5,4
18:10:33.953 5066506,6,4
18:10:33.953 5070157,1,72
18:10:33.953 5070158,5,1
18:10:33.953 5070204,13,73
18:10:33.953 5070209,14,73
18:10:33.953 5070210,6,1
18:10:33.953 5086071,2,73
18:10:33.953 5086073,5,2
18:10:33.953 5086119,13,74
18:10:33.953 5086124,14,74
18:10:33.953 5086125,6,2
18:10:33.957 5091326,4,125
18:10:33.957 5091328,5,8
18:10:33.958 5091369,6,8
18:10:33.959 5101970,1,74
18:10:33.960 5101972,5,1
18:10:33.962 5102017,13,75
18:10:33.963 5102023,14,75
18:10:33.964 5102023,6,1
18:10:33.965 5116165,3,126
18:10:33.966 5116166,5,4
18:10:33.967 5116208,6,4
18:10:33.968 5117868,2,75
18:10:33.970 5117869,5,2
18:10:33.971 5117915,13,76
18:10:33.972 5117921,14,76
18:10:33.973 5117921,6,2
18:10:34.032 5133761,1,76
18:10:34.032 5133762,5,1
18:10:34.032 5133808,13,77
18:10:34.032 5133813,14,77
18:10:34.032 5133813,6,1
18:10:34.032 5140998,4,126
18:10:34.032 5140999,5,8
18:10:34.032 5141041,6,8
18:10:34.032 5149656,2,77
18:10:34.032 5149657,5,2
18:10:34.032 5149703,13,78
18:10:34.032 5149709,14,78
18:10:34.032 5149709,6,2
18:10:34.032 5165557,1,78
18:10:34.032 5165558,5,1
18:10:34.032 5165604,13,79
18:10:34.032 5165609,14,79
18:10:34.032 5165610,6,1
18:10:34.032 5165842,3,127
18:10:34.032 5165843,5,4
18:10:34.032 5165885,6,4
18:10:34.032 5181458,2,79
18:10:34.032 5181460,5,2
18:10:34.032 5181505,13,80
18:10:34.032 5181511,14,80
18:10:34.032 5181511,6,2
18:10:34.032 5190689,4,127
18:10:34.032 5190690,5,8
18:10:34.032 5190732,6,8
18:10:34.034 5197364,1,80
18:10:34.034 5197365,5,1
18:10:34.034 5197411,13,81
18:10:34.094 5197416,14,81
18:10:34.094 5197417,6,1
18:10:34.094 5213269,2,81
18:10:34.094 5213271,5,2
18:10:34.094 5213317,13,82
18:10:34.094 5213322,14,82
18:10:34.094 5213323,6,2
18:10:34.094 5215541,3,128
18:10:34.094 5215543,5,4
18:10:34.094 5215585,6,4
18:10:34.094 5229165,1,82
18:10:34.094 5229167,5,1
18:10:34.094 5229212,13,83
18:10:34.094 5229218,14,83
18:10:34.094 5229218,6,1
18:10:34.094 5240369,4,128
18:10:34.094 5240370,5,8
18:10:34.094 5240412,6,8
18:10:34.094 5245048,2,83
18:10:34.094 5245050,5,2
18:10:34.094 5245096,13,84
18:10:34.094 5245101,14,84
18:10:34.094 5245102,6,2
18:10:34.094 5260938,1,84
18:10:34.094 5260939,5,1
18:10:34.094 5260984,13,85
18:10:34.094 5260990,14,85
18:10:34.094 5260990,6,1
18:10:34.094 5265197,3,129
18:10:34.094 5265198,5,4
18:10:34.094 5265240,6,4
18:10:34.097 5276845,2,85
18:10:34.157 5276846,5,2
18:10:34.157 5276892,13,86
18:10:34.157 5276897,14,86
18:10:34.157 5276898,6,2
18:10:34.157 5290044,4,129
18:10:34.157 5290045,5,8
18:10:34.157 5290087,6,8
18:10:34.157 5292738,1,86
18:10:34.157 5292739,5,1
18:10:34.157 5292785,13,87
18:10:34.157 5292791,14,87
18:10:34.157 5292791,6,1
18:10:34.157 5308626,2,87
18:10:34.157 5308627,5,2
18:10:34.157 5308672,13,88
18:10:34.157 5308678,14,88
18:10:34.157 5308678,6,2
18:10:34.157 5314867,3,130
18:10:34.157 5314868,5,4
18:10:34.157 5314910,6,4
18:10:34.157 5324512,1,88
18:10:34.157 5324513,5,1
18:10:34.157 5324559,13,89
18:10:34.157 5324564,14,89
18:10:34.157 5324565,6,1
18:10:34.157 5339703,4,130
18:10:34.157 5339704,5,8
18:10:34.157 5339746,6,8
18:10:34.157 5340412,2,89
18:10:34.157 5340413,5,2
18:10:34.157 5340459,13,90
18:10:34.157 5340464,14,90
18:10:34.233 5340465,6,2
18:10:34.233 5356309,1,90
18:10:34.233 5356311,5,1
18:10:34.233 5356356,13,91
18:10:34.233 5356362,14,91
18:10:34.233 5356362,6,1
18:10:34.233 5364544,3,131
18:10:34.233 5364546,5,4
18:10:34.233 5364587,6,4
18:10:34.233 5372212,2,91
18:10:34.233 5372213,5,2
18:10:34.233 5372259,13,92
18:10:34.233 5372265,14,92
18:10:34.233 5372265,6,2
18:10:34.233 5388114,1,92
18:10:34.233 5388115,5,1
18:10:34.233 5388161,13,93
18:10:34.233 5388166,14,93
18:10:34.233 5388167,6,1
18:10:34.233 5389393,4,131
18:10:34.233 5389394,5,8
18:10:34.233 5389436,6,8
18:10:34.233 5404006,2,93
18:10:34.233 5404007,5,2
18:10:34.233 5404053,13,94
18:10:34.233 5404058,14,94
18:10:34.233 5404059,6,2
18:10:34.233 5414226,3,132
18:10:34.233 5414227,5,4
18:10:34.233 5414269,6,4
18:10:34.233 5419902,1,94
18:10:34.233 5419904,5,1
18:10:34.233 5419949,13,95
18:10:34.233 5419955,14,95
18:10:34.233 5419955,6,1
18:10:34.233 5435802,2,95
18:10:34.233 5435803,5,2
18:10:34.236 5435849,13,96
18:10:34.236 5435855,14,96
18:10:34.237 5435855,6,2
18:10:34.238 5439067,4,132
18:10:34.238 5439068,5,8
18:10:34.239 5439110,6,8
18:10:34.242 5451696,1,96
18:10:34.243 5451698,5,1
18:10:34.244 5451743,13,97
18:10:34.245 5451749,14,97
18:10:34.246 5451749,6,1
18:10:34.311 5463906,3,133
18:10:34.311 5463908,5,4
18:10:34.311 5463950,6,4
18:10:34.311 5467597,2,97
18:10:34.311 5467598,5,2
18:10:34.311 5467644,13,98
18:10:34.311 5467650,14,98
18:10:34.311 5467650,6,2
18:10:34.311 5483495,1,98
18:10:34.311 5483496,5,1
18:10:34.311 5483542,13,99
18:10:34.311 5483547,14,99
18:10:34.311 5483548,6,1
18:10:34.311 5488748,4,133
18:10:34.311 5488749,5,8
18:10:34.311 5488792,6,8
18:10:34.311 5499388,2,99
18:10:34.311 5499389,5,2
18:10:34.311 5499435,13,100
18:10:34.311 5499441,14,100
18:10:34.311 5499441,6,2
18:10:34.311 5513577,3,134
18:10:34.311 5513578,5,4
18:10:34.311 5513620,6,4
18:10:34.311 5515280,1,100
18:10:34.311 5515281,5,1
18:10:34.311 5515327,13,101
18:10:34.311 5515333,14,101
18:10:34.311 5515333,6,1
18:10:34.311 5539376,2,101
18:10:34.311 5539379,4,134
18:10:34.311 5539379,5,2
18:10:34.389 5539425,13,102
18:10:34.389 5539431,14,102
18:10:34.389 5539431,6,2
18:10:34.389 5539432,5,8
18:10:34.389 5539474,6,8
18:10:34.389 5547077,1,102
18:10:34.389 5547079,5,1
18:10:34.389 5547124,13,103
18:10:34.389 5547130,14,103
18:10:34.389 5547130,6,1
18:10:34.389 5562981,2,103
18:10:34.389 5562982,5,2
18:10:34.389 5563028,13,104
18:10:34.389 5563034,14,104
18:10:34.389 5563034,6,2
18:10:34.389 5563265,3,135
18:10:34.389 5563266,5,4
18:10:34.389 5563308,6,4
18:10:34.389 5578882,1,104
18:10:34.389 5578883,5,1
18:10:34.389 5578929,13,105
18:10:34.389 5578935,15,5
18:10:34.389 5578936,14,105
18:10:34.389 5578936,6,1
18:10:34.389 5579276,16,5
18:10:34.389 5588106,4,135
18:10:34.389 5588109,5,8
18:10:34.389 5588152,6,8
18:10:34.389 5594779,2,105
18:10:34.389 5594781,5,2
18:10:34.389 5594827,13,106
18:10:34.389 5594833,14,106
18:10:34.467 5594833,6,2
18:10:34.467 5610681,1,106
18:10:34.467 5610683,5,1
18:10:34.467 5610728,13,107
18:10:34.467 5610734,14,107
18:10:34.467 5610734,6,1
18:10:34.467 5612953,3,136
18:10:34.467 5612955,5,4
18:10:34.467 5612998,6,4
18:10:34.467 5626586,2,107
18:10:34.467 5626587,5,2
18:10:34.467 5626633,13,108
18:10:34.467 5626639,14,108
18:10:34.467 5626639,6,2
18:10:34.467 5637794,4,136
18:10:34.467 5637796,5,8
18:10:34.467 5637839,6,8
18:10:34.467 5642477,1,108
18:10:34.467 5642479,5,1
18:10:34.467 5642525,13,109
18:10:34.467 5642530,14,109
18:10:34.467 5642531,6,1
18:10:34.467 5650804,9,18
18:10:34.467 5658374,2,109
18:10:34.467 5658377,5,2
18:10:34.467 5658423,13,110
18:10:34.467 5658429,14,110
18:10:34.467 5658429,6,2
18:10:34.467 5662630,3,137
18:10:34.467 5662633,5,4
18:10:34.467 5662676,6,4
18:10:34.470 5674262,1,110
18:10:34.608 5674264,5,1
18:10:34.608 5674310,13,111
18:10:34.608 5674316,14,111
18:10:34.608 5674317,6,1
18:10:34.608 5687459,4,137
18:10:34.608 5687461,5,8
18:10:34.608 5687504,6,8
18:10:34.608 5690156,2,111
18:10:34.608 5690157,5,2
18:10:34.608 5690203,13,112
18:10:34.608 5690209,14,112
18:10:34.608 5690210,6,2
18:10:34.608 5691789,10,18
18:10:34.608 5706062,1,112
18:10:34.608 5706064,5,1
18:10:34.608 5706110,13,113
18:10:34.686 5706116,14,113
18:10:34.686 5706116,6,1
18:10:34.686 5712306,3,138
18:10:34.686 5712307,5,4
18:10:34.686 5712350,6,4
18:10:34.686 5721961,2,113
18:10:34.686 5721962,5,2
18:10:34.686 5722008,13,114
18:10:34.686 5722014,14,114
18:10:34.686 5722014,6,2
18:10:34.686 5737154,4,138
18:10:34.686 5737155,5,8
18:10:34.686 5737198,6,8
18:10:34.686 5737863,1,114
18:10:34.686 5737864,5,1
18:10:34.686 5737910,13,115
18:10:34.686 5737916,14,115
18:10:34.686 5737916,6,1
18:10:34.686 5753758,2,115
18:10:34.686 5753759,5,2
18:10:34.686 5753805,13,116
18:10:34.686 5753811,14,116
18:10:34.686 5753811,6,2
18:10:34.686 5761993,3,139
18:10:34.686 5761994,5,4
18:10:34.686 5762036,6,4
18:10:34.686 5769662,1,116
18:10:34.686 5769664,5,1
18:10:34.686 5769709,13,117
18:10:34.686 5769715,14,117
18:10:34.686 5769715,6,1
18:10:34.686 5785566,2,117
18:10:34.764 5785567,5,2
18:10:34.764 5785613,13,118
18:10:34.764 5785618,14,118
18:10:34.764 5785619,6,2
18:10:34.764 5786844,4,139
18:10:34.764 5786845,5,8
18:10:34.764 5786887,6,8
18:10:34.764 5801472,1,118
18:10:34.764 5801473,5,1
18:10:34.764 5801518,13,119
18:10:34.764 5801524,14,119
18:10:34.764 5801524,6,1
18:10:34.764 5811695,3,140
18:10:34.764 5811697,5,4
18:10:34.764 5811739,6,4
18:10:34.764 5817373,2,119
18:10:34.764 5817374,5,2
18:10:34.764 5817420,13,120
18:10:34.764 5817425,14,120
18:10:34.764 5817426,6,2
18:10:34.764 5833271,1,120
18:10:34.764 5833272,5,1
18:10:34.764 5833318,13,121
18:10:34.764 5833323,14,121
18:10:34.764 5833323,6,1
18:10:34.764 5836540,4,140
18:10:34.764 5836541,5,8
18:10:34.764 5836583,6,8
18:10:34.764 5849182,2,121
18:10:34.764 5849183,5,2
18:10:34.764 5849229,13,122
18:10:34.764 5849234,14,122
18:10:34.843 5849234,6,2
18:10:34.843 5861385,3,141
18:10:34.843 5861387,5,4
18:10:34.843 5861429,6,4
18:10:34.843 5865077,1,122
18:10:34.843 5865078,5,1
18:10:34.843 5865124,13,123
18:10:34.843 5865129,14,123
18:10:34.843 5865130,6,1
18:10:34.843 5880972,2,123
18:10:34.843 5880973,5,2
18:10:34.843 5881018,13,124
18:10:34.843 5881024,14,124
18:10:34.843 5881024,6,2
18:10:34.843 5886222,4,141
18:10:34.843 5886223,5,8
18:10:34.843 5886265,6,8
18:10:34.843 5896864,1,124
18:10:34.843 5896866,5,1
18:10:34.843 5896911,13,125
18:10:34.843 5896917,14,125
18:10:34.843 5896917,6,1
18:10:34.843 5911054,3,142
18:10:34.843 5911056,5,4
18:10:34.843 5911098,6,4
18:10:34.843 5912757,2,125
18:10:34.843 5912758,5,2
18:10:34.843 5912804,13,126
18:10:34.843 5912810,14,126
18:10:34.843 5912810,6,2
18:10:34.843 5928654,1,126
18:10:34.843 5928655,5,1
18:10:34.938 5928701,13,127
18:10:34.938 5928707,14,127
18:10:34.938 5928707,6,1
18:10:34.938 5935967,4,142
18:10:34.938 5935969,5,8
18:10:34.938 5936011,6,8
18:10:34.938 5944554,2,127
18:10:34.938 5944556,5,2
18:10:34.938 5944601,13,128
18:10:34.938 5944607,14,128
18:10:34.938 5944608,6,2
18:10:34.938 5960443,1,128
18:10:34.938 5960444,5,1
18:10:34.938 5960490,13,129
18:10:34.938 5960496,14,129
18:10:34.938 5960496,6,1
18:10:34.938 5960727,3,143
18:10:34.938 5960729,5,4
18:10:34.938 5960771,6,4
18:10:34.938 5976338,2,129
18:10:34.938 5976339,5,2
18:10:34.938 5976385,13,130
18:10:34.938 5976390,14,130
18:10:34.938 5976391,6,2
18:10:34.938 5985560,4,143
18:10:34.938 5985561,5,8
18:10:34.938 5985603,6,8
18:10:34.938 5992227,1,130
18:10:34.938 5992228,5,1
18:10:34.938 5992274,13,131
18:10:34.938 5992280,14,131
18:10:34.938 5992280,6,1
18:10:35.001 6008124,2,131
18:10:35.001 6008125,5,2
18:10:35.001 6008171,13,132
18:10:35.001 6008177,14,132
18:10:35.001 6008177,6,2
18:10:35.001 6010395,3,144
18:10:35.001 6010397,5,4
18:10:35.001 6010439,6,4
18:10:35.001 6024017,1,132
18:10:35.001 6024018,5,1
18:10:35.001 6024064,13,133
18:10:35.001 6024069,14,133
18:10:35.001 6024070,6,1
18:10:35.001 6035226,4,144
18:10:35.001 6035227,5,8
18:10:35.001 6035269,6,8
18:10:35.001 6039909,2,133
18:10:35.001 6039910,5,2
18:10:35.001 6039956,13,134
18:10:35.001 6039961,14,134
18:10:35.001 6039962,6,2
18:10:35.001 6055802,1,134
18:10:35.001 6055804,5,1
18:10:35.001 6055849,13,135
18:10:35.001 6055855,14,135
18:10:35.001 6055855,6,1
18:10:35.001 6060057,3,145
18:10:35.001 6060059,5,4
18:10:35.001 6060100,6,4
18:10:35.001 6071696,2,135
18:10:35.001 6071697,5,2
18:10:35.003 6071743,13,136
18:10:35.064 6071749,14,136
18:10:35.064 6071749,6,2
18:10:35.064 6084900,4,145
18:10:35.064 6084901,5,8
18:10:35.064 6084943,6,8
18:10:35.064 6087599,1,136
18:10:35.064 6087600,5,1
18:10:35.064 6087646,13,137
18:10:35.064 6087651,14,137
18:10:35.064 6087652,6,1
18:10:35.064 6103498,2,137
18:10:35.064 6103499,5,2
18:10:35.064 6103545,13,138
18:10:35.064 6103551,14,138
18:10:35.064 6103551,6,2
18:10:35.064 6109744,3,146
18:10:35.064 6109746,5,4
18:10:35.068 6109787,6,4
18:10:35.068 6119395,1,138
18:10:35.068 6119396,5,1
18:10:35.069 6119442,13,139
18:10:35.069 6119447,14,139
18:10:35.071 6119447,6,1
18:10:35.072 6134581,4,146
18:10:35.073 6134583,5,8
18:10:35.075 6134625,6,8
18:10:35.076 6135291,2,139
18:10:35.077 6135292,5,2
18:10:35.078 6135338,13,140
18:10:35.080 6135344,14,140
18:10:35.081 6135344,6,2
18:10:35.082 6151187,1,140
18:10:35.155 6151189,5,1
18:10:35.155 6151234,13,141
18:10:35.155 6151240,14,141
18:10:35.155 6151240,6,1
18:10:35.155 6159419,3,147
18:10:35.155 6159420,5,4
18:10:35.155 6159462,6,4
18:10:35.155 6167091,2,141
18:10:35.155 6167093,5,2
18:10:35.155 6167138,13,142
18:10:35.155 6167144,14,142
18:10:35.155 6167144,6,2
18:10:35.155 6183012,1,142
18:10:35.155 6183013,5,1
18:10:35.155 6183059,13,143
18:10:35.155 6183065,14,143
18:10:35.155 6183065,6,1
18:10:35.155 6184291,4,147
18:10:35.155 6184292,5,8
18:10:35.155 6184335,6,8
18:10:35.155 6198907,2,143
18:10:35.155 6198908,5,2
18:10:35.155 6198954,13,144
18:10:35.155 6198959,14,144
18:10:35.155 6198960,6,2
18:10:35.155 6209126,3,148
18:10:35.158 6209127,5,4
18:10:35.158 6209169,6,4
18:10:35.159 6214802,1,144
18:10:35.160 6214803,5,1
18:10:35.161 6214849,13,145
18:10:35.163 6214854,14,145
18:10:35.234 6214854,6,1
18:10:35.234 6230700,2,145
18:10:35.234 6230701,5,2
18:10:35.234 6230747,13,146
18:10:35.234 6230752,14,146
18:10:35.234 6230753,6,2
18:10:35.234 6233964,4,148
18:10:35.234 6233965,5,8
18:10:35.234 6234007,6,8
18:10:35.234 6246593,1,146
18:10:35.234 6246595,5,1
18:10:35.234 6246640,13,147
18:10:35.234 6246646,14,147
18:10:35.234 6246646,6,1
18:10:35.234 6258797,3,149
18:10:35.234 6258798,5,4
18:10:35.234 6258840,6,4
18:10:35.234 6262487,2,147
18:10:35.234 6262488,5,2
18:10:35.234 6262534,13,148
18:10:35.234 6262540,14,148
18:10:35.234 6262540,6,2
18:10:35.234 6278377,1,148
18:10:35.234 6278378,5,1
18:10:35.238 6278424,13,149
18:10:35.238 6278430,14,149
18:10:35.238 6278430,6,1
18:10:35.238 6283629,4,149
18:10:35.239 6283630,5,8
18:10:35.241 6283672,6,8
18:10:35.242 6294270,2,149
18:10:35.243 6294271,5,2
18:10:35.313 6294317,13,150
18:10:35.313 6294322,14,150
18:10:35.313 6294323,6,2
18:10:35.313 6308460,3,150
18:10:35.313 6308461,5,4
18:10:35.313 6308503,6,4
18:10:35.313 6310164,1,150
18:10:35.313 6310165,5,1
18:10:35.313 6310211,13,151
18:10:35.313 6310216,14,151
18:10:35.313 6310217,6,1
18:10:35.313 6326068,2,151
18:10:35.313 6326069,5,2
18:10:35.313 6326115,13,152
18:10:35.313 6326120,14,152
18:10:35.313 6326120,6,2
18:10:35.313 6333303,4,150
18:10:35.313 6333304,5,8
18:10:35.313 6333346,6,8
18:10:35.313 6341957,1,152
18:10:35.313 6341958,5,1
18:10:35.313 6342004,13,153
18:10:35.313 6342009,14,153
18:10:35.317 6342010,6,1
18:10:35.317 6357856,2,153
18:10:35.317 6357858,5,2
18:10:35.318 6357903,13,154
18:10:35.320 6357909,14,154
18:10:35.321 6357909,6,2
18:10:35.322 6358140,3,151
18:10:35.324 6358142,5,4
18:10:35.324 6358184,6,4
18:10:35.391 6373755,1,154
18:10:35.391 6373756,5,1
18:10:35.391 6373802,13,155
18:10:35.391 6373807,14,155
18:10:35.391 6373807,6,1
18:10:35.391 6382976,4,151
18:10:35.391 6382977,5,8
18:10:35.391 6383019,6,8
18:10:35.391 6389640,2,155
18:10:35.391 6389642,5,2
18:10:35.391 6389687,13,156
18:10:35.391 6389693,14,156
18:10:35.391 6389693,6,2
18:10:35.391 6405519,1,156
18:10:35.391 6405520,5,1
18:10:35.391 6405566,13,157
18:10:35.391 6405571,14,157
18:10:35.391 6405572,6,1
18:10:35.391 6407786,3,152
18:10:35.391 6407788,5,4
18:10:35.392 6407830,6,4
18:10:35.392 6421394,2,157
18:10:35.392 6421396,5,2
18:10:35.392 6421441,13,158
18:10:35.396 6421447,14,158
18:10:35.398 6421447,6,2
18:10:35.399 6432599,4,152
18:10:35.400 6432600,5,8
18:10:35.400 6432642,6,8
18:10:35.401 6437277,1,158
18:10:35.404 6437279,5,1
18:10:35.404 6437324,13,159
18:10:35.482 6437330,14,159
18:10:35.482 6437330,6,1
18:10:35.482 6453160,2,159
18:10:35.482 6453161,5,2
18:10:35.560 6453207,13,160
18:10:35.560 6453212,14,160
18:10:35.560 6453213,6,2
18:10:35.560 6457416,3,153
18:10:35.560 6457418,5,4
18:10:35.560 6457460,6,4
18:10:35.560 6469046,1,160
18:10:35.560 6469047,5,1
18:10:35.560 6469092,13,161
18:10:35.560 6469098,14,161
18:10:35.560 6469098,6,1
18:10:35.560 6482237,4,153
18:10:35.638 6482239,5,8
18:10:35.638 6482280,6,8
18:10:35.638 6484932,2,161
18:10:35.638 6484934,5,2
18:10:35.638 6484979,13,162
18:10:35.638 6484985,14,162
18:10:35.638 6484986,6,2
18:10:35.638 6500829,1,162
18:10:35.638 6500831,5,1
18:10:35.638 6500876,13,163
18:10:35.638 6500882,14,163
18:10:35.638 6500882,6,1
18:10:35.638 6507073,3,154
18:10:35.638 6507074,5,4
18:10:35.638 6507116,6,4
18:10:35.638 6516723,2,163
18:10:35.638 6516724,5,2
18:10:35.638 6516770,13,164
18:10:35.638 6516776,14,164
18:10:35.638 6516777,6,2
18:10:35.638 6531903,4,154
18:10:35.638 6531905,5,8
18:10:35.638 6531947,6,8
18:10:35.638 6532613,1,164
18:10:35.638 6532614,5,1
18:10:35.638 6532660,13,165
18:10:35.638 6532666,15,6
18:10:35.638 6532667,14,165
18:10:35.638 6532667,6,1
18:10:35.638 6533003,16,6
18:10:35.638 6548509,2,165
18:10:35.638 6548512,5,2
18:10:35.715 6548558,13,166
18:10:35.715 6548564,14,166
18:10:35.715 6548565,6,2
18:10:35.715 6556743,3,155
18:10:35.715 6556745,5,4
18:10:35.715 6556788,6,4
18:10:35.715 6564408,1,166
18:10:35.715 6564410,5,1
18:10:35.715 6564456,13,167
18:10:35.715 6564462,14,167
18:10:35.715 6564462,6,1
18:10:35.715 6580320,2,167
18:10:35.715 6580322,5,2
18:10:35.715 6580367,13,168
18:10:35.715 6580373,14,168
18:10:35.715 6580373,6,2
18:10:35.715 6581599,4,155
18:10:35.715 6581601,5,8
18:10:35.715 6581644,6,8
18:10:35.715 6596222,1,168
18:10:35.715 6596224,5,1
18:10:35.715 6596269,13,169
18:10:35.715 6596275,14,169
18:10:35.715 6596275,6,1
18:10:35.715 6604512,9,19
18:10:35.715 6606450,3,156
18:10:35.715 6606453,5,4
18:10:35.715 6606496,6,4
18:10:35.715 6612128,2,169
18:10:35.715 6612130,5,2
18:10:35.715 6612177,13,170
18:10:35.717 6612183,14,170
18:10:35.796 6612183,6,2
18:10:35.796 6628029,1,170
18:10:35.796 6628032,5,1
18:10:35.796 6628078,13,171
18:10:35.796 6628084,14,171
18:10:35.796 6628084,6,1
18:10:35.796 6631295,4,156
18:10:35.796 6631297,5,8
18:10:35.796 6631340,6,8
18:10:35.796 6643933,2,171
18:10:35.796 6643935,5,2
18:10:35.796 6643981,13,172
18:10:35.796 6643987,14,172
18:10:35.796 6643987,6,2
18:10:35.796 6645499,10,19
18:10:35.796 6662040,1,172
18:10:35.796 6662043,3,157
18:10:35.796 6662044,5,1
18:10:35.796 6662090,13,173
18:10:35.796 6662096,14,173
18:10:35.796 6662096,6,1
18:10:35.796 6662097,5,4
18:10:35.796 6662140,6,4
18:10:35.796 6675720,2,173
18:10:35.796 6675722,5,2
18:10:35.796 6675767,13,174
18:10:35.796 6675773,14,174
18:10:35.796 6675774,6,2
18:10:35.796 6680973,4,157
18:10:35.796 6680975,5,8
18:10:35.799 6681017,6,8
18:10:35.799 6691613,1,174
18:10:35.874 6691615,5,1
18:10:35.874 6691661,13,175
18:10:35.874 6691667,14,175
18:10:35.874 6691667,6,1
18:10:35.874 6705800,3,158
18:10:35.874 6705801,5,4
18:10:35.874 6705844,6,4
18:10:35.874 6707502,2,175
18:10:35.874 6707503,5,2
18:10:35.874 6707549,13,176
18:10:35.874 6707554,14,176
18:10:35.874 6707555,6,2
18:10:35.874 6723382,1,176
18:10:35.874 6723384,5,1
18:10:35.874 6723429,13,177
18:10:35.874 6723435,14,177
18:10:35.874 6723435,6,1
18:10:35.874 6730612,4,158
18:10:35.874 6730613,5,8
18:10:35.874 6730655,6,8
18:10:35.874 6739262,2,177
18:10:35.874 6739263,5,2
18:10:35.874 6739309,13,178
18:10:35.874 6739315,14,178
18:10:35.874 6739315,6,2
18:10:35.874 6755147,1,178
18:10:35.874 6755148,5,1
18:10:35.874 6755193,13,179
18:10:35.877 6755199,14,179
18:10:35.877 6755199,6,1
18:10:35.877 6755431,3,159
18:10:35.878 6755432,5,4
18:10:35.951 6755474,6,4
18:10:35.951 6771029,2,179
18:10:35.951 6771030,5,2
18:10:35.951 6771076,13,180
18:10:35.951 6771082,14,180
18:10:35.951 6771082,6,2
18:10:35.951 6780251,4,159
18:10:35.951 6780253,5,8
18:10:35.951 6780294,6,8
18:10:35.951 6786920,1,180
18:10:35.951 6786922,5,1
18:10:35.951 6786967,13,181
18:10:35.951 6786973,14,181
18:10:35.951 6786973,6,1
18:10:35.951 6802809,2,181
18:10:35.951 6802810,5,2
18:10:35.951 6802856,13,182
18:10:35.951 6802862,14,182
18:10:35.951 6802862,6,2
18:10:35.951 6805079,3,160
18:10:35.951 6805080,5,4
18:10:35.951 6805122,6,4
18:10:35.951 6818695,1,182
18:10:35.951 6818696,5,1
18:10:35.951 6818742,13,183
18:10:35.951 6818748,14,183
18:10:35.953 6818748,6,1
18:10:35.953 6829902,4,160
18:10:35.954 6829903,5,8
18:10:35.955 6829945,6,8
18:10:35.956 6834582,2,183
18:10:35.958 6834583,5,2
18:10:36.027 6834629,13,184
18:10:36.027 6834634,14,184
18:10:36.027 6834635,6,2
18:10:36.027 6850466,1,184
18:10:36.027 6850468,5,1
18:10:36.027 6850513,13,185
18:10:36.027 6850519,14,185
18:10:36.027 6850519,6,1
18:10:36.027 6854720,3,161
18:10:36.027 6854721,5,4
18:10:36.027 6854763,6,4
18:10:36.027 6866356,2,185
18:10:36.027 6866357,5,2
18:10:36.027 6866403,13,186
18:10:36.027 6866408,14,186
18:10:36.027 6866409,6,2
18:10:36.027 6879551,4,161
18:10:36.027 6879552,5,8
18:10:36.027 6879594,6,8
18:10:36.027 6882246,1,186
18:10:36.027 6882247,5,1
18:10:36.027 6882293,13,187
18:10:36.027 6882299,14,187
18:10:36.030 6882299,6,1
18:10:36.030 6898139,2,187
18:10:36.031 6898141,5,2
18:10:36.032 6898186,13,188
18:10:36.033 6898192,14,188
18:10:36.035 6898192,6,2
18:10:36.036 6904388,3,162
18:10:36.038 6904389,5,4
18:10:36.039 6904431,6,4
18:10:36.105 6914042,1,188
18:10:36.105 6914043,5,1
18:10:36.105 6914089,13,189
18:10:36.105 6914095,14,189
18:10:36.105 6914095,6,1
18:10:36.105 6929223,4,162
18:10:36.105 6929224,5,8
18:10:36.105 6929266,6,8
18:10:36.105 6929931,2,189
18:10:36.105 6929932,5,2
18:10:36.105 6929978,13,190
18:10:36.105 6929984,14,190
18:10:36.105 6929984,6,2
18:10:36.105 6945820,1,190
18:10:36.105 6945822,5,1
18:10:36.105 6945868,13,191
18:10:36.105 6945873,14,191
18:10:36.105 6945874,6,1
18:10:36.105 6954045,3,163
18:10:36.105 6954047,5,4
18:10:36.105 6954089,6,4
18:10:36.108 6961707,2,191
18:10:36.108 6961708,5,2
18:10:36.108 6961754,13,192
18:10:36.110 6961760,14,192
18:10:36.111 6961760,6,2
18:10:36.113 6977595,1,192
18:10:36.114 6977596,5,1
18:10:36.116 6977642,13,193
18:10:36.117 6977648,14,193
18:10:36.118 6977648,6,1
18:10:36.120 6978873,4,163
18:10:36.185 6978874,5,8
18:10:36.185 6978916,6,8
18:10:36.185 6993490,2,193
18:10:36.185 6993491,5,2
18:10:36.185 6993537,13,194
18:10:36.185 6993543,14,194
18:10:36.185 6993543,6,2
18:10:36.185 7003707,3,164
18:10:36.185 7003709,5,4
18:10:36.185 7003751,6,4
18:10:36.185 7009385,1,194
18:10:36.185 7009387,5,1
18:10:36.185 7009432,13,195
18:10:36.185 7009438,14,195
18:10:36.185 7009438,6,1
18:10:36.185 7025289,2,195
18:10:36.185 7025290,5,2
18:10:36.185 7025336,13,196
18:10:36.185 7025342,14,196
18:10:36.188 7025342,6,2
18:10:36.188 7028556,4,164
18:10:36.188 7028557,5,8
18:10:36.188 7028599,6,8
18:10:36.189 7041188,1,196
18:10:36.191 7041189,5,1
18:10:36.192 7041235,13,197
18:10:36.193 7041241,14,197
18:10:36.195 7041241,6,1
18:10:36.195 7053395,3,165
18:10:36.198 7053396,5,4
18:10:36.198 7053438,6,4
18:10:36.200 7057086,2,197
18:10:36.277 7057087,5,2
18:10:36.277 7057133,13,198
18:10:36.277 7057138,14,198
18:10:36.277 7057139,6,2
18:10:36.277 7072977,1,198
18:10:36.277 7072979,5,1
18:10:36.277 7073024,13,199
18:10:36.277 7073030,14,199
18:10:36.277 7073030,6,1
18:10:36.277 7078226,4,165
18:10:36.277 7078227,5,8
18:10:36.277 7078269,6,8
18:10:36.277 7088871,2,199
18:10:36.277 7088872,5,2
18:10:36.277 7088918,13,200
18:10:36.277 7088923,14,200
18:10:36.277 7088924,6,2
18:10:36.277 7103068,3,166
18:10:36.277 7103069,5,4
18:10:36.277 7103111,6,4
18:10:36.277 7104771,1,200
18:10:36.277 7104772,5,1
18:10:36.277 7104818,13,201
18:10:36.277 7104823,14,201
18:10:36.277 7104824,6,1
18:10:36.277 7120676,2,201
18:10:36.277 7120678,5,2
18:10:36.277 7120723,13,202
18:10:36.277 7120729,14,202
18:10:36.281 7120729,6,2
18:10:36.281 7127921,4,166
18:10:36.281 7127922,5,8
18:10:36.355 7127964,6,8
18:10:36.355 7136579,1,202
18:10:36.355 7136580,5,1
18:10:36.355 7136626,13,203
18:10:36.355 7136631,14,203
18:10:36.355 7136631,6,1
18:10:36.355 7152489,2,203
18:10:36.355 7152490,5,2
18:10:36.355 7152536,13,204
18:10:36.355 7152542,14,204
18:10:36.355 7152542,6,2
18:10:36.355 7152773,3,167
18:10:36.355 7152775,5,4
18:10:36.355 7152817,6,4
18:10:36.355 7168390,1,204
18:10:36.355 7168391,5,1
18:10:36.355 7168437,13,205
18:10:36.355 7168442,14,205
18:10:36.355 7168443,6,1
18:10:36.355 7177614,4,167
18:10:36.355 7177616,5,8
18:10:36.355 7177658,6,8
18:10:36.355 7184284,2,205
18:10:36.355 7184286,5,2
18:10:36.355 7184331,13,206
18:10:36.355 7184337,14,206
18:10:36.355 7184337,6,2
18:10:36.358 7200178,1,206
18:10:36.358 7200180,5,1
18:10:36.359 7200225,13,207
18:10:36.360 7200231,14,207
18:10:36.362 7200231,6,1
18:10:36.433 7202449,3,168
18:10:36.433 7202451,5,4
18:10:36.433 7202493,6,4
18:10:36.433 7216071,2,207
18:10:36.433 7216072,5,2
18:10:36.433 7216118,13,208
18:10:36.433 7216124,14,208
18:10:36.433 7216124,6,2
18:10:36.558 7227284,4,168
18:10:36.558 7227285,5,8
18:10:36.558 7227327,6,8
18:10:36.558 7231966,1,208
18:10:36.558 7231968,5,1
18:10:36.558 7232013,13,209
18:10:36.558 7232019,14,209
18:10:36.558 7232019,6,1
18:10:36.558 7247855,2,209
18:10:36.558 7247856,5,2
18:10:36.558 7247902,13,210
18:10:36.558 7247908,14,210
18:10:36.558 7247908,6,2
18:10:36.558 7252111,3,169
18:10:36.558 7252112,5,4
18:10:36.558 7252154,6,4
18:10:36.558 7263743,1,210
18:10:36.558 7263744,5,1
18:10:36.558 7263790,13,211
18:10:36.558 7263795,14,211
18:10:36.558 7263795,6,1
18:10:36.558 7276934,4,169
18:10:36.558 7276935,5,8
18:10:36.558 7276977,6,8
18:10:36.619 7279629,2,211
18:10:36.619 7279630,5,2
18:10:36.619 7279676,13,212
18:10:36.619 7279682,14,212
18:10:36.619 7279682,6,2
18:10:36.619 7295519,1,212
18:10:36.619 7295520,5,1
18:10:36.619 7295566,13,213
18:10:36.619 7295572,14,213
18:10:36.619 7295572,6,1
18:10:36.619 7301763,3,170
18:10:36.619 7301765,5,4
18:10:36.619 7301806,6,4
18:10:36.619 7311406,2,213
18:10:36.619 7311407,5,2
18:10:36.619 7311453,13,214
18:10:36.619 7311458,14,214
18:10:36.619 7311459,6,2
18:10:36.619 7326581,4,170
18:10:36.619 7326582,5,8
18:10:36.619 7326624,6,8
18:10:36.619 7327290,1,214
18:10:36.623 7327291,5,1
18:10:36.623 7327337,13,215
18:10:36.624 7327342,14,215
18:10:36.625 7327342,6,1
18:10:36.626 7343176,2,215
18:10:36.627 7343178,5,2
18:10:36.628 7343223,13,216
18:10:36.630 7343229,14,216
18:10:36.631 7343229,6,2
18:10:36.632 7351394,3,171
18:10:36.698 7351396,5,4
18:10:36.698 7351437,6,4
18:10:36.698 7359051,1,216
18:10:36.698 7359053,5,1
18:10:36.698 7359098,13,217
18:10:36.698 7359104,14,217
18:10:36.698 7359104,6,1
18:10:36.698 7374937,2,217
18:10:36.698 7374938,5,2
18:10:36.698 7374984,13,218
18:10:36.698 7374990,14,218
18:10:36.698 7374990,6,2
18:10:36.698 7376214,4,171
18:10:36.698 7376215,5,8
18:10:36.698 7376257,6,8
18:10:36.698 7390830,1,218
18:10:36.698 7390831,5,1
18:10:36.698 7390877,13,219
18:10:36.698 7390882,14,219
18:10:36.698 7390882,6,1
18:10:36.701 7401046,3,172
18:10:36.701 7401047,5,4
18:10:36.702 7401089,6,4
18:10:36.703 7406721,2,219
18:10:36.704 7406722,5,2
18:10:36.706 7406768,13,220
18:10:36.707 7406773,14,220
18:10:36.708 7406774,6,2
18:10:36.709 7422611,1,220
18:10:36.710 7422613,5,1
18:10:36.712 7422658,13,221
18:10:36.713 7422664,14,221
18:10:36.776 7422664,6,1
18:10:36.776 7425875,4,172
18:10:36.776 7425876,5,8
18:10:36.776 7425918,6,8
18:10:36.776 7438492,2,221
18:10:36.776 7438494,5,2
18:10:36.776 7438539,13,222
18:10:36.776 7438545,14,222
18:10:36.776 7438545,6,2
18:10:36.776 7450693,3,173
18:10:36.776 7450694,5,4
18:10:36.776 7450736,6,4
18:10:36.776 7454384,1,222
18:10:36.776 7454386,5,1
18:10:36.776 7454431,13,223
18:10:36.776 7454437,14,223
18:10:36.776 7454437,6,1
18:10:36.776 7470276,2,223
18:10:36.779 7470277,5,2
18:10:36.779 7470323,13,224
18:10:36.779 7470329,14,224
18:10:36.781 7470329,6,2
18:10:36.782 7475526,4,173
18:10:36.783 7475527,5,8
18:10:36.785 7475570,6,8
18:10:36.786 7486166,1,224
18:10:36.787 7486167,5,1
18:10:36.788 7486213,13,225
18:10:36.790 7486220,15,7
18:10:36.791 7486220,14,225
18:10:36.792 7486220,6,1
18:10:36.793 7486558,16,7
18:10:36.856 7500356,3,174
18:10:36.856 7500359,5,4
18:10:36.856 7500402,6,4
18:10:36.856 7502058,2,225
18:10:36.856 7502061,5,2
18:10:36.856 7502106,13,226
18:10:36.856 7502112,14,226
18:10:36.856 7502113,6,2
18:10:36.856 7517945,1,226
18:10:36.856 7517947,5,1
18:10:36.856 7517992,13,227
18:10:36.856 7517998,14,227
18:10:36.856 7517999,6,1
18:10:36.856 7525177,4,174
18:10:36.856 7525179,5,8
18:10:36.856 7525221,6,8
18:10:36.859 7533833,2,227
18:10:36.859 7533834,5,2
18:10:36.859 7533880,13,228
18:10:36.859 7533886,14,228
18:10:36.860 7533886,6,2
18:10:36.862 7549714,1,228
18:10:36.863 7549716,5,1
18:10:36.863 7549762,13,229
18:10:36.866 7549768,14,229
18:10:36.867 7549768,6,1
18:10:36.867 7549998,3,175
18:10:36.870 7549999,5,4
18:10:36.871 7550042,6,4
18:10:36.872 7558093,9,20
18:10:36.873 7565600,2,229
18:10:36.874 7565603,5,2
18:10:36.946 7565650,13,230
18:10:36.946 7565656,14,230
18:10:36.946 7565656,6,2
18:10:36.946 7574820,4,175
18:10:36.946 7574823,5,8
18:10:36.946 7574865,6,8
18:10:36.946 7581488,1,230
18:10:36.946 7581490,5,1
18:10:36.946 7581536,13,231
18:10:36.946 7581542,14,231
18:10:36.946 7581543,6,1
18:10:36.946 7597382,2,231
18:10:36.946 7597384,5,2
18:10:36.946 7597430,13,232
18:10:36.946 7597436,14,232
18:10:36.946 7597437,6,2
18:10:36.946 7599078,10,20
18:10:36.946 7607407,3,176
18:10:36.946 7607410,5,4
18:10:36.946 7607453,6,4
18:10:36.946 7615669,1,232
18:10:36.946 7615671,5,1
18:10:36.946 7615717,13,233
18:10:36.946 7615723,14,233
18:10:36.946 7615723,6,1
18:10:36.950 7624484,4,176
18:10:36.950 7624485,5,8
18:10:36.950 7624528,6,8
18:10:36.951 7629164,2,233
18:10:36.952 7629165,5,2
18:10:36.953 7629211,13,234
18:10:36.954 7629217,14,234
18:10:37.022 7629217,6,2
18:10:37.022 7645048,1,234
18:10:37.022 7645050,5,1
18:10:37.022 7645095,13,235
18:10:37.022 7645101,14,235
18:10:37.022 7645101,6,1
18:10:37.022 7649303,3,177
18:10:37.022 7649304,5,4
18:10:37.022 7649346,6,4
18:10:37.022 7660933,2,235
18:10:37.022 7660934,5,2
18:10:37.022 7660980,13,236
18:10:37.022 7660986,14,236
18:10:37.022 7660986,6,2
18:10:37.022 7674129,4,177
18:10:37.022 7674131,5,8
18:10:37.022 7674173,6,8
18:10:37.022 7676824,1,236
18:10:37.022 7676826,5,1
18:10:37.022 7676871,13,237
18:10:37.022 7676877,14,237
18:10:37.025 7676877,6,1
18:10:37.025 7692712,2,237
18:10:37.025 7692713,5,2
18:10:37.026 7692759,13,238
18:10:37.027 7692764,14,238
18:10:37.029 7692765,6,2
18:10:37.030 7698951,3,178
18:10:37.031 7698952,5,4
18:10:37.032 7698994,6,4
18:10:37.033 7708595,1,238
18:10:37.035 7708596,5,1
18:10:37.099 7708642,13,239
18:10:37.099 7708647,14,239
18:10:37.099 7708648,6,1
18:10:37.099 7723776,4,178
18:10:37.099 7723777,5,8
18:10:37.099 7723819,6,8
18:10:37.099 7724485,2,239
18:10:37.099 7724486,5,2
18:10:37.099 7724532,13,240
18:10:37.099 7724538,14,240
18:10:37.099 7724538,6,2
18:10:37.099 7740374,1,240
18:10:37.099 7740376,5,1
18:10:37.099 7740421,13,241
18:10:37.099 7740427,14,241
18:10:37.099 7740427,6,1
18:10:37.099 7748606,3,179
18:10:37.099 7748607,5,4
18:10:37.099 7748650,6,4
18:10:37.103 7756267,2,241
18:10:37.103 7756268,5,2
18:10:37.103 7756314,13,242
18:10:37.104 7756319,14,242
18:10:37.106 7756320,6,2
18:10:37.107 7772152,1,242
18:10:37.108 7772153,5,1
18:10:37.108 7772199,13,243
18:10:37.110 7772204,14,243
18:10:37.111 7772205,6,1
18:10:37.113 7773429,4,179
18:10:37.115 7773430,5,8
18:10:37.116 7773472,6,8
18:10:37.178 7788037,2,243
18:10:37.178 7788038,5,2
18:10:37.178 7788084,13,244
18:10:37.178 7788090,14,244
18:10:37.178 7788090,6,2
18:10:37.178 7798251,3,180
18:10:37.178 7798252,5,4
18:10:37.178 7798294,6,4
18:10:37.178 7803924,1,244
18:10:37.178 7803925,5,1
18:10:37.178 7803971,13,245
18:10:37.178 7803977,14,245
18:10:37.178 7803977,6,1
18:10:37.178 7819821,2,245
18:10:37.178 7819822,5,2
18:10:37.178 7819868,13,246
18:10:37.178 7819873,14,246
18:10:37.178 7819874,6,2
18:10:37.182 7823086,4,180
18:10:37.182 7823087,5,8
18:10:37.182 7823129,6,8
18:10:37.183 7835717,1,246
18:10:37.184 7835718,5,1
18:10:37.185 7835764,13,247
18:10:37.187 7835769,14,247
18:10:37.188 7835770,6,1
18:10:37.189 7847926,3,181
18:10:37.190 7847927,5,4
18:10:37.191 7847969,6,4
18:10:37.193 7851615,2,247
18:10:37.195 7851616,5,2
18:10:37.195 7851662,13,248
18:10:37.256 7851668,14,248
18:10:37.256 7851668,6,2
18:10:37.256 7867508,1,248
18:10:37.256 7867509,5,1
18:10:37.256 7867555,13,249
18:10:37.256 7867560,14,249
18:10:37.256 7867561,6,1
18:10:37.256 7872759,4,181
18:10:37.256 7872760,5,8
18:10:37.256 7872802,6,8
18:10:37.256 7883402,2,249
18:10:37.256 7883404,5,2
18:10:37.256 7883449,13,250
18:10:37.256 7883455,14,250
18:10:37.256 7883455,6,2
18:10:37.256 7897600,3,182
18:10:37.261 7897602,5,4
18:10:37.261 7897643,6,4
18:10:37.261 7899302,1,250
18:10:37.262 7899303,5,1
18:10:37.262 7899349,13,251
18:10:37.264 7899354,14,251
18:10:37.265 7899354,6,1
18:10:37.266 7915200,2,251
18:10:37.267 7915201,5,2
18:10:37.269 7915247,13,252
18:10:37.270 7915253,14,252
18:10:37.272 7915253,6,2
18:10:37.272 7922437,4,182
18:10:37.274 7922438,5,8
18:10:37.275 7922480,6,8
18:10:37.276 7931093,1,252
18:10:37.333 7931095,5,1
18:10:37.333 7931140,13,253
18:10:37.333 7931146,14,253
18:10:37.333 7931146,6,1
18:10:37.333 7946989,2,253
18:10:37.333 7946990,5,2
18:10:37.333 7947036,13,254
18:10:37.333 7947042,14,254
18:10:37.333 7947042,6,2
18:10:37.333 7947272,3,183
18:10:37.333 7947274,5,4
18:10:37.333 7947316,6,4
18:10:37.333 7962876,1,254
18:10:37.333 7962877,5,1
18:10:37.333 7962923,13,255
18:10:37.333 7962928,14,255
18:10:37.397 7962928,6,1
18:10:37.397 7972101,4,183
18:10:37.397 7972102,5,8
18:10:37.397 7972144,6,8
18:10:37.397 7978770,2,255
18:10:37.397 7978771,5,2
18:10:37.397 7978817,13,0
18:10:37.397 7978822,14,0
18:10:37.397 7978823,6,2
18:10:37.397 7994657,1,0
18:10:37.397 7994658,5,1
18:10:37.397 7994704,13,1
18:10:37.523 7994709,14,1
18:10:37.523 7994710,6,1
18:10:37.523 7996926,3,184
18:10:37.523 7996928,5,4
18:10:37.523 7996970,6,4
18:10:37.523 8010549,2,1
18:10:37.523 8010550,5,2
18:10:37.523 8010596,13,2
18:10:37.523 8010602,14,2
18:10:37.523 8010602,6,2
18:10:37.523 8021766,4,184
18:10:37.523 8021768,5,8
18:10:37.523 8021810,6,8
18:10:37.523 8026451,1,2
18:10:37.523 8026453,5,1
18:10:37.523 8026498,13,3
18:10:37.523 8026504,14,3
18:10:37.523 8026504,6,1
18:10:37.523 8042354,2,3
18:10:37.523 8042355,5,2
18:10:37.523 8042401,13,4
18:10:37.523 8042407,14,4
18:10:37.523 8042407,6,2
18:10:37.523 8046612,3,185
18:10:37.526 8046613,5,4
18:10:37.526 8046655,6,4
18:10:37.526 8058242,1,4
18:10:37.528 8058243,5,1
18:10:37.529 8058289,13,5
18:10:37.529 8058294,14,5
18:10:37.531 8058295,6,1
18:10:37.532 8071434,4,185
18:10:37.533 8071435,5,8
18:10:37.534 8071477,6,8
18:10:37.536 8074131,2,5
18:10:37.538 8074132,5,2
18:10:37.601 8074178,13,6
18:10:37.601 8074183,14,6
18:10:37.601 8074184,6,2
18:10:37.601 8090018,1,6
18:10:37.601 8090020,5,1
18:10:37.601 8090065,13,7
18:10:37.601 8090071,14,7
18:10:37.601 8090072,6,1
18:10:37.601 8096263,3,186
18:10:37.601 8096264,5,4
18:10:37.601 8096306,6,4
18:10:37.601 8105911,2,7
18:10:37.601 8105912,5,2
18:10:37.601 8105958,13,8
18:10:37.601 8105963,14,8
18:10:37.601 8105964,6,2
18:10:37.601 8121093,4,186
18:10:37.601 8121094,5,8
18:10:37.601 8121136,6,8
18:10:37.601 8121801,1,8
18:10:37.601 8121803,5,1
18:10:37.601 8121848,13,9
18:10:37.601 8121854,14,9
18:10:37.601 8121854,6,1
18:10:37.601 8137694,2,9
18:10:37.601 8137695,5,2
18:10:37.601 8137741,13,10
18:10:37.601 8137747,14,10
18:10:37.601 8137747,6,2
18:10:37.601 8145923,3,187
18:10:37.601 8145925,5,4
18:10:37.601 8145966,6,4
18:10:37.663 8153586,1,10
18:10:37.663 8153588,5,1
18:10:37.663 8153633,13,11
18:10:37.663 8153639,14,11
18:10:37.663 8153639,6,1
18:10:37.663 8169483,2,11
18:10:37.663 8169484,5,2
18:10:37.663 8169530,13,12
18:10:37.663 8169536,14,12
18:10:37.663 8169536,6,2
18:10:37.663 8170762,4,187
18:10:37.663 8170763,5,8
18:10:37.663 8170805,6,8
18:10:37.663 8185380,1,12
18:10:37.663 8185382,5,1
18:10:37.663 8185427,13,13
18:10:37.663 8185433,14,13
18:10:37.663 8185433,6,1
18:10:37.663 8195599,3,188
18:10:37.663 8195600,5,4
18:10:37.663 8195642,6,4
18:10:37.663 8201277,2,13
18:10:37.663 8201278,5,2
18:10:37.663 8201324,13,14
18:10:37.663 8201330,14,14
18:10:37.663 8201330,6,2
18:10:37.663 8217173,1,14
18:10:37.663 8217174,5,1
18:10:37.663 8217220,13,15
18:10:37.663 8217225,14,15
18:10:37.663 8217226,6,1
18:10:37.663 8220438,4,188
18:10:37.726 8220439,5,8
18:10:37.726 8220481,6,8
18:10:37.726 8233069,2,15
18:10:37.726 8233070,5,2
18:10:37.726 8233116,13,16
18:10:37.726 8233121,14,16
18:10:37.726 8233122,6,2
18:10:37.726 8245276,3,189
18:10:37.726 8245277,5,4
18:10:37.726 8245319,6,4
18:10:37.726 8248961,1,16
18:10:37.726 8248962,5,1
18:10:37.726 8249008,13,17
18:10:37.726 8249014,14,17
18:10:37.726 8249014,6,1
18:10:37.726 8264853,2,17
18:10:37.726 8264854,5,2
18:10:37.726 8264900,13,18
18:10:37.726 8264906,14,18
18:10:37.726 8264906,6,2
18:10:37.726 8270107,4,189
18:10:37.726 8270108,5,8
18:10:37.726 8270151,6,8
18:10:37.726 8280753,1,18
18:10:37.726 8280755,5,1
18:10:37.726 8280800,13,19
18:10:37.726 8280806,14,19
18:10:37.726 8280806,6,1
18:10:37.726 8294942,3,190
18:10:37.726 8294943,5,4
18:10:37.726 8294985,6,4
18:10:37.726 8296644,2,19
18:10:37.788 8296645,5,2
18:10:37.788 8296691,13,20
18:10:37.788 8296696,14,20
18:10:37.788 8296697,6,2
18:10:37.788 8312533,1,20
18:10:37.788 8312534,5,1
18:10:37.788 8312580,13,21
18:10:37.788 8312585,14,21
18:10:37.788 8312585,6,1
18:10:37.788 8319770,4,190
18:10:37.788 8319771,5,8
18:10:37.788 8319813,6,8
18:10:37.788 8328420,2,21
18:10:37.788 8328422,5,2
18:10:37.788 8328467,13,22
18:10:37.788 8328473,14,22
18:10:37.788 8328473,6,2
18:10:37.788 8344313,1,22
18:10:37.788 8344315,5,1
18:10:37.788 8344360,13,23
18:10:37.788 8344366,14,23
18:10:37.788 8344366,6,1
18:10:37.788 8344597,3,191
18:10:37.788 8344599,5,4
18:10:37.788 8344641,6,4
18:10:37.788 8360198,2,23
18:10:37.788 8360199,5,2
18:10:37.788 8360245,13,24
18:10:37.788 8360250,14,24
18:10:37.788 8360251,6,2
18:10:37.788 8369415,4,191
18:10:37.788 8369417,5,8
18:10:37.791 8369459,6,8
18:10:37.791 8376084,1,24
18:10:37.792 8376085,5,1
18:10:37.794 8376131,13,25
18:10:37.794 8376136,14,25
18:10:37.797 8376136,6,1
18:10:37.798 8391975,2,25
18:10:37.799 8391976,5,2
18:10:37.801 8392022,13,26
18:10:37.802 8392028,14,26
18:10:37.804 8392028,6,2
18:10:37.804 8394244,3,192
18:10:37.806 8394245,5,4
18:10:37.807 8394287,6,4
18:10:37.808 8407866,1,26
18:10:37.809 8407868,5,1
18:10:37.866 8407913,13,27
18:10:37.866 8407919,14,27
18:10:37.866 8407919,6,1
18:10:37.866 8419082,4,192
18:10:37.866 8419083,5,8
18:10:37.866 8419125,6,8
18:10:37.866 8423767,2,27
18:10:37.866 8423768,5,2
18:10:37.866 8423814,13,28
18:10:37.866 8423819,14,28
18:10:37.866 8423819,6,2
18:10:37.866 8439665,1,28
18:10:37.866 8439666,5,1
18:10:37.866 8439712,13,29
18:10:37.866 8439718,15,8
18:10:37.866 8439718,14,29
18:10:37.866 8439719,6,1
18:10:37.866 8440057,16,8
18:10:37.866 8443924,3,193
18:10:37.866 8443927,5,4
18:10:37.866 8443970,6,4
18:10:37.866 8455568,2,29
18:10:37.866 8455570,5,2
18:10:37.866 8455616,13,30
18:10:37.866 8455622,14,30
18:10:37.866 8455622,6,2
18:10:37.866 8468769,4,193
18:10:37.866 8468771,5,8
18:10:37.866 8468813,6,8
18:10:37.868 8471464,1,30
18:10:37.868 8471466,5,1
18:10:37.870 8471512,13,31
18:10:37.929 8471518,14,31
18:10:37.929 8471518,6,1
18:10:37.929 8487359,2,31
18:10:37.929 8487360,5,2
18:10:37.929 8487406,13,32
18:10:37.929 8487412,14,32
18:10:37.929 8487412,6,2
18:10:37.929 8493601,3,194
18:10:37.929 8493603,5,4
18:10:37.929 8493645,6,4
18:10:37.929 8503250,1,32
18:10:37.929 8503252,5,1
18:10:37.929 8503298,13,33
18:10:37.929 8503304,14,33
18:10:37.929 8503304,6,1
18:10:37.929 8511602,9,21
18:10:37.929 8518437,4,194
18:10:37.929 8518440,5,8
18:10:37.929 8518483,6,8
18:10:37.929 8519146,2,33
18:10:37.929 8519148,5,2
18:10:37.929 8519194,13,34
18:10:37.929 8519200,14,34
18:10:37.929 8519200,6,2
18:10:37.929 8535045,1,34
18:10:37.929 8535048,5,1
18:10:37.929 8535094,13,35
18:10:37.929 8535100,14,35
18:10:37.929 8535100,6,1
18:10:37.929 8543277,3,195
18:10:37.929 8543279,5,4
18:10:37.931 8543322,6,4
18:10:37.991 8550941,2,35
18:10:37.991 8550942,5,2
18:10:37.991 8550989,13,36
18:10:37.991 8550995,14,36
18:10:37.991 8550995,6,2
18:10:37.991 8552612,10,21
18:10:37.991 8566834,1,36
18:10:37.991 8566837,5,1
18:10:37.991 8566883,13,37
18:10:37.991 8566889,14,37
18:10:37.991 8566889,6,1
18:10:37.991 8568112,4,195
18:10:37.991 8568113,5,8
18:10:37.991 8568156,6,8
18:10:37.991 8582730,2,37
18:10:37.991 8582731,5,2
18:10:37.991 8582777,13,38
18:10:37.991 8582782,14,38
18:10:37.991 8582783,6,2
18:10:37.991 8599463,1,38
18:10:37.991 8599465,3,196
18:10:37.991 8599466,5,1
18:10:37.991 8599512,13,39
18:10:37.991 8599517,14,39
18:10:37.991 8599518,6,1
18:10:37.991 8599519,5,4
18:10:37.991 8599561,6,4
18:10:37.991 8614514,2,39
18:10:37.991 8614515,5,2
18:10:37.991 8614561,13,40
18:10:37.991 8614566,14,40
18:10:37.991 8614567,6,2
18:10:38.054 8617778,4,196
18:10:38.054 8617779,5,8
18:10:38.054 8617821,6,8
18:10:38.054 8630412,1,40
18:10:38.054 8630413,5,1
18:10:38.054 8630459,13,41
18:10:38.054 8630465,14,41
18:10:38.054 8630465,6,1
18:10:38.054 8642612,3,197
18:10:38.054 8642613,5,4
18:10:38.054 8642655,6,4
18:10:38.054 8646298,2,41
18:10:38.054 8646299,5,2
18:10:38.054 8646345,13,42
18:10:38.054 8646350,14,42
18:10:38.054 8646351,6,2
18:10:38.054 8662186,1,42
18:10:38.054 8662188,5,1
18:10:38.054 8662233,13,43
18:10:38.054 8662239,14,43
18:10:38.054 8662239,6,1
18:10:38.054 8667435,4,197
18:10:38.054 8667437,5,8
18:10:38.054 8667478,6,8
18:10:38.054 8678074,2,43
18:10:38.054 8678076,5,2
18:10:38.054 8678121,13,44
18:10:38.054 8678127,14,44
18:10:38.054 8678127,6,2
18:10:38.054 8692269,3,198
18:10:38.054 8692270,5,4
18:10:38.054 8692312,6,4
18:10:38.116 8693971,1,44
18:10:38.116 8693973,5,1
18:10:38.116 8694018,13,45
18:10:38.116 8694024,14,45
18:10:38.116 8694024,6,1
18:10:38.116 8709857,2,45
18:10:38.116 8709859,5,2
18:10:38.116 8709904,13,46
18:10:38.116 8709910,14,46
18:10:38.116 8709910,6,2
18:10:38.116 8717091,4,198
18:10:38.116 8717092,5,8
18:10:38.116 8717134,6,8
18:10:38.116 8725745,1,46
18:10:38.116 8725746,5,1
18:10:38.116 8725792,13,47
18:10:38.116 8725797,14,47
18:10:38.116 8725798,6,1
18:10:38.116 8741626,2,47
18:10:38.116 8741627,5,2
18:10:38.116 8741673,13,48
18:10:38.116 8741679,14,48
18:10:38.116 8741679,6,2
18:10:38.116 8741910,3,199
18:10:38.116 8741911,5,4
18:10:38.116 8741954,6,4
18:10:38.116 8757507,1,48
18:10:38.116 8757508,5,1
18:10:38.116 8757553,13,49
18:10:38.116 8757559,14,49
18:10:38.116 8757559,6,1
18:10:38.116 8766720,4,199
18:10:38.179 8766721,5,8
18:10:38.179 8766764,6,8
18:10:38.179 8773385,2,49
18:10:38.179 8773387,5,2
18:10:38.179 8773433,13,50
18:10:38.179 8773438,14,50
18:10:38.179 8773439,6,2
18:10:38.179 8789263,1,50
18:10:38.179 8789264,5,1
18:10:38.179 8789310,13,51
18:10:38.179 8789315,14,51
18:10:38.179 8789315,6,1
18:10:38.179 8791531,3,200
18:10:38.179 8791533,5,4
18:10:38.179 8791575,6,4
18:10:38.179 8805140,2,51
18:10:38.179 8805141,5,2
18:10:38.179 8805187,13,52
18:10:38.179 8805193,14,52
18:10:38.179 8805193,6,2
18:10:38.179 8816338,4,200
18:10:38.179 8816340,5,8
18:10:38.179 8816382,6,8
18:10:38.179 8821021,1,52
18:10:38.179 8821022,5,1
18:10:38.179 8821068,13,53
18:10:38.179 8821073,14,53
18:10:38.179 8821074,6,1
18:10:38.179 8836912,2,53
18:10:38.179 8836913,5,2
18:10:38.179 8836959,13,54
18:10:38.179 8836964,14,54
18:10:38.241 8836965,6,2
18:10:38.241 8841167,3,201
18:10:38.241 8841168,5,4
18:10:38.241 8841210,6,4
18:10:38.241 8852802,1,54
18:10:38.241 8852803,5,1
18:10:38.241 8852849,13,55
18:10:38.241 8852855,14,55
18:10:38.241 8852855,6,1
18:10:38.241 8865996,4,201
18:10:38.241 8865997,5,8
18:10:38.241 8866039,6,8
18:10:38.241 8868690,2,55
18:10:38.241 8868691,5,2
18:10:38.241 8868737,13,56
18:10:38.241 8868743,14,56
18:10:38.241 8868743,6,2
18:10:38.241 8884583,1,56
18:10:38.241 8884584,5,1
18:10:38.241 8884630,13,57
18:10:38.241 8884635,14,57
18:10:38.241 8884636,6,1
18:10:38.241 8890825,3,202
18:10:38.241 8890826,5,4
18:10:38.241 8890868,6,4
18:10:38.241 8900471,2,57
18:10:38.241 8900472,5,2
18:10:38.241 8900518,13,58
18:10:38.241 8900523,14,58
18:10:38.241 8900524,6,2
18:10:38.241 8915648,4,202
18:10:38.241 8915649,5,8
18:10:38.245 8915691,6,8
18:10:38.246 8916357,1,58
18:10:38.246 8916358,5,1
18:10:38.248 8916404,13,59
18:10:38.249 8916409,14,59
18:10:38.250 8916410,6,1
18:10:38.252 8932296,2,59
18:10:38.253 8932298,5,2
18:10:38.254 8932344,13,60
18:10:38.255 8932349,14,60
18:10:38.256 8932350,6,2
18:10:38.258 8940481,3,203
18:10:38.259 8940482,5,4
18:10:38.260 8940524,6,4
18:10:38.261 8948143,1,60
18:10:38.262 8948145,5,1
18:10:38.319 8948190,13,61
18:10:38.319 8948196,14,61
18:10:38.319 8948196,6,1
18:10:38.319 8964033,2,61
18:10:38.319 8964034,5,2
18:10:38.319 8964080,13,62
18:10:38.319 8964085,14,62
18:10:38.319 8964086,6,2
18:10:38.319 8965309,4,203
18:10:38.319 8965311,5,8
18:10:38.319 8965353,6,8
18:10:38.319 8979919,1,62
18:10:38.319 8979920,5,1
18:10:38.319 8979966,13,63
18:10:38.319 8979971,14,63
18:10:38.319 8979971,6,1
18:10:38.319 8990129,3,204
18:10:38.319 8990131,5,4
18:10:38.319 8990173,6,4
18:10:38.319 8995802,2,63
18:10:38.319 8995804,5,2
18:10:38.319 8995849,13,64
18:10:38.445 8995855,14,64
18:10:38.445 8995855,6,2
18:10:38.445 9011687,1,64
18:10:38.445 9011689,5,1
18:10:38.445 9011734,13,65
18:10:38.445 9011740,14,65
18:10:38.445 9011740,6,1
18:10:38.445 9014950,4,204
18:10:38.445 9014951,5,8
18:10:38.445 9014993,6,8
18:10:38.507 9027570,2,65
18:10:38.507 9027571,5,2
18:10:38.507 9027617,13,66
18:10:38.507 9027623,14,66
18:10:38.507 9027623,6,2
18:10:38.507 9039774,3,205
18:10:38.507 9039775,5,4
18:10:38.507 9039817,6,4
18:10:38.507 9043462,1,66
18:10:38.507 9043464,5,1
18:10:38.507 9043509,13,67
18:10:38.507 9043515,14,67
18:10:38.507 9043515,6,1
18:10:38.507 9059364,2,67
18:10:38.507 9059365,5,2
18:10:38.507 9059411,13,68
18:10:38.507 9059417,14,68
18:10:38.507 9059417,6,2
18:10:38.507 9064614,4,205
18:10:38.507 9064616,5,8
18:10:38.507 9064658,6,8
18:10:38.507 9075253,1,68
18:10:38.507 9075254,5,1
18:10:38.507 9075300,13,69
18:10:38.507 9075305,14,69
18:10:38.507 9075306,6,1
18:10:38.507 9089436,3,206
18:10:38.507 9089438,5,4
18:10:38.507 9089479,6,4
18:10:38.507 9091138,2,69
18:10:38.507 9091139,5,2
18:10:38.507 9091187,13,70
18:10:38.570 9091193,14,70
18:10:38.570 9091193,6,2
18:10:38.570 9109463,1,70
18:10:38.570 9109464,5,1
18:10:38.570 9109510,13,71
18:10:38.570 9109516,14,71
18:10:38.570 9109516,6,1
18:10:38.570 9114259,4,206
18:10:38.570 9114260,5,8
18:10:38.570 9114302,6,8
18:10:38.570 9122906,2,71
18:10:38.570 9122908,5,2
18:10:38.570 9122953,13,72
18:10:38.570 9122959,14,72
18:10:38.570 9122960,6,2
18:10:38.570 9138789,1,72
18:10:38.570 9138791,5,1
18:10:38.570 9138836,13,73
18:10:38.570 9138842,14,73
18:10:38.570 9138842,6,1
18:10:38.570 9139073,3,207
18:10:38.570 9139075,5,4
18:10:38.570 9139117,6,4
18:10:38.570 9154671,2,73
18:10:38.570 9154672,5,2
18:10:38.570 9154718,13,74
18:10:38.570 9154724,14,74
18:10:38.570 9154724,6,2
18:10:38.570 9163893,4,207
18:10:38.570 9163895,5,8
18:10:38.570 9163936,6,8
18:10:38.570 9170561,1,74
18:10:38.630 9170562,5,1
18:10:38.630 9170608,13,75
18:10:38.630 9170613,14,75
18:10:38.630 9170614,6,1
18:10:38.630 9186460,2,75
18:10:38.630 9186461,5,2
18:10:38.630 9186507,13,76
18:10:38.630 9186512,14,76
18:10:38.630 9186512,6,2
18:10:38.630 9188732,3,208
18:10:38.630 9188733,5,4
18:10:38.630 9188775,6,4
18:10:38.630 9202358,1,76
18:10:38.630 9202359,5,1
18:10:38.630 9202405,13,77
18:10:38.630 9202410,14,77
18:10:38.630 9202411,6,1
18:10:38.630 9213570,4,208
18:10:38.630 9213572,5,8
18:10:38.630 9213613,6,8
18:10:38.630 9218253,2,77
18:10:38.630 9218254,5,2
18:10:38.630 9218300,13,78
18:10:38.630 9218305,14,78
18:10:38.630 9218305,6,2
18:10:38.630 9234141,1,78
18:10:38.630 9234143,5,1
18:10:38.630 9234188,13,79
18:10:38.630 9234194,14,79
18:10:38.630 9234194,6,1
18:10:38.630 9238396,3,209
18:10:38.630 9238397,5,4
18:10:38.692 9238439,6,4
18:10:38.692 9250026,2,79
18:10:38.692 9250027,5,2
18:10:38.692 9250073,13,80
18:10:38.692 9250079,14,80
18:10:38.692 9250079,6,2
18:10:38.692 9263220,4,209
18:10:38.692 9263221,5,8
18:10:38.692 9263263,6,8
18:10:38.692 9265915,1,80
18:10:38.692 9265917,5,1
18:10:38.692 9265962,13,81
18:10:38.692 9265968,14,81
18:10:38.692 9265968,6,1
18:10:38.692 9281796,2,81
18:10:38.692 9281797,5,2
18:10:38.692 9281843,13,82
18:10:38.692 9281848,14,82
18:10:38.692 9281849,6,2
18:10:38.692 9288034,3,210
18:10:38.692 9288035,5,4
18:10:38.692 9288077,6,4
18:10:38.692 9297677,1,82
18:10:38.692 9297678,5,1
18:10:38.692 9297724,13,83
18:10:38.692 9297730,14,83
18:10:38.692 9297730,6,1
18:10:38.692 9312853,4,210
18:10:38.692 9312854,5,8
18:10:38.692 9312896,6,8
18:10:38.692 9313562,2,83
18:10:38.692 9313563,5,2
18:10:38.754 #trace end dropped=0 muted=41
18:10:39.252   pt[38]: min=-612 max=720 avg_abs=146 | fifo=1136 under=0 over=0 late=0 mdf_cb=1256 mdf_err=0
18:10:39.751 in=16128Hz out=16000Hz ring=1184 under=0 over=0 (dt=999999us) loglag=0us
18:10:39.751 ====================================
18:10:39.751 ====================================
18:10:39.751 PREPROC TEST
18:10:39.751 ====================================
18:10:39.751 ====================================
18:10:39.751 preproc test: 2 clips, board log-mel (Application/aed/preproc.c) vs PC (scripts/aed_clips.py)
18:10:39.751   15600 x int16 -> int8 1x64x96 (6144 B), zp=33, mel LUT 461 coefs (expected 461)
18:10:39.751   [0] 5-203128-A-0.wav (dog)
18:10:39.751       preproc 69676 us
18:10:39.751       int8 vs PC: same 6144 diff 0 of 6144, max |d| 0, |d|>1: 0
18:10:39.751       board tensor -> top1 4 dog p=9998 x1e-4 (41050 us) ok
18:10:39.751       pc tensor    -> top1 4 dog p=9998 x1e-4 (40919 us) ok
18:10:39.751       PC reference: ort top1 4 dog p=9998 / noopt top1 4 dog p=9997 (x1e-4)
18:10:39.758   [1] 5-201194-A-38.wav (clock_tick)
18:10:39.761       preproc 69791 us
18:10:39.763       int8 vs PC: same 6144 diff 0 of 6144, max |d| 0, |d|>1: 0
18:10:39.769       board tensor -> top1 1 clock_tick p=9998 x1e-4 (41055 us) ok
18:10:39.774       pc tensor    -> top1 1 clock_tick p=9998 x1e-4 (41041 us) ok
18:10:39.780       PC reference: ort top1 1 clock_tick p=9998 / noopt top1 1 clock_tick p=9998 (x1e-4)
18:10:39.789   totals: same 12288 diff 0 of 12288, max |d| 0, |d|>1: 0
18:10:39.793   top1 == PC: board tensor 2/2, pc tensor 2/2
18:10:39.798 preproc test PASS (no |d| > 1, and top1 from the board tensor matches PC)
18:10:39.805   audio before: under=0 over=0 late=0 / after: under=0 over=0 late=0
18:10:39.811 ====================================
18:10:39.814 ====================================
18:10:39.818 ====================================
18:10:39.821 ====================================
18:10:39.824 READY  起動確認おわり。ここから本番
18:10:39.891 ====================================
18:10:39.891 ====================================
18:10:39.891 win   20 pos=  307200  -45dBFS [#####...............] rms=  180 peak=  720 seam=ok lag=340us
18:10:39.891   -> unknown         p=0.40  preproc=69825us infer=40986us
18:10:39.891   pt[39]: min=-582 max=574 avg_abs=160 | fifo=1184 under=0 over=0 late=0 mdf_cb=1289 mdf_err=0
18:10:40.232   pt[40]: min=-604 max=446 avg_abs=146 | fifo=1120 under=0 over=0 late=0 mdf_cb=1320 mdf_err=0
18:10:40.376 in=16128Hz out=16000Hz ring=1312 under=0 over=0 (dt=1000000us) loglag=121409us
18:10:40.376 win   21 pos=  322560  -45dBFS [#####...............] rms=  190 peak=  604 seam=ok lag=381us
18:10:40.376   -> unknown         p=0.30  preproc=69812us infer=41038us
18:10:40.749   pt[41]: min=-532 max=486 avg_abs=133 | fifo=912 under=0 over=0 late=0 mdf_cb=1352 mdf_err=0
18:10:41.312   pt[42]: min=-670 max=520 avg_abs=125 | fifo=1104 under=0 over=0 late=0 mdf_cb=1384 mdf_err=0
18:10:41.314 win   22 pos=  337920  -46dBFS [####................] rms=  162 peak=  670 seam=ok lag=337us
18:10:41.322   -> unknown         p=0.40  preproc=69837us infer=40986us
18:10:41.406 in=15872Hz out=16400Hz ring=784 under=0 over=0 (dt=999999us) loglag=121409us
18:10:41.815   pt[43]: min=-460 max=546 avg_abs=121 | fifo=1152 under=0 over=0 late=0 mdf_cb=1417 mdf_err=0
18:10:42.315 win   23 pos=  353280  -46dBFS [####................] rms=  159 peak=  568 seam=ok lag=340us
18:10:42.315   -> unknown         p=0.42  preproc=69833us infer=41024us
18:10:42.315   pt[44]: min=-568 max=520 avg_abs=134 | fifo=1344 under=0 over=0 late=0 mdf_cb=1449 mdf_err=0
18:10:42.377 in=16128Hz out=16000Hz ring=912 under=0 over=0 (dt=999999us) loglag=121409us
18:10:42.816   pt[45]: min=-636 max=572 avg_abs=133 | fifo=1136 under=0 over=0 late=0 mdf_cb=1481 mdf_err=0
18:10:43.251 {"win":24,"cls":"crackling_fire","p":0.52,"lat_ms":113,"under":0,"over":0,"late":0}
18:10:43.251 win   24 pos=  368640  -46dBFS [####................] rms=  171 peak=  636 seam=ok lag=340us
18:10:43.251   -> crackling_fire  p=0.52  preproc=69825us infer=40981us
18:10:43.313   pt[46]: min=-620 max=524 avg_abs=146 | fifo=928 under=0 over=0 late=0 mdf_cb=1513 mdf_err=0
18:10:43.376 in=16128Hz out=16000Hz ring=1040 under=0 over=0 (dt=1000000us) loglag=121409us
18:10:43.843   pt[47]: min=-558 max=654 avg_abs=149 | fifo=1120 under=0 over=0 late=0 mdf_cb=1545 mdf_err=0
18:10:44.189 {"win":25,"cls":"crackling_fire","p":0.77,"lat_ms":113,"under":0,"over":0,"late":0}
18:10:44.194 win   25 pos=  384000  -18dBFS [##############......] rms= 4277 peak=32768 seam=ok lag=342us
18:10:44.204   -> crackling_fire  p=0.77  preproc=69819us infer=40958us
18:10:44.391   pt[48]: min=-32768 max=32767 avg_abs=1865 | fifo=912 under=0 over=0 late=0 mdf_cb=1577 mdf_err=0
18:10:44.391 in=16128Hz out=16000Hz ring=1168 under=0 over=0 (dt=999999us) loglag=121409us
18:10:44.911   pt[49]: min=-864 max=258 avg_abs=236 | fifo=1104 under=0 over=0 late=0 mdf_cb=1609 mdf_err=0
18:10:45.159 {"win":26,"cls":"unknown","p":0.31,"lat_ms":113,"under":0,"over":0,"late":0}
18:10:45.159 win   26 pos=  399360  -41dBFS [######..............] rms=  286 peak=  864 seam=ok lag=340us
18:10:45.162   -> unknown         p=0.31  preproc=69769us infer=40962us
18:10:45.412 in=16128Hz out=16400Hz ring=896 under=0 over=0 (dt=999999us) loglag=121409us
18:10:45.412   pt[50]: min=-702 max=362 avg_abs=220 | fifo=896 under=0 over=0 late=0 mdf_cb=1641 mdf_err=0
18:10:45.912   pt[51]: min=-628 max=396 avg_abs=193 | fifo=1088 under=0 over=0 late=0 mdf_cb=1673 mdf_err=0
18:10:46.159 win   27 pos=  414720  -43dBFS [#####...............] rms=  242 peak=  702 seam=ok lag=339us
18:10:46.159   -> unknown         p=0.48  preproc=69825us infer=40984us
18:10:46.407 in=16128Hz out=16000Hz ring=1024 under=0 over=0 (dt=1000000us) loglag=121409us
18:10:46.407   pt[52]: min=-888 max=350 avg_abs=185 | fifo=880 under=0 over=0 late=0 mdf_cb=1705 mdf_err=0
18:10:46.935   pt[53]: min=-678 max=444 avg_abs=174 | fifo=1072 under=0 over=0 late=0 mdf_cb=1737 mdf_err=0
18:10:47.075 win   28 pos=  430080  -43dBFS [#####...............] rms=  224 peak=  888 seam=ok lag=340us
18:10:47.075   -> unknown         p=0.39  preproc=69820us infer=41031us
18:10:47.401 in=16128Hz out=16000Hz ring=1152 under=0 over=0 (dt=1000000us) loglag=121409us
18:10:47.464   pt[54]: min=-704 max=426 avg_abs=158 | fifo=864 under=0 over=0 late=0 mdf_cb=1769 mdf_err=0
18:10:48.087   pt[55]: min=-544 max=492 avg_abs=152 | fifo=1056 under=0 over=0 late=0 mdf_cb=1801 mdf_err=0
18:10:48.087 win   29 pos=  445440  -45dBFS [#####...............] rms=  189 peak=  588 seam=ok lag=339us
18:10:48.087   -> unknown         p=0.31  preproc=69841us infer=40982us
18:10:48.087 ====================================
18:10:48.087 ====================================
18:10:48.087 TAP TOTAL win=29
18:10:48.087 ====================================
18:10:48.087 ====================================
18:10:48.087 tap total: windows=30 (expected 30 from 462848 samples) overrun=0 torn=0 skipped=0 seam ok=29 NG=0
18:10:48.087   tap lag max=381us (0 of them lower bounds) | tap write max=6853ns avg=5338ns (1808 calls)
18:10:48.087   audio under=0 over=0 late=0 | aed run=30 err=0 (last er=0)
18:10:48.087   preproc max=69841us avg=69818us | infer max=41038us avg=40987us
18:10:48.092   notify out=4 held=22 offlist=4 gated=0 lat max=112887us (0 lower bounds)
18:10:48.099   log sent=187 dropped=0 lag max=121409us
18:10:48.103 ====================================
18:10:48.106 ====================================
18:10:48.430 in=16128Hz out=16000Hz ring=1280 under=0 over=0 (dt=1000000us) loglag=121409us
18:10:48.492   pt[56]: min=-646 max=666 avg_abs=142 | fifo=1104 under=0 over=0 late=0 mdf_cb=1834 mdf_err=0
18:10:48.990   pt[57]: min=-566 max=502 avg_abs=144 | fifo=1296 under=0 over=0 late=0 mdf_cb=1866 mdf_err=0
18:10:48.996 win   30 pos=  460800  -45dBFS [#####...............] rms=  180 peak=  666 seam=ok lag=338us
18:10:49.004   -> unknown         p=0.34  preproc=69823us infer=40983us
18:10:49.443 in=16128Hz out=16400Hz ring=1008 under=0 over=0 (dt=999999us) loglag=121409us
18:10:49.506   pt[58]: min=-520 max=556 avg_abs=136 | fifo=1088 under=0 over=0 late=0 mdf_cb=1898 mdf_err=0
18:10:50.004 win   31 pos=  476160  -45dBFS [#####...............] rms=  175 peak=  576 seam=ok lag=339us
18:10:50.004   -> unknown         p=0.40  preproc=69773us infer=40986us
18:10:50.004   pt[59]: min=-660 max=488 avg_abs=149 | fifo=880 under=0 over=0 late=0 mdf_cb=1930 mdf_err=0
18:10:50.440 in=16128Hz out=16000Hz ring=1136 under=0 over=0 (dt=999999us) loglag=121409us
18:10:50.502   pt[60]: min=-734 max=986 avg_abs=183 | fifo=1072 under=0 over=0 late=0 mdf_cb=1962 mdf_err=0
18:10:50.942 win   32 pos=  491520  -44dBFS [#####...............] rms=  214 peak=  986 seam=ok lag=339us
18:10:50.942   -> unknown         p=0.38  preproc=69811us infer=40961us
18:10:51.065   pt[61]: min=-570 max=596 avg_abs=138 | fifo=864 under=0 over=0 late=0 mdf_cb=1994 mdf_err=0
18:10:51.441 in=16128Hz out=16000Hz ring=1264 under=0 over=0 (dt=1000000us) loglag=121409us
18:10:51.566   pt[62]: min=-752 max=546 avg_abs=158 | fifo=1056 under=0 over=0 late=0 mdf_cb=2026 mdf_err=0
18:10:51.878 win   33 pos=  506880  -44dBFS [#####...............] rms=  203 peak=  752 seam=ok lag=338us
18:10:51.878   -> clock_tick      p=0.64  preproc=69815us infer=41029us
18:10:52.067   pt[63]: min=-666 max=640 avg_abs=180 | fifo=848 under=0 over=0 late=0 mdf_cb=2058 mdf_err=0
18:10:52.440 in=15872Hz out=16400Hz ring=736 under=0 over=0 (dt=999999us) loglag=121409us
18:10:52.566   pt[64]: min=-764 max=598 avg_abs=179 | fifo=1040 under=0 over=0 late=0 mdf_cb=2090 mdf_err=0
18:10:52.858 win   34 pos=  522240  -44dBFS [#####...............] rms=  211 peak=  764 seam=ok lag=338us
18:10:52.858   -> clock_tick      p=0.67  preproc=69817us infer=40979us
18:10:53.092   pt[65]: min=-668 max=798 avg_abs=180 | fifo=832 under=0 over=0 late=0 mdf_cb=2122 mdf_err=0
18:10:53.439 in=16128Hz out=16000Hz ring=864 under=0 over=0 (dt=999999us) loglag=121409us
18:10:53.626   pt[66]: min=-626 max=604 avg_abs=161 | fifo=1024 under=0 over=0 late=0 mdf_cb=2154 mdf_err=0
18:10:53.813 win   35 pos=  537600  -44dBFS [#####...............] rms=  217 peak=  798 seam=ok lag=338us
18:10:53.813   -> clock_tick      p=0.62  preproc=69819us infer=40992us
18:10:54.126   pt[67]: min=-918 max=944 avg_abs=192 | fifo=1072 under=0 over=0 late=0 mdf_cb=2187 mdf_err=0
18:10:54.469 in=16128Hz out=16000Hz ring=992 under=0 over=0 (dt=999999us) loglag=121409us
18:10:54.608   pt[68]: min=-988 max=994 avg_abs=279 | fifo=1264 under=0 over=0 late=0 mdf_cb=2219 mdf_err=0
18:10:54.748 win   36 pos=  552960  -40dBFS [######..............] rms=  313 peak=  994 seam=ok lag=337us
18:10:54.757   -> unknown         p=0.45  preproc=69769us infer=40983us
18:10:55.139   pt[69]: min=-894 max=826 avg_abs=218 | fifo=1056 under=0 over=0 late=0 mdf_cb=2251 mdf_err=0
18:10:55.482 in=16128Hz out=16000Hz ring=1120 under=0 over=0 (dt=1000000us) loglag=121409us
18:10:55.730   pt[70]: min=-706 max=1110 avg_abs=216 | fifo=1248 under=0 over=0 late=0 mdf_cb=2283 mdf_err=0
18:10:55.730 win   37 pos=  568320  -42dBFS [######..............] rms=  269 peak= 1110 seam=ok lag=336us
18:10:55.730   -> unknown         p=0.43  preproc=69845us infer=40980us
18:10:56.167   pt[71]: min=-1220 max=900 avg_abs=206 | fifo=1040 under=0 over=0 late=0 mdf_cb=2315 mdf_err=0
18:10:56.480 in=16128Hz out=16400Hz ring=848 under=0 over=0 (dt=999999us) loglag=121409us
18:10:56.730   pt[72]: min=-844 max=698 avg_abs=206 | fifo=832 under=0 over=0 late=0 mdf_cb=2347 mdf_err=0
18:10:56.730 win   38 pos=  583680  -42dBFS [######..............] rms=  261 peak= 1220 seam=ok lag=339us
18:10:56.730   -> unknown         p=0.42  preproc=69821us infer=41020us
18:10:57.229   pt[73]: min=-832 max=996 avg_abs=240 | fifo=1024 under=0 over=0 late=0 mdf_cb=2379 mdf_err=0
18:10:57.476 in=16128Hz out=16000Hz ring=976 under=0 over=0 (dt=1000000us) loglag=121409us
18:10:57.661 win   39 pos=  599040  -42dBFS [######..............] rms=  271 peak=  996 seam=ok lag=337us
18:10:57.661   -> unknown         p=0.31  preproc=69826us infer=40953us
18:10:57.661 ====================================
18:10:57.661 ====================================
18:10:57.661 TAP TOTAL win=39
18:10:57.661 ====================================
18:10:57.661 ====================================
18:10:57.661 tap total: windows=40 (expected 40 from 616448 samples) overrun=0 torn=0 skipped=0 seam ok=39 NG=0
18:10:57.666   tap lag max=381us (0 of them lower bounds) | tap write max=6853ns avg=5333ns (2408 calls)
18:10:57.674   audio under=0 over=0 late=0 | aed run=40 err=0 (last er=0)
18:10:57.680   preproc max=69845us avg=69816us | infer max=41038us avg=40987us
18:10:57.686   notify out=4 held=29 offlist=7 gated=0 lat max=112887us (0 lower bounds)
18:10:57.692   log sent=248 dropped=0 lag max=121409us
18:10:57.697 ====================================
18:10:57.699 ====================================
18:10:57.702   pt[74]: min=-620 max=668 avg_abs=151 | fifo=1072 under=0 over=0 late=0 mdf_cb=2412 mdf_err=0
18:10:58.207   pt[75]: min=-872 max=892 avg_abs=175 | fifo=1008 under=0 over=0 late=0 mdf_cb=2443 mdf_err=0
18:10:58.456 in=16128Hz out=16000Hz ring=1104 under=0 over=0 (dt=1000000us) loglag=121409us
18:10:58.643 win   40 pos=  614400  -44dBFS [#####...............] rms=  203 peak=  892 seam=ok lag=339us
18:10:58.643   -> clock_tick      p=0.54  preproc=69804us infer=40986us
18:10:58.768   pt[76]: min=-694 max=686 avg_abs=157 | fifo=800 under=0 over=0 late=0 mdf_cb=2475 mdf_err=0
18:10:59.267   pt[77]: min=-564 max=560 avg_abs=157 | fifo=992 under=0 over=0 late=0 mdf_cb=2507 mdf_err=0
18:10:59.580 in=16128Hz out=16000Hz ring=1232 under=0 over=0 (dt=1000000us) loglag=121409us
18:10:59.580 win   41 pos=  629760  -44dBFS [#####...............] rms=  199 peak=  694 seam=ok lag=338us
18:10:59.580   -> clock_tick      p=0.73  preproc=69768us infer=40990us
18:10:59.767   pt[78]: min=-596 max=676 avg_abs=134 | fifo=1040 under=0 over=0 late=0 mdf_cb=2540 mdf_err=0
18:11:00.294   pt[79]: min=-732 max=826 avg_abs=133 | fifo=1232 under=0 over=0 late=0 mdf_cb=2572 mdf_err=0
18:11:00.545 in=16128Hz out=16400Hz ring=960 under=0 over=0 (dt=1000000us) loglag=121409us
18:11:00.545 win   42 pos=  645120  -46dBFS [####................] rms=  161 peak=  826 seam=ok lag=339us
18:11:00.545   -> unknown         p=0.49  preproc=69841us infer=40964us
18:11:00.814   pt[80]: min=-566 max=574 avg_abs=146 | fifo=1024 under=0 over=0 late=0 mdf_cb=2604 mdf_err=0
18:11:01.341   pt[81]: min=-694 max=706 avg_abs=143 | fifo=1216 under=0 over=0 late=0 mdf_cb=2636 mdf_err=0
18:11:01.529 win   43 pos=  660480  -45dBFS [#####...............] rms=  188 peak=  706 seam=ok lag=338us
18:11:01.529   -> unknown         p=0.34  preproc=69815us infer=41038us
18:11:01.529 in=16040Hz out=15912Hz ring=1088 under=0 over=0 (dt=1005479us) loglag=121409us
18:11:01.828   pt[82]: min=-642 max=544 avg_abs=138 | fifo=1008 under=0 over=0 late=0 mdf_cb=2668 mdf_err=0
18:11:02.339   pt[83]: min=-594 max=548 avg_abs=134 | fifo=1200 under=0 over=0 late=0 mdf_cb=2700 mdf_err=0
18:11:02.465 win   44 pos=  675840  -46dBFS [####................] rms=  171 peak=  642 seam=ok lag=379us
18:11:02.465   -> clock_tick      p=0.54  preproc=69817us infer=41092us
18:11:02.527 in=16216Hz out=16088Hz ring=1216 under=0 over=0 (dt=994519us) loglag=121467us
18:11:02.835   pt[84]: min=-880 max=748 avg_abs=144 | fifo=992 under=0 over=0 late=0 mdf_cb=2732 mdf_err=0
18:11:03.400   pt[85]: min=-592 max=516 avg_abs=143 | fifo=1184 under=0 over=0 late=0 mdf_cb=2764 mdf_err=0
18:11:03.400 win   45 pos=  691200  -45dBFS [#####...............] rms=  181 peak=  880 seam=ok lag=341us
18:11:03.406   -> clock_tick      p=0.78  preproc=69848us infer=40980us
18:11:03.540 in=16128Hz out=16000Hz ring=1344 under=0 over=0 (dt=999999us) loglag=121467us
18:11:03.854   pt[86]: min=-522 max=624 avg_abs=141 | fifo=976 under=0 over=0 late=0 mdf_cb=2796 mdf_err=0
18:11:04.350 win   46 pos=  706560  -45dBFS [#####...............] rms=  178 peak=  624 seam=ok lag=338us
18:11:04.358   -> unknown         p=0.34  preproc=69764us infer=40981us
18:11:04.363   pt[87]: min=-614 max=556 avg_abs=137 | fifo=768 under=0 over=0 late=0 mdf_cb=2828 mdf_err=0
18:11:04.493 in=15872Hz out=16400Hz ring=816 under=0 over=0 (dt=1000000us) loglag=121467us
18:11:04.930   pt[88]: min=-530 max=628 avg_abs=147 | fifo=960 under=0 over=0 late=0 mdf_cb=2860 mdf_err=0
18:11:05.369 win   47 pos=  721920  -45dBFS [#####...............] rms=  177 peak=  628 seam=ok lag=338us
18:11:05.369   -> unknown         p=0.45  preproc=69825us infer=40973us
18:11:05.432   pt[89]: min=-566 max=528 avg_abs=139 | fifo=752 under=0 over=0 late=0 mdf_cb=2892 mdf_err=0
18:11:05.556 in=16128Hz out=16000Hz ring=944 under=0 over=0 (dt=999999us) loglag=121467us
18:11:05.934   pt[90]: min=-608 max=636 avg_abs=138 | fifo=1200 under=0 over=0 late=0 mdf_cb=2925 mdf_err=0
18:11:06.308 win   48 pos=  737280  -45dBFS [#####...............] rms=  177 peak=  636 seam=ok lag=340us
18:11:06.308   -> unknown         p=0.37  preproc=69816us infer=41040us
18:11:06.431   pt[91]: min=-546 max=586 avg_abs=142 | fifo=992 under=0 over=0 late=0 mdf_cb=2957 mdf_err=0
18:11:06.557 in=16128Hz out=16000Hz ring=1072 under=0 over=0 (dt=1000000us) loglag=121467us
18:11:06.931   pt[92]: min=-548 max=562 avg_abs=135 | fifo=1184 under=0 over=0 late=0 mdf_cb=2989 mdf_err=0
18:11:07.257 win   49 pos=  752640  -46dBFS [####................] rms=  170 peak=  562 seam=ok lag=339us
18:11:07.257   -> unknown         p=0.29  preproc=69812us infer=40966us
18:11:07.257 ====================================
18:11:07.257 ====================================
18:11:07.257 TAP TOTAL win=49
18:11:07.257 ====================================
18:11:07.257 ====================================
18:11:07.259 tap total: windows=50 (expected 50 from 770048 samples) overrun=0 torn=0 skipped=0 seam ok=49 NG=0
18:11:07.267   tap lag max=381us (0 of them lower bounds) | tap write max=6853ns avg=5331ns (3008 calls)
18:11:07.276   audio under=0 over=0 late=0 | aed run=50 err=0 (last er=0)
18:11:07.281   preproc max=69848us avg=69815us | infer max=41092us avg=40990us
18:11:07.287   notify out=4 held=35 offlist=11 gated=0 lat max=112887us (0 lower bounds)
18:11:07.294   log sent=309 dropped=0 lag max=121467us
18:11:07.297 ====================================
18:11:07.301 ====================================
18:11:07.490   pt[93]: min=-688 max=488 avg_abs=149 | fifo=976 under=0 over=0 late=0 mdf_cb=3021 mdf_err=0
18:11:07.552 in=16128Hz out=16400Hz ring=800 under=0 over=0 (dt=1000000us) loglag=121467us
18:11:08.005   pt[94]: min=-636 max=602 avg_abs=140 | fifo=1168 under=0 over=0 late=0 mdf_cb=3053 mdf_err=0
18:11:08.192 win   50 pos=  768000  -45dBFS [#####...............] rms=  188 peak=  688 seam=ok lag=338us
18:11:08.198   -> unknown         p=0.38  preproc=69830us infer=40987us
18:11:08.520   pt[95]: min=-610 max=570 avg_abs=163 | fifo=960 under=0 over=0 late=0 mdf_cb=3085 mdf_err=0
18:11:08.520 in=16128Hz out=16000Hz ring=928 under=0 over=0 (dt=999999us) loglag=121467us
18:11:09.019   pt[96]: min=-626 max=662 avg_abs=178 | fifo=1152 under=0 over=0 late=0 mdf_cb=3117 mdf_err=0
18:11:09.206 win   51 pos=  783360  -44dBFS [#####...............] rms=  208 peak=  662 seam=ok lag=339us
18:11:09.206   -> unknown         p=0.29  preproc=69766us infer=40989us
18:11:09.518   pt[97]: min=-674 max=584 avg_abs=171 | fifo=944 under=0 over=0 late=0 mdf_cb=3149 mdf_err=0
18:11:09.580 in=16128Hz out=16000Hz ring=1056 under=0 over=0 (dt=999999us) loglag=121467us
18:11:10.142   pt[98]: min=-688 max=624 avg_abs=183 | fifo=1136 under=0 over=0 late=0 mdf_cb=3181 mdf_err=0
18:11:10.142 win   52 pos=  798720  -44dBFS [#####...............] rms=  217 peak=  688 seam=ok lag=337us
18:11:10.142   -> unknown         p=0.40  preproc=69856us infer=40979us
18:11:10.581   pt[99]: min=-652 max=700 avg_abs=144 | fifo=928 under=0 over=0 late=0 mdf_cb=3213 mdf_err=0
18:11:10.581 in=16128Hz out=16000Hz ring=1184 under=0 over=0 (dt=1000000us) loglag=121467us
18:11:11.084   pt[100]: min=-774 max=606 avg_abs=189 | fifo=1120 under=0 over=0 late=0 mdf_cb=3245 mdf_err=0
18:11:11.084 win   53 pos=  814080  -44dBFS [#####...............] rms=  206 peak=  722 seam=ok lag=339us
18:11:11.088   -> unknown         p=0.21  preproc=69823us infer=41012us
18:11:11.603 in=16128Hz out=16400Hz ring=912 under=0 over=0 (dt=999999us) loglag=121467us
18:11:11.603   pt[101]: min=-600 max=806 avg_abs=160 | fifo=912 under=0 over=0 late=0 mdf_cb=3277 mdf_err=0
18:11:12.035 win   54 pos=  829440  -44dBFS [#####...............] rms=  196 peak=  806 seam=ok lag=339us
18:11:12.040   -> clock_tick      p=0.69  preproc=69829us infer=40981us
18:11:12.097   pt[102]: min=-536 max=584 avg_abs=141 | fifo=960 under=0 over=0 late=0 mdf_cb=3310 mdf_err=0
18:11:12.546 in=16128Hz out=16000Hz ring=1040 under=0 over=0 (dt=999999us) loglag=121467us
18:11:12.623   pt[103]: min=-694 max=724 avg_abs=171 | fifo=1152 under=0 over=0 late=0 mdf_cb=3342 mdf_err=0
18:11:13.015 win   55 pos=  844800  -44dBFS [#####...............] rms=  195 peak=  724 seam=ok lag=339us
18:11:13.015   -> unknown         p=0.49  preproc=69817us infer=40979us
18:11:13.092   pt[104]: min=-638 max=578 avg_abs=125 | fifo=944 under=0 over=0 late=0 mdf_cb=3374 mdf_err=0
18:11:13.605 in=16128Hz out=16000Hz ring=1168 under=0 over=0 (dt=1000000us) loglag=121467us
18:11:13.605   pt[105]: min=-536 max=750 avg_abs=149 | fifo=1136 under=0 over=0 late=0 mdf_cb=3406 mdf_err=0
18:11:13.998 win   56 pos=  860160  -45dBFS [#####...............] rms=  180 peak=  750 seam=ok lag=339us
18:11:13.998   -> unknown         p=0.26  preproc=69764us infer=40993us
18:11:14.120   pt[106]: min=-552 max=590 avg_abs=146 | fifo=928 under=0 over=0 late=0 mdf_cb=3438 mdf_err=0
18:11:14.575 in=16128Hz out=16000Hz ring=1296 under=0 over=0 (dt=1000000us) loglag=121467us
18:11:14.638   pt[107]: min=-528 max=564 avg_abs=143 | fifo=1120 under=0 over=0 late=0 mdf_cb=3470 mdf_err=0
18:11:14.951 win   57 pos=  875520  -45dBFS [#####...............] rms=  187 peak=  612 seam=ok lag=338us
18:11:14.951   -> unknown         p=0.35  preproc=69814us infer=40984us
18:11:15.200   pt[108]: min=-596 max=612 avg_abs=164 | fifo=912 under=0 over=0 late=0 mdf_cb=3502 mdf_err=0
18:11:15.573 in=15872Hz out=16400Hz ring=768 under=0 over=0 (dt=999999us) loglag=121467us
18:11:15.697   pt[109]: min=-680 max=518 avg_abs=164 | fifo=1104 under=0 over=0 late=0 mdf_cb=3534 mdf_err=0
18:11:15.884 win   58 pos=  890880  -44dBFS [#####...............] rms=  200 peak=  680 seam=ok lag=338us
18:11:15.884   -> unknown         p=0.26  preproc=69831us infer=41004us
18:11:16.198   pt[110]: min=-726 max=668 avg_abs=172 | fifo=896 under=0 over=0 late=0 mdf_cb=3566 mdf_err=0
18:11:16.573 in=16128Hz out=16000Hz ring=896 under=0 over=0 (dt=1000000us) loglag=121467us
18:11:16.714   pt[111]: min=-644 max=648 avg_abs=161 | fifo=1088 under=0 over=0 late=0 mdf_cb=3598 mdf_err=0
18:11:16.838 win   59 pos=  906240  -44dBFS [#####...............] rms=  204 peak=  726 seam=ok lag=339us
18:11:16.840   -> unknown         p=0.31  preproc=69826us infer=40980us
18:11:16.846 ====================================
18:11:16.849 ====================================
18:11:16.852 TAP TOTAL win=59
18:11:16.854 ====================================
18:11:16.857 ====================================
18:11:16.860 tap total: windows=60 (expected 60 from 923648 samples) overrun=0 torn=0 skipped=0 seam ok=59 NG=0
18:11:16.869   tap lag max=381us (0 of them lower bounds) | tap write max=6853ns avg=5330ns (3608 calls)
18:11:16.877   audio under=0 over=0 late=0 | aed run=60 err=0 (last er=0)
18:11:16.883   preproc max=69856us avg=69815us | infer max=41092us avg=40989us
18:11:16.889   notify out=4 held=44 offlist=12 gated=0 lat max=112887us (0 lower bounds)
18:11:16.896   log sent=371 dropped=0 lag max=121467us
18:11:16.899 ====================================
18:11:16.903 ====================================
18:11:17.226   pt[112]: min=-880 max=862 avg_abs=183 | fifo=880 under=0 over=0 late=0 mdf_cb=3630 mdf_err=0
18:11:17.601 in=16128Hz out=16000Hz ring=1024 under=0 over=0 (dt=999999us) loglag=121467us
18:11:17.851   pt[113]: min=-588 max=614 avg_abs=156 | fifo=1072 under=0 over=0 late=0 mdf_cb=3662 mdf_err=0
18:11:17.851 win   60 pos=  921600  -44dBFS [#####...............] rms=  219 peak=  880 seam=ok lag=338us
18:11:17.851   -> clock_tick      p=0.61  preproc=69846us infer=40982us
18:11:18.223   pt[114]: min=-690 max=610 avg_abs=170 | fifo=1120 under=0 over=0 late=0 mdf_cb=3695 mdf_err=0
18:11:18.598 in=16128Hz out=16000Hz ring=1152 under=0 over=0 (dt=1000000us) loglag=121467us
18:11:18.784   pt[115]: min=-700 max=494 avg_abs=156 | fifo=1312 under=0 over=0 late=0 mdf_cb=3727 mdf_err=0
18:11:18.784 win   61 pos=  936960  -44dBFS [#####...............] rms=  202 peak=  700 seam=ok lag=337us
18:11:18.784   -> unknown         p=0.33  preproc=69762us infer=40985us
18:11:19.282   pt[116]: min=-702 max=522 avg_abs=161 | fifo=1104 under=0 over=0 late=0 mdf_cb=3759 mdf_err=0
18:11:19.592 in=16128Hz out=16400Hz ring=880 under=0 over=0 (dt=1000000us) loglag=121467us
18:11:19.749 win   62 pos=  952320  -44dBFS [#####...............] rms=  197 peak=  702 seam=ok lag=338us
18:11:19.749   -> unknown         p=0.38  preproc=69811us infer=40988us
18:11:19.829   pt[117]: min=-540 max=586 avg_abs=152 | fifo=1296 under=0 over=0 late=0 mdf_cb=3791 mdf_err=0
18:11:20.296   pt[118]: min=-582 max=676 avg_abs=154 | fifo=1088 under=0 over=0 late=0 mdf_cb=3823 mdf_err=0
18:11:20.699 in=16128Hz out=16000Hz ring=1008 under=0 over=0 (dt=1000000us) loglag=121467us
18:11:20.699 win   63 pos=  967680  -45dBFS [#####...............] rms=  186 peak=  676 seam=ok lag=339us
18:11:20.699   -> clock_tick      p=0.62  preproc=69833us infer=41029us
18:11:20.821   pt[119]: min=-564 max=596 avg_abs=149 | fifo=880 under=0 over=0 late=0 mdf_cb=3855 mdf_err=0
18:11:21.321   pt[120]: min=-666 max=696 avg_abs=171 | fifo=1072 under=0 over=0 late=0 mdf_cb=3887 mdf_err=0
18:11:21.693 in=16128Hz out=16000Hz ring=1136 under=0 over=0 (dt=1000000us) loglag=121467us
18:11:21.693 win   64 pos=  983040  -44dBFS [#####...............] rms=  206 peak=  700 seam=ok lag=339us
18:11:21.693   -> unknown         p=0.42  preproc=69825us infer=40962us
18:11:21.818   pt[121]: min=-646 max=700 avg_abs=152 | fifo=864 under=0 over=0 late=0 mdf_cb=3919 mdf_err=0
18:11:22.382   pt[122]: min=-776 max=670 avg_abs=170 | fifo=1056 under=0 over=0 late=0 mdf_cb=3951 mdf_err=0
18:11:22.630 win   65 pos=  998400  -44dBFS [#####...............] rms=  205 peak=  898 seam=ok lag=339us
18:11:22.630   -> unknown         p=0.34  preproc=69830us infer=40985us
18:11:22.630 in=16128Hz out=16000Hz ring=1264 under=0 over=0 (dt=999999us) loglag=121467us
18:11:22.878   pt[123]: min=-898 max=554 avg_abs=157 | fifo=848 under=0 over=0 late=0 mdf_cb=3983 mdf_err=0
18:11:23.379   pt[124]: min=-666 max=718 avg_abs=180 | fifo=1040 under=0 over=0 late=0 mdf_cb=4015 mdf_err=0
18:11:23.563 win   66 pos= 1013760  -44dBFS [#####...............] rms=  209 peak=  898 seam=ok lag=338us
18:11:23.563   -> unknown         p=0.32  preproc=69765us infer=40992us
18:11:23.626 in=16128Hz out=16400Hz ring=992 under=0 over=0 (dt=999999us) loglag=121467us
18:11:23.918   pt[125]: min=-700 max=624 avg_abs=169 | fifo=832 under=0 over=0 late=0 mdf_cb=4047 mdf_err=0
18:11:24.433   pt[126]: min=-654 max=588 avg_abs=173 | fifo=1024 under=0 over=0 late=0 mdf_cb=4079 mdf_err=0
18:11:24.559 win   67 pos= 1029120  -44dBFS [#####...............] rms=  216 peak=  700 seam=ok lag=337us
18:11:24.559   -> unknown         p=0.50  preproc=69819us infer=40977us
18:11:24.683 in=15872Hz out=16000Hz ring=864 under=0 over=0 (dt=999999us) loglag=121467us
18:11:24.936   pt[127]: min=-762 max=804 avg_abs=166 | fifo=816 under=0 over=0 late=0 mdf_cb=4111 mdf_err=0
18:11:25.509   pt[128]: min=-850 max=650 avg_abs=175 | fifo=1008 under=0 over=0 late=0 mdf_cb=4143 mdf_err=0
18:11:25.509 win   68 pos= 1044480  -44dBFS [#####...............] rms=  218 peak=  850 seam=ok lag=338us
18:11:25.509   -> unknown         p=0.42  preproc=69840us infer=41033us
18:11:25.634 in=16128Hz out=16000Hz ring=992 under=0 over=0 (dt=1000000us) loglag=121467us
18:11:25.947   pt[129]: min=-754 max=672 avg_abs=192 | fifo=800 under=0 over=0 late=0 mdf_cb=4175 mdf_err=0
18:11:26.446   pt[130]: min=-576 max=824 avg_abs=163 | fifo=1248 under=0 over=0 late=0 mdf_cb=4208 mdf_err=0
18:11:26.446 win   69 pos= 1059840  -43dBFS [#####...............] rms=  227 peak=  824 seam=ok lag=339us
18:11:26.450   -> clock_tick      p=0.56  preproc=69824us infer=40948us
18:11:26.457 ====================================
18:11:26.460 ====================================
18:11:26.462 TAP TOTAL win=69
18:11:26.463 ====================================
18:11:26.467 ====================================
18:11:26.471 tap total: windows=70 (expected 70 from 1077248 samples) overrun=0 torn=0 skipped=0 seam ok=69 NG=0
18:11:26.480   tap lag max=381us (0 of them lower bounds) | tap write max=6853ns avg=5330ns (4208 calls)
18:11:26.488   audio under=0 over=0 late=0 | aed run=70 err=0 (last er=0)
18:11:26.493   preproc max=69856us avg=69815us | infer max=41092us avg=40989us
18:11:26.499   notify out=4 held=51 offlist=15 gated=0 lat max=112887us (0 lower bounds)
18:11:26.506   log sent=432 dropped=0 lag max=121467us
18:11:26.510 ====================================
18:11:26.513 ====================================
18:11:26.648 in=16128Hz out=16000Hz ring=1120 under=0 over=0 (dt=1000000us) loglag=121467us
18:11:26.974   pt[131]: min=-630 max=576 avg_abs=167 | fifo=1040 under=0 over=0 late=0 mdf_cb=4240 mdf_err=0
18:11:27.409 win   70 pos= 1075200  -44dBFS [#####...............] rms=  202 peak=  700 seam=ok lag=338us
18:11:27.409   -> unknown         p=0.47  preproc=69810us infer=40980us
18:11:27.472   pt[132]: min=-610 max=700 avg_abs=152 | fifo=1232 under=0 over=0 late=0 mdf_cb=4272 mdf_err=0
18:11:27.659 in=16128Hz out=16400Hz ring=848 under=0 over=0 (dt=1000000us) loglag=121467us
18:11:27.972   pt[133]: min=-642 max=636 avg_abs=174 | fifo=1024 under=0 over=0 late=0 mdf_cb=4304 mdf_err=0
18:11:28.407 win   71 pos= 1090560  -44dBFS [#####...............] rms=  199 peak=  642 seam=ok lag=339us
18:11:28.407   -> unknown         p=0.33  preproc=69779us infer=40985us
18:11:28.547   pt[134]: min=-658 max=730 avg_abs=163 | fifo=1216 under=0 over=0 late=0 mdf_cb=4336 mdf_err=0
18:11:28.688 in=16128Hz out=16000Hz ring=976 under=0 over=0 (dt=999999us) loglag=121467us
18:11:29.012   pt[135]: min=-766 max=678 avg_abs=176 | fifo=1008 under=0 over=0 late=0 mdf_cb=4368 mdf_err=0
18:11:29.326 win   72 pos= 1105920  -43dBFS [#####...............] rms=  233 peak=  766 seam=ok lag=340us
18:11:29.326   -> unknown         p=0.24  preproc=69817us infer=40983us
18:11:29.531   pt[136]: min=-718 max=702 avg_abs=210 | fifo=1200 under=0 over=0 late=0 mdf_cb=4400 mdf_err=0
18:11:29.687 in=16128Hz out=16000Hz ring=1104 under=0 over=0 (dt=1000000us) loglag=121467us
18:11:30.030   pt[137]: min=-782 max=844 avg_abs=185 | fifo=992 under=0 over=0 late=0 mdf_cb=4432 mdf_err=0
18:11:30.311 win   73 pos= 1121280  -43dBFS [#####...............] rms=  236 peak=  844 seam=ok lag=337us
18:11:30.311   -> clock_tick      p=0.58  preproc=69839us infer=41032us
18:11:30.589   pt[138]: min=-886 max=790 avg_abs=196 | fifo=1184 under=0 over=0 late=0 mdf_cb=4464 mdf_err=0
18:11:30.716 in=16128Hz out=16000Hz ring=1232 under=0 over=0 (dt=1000000us) loglag=121467us
18:11:31.091   pt[139]: min=-726 max=662 avg_abs=194 | fifo=976 under=0 over=0 late=0 mdf_cb=4496 mdf_err=0
18:11:31.280 win   74 pos= 1136640  -43dBFS [#####...............] rms=  245 peak=  886 seam=ok lag=337us
18:11:31.280   -> unknown         p=0.45  preproc=69820us infer=40977us
18:11:31.596   pt[140]: min=-808 max=726 avg_abs=194 | fifo=1168 under=0 over=0 late=0 mdf_cb=4528 mdf_err=0
18:11:31.722 in=16128Hz out=16000Hz ring=1360 under=0 over=0 (dt=999999us) loglag=121467us
18:11:32.097   pt[141]: min=-780 max=676 avg_abs=187 | fifo=960 under=0 over=0 late=0 mdf_cb=4560 mdf_err=0
18:11:32.237 win   75 pos= 1152000  -43dBFS [#####...............] rms=  246 peak=  808 seam=ok lag=337us
18:11:32.237   -> unknown         p=0.34  preproc=69820us infer=41083us
18:11:32.612   pt[142]: min=-652 max=766 avg_abs=184 | fifo=752 under=0 over=0 late=0 mdf_cb=4592 mdf_err=0
18:11:32.674 in=15872Hz out=16400Hz ring=832 under=0 over=0 (dt=999999us) loglag=121467us
18:11:33.173   pt[143]: min=-796 max=714 avg_abs=202 | fifo=944 under=0 over=0 late=0 mdf_cb=4624 mdf_err=0
18:11:33.173 win   76 pos= 1167360  -43dBFS [#####...............] rms=  238 peak=  796 seam=ok lag=340us
18:11:33.173   -> unknown         p=0.49  preproc=69789us infer=40983us
18:11:33.656   pt[144]: min=-780 max=758 avg_abs=182 | fifo=736 under=0 over=0 late=0 mdf_cb=4656 mdf_err=0
18:11:33.734 in=16128Hz out=16000Hz ring=960 under=0 over=0 (dt=1000000us) loglag=121467us
18:11:34.120 win   77 pos= 1182720  -43dBFS [#####...............] rms=  242 peak=  780 seam=ok lag=339us
18:11:34.124   -> unknown         p=0.39  preproc=69824us infer=40980us
18:11:34.197   pt[145]: min=-852 max=798 avg_abs=222 | fifo=1184 under=0 over=0 late=0 mdf_cb=4689 mdf_err=0
18:11:34.700   pt[146]: min=-750 max=932 avg_abs=230 | fifo=976 under=0 over=0 late=0 mdf_cb=4721 mdf_err=0
18:11:34.700 in=16128Hz out=16000Hz ring=1088 under=0 over=0 (dt=999999us) loglag=121467us
18:11:35.137 win   78 pos= 1198080  -41dBFS [######..............] rms=  296 peak= 1016 seam=ok lag=337us
18:11:35.137   -> clock_tick      p=0.51  preproc=69832us infer=41032us
18:11:35.200   pt[147]: min=-942 max=1016 avg_abs=234 | fifo=1168 under=0 over=0 late=0 mdf_cb=4753 mdf_err=0
18:11:35.697   pt[148]: min=-718 max=786 avg_abs=206 | fifo=960 under=0 over=0 late=0 mdf_cb=4785 mdf_err=0
18:11:35.697 in=16128Hz out=16000Hz ring=1216 under=0 over=0 (dt=1000000us) loglag=121467us
18:11:36.073 win   79 pos= 1213440  -41dBFS [######..............] rms=  284 peak=  942 seam=ok lag=338us
18:11:36.073   -> unknown         p=0.40  preproc=69817us infer=40987us
18:11:36.073 ====================================
18:11:36.073 ====================================
18:11:36.073 TAP TOTAL win=79
18:11:36.073 ====================================
18:11:36.073 ====================================
18:11:36.073 tap total: windows=80 (expected 80 from 1230848 samples) overrun=0 torn=0 skipped=0 seam ok=79 NG=0
18:11:36.073   tap lag max=381us (0 of them lower bounds) | tap write max=6900ns avg=5328ns (4808 calls)
18:11:36.081   audio under=0 over=0 late=0 | aed run=80 err=0 (last er=0)
18:11:36.086   preproc max=69856us avg=69815us | infer max=41092us avg=40991us
18:11:36.092   notify out=4 held=59 offlist=17 gated=0 lat max=112887us (0 lower bounds)
18:11:36.100   log sent=493 dropped=0 lag max=121467us
18:11:36.103 ====================================
18:11:36.107 ====================================
18:11:36.184   pt[149]: min=-822 max=812 avg_abs=252 | fifo=1152 under=0 over=0 late=0 mdf_cb=4817 mdf_err=0
18:11:36.699 in=16128Hz out=16400Hz ring=944 under=0 over=0 (dt=999999us) loglag=121467us
18:11:36.701   pt[150]: min=-994 max=698 avg_abs=208 | fifo=944 under=0 over=0 late=0 mdf_cb=4849 mdf_err=0
18:11:37.029 win   80 pos= 1228800  -42dBFS [######..............] rms=  258 peak=  994 seam=ok lag=338us
18:11:37.029   -> unknown         p=0.44  preproc=69825us infer=40983us
18:11:37.214   pt[151]: min=-654 max=778 avg_abs=192 | fifo=1136 under=0 over=0 late=0 mdf_cb=4881 mdf_err=0
18:11:37.713 in=16128Hz out=16000Hz ring=1072 under=0 over=0 (dt=999999us) loglag=121467us
18:11:37.774   pt[152]: min=-972 max=976 avg_abs=233 | fifo=928 under=0 over=0 late=0 mdf_cb=4913 mdf_err=0
18:11:37.961 win   81 pos= 1244160  -42dBFS [######..............] rms=  272 peak=  976 seam=ok lag=338us
18:11:37.964   -> unknown         p=0.33  preproc=69764us infer=40985us
18:11:38.290   pt[153]: min=-766 max=760 avg_abs=187 | fifo=1120 under=0 over=0 late=0 mdf_cb=4945 mdf_err=0
18:11:38.726 in=16128Hz out=16000Hz ring=1200 under=0 over=0 (dt=999999us) loglag=121467us
18:11:38.789   pt[154]: min=-700 max=672 avg_abs=176 | fifo=912 under=0 over=0 late=0 mdf_cb=4977 mdf_err=0
18:11:38.975 win   82 pos= 1259520  -43dBFS [#####...............] rms=  231 peak=  766 seam=ok lag=337us
18:11:38.975   -> unknown         p=0.30  preproc=69824us infer=40983us
18:11:39.287   pt[155]: min=-670 max=672 avg_abs=164 | fifo=1104 under=0 over=0 late=0 mdf_cb=5009 mdf_err=0
18:11:39.725 in=15872Hz out=16000Hz ring=1072 under=0 over=0 (dt=1000000us) loglag=121467us
18:11:39.911   pt[156]: min=-780 max=662 avg_abs=190 | fifo=896 under=0 over=0 late=0 mdf_cb=5041 mdf_err=0
18:11:39.911 win   83 pos= 1274880  -44dBFS [#####...............] rms=  218 peak=  780 seam=ok lag=338us
18:11:39.911   -> unknown         p=0.39  preproc=69842us infer=41031us
18:11:40.347   pt[157]: min=-604 max=656 avg_abs=168 | fifo=1088 under=0 over=0 late=0 mdf_cb=5073 mdf_err=0
18:11:40.722 in=16128Hz out=16400Hz ring=800 under=0 over=0 (dt=999999us) loglag=121467us
18:11:40.847   pt[158]: min=-820 max=612 avg_abs=164 | fifo=880 under=0 over=0 late=0 mdf_cb=5105 mdf_err=0
18:11:40.847 win   84 pos= 1290240  -44dBFS [#####...............] rms=  209 peak=  820 seam=ok lag=338us
18:11:40.856   -> unknown         p=0.48  preproc=69819us infer=41006us
18:11:41.364   pt[159]: min=-680 max=714 avg_abs=168 | fifo=1072 under=0 over=0 late=0 mdf_cb=5137 mdf_err=0
18:11:41.803 in=16128Hz out=16000Hz ring=928 under=0 over=0 (dt=1000000us) loglag=121467us
18:11:41.803 win   85 pos= 1305600  -44dBFS [#####...............] rms=  203 peak=  714 seam=ok lag=340us
18:11:41.811   -> unknown         p=0.34  preproc=69825us infer=40985us
18:11:41.881   pt[160]: min=-618 max=816 avg_abs=165 | fifo=864 under=0 over=0 late=0 mdf_cb=5169 mdf_err=0
18:11:42.380   pt[161]: min=-648 max=698 avg_abs=185 | fifo=1056 under=0 over=0 late=0 mdf_cb=5201 mdf_err=0
18:11:42.816 in=16128Hz out=16000Hz ring=1056 under=0 over=0 (dt=1000000us) loglag=121467us
18:11:42.816 win   86 pos= 1320960  -43dBFS [#####...............] rms=  227 peak=  816 seam=ok lag=338us
18:11:42.816   -> unknown         p=0.44  preproc=69768us infer=40982us
18:11:42.878   pt[162]: min=-674 max=750 avg_abs=196 | fifo=1104 under=0 over=0 late=0 mdf_cb=5234 mdf_err=0
18:11:43.378   pt[163]: min=-1034 max=1392 avg_abs=279 | fifo=1296 under=0 over=0 late=0 mdf_cb=5266 mdf_err=0
18:11:43.766 win   87 pos= 1336320  -40dBFS [######..............] rms=  315 peak= 1392 seam=ok lag=338us
18:11:43.766   -> unknown         p=0.23  preproc=69829us infer=40979us
18:11:43.766 in=16128Hz out=16000Hz ring=1184 under=0 over=0 (dt=999999us) loglag=121467us
18:11:43.906   pt[164]: min=-698 max=708 avg_abs=181 | fifo=1088 under=0 over=0 late=0 mdf_cb=5298 mdf_err=0
18:11:44.456   pt[165]: min=-634 max=750 avg_abs=180 | fifo=1280 under=0 over=0 late=0 mdf_cb=5330 mdf_err=0
18:11:44.704 win   88 pos= 1351680  -43dBFS [#####...............] rms=  220 peak=  750 seam=ok lag=342us
18:11:44.704   -> clock_tick      p=0.63  preproc=69817us infer=41030us
18:11:44.766 in=16128Hz out=16400Hz ring=912 under=0 over=0 (dt=999999us) loglag=121467us
18:11:44.906   pt[166]: min=-892 max=750 avg_abs=185 | fifo=1072 under=0 over=0 late=0 mdf_cb=5362 mdf_err=0
18:11:45.421   pt[167]: min=-726 max=806 avg_abs=178 | fifo=864 under=0 over=0 late=0 mdf_cb=5394 mdf_err=0
18:11:45.641 win   89 pos= 1367040  -43dBFS [#####...............] rms=  223 peak=  892 seam=ok lag=338us
18:11:45.644   -> unknown         p=0.41  preproc=69822us infer=40983us
18:11:45.650 ====================================
18:11:45.654 ====================================
18:11:45.657 TAP TOTAL win=89
18:11:45.658 ====================================
18:11:45.662 ====================================
18:11:45.665 tap total: windows=90 (expected 90 from 1384448 samples) overrun=0 torn=0 skipped=0 seam ok=89 NG=0
18:11:45.674   tap lag max=381us (0 of them lower bounds) | tap write max=6900ns avg=5328ns (5408 calls)
18:11:45.683   audio under=0 over=0 late=0 | aed run=90 err=0 (last er=0)
18:11:45.688   preproc max=69856us avg=69815us | infer max=41092us avg=40991us
18:11:45.694   notify out=4 held=68 offlist=18 gated=0 lat max=112887us (0 lower bounds)
18:11:45.701   log sent=554 dropped=0 lag max=121467us
18:11:45.704 ====================================
18:11:45.707 ====================================
18:11:45.767 in=16128Hz out=16000Hz ring=1040 under=0 over=0 (dt=1000000us) loglag=121467us
18:11:45.954   pt[168]: min=-640 max=584 avg_abs=170 | fifo=1056 under=0 over=0 late=0 mdf_cb=5426 mdf_err=0
18:11:46.468   pt[169]: min=-576 max=546 avg_abs=152 | fifo=848 under=0 over=0 late=0 mdf_cb=5458 mdf_err=0
18:11:46.625 win   90 pos= 1382400  -44dBFS [#####...............] rms=  206 peak=  640 seam=ok lag=338us
18:11:46.625   -> clock_tick      p=0.55  preproc=69826us infer=40982us
18:11:46.780 in=16128Hz out=16000Hz ring=1168 under=0 over=0 (dt=1000000us) loglag=121467us
18:11:46.983   pt[170]: min=-760 max=698 avg_abs=194 | fifo=1040 under=0 over=0 late=0 mdf_cb=5490 mdf_err=0
18:11:47.609   pt[171]: min=-4042 max=4074 avg_abs=189 | fifo=832 under=0 over=0 late=0 mdf_cb=5522 mdf_err=0
18:11:47.609 win   91 pos= 1397760  -43dBFS [#####...............] rms=  220 peak= 1290 seam=ok lag=337us
18:11:47.609   -> unknown         p=0.49  preproc=69796us infer=40985us
18:11:47.809 in=16128Hz out=16000Hz ring=1296 under=0 over=0 (dt=999999us) loglag=121467us
18:11:47.996   pt[172]: min=-32768 max=26346 avg_abs=2169 | fifo=1024 under=0 over=0 late=0 mdf_cb=5554 mdf_err=0
18:11:48.530   pt[173]: min=-20048 max=17072 avg_abs=962 | fifo=816 under=0 over=0 late=0 mdf_cb=5586 mdf_err=0
18:11:48.530 {"win":92,"cls":"dog","p":0.96,"lat_ms":113,"under":0,"over":0,"late":0}
18:11:48.533 win   92 pos= 1413120  -19dBFS [#############.......] rms= 3576 peak=32768 seam=ok lag=340us
18:11:48.540   -> dog             p=0.96  preproc=69824us infer=40981us
18:11:48.780 in=15872Hz out=16400Hz ring=768 under=0 over=0 (dt=1000000us) loglag=121467us
18:11:49.045   pt[174]: min=-1234 max=1454 avg_abs=284 | fifo=1264 under=0 over=0 late=0 mdf_cb=5619 mdf_err=0
18:11:49.531 {"win":93,"cls":"unknown","p":0.46,"lat_ms":113,"under":0,"over":0,"late":0}
18:11:49.531 win   93 pos= 1428480  -33dBFS [#########...........] rms=  714 peak=12858 seam=ok lag=341us
18:11:49.531   -> unknown         p=0.46  preproc=69827us infer=41029us
18:11:49.531   pt[175]: min=-844 max=840 avg_abs=225 | fifo=1056 under=0 over=0 late=0 mdf_cb=5651 mdf_err=0
18:11:49.785 in=16128Hz out=16000Hz ring=896 under=0 over=0 (dt=1000000us) loglag=121467us
18:11:50.096   pt[176]: min=-724 max=632 avg_abs=183 | fifo=1248 under=0 over=0 late=0 mdf_cb=5683 mdf_err=0
18:11:50.472 win   94 pos= 1443840  -42dBFS [######..............] rms=  247 peak=  844 seam=ok lag=337us
18:11:50.472   -> unknown         p=0.37  preproc=69810us infer=40978us
18:11:50.596   pt[177]: min=-32768 max=32767 avg_abs=2711 | fifo=1040 under=0 over=0 late=0 mdf_cb=5715 mdf_err=0
18:11:50.846 in=16128Hz out=16000Hz ring=1024 under=0 over=0 (dt=999999us) loglag=121467us
18:11:51.096   pt[178]: min=-29854 max=31136 avg_abs=2818 | fifo=1232 under=0 over=0 late=0 mdf_cb=5747 mdf_err=0
18:11:51.409 {"win":95,"cls":"dog","p":1.00,"lat_ms":113,"under":0,"over":0,"late":0}
18:11:51.409 win   95 pos= 1459200  -15dBFS [###############.....] rms= 5703 peak=32768 seam=ok lag=335us
18:11:51.412   -> dog             p=1.00  preproc=69832us infer=40982us
18:11:51.597   pt[179]: min=-1630 max=1940 avg_abs=281 | fifo=1024 under=0 over=0 late=0 mdf_cb=5779 mdf_err=0
18:11:51.849 in=16128Hz out=16000Hz ring=1152 under=0 over=0 (dt=999999us) loglag=121467us
18:11:52.097   pt[180]: min=-24804 max=24404 avg_abs=1986 | fifo=1216 under=0 over=0 late=0 mdf_cb=5811 mdf_err=0
18:11:52.408 win   96 pos= 1474560  -21dBFS [#############.......] rms= 2919 peak=24804 seam=ok lag=338us
18:11:52.408   -> rooster         p=0.98  preproc=69768us infer=40980us
18:11:52.658   pt[181]: min=-768 max=710 avg_abs=170 | fifo=1008 under=0 over=0 late=0 mdf_cb=5843 mdf_err=0
18:11:52.845 in=16128Hz out=16400Hz ring=880 under=0 over=0 (dt=999999us) loglag=121467us
18:11:53.158   pt[182]: min=-556 max=536 avg_abs=140 | fifo=800 under=0 over=0 late=0 mdf_cb=5875 mdf_err=0
18:11:53.346 win   97 pos= 1489920  -45dBFS [#####...............] rms=  189 peak=  768 seam=ok lag=338us
18:11:53.346   -> unknown         p=0.27  preproc=69812us infer=40991us
18:11:53.658   pt[183]: min=-608 max=518 avg_abs=140 | fifo=992 under=0 over=0 late=0 mdf_cb=5907 mdf_err=0
18:11:53.859 in=16128Hz out=16000Hz ring=1008 under=0 over=0 (dt=1000000us) loglag=121467us
18:11:54.201   pt[184]: min=-578 max=618 avg_abs=150 | fifo=784 under=0 over=0 late=0 mdf_cb=5939 mdf_err=0
18:11:54.326 win   98 pos= 1505280  -45dBFS [#####...............] rms=  184 peak=  618 seam=ok lag=339us
18:11:54.326   -> unknown         p=0.43  preproc=69827us infer=41030us
18:11:54.698   pt[185]: min=-532 max=576 avg_abs=150 | fifo=976 under=0 over=0 late=0 mdf_cb=5971 mdf_err=0
18:11:54.821 in=16128Hz out=16000Hz ring=1136 under=0 over=0 (dt=999999us) loglag=121467us
18:11:55.257   pt[186]: min=-762 max=706 avg_abs=154 | fifo=768 under=0 over=0 late=0 mdf_cb=6003 mdf_err=0
18:11:55.257 win   99 pos= 1520640  -45dBFS [#####...............] rms=  193 peak=  762 seam=ok lag=339us
18:11:55.257   -> unknown         p=0.39  preproc=69846us infer=40953us
18:11:55.261 ====================================
18:11:55.263 ====================================
18:11:55.267 TAP TOTAL win=99
18:11:55.269 ====================================
18:11:55.272 ====================================
18:11:55.286 tap total: windows=100 (expected 100 from 1538048 samples) overrun=0 torn=0 skipped=0 seam ok=99 NG=0
18:11:55.286   tap lag max=381us (0 of them lower bounds) | tap write max=6900ns avg=5328ns (6008 calls)
18:11:55.292   audio under=0 over=0 late=0 | aed run=100 err=0 (last er=0)
18:11:55.298   preproc max=69856us avg=69815us | infer max=41092us avg=40991us
18:11:55.304   notify out=7 held=73 offlist=20 gated=0 lat max=112908us (0 lower bounds)
18:11:55.311   log sent=619 dropped=0 lag max=121467us
18:11:55.315 ====================================
18:11:55.318 ====================================
18:11:55.697   pt[187]: min=-510 max=494 avg_abs=133 | fifo=1216 under=0 over=0 late=0 mdf_cb=6036 mdf_err=0
18:11:55.822 in=16128Hz out=16000Hz ring=1264 under=0 over=0 (dt=999999us) loglag=121467us
18:11:56.259   pt[188]: min=-660 max=824 avg_abs=172 | fifo=1008 under=0 over=0 late=0 mdf_cb=6068 mdf_err=0
18:11:56.259 win  100 pos= 1536000  -45dBFS [#####...............] rms=  189 peak=  824 seam=ok lag=340us
18:11:56.259   -> unknown         p=0.37  preproc=69820us infer=41010us
18:11:56.757   pt[189]: min=-540 max=656 avg_abs=141 | fifo=1200 under=0 over=0 late=0 mdf_cb=6100 mdf_err=0
18:11:56.881 in=16128Hz out=16400Hz ring=992 under=0 over=0 (dt=1000000us) loglag=121467us
18:11:57.191 win  101 pos= 1551360  -45dBFS [#####...............] rms=  189 peak=  824 seam=ok lag=338us
18:11:57.191   -> clock_tick      p=0.77  preproc=69761us infer=40988us
18:11:57.254   pt[190]: min=-574 max=610 avg_abs=142 | fifo=992 under=0 over=0 late=0 mdf_cb=6132 mdf_err=0
18:11:57.758   pt[191]: min=-608 max=560 avg_abs=152 | fifo=1184 under=0 over=0 late=0 mdf_cb=6164 mdf_err=0
18:11:57.881 in=15872Hz out=16000Hz ring=864 under=0 over=0 (dt=999999us) loglag=121467us
18:11:58.129 win  102 pos= 1566720  -45dBFS [#####...............] rms=  179 peak=  610 seam=ok lag=338us
18:11:58.129   -> clock_tick      p=0.63  preproc=69818us infer=40981us
18:11:58.255   pt[192]: min=-526 max=564 avg_abs=133 | fifo=976 under=0 over=0 late=0 mdf_cb=6196 mdf_err=0
18:11:58.816   pt[193]: min=-590 max=568 avg_abs=154 | fifo=1168 under=0 over=0 late=0 mdf_cb=6228 mdf_err=0
18:11:58.879 in=16128Hz out=16000Hz ring=992 under=0 over=0 (dt=1000000us) loglag=121467us
18:11:59.128 win  103 pos= 1582080  -45dBFS [#####...............] rms=  184 peak=  590 seam=ok lag=339us
18:11:59.128   -> unknown         p=0.37  preproc=69812us infer=41030us
18:11:59.315   pt[194]: min=-700 max=600 avg_abs=178 | fifo=960 under=0 over=0 late=0 mdf_cb=6260 mdf_err=0
18:11:59.816   pt[195]: min=-592 max=536 avg_abs=153 | fifo=1152 under=0 over=0 late=0 mdf_cb=6292 mdf_err=0
18:11:59.880 in=16128Hz out=16000Hz ring=1120 under=0 over=0 (dt=1000000us) loglag=121467us
18:12:00.065 win  104 pos= 1597440  -44dBFS [#####...............] rms=  203 peak=  700 seam=ok lag=337us
18:12:00.065   -> clock_tick      p=0.59  preproc=69822us infer=40985us
18:12:00.314   pt[196]: min=-526 max=462 avg_abs=132 | fifo=944 under=0 over=0 late=0 mdf_cb=6324 mdf_err=0
18:12:00.828   pt[197]: min=-650 max=630 avg_abs=156 | fifo=1136 under=0 over=0 late=0 mdf_cb=6356 mdf_err=0
18:12:00.891 in=16128Hz out=16400Hz ring=848 under=0 over=0 (dt=1000000us) loglag=121467us
18:12:01.033 win  105 pos= 1612800  -45dBFS [#####...............] rms=  177 peak=  650 seam=ok lag=338us
18:12:01.033   -> unknown         p=0.30  preproc=69806us infer=40953us
18:12:01.345   pt[198]: min=-772 max=610 avg_abs=153 | fifo=928 under=0 over=0 late=0 mdf_cb=6388 mdf_err=0
18:12:01.872   pt[199]: min=-546 max=568 avg_abs=159 | fifo=1120 under=0 over=0 late=0 mdf_cb=6420 mdf_err=0
18:12:01.997 in=16128Hz out=16000Hz ring=976 under=0 over=0 (dt=1000000us) loglag=121564us
18:12:01.997 win  106 pos= 1628160  -44dBFS [#####...............] rms=  199 peak=  772 seam=ok lag=382us
18:12:01.997   -> unknown         p=0.35  preproc=69816us infer=41096us
18:12:02.373   pt[200]: min=-10530 max=10260 avg_abs=1007 | fifo=912 under=0 over=0 late=0 mdf_cb=6452 mdf_err=0
18:12:02.951 in=16128Hz out=16000Hz ring=1104 under=0 over=0 (dt=1000000us) loglag=121564us
18:12:02.951   pt[201]: min=-20132 max=20606 avg_abs=3345 | fifo=1104 under=0 over=0 late=0 mdf_cb=6484 mdf_err=0
18:12:02.951 {"win":107,"cls":"crying_baby","p":0.99,"lat_ms":113,"under":0,"over":0,"late":0}
18:12:02.951 win  107 pos= 1643520  -20dBFS [#############.......] rms= 3380 peak=20606 seam=ok lag=337us
18:12:02.951   -> crying_baby     p=0.99  preproc=69847us infer=40987us
18:12:03.423   pt[202]: min=-10640 max=10818 avg_abs=1638 | fifo=896 under=0 over=0 late=0 mdf_cb=6516 mdf_err=0
18:12:03.892 in=16127Hz out=15999Hz ring=1232 under=0 over=0 (dt=1000001us) loglag=121564us
18:12:03.892 {"win":108,"cls":"crying_baby","p":0.99,"lat_ms":113,"under":0,"over":0,"late":0}
18:12:03.895 win  108 pos= 1658880  -21dBFS [#############.......] rms= 2891 peak=16418 seam=ok lag=338us
18:12:03.902   -> crying_baby     p=0.99  preproc=69829us infer=41035us
18:12:03.907   pt[203]: min=-16418 max=13254 avg_abs=2381 | fifo=944 under=0 over=0 late=0 mdf_cb=6549 mdf_err=0
18:12:04.465   pt[204]: min=-9340 max=8736 avg_abs=1334 | fifo=1136 under=0 over=0 late=0 mdf_cb=6581 mdf_err=0
18:12:04.841 {"win":109,"cls":"crying_baby","p":1.00,"lat_ms":113,"under":0,"over":0,"late":0}
18:12:04.847 win  109 pos= 1674240  -22dBFS [############........] rms= 2531 peak=16418 seam=ok lag=339us
18:12:04.856   -> crying_baby     p=1.00  preproc=69820us infer=40979us
18:12:04.862 ====================================
18:12:04.864 ====================================
18:12:04.867 TAP TOTAL win=109
18:12:04.869 ====================================
18:12:04.873 ====================================
18:12:04.877 tap total: windows=110 (expected 110 from 1691648 samples) overrun=0 torn=0 skipped=0 seam ok=109 NG=0
18:12:04.886   tap lag max=382us (0 of them lower bounds) | tap write max=6900ns avg=5328ns (6608 calls)
18:12:04.894   audio under=0 over=0 late=0 | aed run=110 err=0 (last er=0)
18:12:04.899   preproc max=69856us avg=69815us | infer max=41096us avg=40992us
18:12:04.965   notify out=10 held=77 offlist=23 gated=0 lat max=112913us (0 lower bounds)
18:12:04.965   log sent=682 dropped=0 lag max=121564us
18:12:04.965 ====================================
18:12:04.965 ====================================
18:12:04.965 in=15844Hz out=15972Hz ring=1104 under=0 over=0 (dt=1001751us) loglag=121564us
18:12:04.965   pt[205]: min=-13390 max=12240 avg_abs=2063 | fifo=928 under=0 over=0 late=0 mdf_cb=6613 mdf_err=0
18:12:05.464   pt[206]: min=-19628 max=18494 avg_abs=2538 | fifo=1120 under=0 over=0 late=0 mdf_cb=6645 mdf_err=0
18:12:05.841 {"win":110,"cls":"crying_baby","p":1.00,"lat_ms":113,"under":0,"over":0,"late":0}
18:12:05.841 win  110 pos= 1689600  -19dBFS [#############.......] rms= 3709 peak=24416 seam=ok lag=338us
18:12:05.841   -> crying_baby     p=1.00  preproc=69828us infer=40984us
18:12:05.902 in=16156Hz out=16428Hz ring=832 under=0 over=0 (dt=998246us) loglag=121564us
18:12:05.964   pt[207]: min=-17784 max=24416 avg_abs=1925 | fifo=912 under=0 over=0 late=0 mdf_cb=6677 mdf_err=0
18:12:06.462   pt[208]: min=-27904 max=22062 avg_abs=2930 | fifo=1104 under=0 over=0 late=0 mdf_cb=6709 mdf_err=0
18:12:06.789 {"win":111,"cls":"crying_baby","p":0.98,"lat_ms":113,"under":0,"over":0,"late":0}
18:12:06.789 win  111 pos= 1704960  -19dBFS [#############.......] rms= 3615 peak=27904 seam=ok lag=337us
18:12:06.789   -> crying_baby     p=0.98  preproc=69768us infer=40983us
18:12:06.915 in=16128Hz out=16000Hz ring=960 under=0 over=0 (dt=999999us) loglag=121564us
18:12:06.976   pt[209]: min=-15310 max=18018 avg_abs=3148 | fifo=896 under=0 over=0 late=0 mdf_cb=6741 mdf_err=0
18:12:07.541   pt[210]: min=-16158 max=15270 avg_abs=1469 | fifo=1088 under=0 over=0 late=0 mdf_cb=6773 mdf_err=0
18:12:07.744 win  112 pos= 1720320  -21dBFS [#############.......] rms= 3032 peak=18018 seam=ok lag=342us
18:12:07.744   -> rooster         p=0.56  preproc=69828us infer=40958us
18:12:07.930 in=16128Hz out=16000Hz ring=1088 under=0 over=0 (dt=1000000us) loglag=121564us
18:12:08.056   pt[211]: min=-506 max=538 avg_abs=145 | fifo=880 under=0 over=0 late=0 mdf_cb=6805 mdf_err=0
18:12:08.553   pt[212]: min=-804 max=720 avg_abs=188 | fifo=1072 under=0 over=0 late=0 mdf_cb=6837 mdf_err=0
18:12:08.739 win  113 pos= 1735680  -44dBFS [#####...............] rms=  212 peak=  804 seam=ok lag=339us
18:12:08.739   -> unknown         p=0.35  preproc=69809us infer=41034us
18:12:08.927 in=16128Hz out=16000Hz ring=1216 under=0 over=0 (dt=1000000us) loglag=121564us
18:12:09.050   pt[213]: min=-828 max=926 avg_abs=268 | fifo=864 under=0 over=0 late=0 mdf_cb=6869 mdf_err=0
18:12:09.673   pt[214]: min=-750 max=678 avg_abs=208 | fifo=1056 under=0 over=0 late=0 mdf_cb=6901 mdf_err=0
18:12:09.673 win  114 pos= 1751040  -41dBFS [######..............] rms=  292 peak=  926 seam=ok lag=338us
18:12:09.673   -> clock_tick      p=0.59  preproc=69854us infer=40985us
18:12:09.939 in=16128Hz out=16400Hz ring=944 under=0 over=0 (dt=999999us) loglag=121564us
18:12:10.080   pt[215]: min=-956 max=940 avg_abs=355 | fifo=848 under=0 over=0 late=0 mdf_cb=6933 mdf_err=0
18:12:10.608   pt[216]: min=-800 max=748 avg_abs=231 | fifo=1040 under=0 over=0 late=0 mdf_cb=6965 mdf_err=0
18:12:10.610 win  115 pos= 1766400  -39dBFS [#######.............] rms=  357 peak=  956 seam=ok lag=339us
18:12:10.617   -> unknown         p=0.38  preproc=69814us infer=41005us
18:12:10.984 in=16128Hz out=16000Hz ring=1072 under=0 over=0 (dt=999999us) loglag=121564us
18:12:11.139   pt[217]: min=-780 max=700 avg_abs=203 | fifo=832 under=0 over=0 late=0 mdf_cb=6997 mdf_err=0
18:12:11.606 win  116 pos= 1781760  -43dBFS [#####...............] rms=  246 peak=  780 seam=ok lag=340us
18:12:11.606   -> clock_tick      p=0.59  preproc=69776us infer=40980us
18:12:11.606   pt[218]: min=-686 max=678 avg_abs=184 | fifo=1280 under=0 over=0 late=0 mdf_cb=7030 mdf_err=0
18:12:11.917 in=16128Hz out=16000Hz ring=1200 under=0 over=0 (dt=1000000us) loglag=121564us
18:12:12.120   pt[219]: min=-676 max=652 avg_abs=169 | fifo=1072 under=0 over=0 late=0 mdf_cb=7062 mdf_err=0
18:12:12.559 win  117 pos= 1797120  -43dBFS [#####...............] rms=  220 peak=  900 seam=ok lag=340us
18:12:12.559   -> unknown         p=0.36  preproc=69831us infer=40979us
18:12:12.623   pt[220]: min=-900 max=600 avg_abs=179 | fifo=1264 under=0 over=0 late=0 mdf_cb=7094 mdf_err=0
18:12:12.949 in=16128Hz out=16000Hz ring=1328 under=0 over=0 (dt=999999us) loglag=121564us
18:12:13.136   pt[221]: min=-728 max=608 avg_abs=165 | fifo=1056 under=0 over=0 late=0 mdf_cb=7126 mdf_err=0
18:12:13.528 win  118 pos= 1812480  -44dBFS [#####...............] rms=  208 peak=  728 seam=ok lag=339us
18:12:13.528   -> unknown         p=0.26  preproc=69824us infer=41029us
18:12:13.653   pt[222]: min=-620 max=622 avg_abs=167 | fifo=1248 under=0 over=0 late=0 mdf_cb=7158 mdf_err=0
18:12:13.964 in=15872Hz out=16400Hz ring=800 under=0 over=0 (dt=999999us) loglag=121564us
18:12:14.216   pt[223]: min=-610 max=738 avg_abs=162 | fifo=1040 under=0 over=0 late=0 mdf_cb=7190 mdf_err=0
18:12:14.461 win  119 pos= 1827840  -44dBFS [#####...............] rms=  213 peak=  738 seam=ok lag=339us
18:12:14.461   -> unknown         p=0.34  preproc=69817us infer=40979us
18:12:14.461 ====================================
18:12:14.461 ====================================
18:12:14.462 TAP TOTAL win=119
18:12:14.463 ====================================
18:12:14.467 ====================================
18:12:14.470 tap total: windows=120 (expected 120 from 1845248 samples) overrun=0 torn=0 skipped=0 seam ok=119 NG=0
18:12:14.479   tap lag max=382us (0 of them lower bounds) | tap write max=6900ns avg=5328ns (7208 calls)
18:12:14.488   audio under=0 over=0 late=0 | aed run=120 err=0 (last er=0)
18:12:14.494   preproc max=69856us avg=69815us | infer max=41096us avg=40992us
18:12:14.500   notify out=12 held=82 offlist=26 gated=0 lat max=112913us (0 lower bounds)
18:12:14.506   log sent=746 dropped=0 lag max=121564us
18:12:14.510 ====================================
18:12:14.513 ====================================
18:12:14.710   pt[224]: min=-650 max=740 avg_abs=210 | fifo=1232 under=0 over=0 late=0 mdf_cb=7222 mdf_err=0
18:12:14.960 in=16128Hz out=16000Hz ring=928 under=0 over=0 (dt=999999us) loglag=121564us
18:12:15.208   pt[225]: min=-590 max=526 avg_abs=160 | fifo=1024 under=0 over=0 late=0 mdf_cb=7254 mdf_err=0
18:12:15.457 win  120 pos= 1843200  -44dBFS [#####...............] rms=  216 peak=  740 seam=ok lag=339us
18:12:15.457   -> clock_tick      p=0.61  preproc=69824us infer=40988us
18:12:15.706   pt[226]: min=-554 max=604 avg_abs=134 | fifo=816 under=0 over=0 late=0 mdf_cb=7286 mdf_err=0
18:12:15.957 in=16128Hz out=16000Hz ring=1056 under=0 over=0 (dt=1000000us) loglag=121564us
18:12:16.271   pt[227]: min=-600 max=724 avg_abs=156 | fifo=1008 under=0 over=0 late=0 mdf_cb=7318 mdf_err=0
18:12:16.395 win  121 pos= 1858560  -45dBFS [#####...............] rms=  185 peak=  724 seam=ok lag=340us
18:12:16.395   -> unknown         p=0.28  preproc=69767us infer=40992us
18:12:16.770   pt[228]: min=-728 max=658 avg_abs=149 | fifo=800 under=0 over=0 late=0 mdf_cb=7350 mdf_err=0
18:12:16.956 in=16128Hz out=16000Hz ring=1184 under=0 over=0 (dt=1000000us) loglag=121564us
18:12:17.333   pt[229]: min=-8828 max=5384 avg_abs=185 | fifo=992 under=0 over=0 late=0 mdf_cb=7382 mdf_err=0
18:12:17.333 win  122 pos= 1873920  -45dBFS [#####...............] rms=  188 peak= 1048 seam=ok lag=337us
18:12:17.339   -> unknown         p=0.36  preproc=69844us infer=40969us
18:12:17.786   pt[230]: min=-9710 max=9022 avg_abs=1272 | fifo=784 under=0 over=0 late=0 mdf_cb=7414 mdf_err=0
18:12:17.976 in=16128Hz out=16400Hz ring=912 under=0 over=0 (dt=1000000us) loglag=121564us
18:12:18.289   pt[231]: min=-7930 max=9182 avg_abs=1257 | fifo=976 under=0 over=0 late=0 mdf_cb=7446 mdf_err=0
18:12:18.291 win  123 pos= 1889280  -26dBFS [###########.........] rms= 1647 peak= 9710 seam=ok lag=338us
18:12:18.299   -> rain            p=0.99  preproc=69824us infer=41018us
18:12:18.808   pt[232]: min=-9200 max=9580 avg_abs=1146 | fifo=768 under=0 over=0 late=0 mdf_cb=7478 mdf_err=0
18:12:18.993 in=16128Hz out=16000Hz ring=1040 under=0 over=0 (dt=1000000us) loglag=121564us
18:12:19.303 win  124 pos= 1904640  -26dBFS [###########.........] rms= 1589 peak=11574 seam=ok lag=340us
18:12:19.303   -> unknown         p=0.31  preproc=69817us infer=40979us
18:12:19.303   pt[233]: min=-13400 max=11694 avg_abs=1271 | fifo=1216 under=0 over=0 late=0 mdf_cb=7511 mdf_err=0
18:12:19.806   pt[234]: min=-8912 max=12152 avg_abs=1166 | fifo=1008 under=0 over=0 late=0 mdf_cb=7543 mdf_err=0
18:12:20.006 in=16128Hz out=16000Hz ring=1168 under=0 over=0 (dt=999999us) loglag=121564us
18:12:20.255 win  125 pos= 1920000  -25dBFS [###########.........] rms= 1755 peak=17694 seam=ok lag=340us
18:12:20.255   -> unknown         p=0.34  preproc=69827us infer=40987us
18:12:20.317   pt[235]: min=-17694 max=15012 avg_abs=1260 | fifo=1200 under=0 over=0 late=0 mdf_cb=7575 mdf_err=0
18:12:20.878   pt[236]: min=-5540 max=7412 avg_abs=1053 | fifo=992 under=0 over=0 late=0 mdf_cb=7607 mdf_err=0
18:12:21.030 in=16128Hz out=16000Hz ring=1296 under=0 over=0 (dt=999999us) loglag=121564us
18:12:21.187 win  126 pos= 1935360  -27dBFS [###########.........] rms= 1403 peak= 9556 seam=ok lag=338us
18:12:21.187   -> rain            p=0.58  preproc=69771us infer=40987us
18:12:21.405   pt[237]: min=-9556 max=12144 avg_abs=1158 | fifo=1184 under=0 over=0 late=0 mdf_cb=7639 mdf_err=0
18:12:21.891   pt[238]: min=-7618 max=7840 avg_abs=1058 | fifo=976 under=0 over=0 late=0 mdf_cb=7671 mdf_err=0
18:12:22.031 in=16128Hz out=16400Hz ring=1024 under=0 over=0 (dt=1000000us) loglag=121564us
18:12:22.172 win  127 pos= 1950720  -27dBFS [###########.........] rms= 1477 peak=12144 seam=ok lag=339us
18:12:22.172   -> unknown         p=0.47  preproc=69832us infer=40981us
18:12:22.426   pt[239]: min=-19122 max=18070 avg_abs=1163 | fifo=1168 under=0 over=0 late=0 mdf_cb=7703 mdf_err=0
18:12:22.931   pt[240]: min=-564 max=706 avg_abs=152 | fifo=960 under=0 over=0 late=0 mdf_cb=7735 mdf_err=0
18:12:23.117 in=16128Hz out=16000Hz ring=1152 under=0 over=0 (dt=1000000us) loglag=121564us
18:12:23.117 win  128 pos= 1966080  -29dBFS [##########..........] rms= 1214 peak=19122 seam=ok lag=340us
18:12:23.117   -> clock_tick      p=0.70  preproc=69831us infer=41046us
18:12:23.427   pt[241]: min=-578 max=726 avg_abs=158 | fifo=1152 under=0 over=0 late=0 mdf_cb=7767 mdf_err=0
18:12:23.926   pt[242]: min=-582 max=642 avg_abs=156 | fifo=944 under=0 over=0 late=0 mdf_cb=7799 mdf_err=0
18:12:24.052 in=15872Hz out=16000Hz ring=1024 under=0 over=0 (dt=999999us) loglag=121564us
18:12:24.052 win  129 pos= 1981440  -44dBFS [#####...............] rms=  196 peak=  726 seam=ok lag=336us
18:12:24.058   -> unknown         p=0.25  preproc=69824us infer=40982us
18:12:24.063 ====================================
18:12:24.067 ====================================
18:12:24.071 TAP TOTAL win=129
18:12:24.072 ====================================
18:12:24.076 ====================================
18:12:24.079 tap total: windows=130 (expected 130 from 1998848 samples) overrun=0 torn=0 skipped=0 seam ok=129 NG=0
18:12:24.088   tap lag max=382us (0 of them lower bounds) | tap write max=6900ns avg=5326ns (7808 calls)
18:12:24.098   audio under=0 over=0 late=0 | aed run=130 err=0 (last er=0)
18:12:24.102   preproc max=69856us avg=69815us | infer max=41096us avg=40992us
18:12:24.108   notify out=12 held=88 offlist=30 gated=0 lat max=112913us (0 lower bounds)
18:12:24.116   log sent=808 dropped=0 lag max=121564us
18:12:24.119 ====================================
18:12:24.122 ====================================
18:12:24.442   pt[243]: min=-590 max=670 avg_abs=151 | fifo=736 under=0 over=0 late=0 mdf_cb=7831 mdf_err=0
18:12:25.063   pt[244]: min=-542 max=654 avg_abs=151 | fifo=1184 under=0 over=0 late=0 mdf_cb=7864 mdf_err=0
18:12:25.063 in=16128Hz out=16000Hz ring=1152 under=0 over=0 (dt=1000000us) loglag=121564us
18:12:25.063 win  130 pos= 1996800  -45dBFS [#####...............] rms=  189 peak=  670 seam=ok lag=337us
18:12:25.063   -> clock_tick      p=0.62  preproc=69855us infer=40964us
18:12:25.484   pt[245]: min=-714 max=692 avg_abs=173 | fifo=976 under=0 over=0 late=0 mdf_cb=7896 mdf_err=0
18:12:25.983 win  131 pos= 2012160  -44dBFS [#####...............] rms=  214 peak=  714 seam=ok lag=338us
18:12:25.983   -> unknown         p=0.34  preproc=69770us infer=40984us
18:12:25.983   pt[246]: min=-620 max=664 avg_abs=176 | fifo=1168 under=0 over=0 late=0 mdf_cb=7928 mdf_err=0
18:12:26.061 in=16128Hz out=16400Hz ring=880 under=0 over=0 (dt=999999us) loglag=121564us
18:12:26.516   pt[247]: min=-848 max=722 avg_abs=210 | fifo=960 under=0 over=0 late=0 mdf_cb=7960 mdf_err=0
18:12:27.001 win  132 pos= 2027520  -42dBFS [######..............] rms=  259 peak=  848 seam=ok lag=340us
18:12:27.001   -> unknown         p=0.30  preproc=69813us infer=40977us
18:12:27.001   pt[248]: min=-788 max=678 avg_abs=214 | fifo=1152 under=0 over=0 late=0 mdf_cb=7992 mdf_err=0
18:12:27.078 in=16128Hz out=16000Hz ring=1008 under=0 over=0 (dt=1000000us) loglag=121564us
18:12:27.531   pt[249]: min=-814 max=578 avg_abs=185 | fifo=944 under=0 over=0 late=0 mdf_cb=8024 mdf_err=0
18:12:27.953 win  133 pos= 2042880  -43dBFS [#####...............] rms=  227 peak=  814 seam=ok lag=338us
18:12:27.953   -> unknown         p=0.19  preproc=69821us infer=41031us
18:12:28.080 in=16128Hz out=16000Hz ring=1136 under=0 over=0 (dt=999999us) loglag=121564us
18:12:28.080   pt[250]: min=-574 max=802 avg_abs=170 | fifo=1136 under=0 over=0 late=0 mdf_cb=8056 mdf_err=0
18:12:28.580   pt[251]: min=-620 max=598 avg_abs=163 | fifo=928 under=0 over=0 late=0 mdf_cb=8088 mdf_err=0
18:12:28.893 win  134 pos= 2058240  -44dBFS [#####...............] rms=  208 peak=  802 seam=ok lag=338us
18:12:28.893   -> unknown         p=0.19  preproc=69823us infer=40977us
18:12:29.081 in=16128Hz out=16400Hz ring=864 under=0 over=0 (dt=999999us) loglag=121564us
18:12:29.081   pt[252]: min=-614 max=732 avg_abs=177 | fifo=1120 under=0 over=0 late=0 mdf_cb=8120 mdf_err=0
18:12:29.581   pt[253]: min=-866 max=822 avg_abs=205 | fifo=912 under=0 over=0 late=0 mdf_cb=8152 mdf_err=0
18:12:29.831 win  135 pos= 2073600  -42dBFS [######..............] rms=  247 peak=  866 seam=ok lag=339us
18:12:29.831   -> unknown         p=0.37  preproc=69836us infer=40982us
18:12:30.081 in=16128Hz out=16000Hz ring=992 under=0 over=0 (dt=1000000us) loglag=121564us
18:12:30.081   pt[254]: min=-1312 max=744 avg_abs=236 | fifo=1104 under=0 over=0 late=0 mdf_cb=8184 mdf_err=0
18:12:30.656   pt[255]: min=-928 max=764 avg_abs=208 | fifo=896 under=0 over=0 late=0 mdf_cb=8216 mdf_err=0
18:12:30.812 win  136 pos= 2088960  -41dBFS [######..............] rms=  277 peak= 1312 seam=ok lag=339us
18:12:30.812   -> unknown         p=0.27  preproc=69762us infer=40989us
18:12:31.078 in=16128Hz out=16000Hz ring=1120 under=0 over=0 (dt=999999us) loglag=121564us
18:12:31.155   pt[256]: min=-780 max=854 avg_abs=191 | fifo=1344 under=0 over=0 late=0 mdf_cb=8249 mdf_err=0
18:12:31.730   pt[257]: min=-1030 max=890 avg_abs=219 | fifo=1136 under=0 over=0 late=0 mdf_cb=8281 mdf_err=0
18:12:31.732 win  137 pos= 2104320  -42dBFS [######..............] rms=  261 peak= 1030 seam=ok lag=338us
18:12:31.741   -> clock_tick      p=0.52  preproc=69839us infer=40986us
18:12:32.060 in=16128Hz out=16000Hz ring=1248 under=0 over=0 (dt=1000000us) loglag=121564us
18:12:32.184   pt[258]: min=-770 max=752 avg_abs=197 | fifo=928 under=0 over=0 late=0 mdf_cb=8313 mdf_err=0
18:12:32.745   pt[259]: min=-650 max=690 avg_abs=173 | fifo=1120 under=0 over=0 late=0 mdf_cb=8345 mdf_err=0
18:12:32.745 win  138 pos= 2119680  -43dBFS [#####...............] rms=  238 peak=  770 seam=ok lag=339us
18:12:32.745   -> unknown         p=0.44  preproc=69841us infer=41032us
18:12:33.056 in=16128Hz out=16400Hz ring=976 under=0 over=0 (dt=1000000us) loglag=121564us
18:12:33.182   pt[260]: min=-21218 max=21110 avg_abs=1426 | fifo=912 under=0 over=0 late=0 mdf_cb=8377 mdf_err=0
18:12:33.680 {"win":139,"cls":"sneezing","p":0.97,"lat_ms":113,"under":0,"over":0,"late":0}
18:12:33.680 win  139 pos= 2135040  -23dBFS [############........] rms= 2343 peak=21218 seam=ok lag=337us
18:12:33.680   -> sneezing        p=0.97  preproc=69822us infer=40979us
18:12:33.680 ====================================
18:12:33.680 ====================================
18:12:33.680 TAP TOTAL win=139
18:12:33.680 ====================================
18:12:33.680 ====================================
18:12:33.681 tap total: windows=140 (expected 140 from 2152448 samples) overrun=0 torn=0 skipped=0 seam ok=139 NG=0
18:12:33.689   tap lag max=382us (0 of them lower bounds) | tap write max=7050ns avg=5326ns (8408 calls)
18:12:33.698   audio under=0 over=0 late=0 | aed run=140 err=0 (last er=0)
18:12:33.704   preproc max=69856us avg=69815us | infer max=41096us avg=40992us
18:12:33.709   notify out=13 held=95 offlist=32 gated=0 lat max=112913us (0 lower bounds)
18:12:33.717   log sent=869 dropped=0 lag max=121564us
18:12:33.720 ====================================
18:12:33.723 ====================================
18:12:33.727   pt[261]: min=-10976 max=12824 avg_abs=650 | fifo=1104 under=0 over=0 late=0 mdf_cb=8409 mdf_err=0
18:12:34.119 in=15872Hz out=16000Hz ring=848 under=0 over=0 (dt=1000000us) loglag=121564us
18:12:34.182   pt[262]: min=-738 max=658 avg_abs=179 | fifo=896 under=0 over=0 late=0 mdf_cb=8441 mdf_err=0
18:12:34.635 win  140 pos= 2150400  -43dBFS [#####...............] rms=  227 peak=  828 seam=ok lag=338us
18:12:34.635   -> clock_tick      p=0.66  preproc=69822us infer=40980us
18:12:34.698   pt[263]: min=-810 max=828 avg_abs=179 | fifo=1088 under=0 over=0 late=0 mdf_cb=8473 mdf_err=0
18:12:35.071 in=16128Hz out=16000Hz ring=976 under=0 over=0 (dt=999999us) loglag=121564us
18:12:35.258   pt[264]: min=-808 max=592 avg_abs=188 | fifo=880 under=0 over=0 late=0 mdf_cb=8505 mdf_err=0
18:12:35.567 win  141 pos= 2165760  -43dBFS [#####...............] rms=  225 peak=  808 seam=ok lag=337us
18:12:35.574   -> clock_tick      p=0.59  preproc=69767us infer=40988us
18:12:35.774   pt[265]: min=-668 max=656 avg_abs=178 | fifo=1072 under=0 over=0 late=0 mdf_cb=8537 mdf_err=0
18:12:36.087 in=16128Hz out=16000Hz ring=1104 under=0 over=0 (dt=999999us) loglag=121564us
18:12:36.275   pt[266]: min=-648 max=618 avg_abs=176 | fifo=864 under=0 over=0 late=0 mdf_cb=8569 mdf_err=0
18:12:36.584 win  142 pos= 2181120  -44dBFS [#####...............] rms=  215 peak=  668 seam=ok lag=340us
18:12:36.584   -> clock_tick      p=0.68  preproc=69828us infer=40982us
18:12:36.773   pt[267]: min=-660 max=588 avg_abs=169 | fifo=1056 under=0 over=0 late=0 mdf_cb=8601 mdf_err=0
18:12:37.085 in=16128Hz out=16400Hz ring=832 under=0 over=0 (dt=1000000us) loglag=121564us
18:12:37.274   pt[268]: min=-620 max=840 avg_abs=184 | fifo=848 under=0 over=0 late=0 mdf_cb=8633 mdf_err=0
18:12:37.522 win  143 pos= 2196480  -43dBFS [#####...............] rms=  228 peak=  840 seam=ok lag=338us
18:12:37.522   -> unknown         p=0.49  preproc=69831us infer=41037us
18:12:37.791   pt[269]: min=-1072 max=918 avg_abs=219 | fifo=1296 under=0 over=0 late=0 mdf_cb=8666 mdf_err=0
18:12:38.103 in=16128Hz out=16000Hz ring=960 under=0 over=0 (dt=1000000us) loglag=121564us
18:12:38.293   pt[270]: min=-722 max=886 avg_abs=210 | fifo=1088 under=0 over=0 late=0 mdf_cb=8698 mdf_err=0
18:12:38.483 win  144 pos= 2211840  -42dBFS [######..............] rms=  268 peak= 1072 seam=ok lag=339us
18:12:38.483   -> unknown         p=0.43  preproc=69825us infer=40978us
18:12:38.856   pt[271]: min=-734 max=754 avg_abs=196 | fifo=1280 under=0 over=0 late=0 mdf_cb=8730 mdf_err=0
18:12:39.104 in=16128Hz out=16000Hz ring=1088 under=0 over=0 (dt=999999us) loglag=121564us
18:12:39.414   pt[272]: min=-694 max=758 avg_abs=182 | fifo=1072 under=0 over=0 late=0 mdf_cb=8762 mdf_err=0
18:12:39.415 win  145 pos= 2227200  -43dBFS [#####...............] rms=  235 peak=  758 seam=ok lag=336us
18:12:39.424   -> unknown         p=0.40  preproc=69848us infer=40960us
18:12:39.869   pt[273]: min=-820 max=822 avg_abs=178 | fifo=1264 under=0 over=0 late=0 mdf_cb=8794 mdf_err=0
18:12:40.115 in=16128Hz out=16000Hz ring=1216 under=0 over=0 (dt=1000000us) loglag=121564us
18:12:40.367   pt[274]: min=-748 max=696 avg_abs=199 | fifo=1056 under=0 over=0 late=0 mdf_cb=8826 mdf_err=0
18:12:40.375 win  146 pos= 2242560  -43dBFS [#####...............] rms=  238 peak=  822 seam=ok lag=339us
18:12:40.384   -> clock_tick      p=0.58  preproc=69774us infer=40986us
18:12:40.883   pt[275]: min=-626 max=808 avg_abs=168 | fifo=848 under=0 over=0 late=0 mdf_cb=8858 mdf_err=0
18:12:41.128 in=16128Hz out=16400Hz ring=944 under=0 over=0 (dt=1000000us) loglag=121564us
18:12:41.377 win  147 pos= 2257920  -44dBFS [#####...............] rms=  205 peak=  808 seam=ok lag=336us
18:12:41.377   -> clock_tick      p=0.53  preproc=69822us infer=40984us
18:12:41.377   pt[276]: min=-510 max=648 avg_abs=164 | fifo=1040 under=0 over=0 late=0 mdf_cb=8890 mdf_err=0
18:12:41.906   pt[277]: min=-656 max=644 avg_abs=187 | fifo=832 under=0 over=0 late=0 mdf_cb=8922 mdf_err=0
18:12:42.125 in=16128Hz out=16000Hz ring=1072 under=0 over=0 (dt=999999us) loglag=121564us
18:12:42.329 win  148 pos= 2273280  -43dBFS [#####...............] rms=  227 peak=  758 seam=ok lag=337us
18:12:42.329   -> unknown         p=0.25  preproc=69814us infer=41012us
18:12:42.469   pt[278]: min=-712 max=758 avg_abs=186 | fifo=1024 under=0 over=0 late=0 mdf_cb=8954 mdf_err=0
18:12:42.956   pt[279]: min=-662 max=716 avg_abs=176 | fifo=816 under=0 over=0 late=0 mdf_cb=8986 mdf_err=0
18:12:43.156 in=16128Hz out=16000Hz ring=1200 under=0 over=0 (dt=999999us) loglag=121564us
18:12:43.293 win  149 pos= 2288640  -43dBFS [#####...............] rms=  223 peak=  716 seam=ok lag=339us
18:12:43.293   -> unknown         p=0.50  preproc=69818us infer=40979us
18:12:43.293 ====================================
18:12:43.293 ====================================
18:12:43.293 TAP TOTAL win=149
18:12:43.293 ====================================
18:12:43.293 ====================================
18:12:43.293 tap total: windows=150 (expected 150 from 2306048 samples) overrun=0 torn=0 skipped=0 seam ok=149 NG=0
18:12:43.293   tap lag max=382us (0 of them lower bounds) | tap write max=7050ns avg=5326ns (9008 calls)
18:12:43.293   audio under=0 over=0 late=0 | aed run=150 err=0 (last er=0)
18:12:43.298   preproc max=69856us avg=69815us | infer max=41096us avg=40992us
18:12:43.305   notify out=13 held=100 offlist=37 gated=0 lat max=112913us (0 lower bounds)
18:12:43.312   log sent=931 dropped=0 lag max=121564us
18:12:43.315 ====================================
18:12:43.319 ====================================
18:12:43.451   pt[280]: min=-602 max=584 avg_abs=172 | fifo=1008 under=0 over=0 late=0 mdf_cb=9018 mdf_err=0
18:12:43.949   pt[281]: min=-666 max=640 avg_abs=153 | fifo=1056 under=0 over=0 late=0 mdf_cb=9051 mdf_err=0
18:12:44.261 in=15872Hz out=16000Hz ring=1072 under=0 over=0 (dt=1000000us) loglag=121564us
18:12:44.261 win  150 pos= 2304000  -44dBFS [#####...............] rms=  212 peak=  716 seam=ok lag=340us
18:12:44.261   -> unknown         p=0.43  preproc=69838us infer=40979us
18:12:44.447   pt[282]: min=-848 max=1120 avg_abs=249 | fifo=1248 under=0 over=0 late=0 mdf_cb=9083 mdf_err=0
18:12:44.963   pt[283]: min=-898 max=1122 avg_abs=271 | fifo=1040 under=0 over=0 late=0 mdf_cb=9115 mdf_err=0
18:12:45.168 in=16127Hz out=16399Hz ring=800 under=0 over=0 (dt=1000001us) loglag=121564us
18:12:45.175 win  151 pos= 2319360  -40dBFS [######..............] rms=  328 peak= 1122 seam=ok lag=339us
18:12:45.184   -> unknown         p=0.44  preproc=69777us infer=40983us
18:12:45.510   pt[284]: min=-788 max=916 avg_abs=193 | fifo=1232 under=0 over=0 late=0 mdf_cb=9147 mdf_err=0
18:12:46.010   pt[285]: min=-818 max=810 avg_abs=189 | fifo=1024 under=0 over=0 late=0 mdf_cb=9179 mdf_err=0
18:12:46.135 win  152 pos= 2334720  -43dBFS [#####...............] rms=  240 peak=  916 seam=ok lag=337us
18:12:46.136   -> unknown         p=0.38  preproc=69819us infer=40984us
18:12:46.140 in=16082Hz out=15955Hz ring=928 under=0 over=0 (dt=1002809us) loglag=121564us
18:12:46.527   pt[286]: min=-688 max=628 avg_abs=167 | fifo=1216 under=0 over=0 late=0 mdf_cb=9211 mdf_err=0
18:12:47.088   pt[287]: min=-562 max=646 avg_abs=152 | fifo=1008 under=0 over=0 late=0 mdf_cb=9243 mdf_err=0
18:12:47.097 win  153 pos= 2350080  -44dBFS [#####...............] rms=  204 peak=  688 seam=ok lag=338us
18:12:47.105   -> unknown         p=0.49  preproc=69852us infer=41034us
18:12:47.166 in=16173Hz out=16045Hz ring=1056 under=0 over=0 (dt=997188us) loglag=121564us
18:12:47.537   pt[288]: min=-6996 max=6872 avg_abs=239 | fifo=1200 under=0 over=0 late=0 mdf_cb=9275 mdf_err=0
18:12:48.099   pt[289]: min=-7546 max=7318 avg_abs=416 | fifo=992 under=0 over=0 late=0 mdf_cb=9307 mdf_err=0
18:12:48.099 win  154 pos= 2365440  -36dBFS [########............] rms=  502 peak= 6996 seam=ok lag=339us
18:12:48.099   -> clock_tick      p=1.00  preproc=69817us infer=40984us
18:12:48.160 in=16128Hz out=16000Hz ring=1184 under=0 over=0 (dt=1000000us) loglag=121564us
18:12:48.594   pt[290]: min=-4448 max=5538 avg_abs=303 | fifo=784 under=0 over=0 late=0 mdf_cb=9339 mdf_err=0
18:12:49.051 win  155 pos= 2380800  -32dBFS [#########...........] rms=  785 peak= 8940 seam=ok lag=339us
18:12:49.051   -> clock_tick      p=1.00  preproc=69823us infer=40961us
18:12:49.114   pt[291]: min=-6412 max=8940 avg_abs=436 | fifo=976 under=0 over=0 late=0 mdf_cb=9371 mdf_err=0
18:12:49.176 in=16128Hz out=16400Hz ring=912 under=0 over=0 (dt=999999us) loglag=121564us
18:12:49.612   pt[292]: min=-6764 max=8004 avg_abs=434 | fifo=768 under=0 over=0 late=0 mdf_cb=9403 mdf_err=0
18:12:49.984 win  156 pos= 2396160  -33dBFS [#########...........] rms=  773 peak= 8314 seam=ok lag=338us
18:12:49.984   -> clock_tick      p=1.00  preproc=69771us infer=40985us
18:12:50.140   pt[293]: min=-6228 max=8314 avg_abs=349 | fifo=1216 under=0 over=0 late=0 mdf_cb=9436 mdf_err=0
18:12:50.218 in=16128Hz out=16000Hz ring=1040 under=0 over=0 (dt=999999us) loglag=121564us
18:12:50.641   pt[294]: min=-8402 max=9954 avg_abs=438 | fifo=1008 under=0 over=0 late=0 mdf_cb=9468 mdf_err=0
18:12:51.000 win  157 pos= 2411520  -31dBFS [#########...........] rms=  914 peak= 9954 seam=ok lag=337us
18:12:51.000   -> clock_tick      p=1.00  preproc=69812us infer=40983us
18:12:51.158   pt[295]: min=-9386 max=9946 avg_abs=489 | fifo=1200 under=0 over=0 late=0 mdf_cb=9500 mdf_err=0
18:12:51.232 in=16128Hz out=16000Hz ring=1168 under=0 over=0 (dt=1000000us) loglag=121564us
18:12:51.670   pt[296]: min=-9724 max=15192 avg_abs=434 | fifo=992 under=0 over=0 late=0 mdf_cb=9532 mdf_err=0
18:12:51.937 win  158 pos= 2426880  -32dBFS [#########...........] rms=  805 peak=15192 seam=ok lag=340us
18:12:51.937   -> clock_tick      p=1.00  preproc=69821us infer=41031us
18:12:52.157   pt[297]: min=-6078 max=8260 avg_abs=306 | fifo=1184 under=0 over=0 late=0 mdf_cb=9564 mdf_err=0
18:12:52.233 in=16128Hz out=16000Hz ring=1296 under=0 over=0 (dt=999999us) loglag=121564us
18:12:52.683   pt[298]: min=-6954 max=8156 avg_abs=333 | fifo=976 under=0 over=0 late=0 mdf_cb=9596 mdf_err=0
18:12:52.868 win  159 pos= 2442240  -34dBFS [########............] rms=  653 peak= 8260 seam=ok lag=339us
18:12:52.868   -> clock_tick      p=1.00  preproc=69829us infer=40991us
18:12:52.868 ====================================
18:12:52.868 ====================================
18:12:52.869 TAP TOTAL win=159
18:12:52.870 ====================================
18:12:52.873 ====================================
18:12:52.877 tap total: windows=160 (expected 160 from 2459648 samples) overrun=0 torn=0 skipped=0 seam ok=159 NG=0
18:12:52.887   tap lag max=382us (0 of them lower bounds) | tap write max=7050ns avg=5326ns (9608 calls)
18:12:52.894   audio under=0 over=0 late=0 | aed run=160 err=0 (last er=0)
18:12:52.900   preproc max=69856us avg=69815us | infer max=41096us avg=40992us
18:12:52.906   notify out=13 held=104 offlist=43 gated=0 lat max=112913us (0 lower bounds)
18:12:52.913   log sent=992 dropped=0 lag max=121564us
18:12:52.916 ====================================
18:12:52.921 ====================================
18:12:53.179   pt[299]: min=-988 max=814 avg_abs=215 | fifo=1168 under=0 over=0 late=0 mdf_cb=9628 mdf_err=0
18:12:53.241 in=16128Hz out=16400Hz ring=1024 under=0 over=0 (dt=1000000us) loglag=121564us
18:12:53.738   pt[300]: min=-1034 max=924 avg_abs=286 | fifo=960 under=0 over=0 late=0 mdf_cb=9660 mdf_err=0
18:12:53.860 win  160 pos= 2457600  -40dBFS [######..............] rms=  318 peak= 1034 seam=ok lag=338us
18:12:53.860   -> unknown         p=0.39  preproc=69819us infer=40982us
18:12:54.249 in=15872Hz out=16000Hz ring=896 under=0 over=0 (dt=999999us) loglag=121564us
18:12:54.249   pt[301]: min=-1018 max=1164 avg_abs=305 | fifo=1152 under=0 over=0 late=0 mdf_cb=9692 mdf_err=0
18:12:54.824   pt[302]: min=-940 max=1064 avg_abs=266 | fifo=944 under=0 over=0 late=0 mdf_cb=9724 mdf_err=0
18:12:54.824 win  161 pos= 2472960  -39dBFS [#######.............] rms=  355 peak= 1164 seam=ok lag=336us
18:12:54.824   -> unknown         p=0.37  preproc=69784us infer=40982us
18:12:55.198 in=16128Hz out=16000Hz ring=1024 under=0 over=0 (dt=1000000us) loglag=121564us
18:12:55.277   pt[303]: min=-870 max=1144 avg_abs=258 | fifo=1136 under=0 over=0 late=0 mdf_cb=9756 mdf_err=0
18:12:55.776 win  162 pos= 2488320  -40dBFS [######..............] rms=  326 peak= 1144 seam=ok lag=339us
18:12:55.776   -> helicopter      p=0.52  preproc=69829us infer=40985us
18:12:55.776   pt[304]: min=-964 max=1110 avg_abs=264 | fifo=928 under=0 over=0 late=0 mdf_cb=9788 mdf_err=0
18:12:56.213 in=16128Hz out=16000Hz ring=1152 under=0 over=0 (dt=999999us) loglag=121564us
18:12:56.276   pt[305]: min=-1122 max=1220 avg_abs=283 | fifo=1120 under=0 over=0 late=0 mdf_cb=9820 mdf_err=0
18:12:56.712 win  163 pos= 2503680  -40dBFS [######..............] rms=  341 peak= 1220 seam=ok lag=341us
18:12:56.712   -> unknown         p=0.45  preproc=69826us infer=41036us
18:12:56.773   pt[306]: min=-822 max=1004 avg_abs=261 | fifo=912 under=0 over=0 late=0 mdf_cb=9852 mdf_err=0
18:12:57.269 in=16128Hz out=16400Hz ring=880 under=0 over=0 (dt=999999us) loglag=121564us
18:12:57.331   pt[307]: min=-1052 max=1074 avg_abs=304 | fifo=1104 under=0 over=0 late=0 mdf_cb=9884 mdf_err=0
18:12:57.705 win  164 pos= 2519040  -39dBFS [#######.............] rms=  368 peak= 1074 seam=ok lag=342us
18:12:57.705   -> helicopter      p=0.58  preproc=69822us infer=40981us
18:12:57.831   pt[308]: min=-1040 max=1038 avg_abs=322 | fifo=896 under=0 over=0 late=0 mdf_cb=9916 mdf_err=0
18:12:58.269 in=16128Hz out=16000Hz ring=1008 under=0 over=0 (dt=1000000us) loglag=121564us
18:12:58.332   pt[309]: min=-1260 max=1074 avg_abs=320 | fifo=1344 under=0 over=0 late=0 mdf_cb=9949 mdf_err=0
18:12:58.644 win  165 pos= 2534400  -39dBFS [#######.............] rms=  378 peak= 1260 seam=ok lag=339us
18:12:58.644   -> unknown         p=0.31  preproc=69821us infer=40983us
18:12:58.832   pt[310]: min=-858 max=930 avg_abs=283 | fifo=1136 under=0 over=0 late=0 mdf_cb=9981 mdf_err=0
18:12:59.248 in=16128Hz out=16000Hz ring=1136 under=0 over=0 (dt=999999us) loglag=121564us
18:12:59.374   pt[311]: min=-852 max=850 avg_abs=237 | fifo=928 under=0 over=0 late=0 mdf_cb=10013 mdf_err=0
18:12:59.578 win  166 pos= 2549760  -41dBFS [######..............] rms=  302 peak=  930 seam=ok lag=339us
18:12:59.579   -> unknown         p=0.33  preproc=69778us infer=40963us
18:12:59.860   pt[312]: min=-750 max=772 avg_abs=220 | fifo=1120 under=0 over=0 late=0 mdf_cb=10045 mdf_err=0
18:13:00.296 in=16128Hz out=16000Hz ring=1264 under=0 over=0 (dt=1000000us) loglag=121564us
18:13:00.373   pt[313]: min=-590 max=716 avg_abs=172 | fifo=912 under=0 over=0 late=0 mdf_cb=10077 mdf_err=0
18:13:00.562 win  167 pos= 2565120  -43dBFS [#####...............] rms=  241 peak=  772 seam=ok lag=339us
18:13:00.562   -> helicopter      p=0.64  preproc=69821us infer=40979us
18:13:00.905   pt[314]: min=-636 max=690 avg_abs=178 | fifo=1104 under=0 over=0 late=0 mdf_cb=10109 mdf_err=0
18:13:01.293 in=15872Hz out=16400Hz ring=736 under=0 over=0 (dt=999999us) loglag=121564us
18:13:01.540   pt[315]: min=-632 max=650 avg_abs=170 | fifo=896 under=0 over=0 late=0 mdf_cb=10141 mdf_err=0
18:13:01.540 win  168 pos= 2580480  -44dBFS [#####...............] rms=  217 peak=  690 seam=ok lag=338us
18:13:01.540   -> unknown         p=0.37  preproc=69848us infer=41032us
18:13:01.916   pt[316]: min=-616 max=732 avg_abs=171 | fifo=1088 under=0 over=0 late=0 mdf_cb=10173 mdf_err=0
18:13:02.291 in=16128Hz out=16000Hz ring=864 under=0 over=0 (dt=1000000us) loglag=121564us
18:13:02.479   pt[317]: min=-32768 max=32767 avg_abs=2848 | fifo=880 under=0 over=0 late=0 mdf_cb=10205 mdf_err=0
18:13:02.479 win  169 pos= 2595840  -18dBFS [##############......] rms= 3940 peak=32768 seam=ok lag=338us
18:13:02.479   -> unknown         p=0.37  preproc=69832us infer=40978us
18:13:02.479 ====================================
18:13:02.479 ====================================
18:13:02.479 TAP TOTAL win=169
18:13:02.481 ====================================
18:13:02.484 ====================================
18:13:02.488 tap total: windows=170 (expected 170 from 2613248 samples) overrun=0 torn=0 skipped=0 seam ok=169 NG=0
18:13:02.497   tap lag max=382us (0 of them lower bounds) | tap write max=7050ns avg=5326ns (10208 calls)
18:13:02.505   audio under=0 over=0 late=0 | aed run=170 err=0 (last er=0)
18:13:02.511   preproc max=69856us avg=69815us | infer max=41096us avg=40991us
18:13:02.517   notify out=13 held=111 offlist=46 gated=0 lat max=112913us (0 lower bounds)
18:13:02.523   log sent=1054 dropped=0 lag max=121564us
18:13:02.527 ====================================
18:13:02.531 ====================================
18:13:02.983   pt[318]: min=-32768 max=32767 avg_abs=3842 | fifo=1072 under=0 over=0 late=0 mdf_cb=10237 mdf_err=0
18:13:03.296 in=16128Hz out=16000Hz ring=992 under=0 over=0 (dt=999999us) loglag=121564us
18:13:03.435 {"win":170,"cls":"dog","p":1.00,"lat_ms":113,"under":0,"over":0,"late":0}
18:13:03.435 win  170 pos= 2611200  -16dBFS [##############......] rms= 5342 peak=32768 seam=ok lag=338us
18:13:03.435   -> dog             p=1.00  preproc=69825us infer=40983us
18:13:03.435   pt[319]: min=-2782 max=2408 avg_abs=282 | fifo=864 under=0 over=0 late=0 mdf_cb=10269 mdf_err=0
18:13:04.016   pt[320]: min=-32768 max=32767 avg_abs=6396 | fifo=1056 under=0 over=0 late=0 mdf_cb=10301 mdf_err=0
18:13:04.297 in=16128Hz out=16000Hz ring=1120 under=0 over=0 (dt=1000000us) loglag=121564us
18:13:04.375 win  171 pos= 2626560  -14dBFS [###############.....] rms= 6810 peak=32768 seam=ok lag=336us
18:13:04.378   -> clock_tick      p=0.74  preproc=69777us infer=40987us
18:13:04.531   pt[321]: min=-32768 max=32767 avg_abs=3204 | fifo=848 under=0 over=0 late=0 mdf_cb=10333 mdf_err=0
18:13:04.985   pt[322]: min=-6530 max=5850 avg_abs=466 | fifo=1040 under=0 over=0 late=0 mdf_cb=10365 mdf_err=0
18:13:05.365 in=16128Hz out=16000Hz ring=1248 under=0 over=0 (dt=1000000us) loglag=121564us
18:13:05.365 {"win":172,"cls":"dog","p":0.89,"lat_ms":113,"under":0,"over":0,"late":0}
18:13:05.365 win  172 pos= 2641920  -14dBFS [###############.....] rms= 6636 peak=32768 seam=ok lag=339us
18:13:05.365   -> dog             p=0.89  preproc=69826us infer=40982us
18:13:05.489   pt[323]: min=-32768 max=32767 avg_abs=7261 | fifo=832 under=0 over=0 late=0 mdf_cb=10397 mdf_err=0
18:13:06.050   pt[324]: min=-32768 max=32767 avg_abs=5017 | fifo=1024 under=0 over=0 late=0 mdf_cb=10429 mdf_err=0
18:13:06.301 in=16128Hz out=16400Hz ring=976 under=0 over=0 (dt=1000000us) loglag=121564us
18:13:06.301 {"win":173,"cls":"dog","p":0.95,"lat_ms":113,"under":0,"over":0,"late":0}
18:13:06.304 win  173 pos= 2657280  -12dBFS [################....] rms= 7821 peak=32768 seam=ok lag=339us
18:13:06.313   -> dog             p=0.95  preproc=69817us infer=41031us
18:13:06.564   pt[325]: min=-30250 max=31334 avg_abs=2528 | fifo=816 under=0 over=0 late=0 mdf_cb=10461 mdf_err=0
18:13:07.066   pt[326]: min=-32768 max=32767 avg_abs=4597 | fifo=1264 under=0 over=0 late=0 mdf_cb=10494 mdf_err=0
18:13:07.255 {"win":174,"cls":"dog","p":0.98,"lat_ms":113,"under":0,"over":0,"late":0}
18:13:07.258 win  174 pos= 2672640  -14dBFS [###############.....] rms= 6366 peak=32768 seam=ok lag=337us
18:13:07.266   -> dog             p=0.98  preproc=69832us infer=40984us
18:13:07.271 in=16066Hz out=15939Hz ring=1104 under=0 over=0 (dt=1003811us) loglag=121564us
18:13:07.583   pt[327]: min=-694 max=1000 avg_abs=191 | fifo=1056 under=0 over=0 late=0 mdf_cb=10526 mdf_err=0
18:13:08.086   pt[328]: min=-880 max=678 avg_abs=179 | fifo=1248 under=0 over=0 late=0 mdf_cb=10558 mdf_err=0
18:13:08.272 {"win":175,"cls":"unknown","p":0.35,"lat_ms":113,"under":0,"over":0,"late":0}
18:13:08.272 win  175 pos= 2688000  -43dBFS [#####...............] rms=  230 peak=  880 seam=ok lag=338us
18:13:08.272   -> unknown         p=0.35  preproc=69822us infer=40979us
18:13:08.274 in=15932Hz out=16061Hz ring=976 under=0 over=0 (dt=996187us) loglag=121564us
18:13:08.587   pt[329]: min=-796 max=658 avg_abs=166 | fifo=1040 under=0 over=0 late=0 mdf_cb=10590 mdf_err=0
18:13:09.209   pt[330]: min=-686 max=710 avg_abs=193 | fifo=1232 under=0 over=0 late=0 mdf_cb=10622 mdf_err=0
18:13:09.209 win  176 pos= 2703360  -43dBFS [#####...............] rms=  226 peak=  796 seam=ok lag=337us
18:13:09.209   -> unknown         p=0.22  preproc=69783us infer=40984us
18:13:09.334 in=16128Hz out=16000Hz ring=1104 under=0 over=0 (dt=999999us) loglag=121564us
18:13:09.648   pt[331]: min=-796 max=690 avg_abs=182 | fifo=1024 under=0 over=0 late=0 mdf_cb=10654 mdf_err=0
18:13:10.146   pt[332]: min=-604 max=606 avg_abs=163 | fifo=1216 under=0 over=0 late=0 mdf_cb=10686 mdf_err=0
18:13:10.146 win  177 pos= 2718720  -43dBFS [#####...............] rms=  222 peak=  796 seam=ok lag=338us
18:13:10.147   -> unknown         p=0.39  preproc=69811us infer=41001us
18:13:10.332 in=16128Hz out=16400Hz ring=832 under=0 over=0 (dt=1000000us) loglag=121564us
18:13:10.646   pt[333]: min=-640 max=566 avg_abs=134 | fifo=1008 under=0 over=0 late=0 mdf_cb=10718 mdf_err=0
18:13:11.145 win  178 pos= 2734080  -45dBFS [#####...............] rms=  182 peak=  678 seam=ok lag=342us
18:13:11.145   -> unknown         p=0.42  preproc=69831us infer=41033us
18:13:11.145   pt[334]: min=-596 max=678 avg_abs=166 | fifo=1200 under=0 over=0 late=0 mdf_cb=10750 mdf_err=0
18:13:11.331 in=16128Hz out=16000Hz ring=960 under=0 over=0 (dt=999999us) loglag=121564us
18:13:11.646   pt[335]: min=-658 max=678 avg_abs=176 | fifo=992 under=0 over=0 late=0 mdf_cb=10782 mdf_err=0
18:13:12.082 win  179 pos= 2749440  -44dBFS [#####...............] rms=  206 peak=  678 seam=ok lag=338us
18:13:12.082   -> unknown         p=0.44  preproc=69828us infer=40986us
18:13:12.082 ====================================
18:13:12.082 ====================================
18:13:12.082 TAP TOTAL win=179
18:13:12.082 ====================================
18:13:12.082 ====================================
18:13:12.082 tap total: windows=180 (expected 180 from 2766848 samples) overrun=0 torn=0 skipped=0 seam ok=179 NG=0
18:13:12.090   tap lag max=382us (0 of them lower bounds) | tap write max=7101ns avg=5326ns (10808 calls)
18:13:12.098   audio under=0 over=0 late=0 | aed run=180 err=0 (last er=0)
18:13:12.104   preproc max=69856us avg=69815us | infer max=41096us avg=40992us
18:13:12.110   notify out=18 held=115 offlist=47 gated=0 lat max=112913us (0 lower bounds)
18:13:12.117   log sent=1119 dropped=0 lag max=121564us
18:13:12.121 ====================================
18:13:12.124 ====================================
18:13:12.193   pt[336]: min=-528 max=660 avg_abs=139 | fifo=1184 under=0 over=0 late=0 mdf_cb=10814 mdf_err=0
18:13:12.319 in=16128Hz out=16000Hz ring=1088 under=0 over=0 (dt=999999us) loglag=121564us
18:13:12.693   pt[337]: min=-614 max=604 avg_abs=152 | fifo=976 under=0 over=0 late=0 mdf_cb=10846 mdf_err=0
18:13:13.066 win  180 pos= 2764800  -44dBFS [#####...............] rms=  204 peak=  712 seam=ok lag=338us
18:13:13.066   -> unknown         p=0.19  preproc=69828us infer=40982us
18:13:13.189   pt[338]: min=-694 max=712 avg_abs=183 | fifo=1168 under=0 over=0 late=0 mdf_cb=10878 mdf_err=0
18:13:13.315 in=16128Hz out=16000Hz ring=1216 under=0 over=0 (dt=1000000us) loglag=121564us
18:13:13.751   pt[339]: min=-724 max=732 avg_abs=155 | fifo=960 under=0 over=0 late=0 mdf_cb=10910 mdf_err=0
18:13:14.004 win  181 pos= 2780160  -44dBFS [#####...............] rms=  202 peak=  754 seam=ok lag=338us
18:13:14.004   -> clock_tick      p=0.54  preproc=69767us infer=40985us
18:13:14.255   pt[340]: min=-648 max=754 avg_abs=170 | fifo=1152 under=0 over=0 late=0 mdf_cb=10942 mdf_err=0
18:13:14.316 in=16128Hz out=16000Hz ring=1344 under=0 over=0 (dt=999999us) loglag=121564us
18:13:14.755   pt[341]: min=-692 max=648 avg_abs=183 | fifo=944 under=0 over=0 late=0 mdf_cb=10974 mdf_err=0
18:13:14.943 win  182 pos= 2795520  -43dBFS [#####...............] rms=  222 peak=  692 seam=ok lag=338us
18:13:14.943   -> unknown         p=0.27  preproc=69829us infer=40980us
18:13:15.252   pt[342]: min=-686 max=638 avg_abs=171 | fifo=736 under=0 over=0 late=0 mdf_cb=11006 mdf_err=0
18:13:15.315 in=15872Hz out=16400Hz ring=816 under=0 over=0 (dt=1000000us) loglag=121564us
18:13:15.754   pt[343]: min=-538 max=770 avg_abs=170 | fifo=928 under=0 over=0 late=0 mdf_cb=11038 mdf_err=0
18:13:15.941 win  183 pos= 2810880  -44dBFS [#####...............] rms=  208 peak=  770 seam=ok lag=339us
18:13:15.941   -> unknown         p=0.35  preproc=69824us infer=41032us
18:13:16.316   pt[344]: min=-484 max=528 avg_abs=134 | fifo=976 under=0 over=0 late=0 mdf_cb=11071 mdf_err=0
18:13:16.379 in=16128Hz out=16000Hz ring=944 under=0 over=0 (dt=999999us) loglag=121564us
18:13:16.879   pt[345]: min=-726 max=846 avg_abs=157 | fifo=1168 under=0 over=0 late=0 mdf_cb=11103 mdf_err=0
18:13:16.879 win  184 pos= 2826240  -45dBFS [#####...............] rms=  178 peak=  658 seam=ok lag=340us
18:13:16.879   -> clock_tick      p=0.61  preproc=69845us infer=40981us
18:13:17.328   pt[346]: min=-5866 max=6848 avg_abs=346 | fifo=960 under=0 over=0 late=0 mdf_cb=11135 mdf_err=0
18:13:17.328 in=16128Hz out=16000Hz ring=1072 under=0 over=0 (dt=999999us) loglag=121564us
18:13:17.859   pt[347]: min=-10538 max=9020 avg_abs=2221 | fifo=1152 under=0 over=0 late=0 mdf_cb=11167 mdf_err=0
18:13:17.859 {"win":185,"cls":"crying_baby","p":0.99,"lat_ms":113,"under":0,"over":0,"late":0}
18:13:17.859 win  185 pos= 2841600  -25dBFS [###########.........] rms= 1908 peak=10538 seam=ok lag=337us
18:13:17.859   -> crying_baby     p=0.99  preproc=69817us infer=40983us
18:13:18.363   pt[348]: min=-8156 max=8756 avg_abs=1921 | fifo=944 under=0 over=0 late=0 mdf_cb=11199 mdf_err=0
18:13:18.363 in=16128Hz out=16000Hz ring=1200 under=0 over=0 (dt=1000000us) loglag=121564us
18:13:18.799 {"win":186,"cls":"crying_baby","p":1.00,"lat_ms":113,"under":0,"over":0,"late":0}
18:13:18.799 win  186 pos= 2856960  -22dBFS [############........] rms= 2537 peak= 8756 seam=ok lag=338us
18:13:18.799   -> crying_baby     p=1.00  preproc=69770us infer=40982us
18:13:18.861   pt[349]: min=-7610 max=8254 avg_abs=2014 | fifo=1136 under=0 over=0 late=0 mdf_cb=11231 mdf_err=0
18:13:19.377 in=16128Hz out=16400Hz ring=928 under=0 over=0 (dt=999999us) loglag=121564us
18:13:19.377   pt[350]: min=-6202 max=6662 avg_abs=1289 | fifo=928 under=0 over=0 late=0 mdf_cb=11263 mdf_err=0
18:13:19.751 {"win":187,"cls":"crying_baby","p":1.00,"lat_ms":113,"under":0,"over":0,"late":0}
18:13:19.751 win  187 pos= 2872320  -21dBFS [#############.......] rms= 2810 peak=13222 seam=ok lag=338us
18:13:19.751   -> crying_baby     p=1.00  preproc=69827us infer=40979us
18:13:19.876   pt[351]: min=-13222 max=12914 avg_abs=2745 | fifo=1120 under=0 over=0 late=0 mdf_cb=11295 mdf_err=0
18:13:20.390 in=16128Hz out=16000Hz ring=1056 under=0 over=0 (dt=1000000us) loglag=121564us
18:13:20.390   pt[352]: min=-26008 max=25056 avg_abs=2279 | fifo=912 under=0 over=0 late=0 mdf_cb=11327 mdf_err=0
18:13:20.718 {"win":188,"cls":"crying_baby","p":1.00,"lat_ms":113,"under":0,"over":0,"late":0}
18:13:20.718 win  188 pos= 2887680  -15dBFS [###############.....] rms= 5993 peak=32768 seam=ok lag=341us
18:13:20.718   -> crying_baby     p=1.00  preproc=69816us infer=41035us
18:13:20.905   pt[353]: min=-32768 max=32767 avg_abs=5573 | fifo=1104 under=0 over=0 late=0 mdf_cb=11359 mdf_err=0
18:13:21.403 in=16128Hz out=16000Hz ring=1184 under=0 over=0 (dt=999999us) loglag=121564us
18:13:21.403   pt[354]: min=-13044 max=13294 avg_abs=1525 | fifo=896 under=0 over=0 late=0 mdf_cb=11391 mdf_err=0
18:13:21.656 {"win":189,"cls":"crying_baby","p":0.61,"lat_ms":113,"under":0,"over":0,"late":0}
18:13:21.661 win  189 pos= 2903040  -17dBFS [##############......] rms= 4640 peak=32768 seam=ok lag=339us
18:13:21.669   -> crying_baby     p=0.61  preproc=69831us infer=40979us
18:13:21.675 ====================================
18:13:21.677 ====================================
18:13:21.682 TAP TOTAL win=189
18:13:21.683 ====================================
18:13:21.687 ====================================
18:13:21.690 tap total: windows=190 (expected 190 from 2920448 samples) overrun=0 torn=0 skipped=0 seam ok=189 NG=0
18:13:21.698   tap lag max=382us (0 of them lower bounds) | tap write max=7101ns avg=5326ns (11408 calls)
18:13:21.707   audio under=0 over=0 late=0 | aed run=190 err=0 (last er=0)
18:13:21.713   preproc max=69856us avg=69815us | infer max=41096us avg=40992us
18:13:21.719   notify out=23 held=118 offlist=49 gated=0 lat max=112913us (0 lower bounds)
18:13:21.725   log sent=1186 dropped=0 lag max=121564us
18:13:21.729 ====================================
18:13:21.733 ====================================
18:13:21.937   pt[355]: min=-3936 max=4600 avg_abs=487 | fifo=1088 under=0 over=0 late=0 mdf_cb=11423 mdf_err=0
18:13:22.387 in=16128Hz out=16000Hz ring=1312 under=0 over=0 (dt=1000000us) loglag=121564us
18:13:22.450   pt[356]: min=-686 max=812 avg_abs=166 | fifo=880 under=0 over=0 late=0 mdf_cb=11455 mdf_err=0
18:13:22.638 {"win":190,"cls":"unknown","p":0.33,"lat_ms":113,"under":0,"over":0,"late":0}
18:13:22.638 win  190 pos= 2918400  -35dBFS [########............] rms=  569 peak= 4600 seam=ok lag=339us
18:13:22.638   -> unknown         p=0.33  preproc=69825us infer=40980us
18:13:22.948   pt[357]: min=-602 max=644 avg_abs=165 | fifo=1072 under=0 over=0 late=0 mdf_cb=11487 mdf_err=0
18:13:23.387 in=15872Hz out=16400Hz ring=784 under=0 over=0 (dt=999999us) loglag=121564us
18:13:23.448   pt[358]: min=-888 max=902 avg_abs=229 | fifo=864 under=0 over=0 late=0 mdf_cb=11519 mdf_err=0
18:13:23.635 win  191 pos= 2933760  -42dBFS [######..............] rms=  250 peak=  902 seam=ok lag=338us
18:13:23.635   -> unknown         p=0.35  preproc=69769us infer=40988us
18:13:24.007   pt[359]: min=-684 max=812 avg_abs=222 | fifo=1056 under=0 over=0 late=0 mdf_cb=11551 mdf_err=0
18:13:24.381 in=16128Hz out=16000Hz ring=912 under=0 over=0 (dt=1000000us) loglag=121564us
18:13:24.566   pt[360]: min=-692 max=550 avg_abs=154 | fifo=1104 under=0 over=0 late=0 mdf_cb=11584 mdf_err=0
18:13:24.566 win  192 pos= 2949120  -43dBFS [#####...............] rms=  237 peak=  812 seam=ok lag=337us
18:13:24.566   -> clock_tick      p=0.75  preproc=69845us infer=40985us
18:13:25.005   pt[361]: min=-640 max=658 avg_abs=169 | fifo=1296 under=0 over=0 late=0 mdf_cb=11616 mdf_err=0
18:13:25.379 in=16128Hz out=16000Hz ring=1040 under=0 over=0 (dt=999999us) loglag=121564us
18:13:25.504 win  193 pos= 2964480  -44dBFS [#####...............] rms=  198 peak=  658 seam=ok lag=338us
18:13:25.504   -> unknown         p=0.33  preproc=69805us infer=41008us
18:13:25.508   pt[362]: min=-560 max=638 avg_abs=161 | fifo=1088 under=0 over=0 late=0 mdf_cb=11648 mdf_err=0
18:13:26.017   pt[363]: min=-616 max=682 avg_abs=170 | fifo=1280 under=0 over=0 late=0 mdf_cb=11680 mdf_err=0
18:13:26.499 in=16128Hz out=16000Hz ring=1168 under=0 over=0 (dt=1000000us) loglag=121564us
18:13:26.499 win  194 pos= 2979840  -43dBFS [#####...............] rms=  222 peak=  730 seam=ok lag=337us
18:13:26.499   -> clock_tick      p=0.57  preproc=69835us infer=40981us
18:13:26.578   pt[364]: min=-842 max=648 avg_abs=203 | fifo=1072 under=0 over=0 late=0 mdf_cb=11712 mdf_err=0
18:13:27.046   pt[365]: min=-852 max=862 avg_abs=226 | fifo=1264 under=0 over=0 late=0 mdf_cb=11744 mdf_err=0
18:13:27.451 in=16127Hz out=16399Hz ring=896 under=0 over=0 (dt=1000001us) loglag=121564us
18:13:27.451 win  195 pos= 2995200  -42dBFS [######..............] rms=  268 peak=  862 seam=ok lag=337us
18:13:27.451   -> unknown         p=0.39  preproc=69837us infer=40979us
18:13:27.591   pt[366]: min=-728 max=726 avg_abs=170 | fifo=1056 under=0 over=0 late=0 mdf_cb=11776 mdf_err=0
18:13:28.088   pt[367]: min=-600 max=580 avg_abs=149 | fifo=848 under=0 over=0 late=0 mdf_cb=11808 mdf_err=0
18:13:28.405 win  196 pos= 3010560  -45dBFS [#####...............] rms=  192 peak=  676 seam=ok lag=339us
18:13:28.405   -> unknown         p=0.49  preproc=69770us infer=40981us
18:13:28.405 in=16128Hz out=16000Hz ring=1024 under=0 over=0 (dt=999999us) loglag=121564us
18:13:28.607   pt[368]: min=-674 max=676 avg_abs=159 | fifo=1040 under=0 over=0 late=0 mdf_cb=11840 mdf_err=0
18:13:29.103   pt[369]: min=-668 max=692 avg_abs=173 | fifo=832 under=0 over=0 late=0 mdf_cb=11872 mdf_err=0
18:13:29.352 win  197 pos= 3025920  -44dBFS [#####...............] rms=  215 peak=  692 seam=ok lag=337us
18:13:29.352   -> unknown         p=0.27  preproc=69821us infer=40967us
18:13:29.415 in=16128Hz out=16000Hz ring=1152 under=0 over=0 (dt=999999us) loglag=121564us
18:13:29.601   pt[370]: min=-702 max=760 avg_abs=200 | fifo=1024 under=0 over=0 late=0 mdf_cb=11904 mdf_err=0
18:13:30.161   pt[371]: min=-576 max=730 avg_abs=179 | fifo=816 under=0 over=0 late=0 mdf_cb=11936 mdf_err=0
18:13:30.349 win  198 pos= 3041280  -43dBFS [#####...............] rms=  231 peak=  760 seam=ok lag=337us
18:13:30.349   -> clock_tick      p=0.52  preproc=69834us infer=41036us
18:13:30.411 in=15872Hz out=16000Hz ring=1024 under=0 over=0 (dt=1000000us) loglag=121564us
18:13:30.660   pt[372]: min=-662 max=630 avg_abs=164 | fifo=1008 under=0 over=0 late=0 mdf_cb=11968 mdf_err=0
18:13:31.161   pt[373]: min=-736 max=754 avg_abs=209 | fifo=800 under=0 over=0 late=0 mdf_cb=12000 mdf_err=0
18:13:31.283 win  199 pos= 3056640  -43dBFS [#####...............] rms=  237 peak=  754 seam=ok lag=339us
18:13:31.283   -> unknown         p=0.47  preproc=69820us infer=41055us
18:13:31.283 ====================================
18:13:31.283 ====================================
18:13:31.283 TAP TOTAL win=199
18:13:31.283 ====================================
18:13:31.287 ====================================
18:13:31.290 tap total: windows=200 (expected 200 from 3074048 samples) overrun=0 torn=0 skipped=0 seam ok=199 NG=0
18:13:31.299   tap lag max=382us (0 of them lower bounds) | tap write max=7101ns avg=5325ns (12008 calls)
18:13:31.307   audio under=0 over=0 late=0 | aed run=200 err=0 (last er=0)
18:13:31.313   preproc max=69856us avg=69815us | infer max=41096us avg=40992us
18:13:31.319   notify out=24 held=124 offlist=52 gated=0 lat max=112913us (0 lower bounds)
18:13:31.325   log sent=1248 dropped=0 lag max=121564us
18:13:31.329 ====================================
18:13:31.333 ====================================
18:13:31.457 in=16128Hz out=16400Hz ring=752 under=0 over=0 (dt=999999us) loglag=121564us
18:13:31.710   pt[374]: min=-826 max=908 avg_abs=194 | fifo=992 under=0 over=0 late=0 mdf_cb=12032 mdf_err=0
18:13:32.272   pt[375]: min=-642 max=740 avg_abs=198 | fifo=784 under=0 over=0 late=0 mdf_cb=12064 mdf_err=0
18:13:32.272 win  200 pos= 3072000  -43dBFS [#####...............] rms=  245 peak=  908 seam=ok lag=339us
18:13:32.272   -> unknown         p=0.48  preproc=69835us infer=40987us
18:13:32.459 in=16128Hz out=16000Hz ring=880 under=0 over=0 (dt=999999us) loglag=121564us
18:13:32.710   pt[376]: min=-910 max=912 avg_abs=216 | fifo=1232 under=0 over=0 late=0 mdf_cb=12097 mdf_err=0
18:13:33.209 {"win":201,"cls":"crackling_fire","p":0.55,"lat_ms":113,"under":0,"over":0,"late":0}
18:13:33.209 win  201 pos= 3087360  -39dBFS [#######.............] rms=  366 peak= 6040 seam=ok lag=340us
18:13:33.209   -> crackling_fire  p=0.55  preproc=69763us infer=40989us
18:13:33.209   pt[377]: min=-6040 max=5434 avg_abs=290 | fifo=1024 under=0 over=0 late=0 mdf_cb=12129 mdf_err=0
18:13:33.458 in=16128Hz out=16000Hz ring=1008 under=0 over=0 (dt=1000000us) loglag=121564us
18:13:33.708   pt[378]: min=-4232 max=3568 avg_abs=193 | fifo=1216 under=0 over=0 late=0 mdf_cb=12161 mdf_err=0
18:13:34.143 {"win":202,"cls":"crackling_fire","p":0.56,"lat_ms":113,"under":0,"over":0,"late":0}
18:13:34.143 win  202 pos= 3102720  -41dBFS [######..............] rms=  296 peak= 4232 seam=ok lag=339us
18:13:34.151   -> crackling_fire  p=0.56  preproc=69831us infer=40985us
18:13:34.222   pt[379]: min=-764 max=964 avg_abs=201 | fifo=1008 under=0 over=0 late=0 mdf_cb=12193 mdf_err=0
18:13:34.472 in=16128Hz out=16000Hz ring=1136 under=0 over=0 (dt=1000000us) loglag=121564us
18:13:34.785   pt[380]: min=-3128 max=3700 avg_abs=215 | fifo=1200 under=0 over=0 late=0 mdf_cb=12225 mdf_err=0
18:13:35.113 {"win":203,"cls":"crackling_fire","p":0.99,"lat_ms":113,"under":0,"over":0,"late":0}
18:13:35.113 win  203 pos= 3118080  -42dBFS [######..............] rms=  261 peak= 3700 seam=ok lag=338us
18:13:35.113   -> crackling_fire  p=0.99  preproc=69827us infer=41032us
18:13:35.298   pt[381]: min=-1062 max=1516 avg_abs=186 | fifo=992 under=0 over=0 late=0 mdf_cb=12257 mdf_err=0
18:13:35.487 in=16128Hz out=16000Hz ring=1264 under=0 over=0 (dt=999999us) loglag=121564us
18:13:35.799   pt[382]: min=-1048 max=1534 avg_abs=215 | fifo=1184 under=0 over=0 late=0 mdf_cb=12289 mdf_err=0
18:13:36.077 win  204 pos= 3133440  -42dBFS [######..............] rms=  248 peak= 1534 seam=ok lag=340us
18:13:36.077   -> clock_tick      p=0.97  preproc=69812us infer=40979us
18:13:36.326   pt[383]: min=-918 max=726 avg_abs=189 | fifo=976 under=0 over=0 late=0 mdf_cb=12321 mdf_err=0
18:13:36.451 in=16128Hz out=16400Hz ring=992 under=0 over=0 (dt=999999us) loglag=121564us
18:13:36.825   pt[384]: min=-912 max=1130 avg_abs=169 | fifo=1168 under=0 over=0 late=0 mdf_cb=12353 mdf_err=0
18:13:37.077 win  205 pos= 3148800  -43dBFS [#####...............] rms=  221 peak= 1130 seam=ok lag=339us
18:13:37.077   -> rain            p=0.70  preproc=69829us infer=40961us
18:13:37.342   pt[385]: min=-1002 max=712 avg_abs=193 | fifo=960 under=0 over=0 late=0 mdf_cb=12385 mdf_err=0
18:13:37.467 in=16128Hz out=16000Hz ring=1120 under=0 over=0 (dt=999999us) loglag=121564us
18:13:37.859   pt[386]: min=-648 max=584 avg_abs=150 | fifo=1152 under=0 over=0 late=0 mdf_cb=12417 mdf_err=0
18:13:38.016 win  206 pos= 3164160  -44dBFS [#####...............] rms=  210 peak= 1002 seam=ok lag=341us
18:13:38.016   -> unknown         p=0.37  preproc=69759us infer=40988us
18:13:38.331   pt[387]: min=-694 max=662 avg_abs=165 | fifo=944 under=0 over=0 late=0 mdf_cb=12449 mdf_err=0
18:13:38.455 in=16128Hz out=16000Hz ring=1248 under=0 over=0 (dt=1000000us) loglag=121564us
18:13:38.951   pt[388]: min=-592 max=612 avg_abs=142 | fifo=1136 under=0 over=0 late=0 mdf_cb=12481 mdf_err=0
18:13:38.951 win  207 pos= 3179520  -45dBFS [#####...............] rms=  195 peak=  694 seam=ok lag=339us
18:13:38.952   -> unknown         p=0.44  preproc=69841us infer=40979us
18:13:39.373   pt[389]: min=-570 max=760 avg_abs=177 | fifo=928 under=0 over=0 late=0 mdf_cb=12513 mdf_err=0
18:13:39.496 in=15872Hz out=16000Hz ring=1120 under=0 over=0 (dt=999999us) loglag=121564us
18:13:39.932   pt[390]: min=-652 max=660 avg_abs=165 | fifo=720 under=0 over=0 late=0 mdf_cb=12545 mdf_err=0
18:13:39.932 win  208 pos= 3194880  -44dBFS [#####...............] rms=  213 peak=  760 seam=ok lag=336us
18:13:39.932   -> unknown         p=0.43  preproc=69819us infer=41057us
18:13:40.434   pt[391]: min=-666 max=848 avg_abs=180 | fifo=1168 under=0 over=0 late=0 mdf_cb=12578 mdf_err=0
18:13:40.495 in=16128Hz out=16400Hz ring=848 under=0 over=0 (dt=1000000us) loglag=121564us
18:13:40.868 win  209 pos= 3210240  -44dBFS [#####...............] rms=  213 peak=  848 seam=ok lag=337us
18:13:40.868   -> unknown         p=0.31  preproc=69827us infer=40980us
18:13:40.870 ====================================
18:13:40.873 ====================================
18:13:40.877 TAP TOTAL win=209
18:13:40.879 ====================================
18:13:40.881 ====================================
18:13:40.885 tap total: windows=210 (expected 210 from 3227648 samples) overrun=0 torn=0 skipped=0 seam ok=209 NG=0
18:13:40.894   tap lag max=382us (0 of them lower bounds) | tap write max=7101ns avg=5325ns (12608 calls)
18:13:40.902   audio under=0 over=0 late=0 | aed run=210 err=0 (last er=0)
18:13:40.908   preproc max=69856us avg=69815us | infer max=41096us avg=40992us
18:13:40.915   notify out=27 held=129 offlist=54 gated=0 lat max=112913us (0 lower bounds)
18:13:40.921   log sent=1312 dropped=0 lag max=121564us
18:13:40.924 ====================================
18:13:40.928 ====================================
18:13:40.931   pt[392]: min=-566 max=678 avg_abs=158 | fifo=960 under=0 over=0 late=0 mdf_cb=12610 mdf_err=0
18:13:41.447   pt[393]: min=-664 max=600 avg_abs=159 | fifo=1152 under=0 over=0 late=0 mdf_cb=12642 mdf_err=0
18:13:41.510 in=16128Hz out=16000Hz ring=976 under=0 over=0 (dt=999999us) loglag=121564us
18:13:41.821 win  210 pos= 3225600  -45dBFS [#####...............] rms=  194 peak=  664 seam=ok lag=337us
18:13:41.825   -> unknown         p=0.38  preproc=69821us infer=40956us
18:13:41.963   pt[394]: min=-622 max=632 avg_abs=146 | fifo=944 under=0 over=0 late=0 mdf_cb=12674 mdf_err=0
18:13:42.465   pt[395]: min=-572 max=662 avg_abs=164 | fifo=1136 under=0 over=0 late=0 mdf_cb=12706 mdf_err=0
18:13:42.528 in=16128Hz out=16000Hz ring=1104 under=0 over=0 (dt=999999us) loglag=121564us
18:13:42.778 win  211 pos= 3240960  -45dBFS [#####...............] rms=  189 peak=  662 seam=ok lag=338us
18:13:42.797   -> unknown         p=0.35  preproc=69769us infer=40982us
18:13:42.995   pt[396]: min=-722 max=494 avg_abs=134 | fifo=928 under=0 over=0 late=0 mdf_cb=12738 mdf_err=0
18:13:43.493   pt[397]: min=-596 max=636 avg_abs=153 | fifo=1120 under=0 over=0 late=0 mdf_cb=12770 mdf_err=0
18:13:43.493 in=16128Hz out=16000Hz ring=1232 under=0 over=0 (dt=1000000us) loglag=121564us
18:13:43.743 win  212 pos= 3256320  -45dBFS [#####...............] rms=  187 peak=  722 seam=ok lag=338us
18:13:43.745   -> unknown         p=0.44  preproc=69825us infer=40980us
18:13:44.010   pt[398]: min=-602 max=594 avg_abs=150 | fifo=912 under=0 over=0 late=0 mdf_cb=12802 mdf_err=0
18:13:44.509   pt[399]: min=-536 max=694 avg_abs=137 | fifo=1104 under=0 over=0 late=0 mdf_cb=12834 mdf_err=0
18:13:44.509 in=16128Hz out=16400Hz ring=960 under=0 over=0 (dt=1000000us) loglag=121564us
18:13:44.757 win  213 pos= 3271680  -45dBFS [#####...............] rms=  190 peak=  694 seam=ok lag=339us
18:13:44.757   -> unknown         p=0.37  preproc=69835us infer=41016us
18:13:45.004   pt[400]: min=-584 max=648 avg_abs=164 | fifo=896 under=0 over=0 late=0 mdf_cb=12866 mdf_err=0
18:13:45.507 in=16128Hz out=16000Hz ring=1088 under=0 over=0 (dt=1000000us) loglag=121564us
18:13:45.507   pt[401]: min=-586 max=692 avg_abs=168 | fifo=1088 under=0 over=0 late=0 mdf_cb=12898 mdf_err=0
18:13:45.697 win  214 pos= 3287040  -44dBFS [#####...............] rms=  201 peak=  692 seam=ok lag=339us
18:13:45.697   -> clock_tick      p=0.68  preproc=69820us infer=40983us
18:13:46.022   pt[402]: min=-606 max=644 avg_abs=169 | fifo=880 under=0 over=0 late=0 mdf_cb=12930 mdf_err=0
18:13:46.523 in=15872Hz out=16000Hz ring=960 under=0 over=0 (dt=999999us) loglag=121564us
18:13:46.647   pt[403]: min=-666 max=602 avg_abs=158 | fifo=1072 under=0 over=0 late=0 mdf_cb=12962 mdf_err=0
18:13:46.647 win  215 pos= 3302400  -44dBFS [#####...............] rms=  204 peak=  666 seam=ok lag=337us
18:13:46.647   -> unknown         p=0.29  preproc=69851us infer=40989us
18:13:47.084   pt[404]: min=-596 max=576 avg_abs=171 | fifo=864 under=0 over=0 late=0 mdf_cb=12994 mdf_err=0
18:13:47.587 in=16128Hz out=16000Hz ring=1088 under=0 over=0 (dt=1000000us) loglag=121564us
18:13:47.587   pt[405]: min=-5488 max=4668 avg_abs=253 | fifo=1056 under=0 over=0 late=0 mdf_cb=13026 mdf_err=0
18:13:47.594 win  216 pos= 3317760  -39dBFS [#######.............] rms=  374 peak= 5488 seam=ok lag=339us
18:13:47.665   -> unknown         p=0.30  preproc=69776us infer=40986us
18:13:48.103   pt[406]: min=-21956 max=19820 avg_abs=1407 | fifo=1104 under=0 over=0 late=0 mdf_cb=13059 mdf_err=0
18:13:48.540 in=16127Hz out=16399Hz ring=816 under=0 over=0 (dt=1000001us) loglag=121564us
18:13:48.545 {"win":217,"cls":"sneezing","p":0.76,"lat_ms":113,"under":0,"over":0,"late":0}
18:13:48.552 win  217 pos= 3333120  -25dBFS [###########.........] rms= 1882 peak=21956 seam=ok lag=340us
18:13:48.560   -> sneezing        p=0.76  preproc=69808us infer=40978us
18:13:48.634   pt[407]: min=-992 max=1124 avg_abs=205 | fifo=1296 under=0 over=0 late=0 mdf_cb=13091 mdf_err=0
18:13:49.134   pt[408]: min=-2274 max=2446 avg_abs=330 | fifo=1088 under=0 over=0 late=0 mdf_cb=13123 mdf_err=0
18:13:49.507 {"win":218,"cls":"crying_baby","p":0.84,"lat_ms":113,"under":0,"over":0,"late":0}
18:13:49.507 win  218 pos= 3348480  -39dBFS [#######.............] rms=  381 peak= 2446 seam=ok lag=339us
18:13:49.514   -> crying_baby     p=0.84  preproc=69822us infer=41031us
18:13:49.584 in=16128Hz out=16000Hz ring=944 under=0 over=0 (dt=999998us) loglag=121564us
18:13:49.646   pt[409]: min=-2458 max=1430 avg_abs=178 | fifo=880 under=0 over=0 late=0 mdf_cb=13155 mdf_err=0
18:13:50.144   pt[410]: min=-17394 max=23048 avg_abs=841 | fifo=1072 under=0 over=0 late=0 mdf_cb=13187 mdf_err=0
18:13:50.519 {"win":219,"cls":"sneezing","p":0.99,"lat_ms":113,"under":0,"over":0,"late":0}
18:13:50.519 win  219 pos= 3363840  -27dBFS [###########.........] rms= 1415 peak=23048 seam=ok lag=338us
18:13:50.519   -> sneezing        p=0.99  preproc=69815us infer=40959us
18:13:50.519 ====================================
18:13:50.519 ====================================
18:13:50.519 TAP TOTAL win=219
18:13:50.519 ====================================
18:13:50.519 ====================================
18:13:50.519 tap total: windows=220 (expected 220 from 3381248 samples) overrun=0 torn=0 skipped=0 seam ok=219 NG=0
18:13:50.519   tap lag max=382us (0 of them lower bounds) | tap write max=7101ns avg=5325ns (13208 calls)
18:13:50.519   audio under=0 over=0 late=0 | aed run=220 err=0 (last er=0)
18:13:50.519   preproc max=69856us avg=69815us | infer max=41096us avg=40992us
18:13:50.524   notify out=30 held=135 offlist=55 gated=0 lat max=112913us (0 lower bounds)
18:13:50.530   log sent=1376 dropped=0 lag max=121564us
18:13:50.534 ====================================
18:13:50.537 ====================================
18:13:50.540 in=16127Hz out=15999Hz ring=1072 under=0 over=0 (dt=1000054us) loglag=121564us
18:13:50.680   pt[411]: min=-768 max=758 avg_abs=202 | fifo=864 under=0 over=0 late=0 mdf_cb=13219 mdf_err=0
18:13:51.176   pt[412]: min=-778 max=692 avg_abs=185 | fifo=1056 under=0 over=0 late=0 mdf_cb=13251 mdf_err=0
18:13:51.423 win  220 pos= 3379200  -43dBFS [#####...............] rms=  231 peak=  778 seam=ok lag=339us
18:13:51.426   -> clock_tick      p=0.58  preproc=69826us infer=40981us
18:13:51.564 in=16128Hz out=16000Hz ring=1200 under=0 over=0 (dt=999945us) loglag=121564us
18:13:51.704   pt[413]: min=-794 max=714 avg_abs=197 | fifo=848 under=0 over=0 late=0 mdf_cb=13283 mdf_err=0
18:13:52.220   pt[414]: min=-836 max=802 avg_abs=212 | fifo=1040 under=0 over=0 late=0 mdf_cb=13315 mdf_err=0
18:13:52.408 win  221 pos= 3394560  -42dBFS [######..............] rms=  259 peak=  836 seam=ok lag=337us
18:13:52.408   -> clock_tick      p=0.57  preproc=69768us infer=40983us
18:13:52.595 in=16128Hz out=16400Hz ring=928 under=0 over=0 (dt=1000000us) loglag=121564us
18:13:52.735   pt[415]: min=-702 max=794 avg_abs=224 | fifo=832 under=0 over=0 late=0 mdf_cb=13347 mdf_err=0
18:13:53.267   pt[416]: min=-590 max=706 avg_abs=160 | fifo=1024 under=0 over=0 late=0 mdf_cb=13379 mdf_err=0
18:13:53.343 win  222 pos= 3409920  -42dBFS [######..............] rms=  250 peak=  794 seam=ok lag=337us
18:13:53.347   -> unknown         p=0.26  preproc=69826us infer=40979us
18:13:53.608 in=16128Hz out=16000Hz ring=1056 under=0 over=0 (dt=999999us) loglag=121564us
18:13:53.732   pt[417]: min=-762 max=704 avg_abs=201 | fifo=1072 under=0 over=0 late=0 mdf_cb=13412 mdf_err=0
18:13:54.310   pt[418]: min=-620 max=582 avg_abs=148 | fifo=1264 under=0 over=0 late=0 mdf_cb=13444 mdf_err=0
18:13:54.310 win  223 pos= 3425280  -44dBFS [#####...............] rms=  217 peak=  704 seam=ok lag=341us
18:13:54.316   -> unknown         p=0.29  preproc=69854us infer=41034us
18:13:54.574 in=16128Hz out=16000Hz ring=1184 under=0 over=0 (dt=999999us) loglag=121564us
18:13:54.761   pt[419]: min=-756 max=762 avg_abs=196 | fifo=1056 under=0 over=0 late=0 mdf_cb=13476 mdf_err=0
18:13:55.263 win  224 pos= 3440640  -43dBFS [#####...............] rms=  233 peak=  772 seam=ok lag=338us
18:13:55.268   -> clock_tick      p=0.61  preproc=69824us infer=40988us
18:13:55.273   pt[420]: min=-772 max=642 avg_abs=181 | fifo=848 under=0 over=0 late=0 mdf_cb=13508 mdf_err=0
18:13:55.592 in=16128Hz out=16000Hz ring=1312 under=0 over=0 (dt=999999us) loglag=121564us
18:13:55.779   pt[421]: min=-614 max=716 avg_abs=161 | fifo=1040 under=0 over=0 late=0 mdf_cb=13540 mdf_err=0
18:13:56.230 win  225 pos= 3456000  -44dBFS [#####...............] rms=  207 peak=  750 seam=ok lag=339us
18:13:56.230   -> unknown         p=0.27  preproc=69823us infer=40986us
18:13:56.294   pt[422]: min=-624 max=612 avg_abs=157 | fifo=1232 under=0 over=0 late=0 mdf_cb=13572 mdf_err=0
18:13:56.620 in=16128Hz out=16400Hz ring=1040 under=0 over=0 (dt=1000000us) loglag=121564us
18:13:56.808   pt[423]: min=-936 max=674 avg_abs=180 | fifo=1024 under=0 over=0 late=0 mdf_cb=13604 mdf_err=0
18:13:57.180 win  226 pos= 3471360  -44dBFS [#####...............] rms=  209 peak=  936 seam=ok lag=339us
18:13:57.188   -> unknown         p=0.25  preproc=69771us infer=40991us
18:13:57.321   pt[424]: min=-440 max=652 avg_abs=146 | fifo=816 under=0 over=0 late=0 mdf_cb=13636 mdf_err=0
18:13:57.635 in=16128Hz out=16000Hz ring=1168 under=0 over=0 (dt=999999us) loglag=121564us
18:13:57.885   pt[425]: min=-884 max=768 avg_abs=206 | fifo=1008 under=0 over=0 late=0 mdf_cb=13668 mdf_err=0
18:13:58.196 win  227 pos= 3486720  -43dBFS [#####...............] rms=  223 peak=  884 seam=ok lag=339us
18:13:58.196   -> unknown         p=0.35  preproc=69824us infer=40977us
18:13:58.381   pt[426]: min=-854 max=646 avg_abs=181 | fifo=800 under=0 over=0 late=0 mdf_cb=13700 mdf_err=0
18:13:58.631 in=15872Hz out=16000Hz ring=1040 under=0 over=0 (dt=999999us) loglag=121564us
18:13:58.882   pt[427]: min=-706 max=632 avg_abs=188 | fifo=992 under=0 over=0 late=0 mdf_cb=13732 mdf_err=0
18:13:59.129 win  228 pos= 3502080  -43dBFS [#####...............] rms=  240 peak=  854 seam=ok lag=340us
18:13:59.129   -> unknown         p=0.26  preproc=69830us infer=41033us
18:13:59.377   pt[428]: min=-612 max=768 avg_abs=196 | fifo=1040 under=0 over=0 late=0 mdf_cb=13765 mdf_err=0
18:13:59.628 in=16128Hz out=16400Hz ring=768 under=0 over=0 (dt=1000000us) loglag=121564us
18:13:59.944   pt[429]: min=-726 max=666 avg_abs=195 | fifo=1232 under=0 over=0 late=0 mdf_cb=13797 mdf_err=0
18:14:00.070 win  229 pos= 3517440  -42dBFS [######..............] rms=  248 peak=  768 seam=ok lag=337us
18:14:00.070   -> unknown         p=0.40  preproc=69824us infer=40955us
18:14:00.073 ====================================
18:14:00.077 ====================================
18:14:00.080 TAP TOTAL win=229
18:14:00.082 ====================================
18:14:00.087 ====================================
18:14:00.088 tap total: windows=230 (expected 230 from 3534848 samples) overrun=0 torn=0 skipped=0 seam ok=229 NG=0
18:14:00.097   tap lag max=382us (0 of them lower bounds) | tap write max=7101ns avg=5325ns (13808 calls)
18:14:00.105   audio under=0 over=0 late=0 | aed run=230 err=0 (last er=0)
18:14:00.112   preproc max=69856us avg=69815us | infer max=41096us avg=40991us
18:14:00.118   notify out=30 held=142 offlist=58 gated=0 lat max=112913us (0 lower bounds)
18:14:00.125   log sent=1438 dropped=0 lag max=121564us
18:14:00.129 ====================================
18:14:00.132 ====================================
18:14:00.444   pt[430]: min=-654 max=792 avg_abs=167 | fifo=1024 under=0 over=0 late=0 mdf_cb=13829 mdf_err=0
18:14:00.631 in=16128Hz out=16000Hz ring=896 under=0 over=0 (dt=999999us) loglag=121564us
18:14:01.067   pt[431]: min=-484 max=734 avg_abs=163 | fifo=1216 under=0 over=0 late=0 mdf_cb=13861 mdf_err=0
18:14:01.067 win  230 pos= 3532800  -44dBFS [#####...............] rms=  204 peak=  792 seam=ok lag=337us
18:14:01.067   -> unknown         p=0.38  preproc=69838us infer=40959us
18:14:01.440   pt[432]: min=-542 max=764 avg_abs=163 | fifo=1008 under=0 over=0 late=0 mdf_cb=13893 mdf_err=0
18:14:01.627 in=16128Hz out=16000Hz ring=1024 under=0 over=0 (dt=999999us) loglag=121564us
18:14:01.983   pt[433]: min=-780 max=708 avg_abs=192 | fifo=1200 under=0 over=0 late=0 mdf_cb=13925 mdf_err=0
18:14:01.990 win  231 pos= 3548160  -43dBFS [#####...............] rms=  225 peak=  780 seam=ok lag=336us
18:14:01.998   -> unknown         p=0.25  preproc=69791us infer=40985us
18:14:02.452   pt[434]: min=-7054 max=5882 avg_abs=164 | fifo=992 under=0 over=0 late=0 mdf_cb=13957 mdf_err=0
18:14:02.672 in=16128Hz out=16000Hz ring=1152 under=0 over=0 (dt=999999us) loglag=121564us
18:14:03.001 win  232 pos= 3563520  -24dBFS [############........] rms= 2000 peak=25786 seam=ok lag=340us
18:14:03.001   -> clock_tick      p=0.92  preproc=69822us infer=40961us
18:14:03.001   pt[435]: min=-25786 max=23720 avg_abs=1335 | fifo=1184 under=0 over=0 late=0 mdf_cb=13989 mdf_err=0
18:14:03.531   pt[436]: min=-23130 max=19544 avg_abs=1302 | fifo=976 under=0 over=0 late=0 mdf_cb=14021 mdf_err=0
18:14:03.672 in=16128Hz out=16000Hz ring=1280 under=0 over=0 (dt=1000000us) loglag=121564us
18:14:03.952 win  233 pos= 3578880  -23dBFS [############........] rms= 2427 peak=25582 seam=ok lag=340us
18:14:03.952   -> clock_tick      p=0.93  preproc=69829us infer=41034us
18:14:04.014   pt[437]: min=-25582 max=22784 avg_abs=980 | fifo=1168 under=0 over=0 late=0 mdf_cb=14053 mdf_err=0
18:14:04.529   pt[438]: min=-23384 max=24092 avg_abs=1172 | fifo=960 under=0 over=0 late=0 mdf_cb=14085 mdf_err=0
18:14:04.653 in=16128Hz out=16400Hz ring=1008 under=0 over=0 (dt=1000000us) loglag=121564us
18:14:04.921 win  234 pos= 3594240  -23dBFS [############........] rms= 2348 peak=24092 seam=ok lag=338us
18:14:04.921   -> clock_tick      p=0.93  preproc=69823us infer=40981us
18:14:05.062   pt[439]: min=-17686 max=20086 avg_abs=1264 | fifo=1152 under=0 over=0 late=0 mdf_cb=14117 mdf_err=0
18:14:05.572   pt[440]: min=-22962 max=22708 avg_abs=1182 | fifo=944 under=0 over=0 late=0 mdf_cb=14149 mdf_err=0
18:14:05.634 in=16128Hz out=16000Hz ring=1136 under=0 over=0 (dt=999999us) loglag=121564us
18:14:05.823 win  235 pos= 3609600  -23dBFS [############........] rms= 2384 peak=22962 seam=ok lag=338us
18:14:05.829   -> clock_tick      p=0.74  preproc=69824us infer=40982us
18:14:06.088   pt[441]: min=-23754 max=25746 avg_abs=836 | fifo=1136 under=0 over=0 late=0 mdf_cb=14181 mdf_err=0
18:14:06.584   pt[442]: min=-21372 max=20886 avg_abs=1200 | fifo=928 under=0 over=0 late=0 mdf_cb=14213 mdf_err=0
18:14:06.646 in=15872Hz out=16000Hz ring=1008 under=0 over=0 (dt=1000000us) loglag=121564us
18:14:06.836 win  236 pos= 3624960  -23dBFS [############........] rms= 2366 peak=25746 seam=ok lag=339us
18:14:06.836   -> clock_tick      p=0.61  preproc=69779us infer=40985us
18:14:07.084   pt[443]: min=-21866 max=19668 avg_abs=1308 | fifo=720 under=0 over=0 late=0 mdf_cb=14245 mdf_err=0
18:14:07.584   pt[444]: min=-1670 max=2052 avg_abs=157 | fifo=1168 under=0 over=0 late=0 mdf_cb=14278 mdf_err=0
18:14:07.772 in=16128Hz out=16000Hz ring=1136 under=0 over=0 (dt=1000000us) loglag=121564us
18:14:07.772 win  237 pos= 3640320  -25dBFS [###########.........] rms= 1913 peak=21866 seam=ok lag=337us
18:14:07.772   -> clock_tick      p=0.99  preproc=69817us infer=40987us
18:14:08.146   pt[445]: min=-622 max=560 avg_abs=136 | fifo=960 under=0 over=0 late=0 mdf_cb=14310 mdf_err=0
18:14:08.711   pt[446]: min=-774 max=590 avg_abs=153 | fifo=1152 under=0 over=0 late=0 mdf_cb=14342 mdf_err=0
18:14:08.711 in=16128Hz out=16400Hz ring=864 under=0 over=0 (dt=999999us) loglag=121564us
18:14:08.717 win  238 pos= 3655680  -45dBFS [#####...............] rms=  186 peak=  774 seam=ok lag=337us
18:14:08.724   -> clock_tick      p=0.68  preproc=69859us infer=41034us
18:14:09.161   pt[447]: min=-720 max=682 avg_abs=159 | fifo=944 under=0 over=0 late=0 mdf_cb=14374 mdf_err=0
18:14:09.721   pt[448]: min=-642 max=662 avg_abs=180 | fifo=1136 under=0 over=0 late=0 mdf_cb=14406 mdf_err=0
18:14:09.721 in=16127Hz out=15999Hz ring=992 under=0 over=0 (dt=1000001us) loglag=121564us
18:14:09.721 win  239 pos= 3671040  -44dBFS [#####...............] rms=  211 peak=  720 seam=ok lag=341us
18:14:09.721   -> unknown         p=0.43  preproc=69827us infer=40986us
18:14:09.721 ====================================
18:14:09.721 ====================================
18:14:09.721 TAP TOTAL win=239
18:14:09.721 ====================================
18:14:09.721 ====================================
18:14:09.721 tap total: windows=240 (expected 240 from 3688448 samples) overrun=0 torn=0 skipped=0 seam ok=239 NG=0
18:14:09.721   tap lag max=382us (0 of them lower bounds) | tap write max=7101ns avg=5325ns (14408 calls)
18:14:09.723   audio under=0 over=0 late=0 | aed run=240 err=0 (last er=0)
18:14:09.729   preproc max=69859us avg=69815us | infer max=41096us avg=40991us
18:14:09.737   notify out=30 held=145 offlist=65 gated=0 lat max=112913us (0 lower bounds)
18:14:09.741   log sent=1500 dropped=0 lag max=121564us
18:14:09.745 ====================================
18:14:09.749 ====================================
18:14:10.190   pt[449]: min=-812 max=732 avg_abs=180 | fifo=928 under=0 over=0 late=0 mdf_cb=14438 mdf_err=0
18:14:10.672 win  240 pos= 3686400  -44dBFS [#####...............] rms=  214 peak=  812 seam=ok lag=339us
18:14:10.672   -> unknown         p=0.31  preproc=69816us infer=40981us
18:14:10.672 in=16128Hz out=16000Hz ring=1120 under=0 over=0 (dt=999998us) loglag=121564us
18:14:10.672   pt[450]: min=-806 max=706 avg_abs=167 | fifo=1120 under=0 over=0 late=0 mdf_cb=14470 mdf_err=0
18:14:11.221   pt[451]: min=-584 max=594 avg_abs=151 | fifo=912 under=0 over=0 late=0 mdf_cb=14502 mdf_err=0
18:14:11.595 win  241 pos= 3701760  -45dBFS [#####...............] rms=  187 peak=  706 seam=ok lag=338us
18:14:11.595   -> unknown         p=0.40  preproc=69767us infer=40991us
18:14:11.734 in=16128Hz out=16000Hz ring=1248 under=0 over=0 (dt=999999us) loglag=121564us
18:14:11.734   pt[452]: min=-604 max=702 avg_abs=143 | fifo=1104 under=0 over=0 late=0 mdf_cb=14534 mdf_err=0
18:14:12.201   pt[453]: min=-678 max=534 avg_abs=143 | fifo=896 under=0 over=0 late=0 mdf_cb=14566 mdf_err=0
18:14:12.589 win  242 pos= 3717120  -45dBFS [#####...............] rms=  180 peak=  702 seam=ok lag=340us
18:14:12.589   -> unknown         p=0.27  preproc=69826us infer=40978us
18:14:12.731 in=16128Hz out=16400Hz ring=976 under=0 over=0 (dt=1000000us) loglag=121564us
18:14:12.731   pt[454]: min=-644 max=610 avg_abs=145 | fifo=1088 under=0 over=0 late=0 mdf_cb=14598 mdf_err=0
18:14:13.231   pt[455]: min=-548 max=674 avg_abs=155 | fifo=880 under=0 over=0 late=0 mdf_cb=14630 mdf_err=0
18:14:13.545 win  243 pos= 3732480  -44dBFS [#####...............] rms=  204 peak=  718 seam=ok lag=339us
18:14:13.545   -> clock_tick      p=0.59  preproc=69828us infer=41030us
18:14:13.736 in=16128Hz out=16000Hz ring=1104 under=0 over=0 (dt=999999us) loglag=121564us
18:14:13.737   pt[456]: min=-718 max=634 avg_abs=156 | fifo=1072 under=0 over=0 late=0 mdf_cb=14662 mdf_err=0
18:14:14.309   pt[457]: min=-624 max=558 avg_abs=145 | fifo=864 under=0 over=0 late=0 mdf_cb=14694 mdf_err=0
18:14:14.511 win  244 pos= 3747840  -45dBFS [#####...............] rms=  187 peak=  650 seam=ok lag=340us
18:14:14.511   -> unknown         p=0.33  preproc=69821us infer=40986us
18:14:14.698 in=15872Hz out=16000Hz ring=976 under=0 over=0 (dt=999999us) loglag=121564us
18:14:14.822   pt[458]: min=-6836 max=7386 avg_abs=230 | fifo=1056 under=0 over=0 late=0 mdf_cb=14726 mdf_err=0
18:14:15.317   pt[459]: min=-7092 max=10330 avg_abs=498 | fifo=848 under=0 over=0 late=0 mdf_cb=14758 mdf_err=0
18:14:15.443 win  245 pos= 3763200  -32dBFS [#########...........] rms=  835 peak=10330 seam=ok lag=339us
18:14:15.443   -> clock_tick      p=0.99  preproc=69815us infer=40958us
18:14:15.694 in=16128Hz out=16000Hz ring=1104 under=0 over=0 (dt=999999us) loglag=121564us
18:14:15.819   pt[460]: min=-10840 max=11764 avg_abs=608 | fifo=1296 under=0 over=0 late=0 mdf_cb=14791 mdf_err=0
18:14:16.385   pt[461]: min=-618 max=672 avg_abs=165 | fifo=1088 under=0 over=0 late=0 mdf_cb=14823 mdf_err=0
18:14:16.391 win  246 pos= 3778560  -30dBFS [##########..........] rms= 1006 peak=11764 seam=ok lag=339us
18:14:16.400   -> clock_tick      p=0.92  preproc=69797us infer=40992us
18:14:16.711 in=16128Hz out=16400Hz ring=832 under=0 over=0 (dt=1000000us) loglag=121564us
18:14:16.838   pt[462]: min=-648 max=718 avg_abs=161 | fifo=1280 under=0 over=0 late=0 mdf_cb=14855 mdf_err=0
18:14:17.398   pt[463]: min=-640 max=642 avg_abs=169 | fifo=1072 under=0 over=0 late=0 mdf_cb=14887 mdf_err=0
18:14:17.398 win  247 pos= 3793920  -44dBFS [#####...............] rms=  214 peak=  718 seam=ok lag=338us
18:14:17.398   -> unknown         p=0.38  preproc=69827us infer=40973us
18:14:17.709 in=16128Hz out=16000Hz ring=960 under=0 over=0 (dt=1000000us) loglag=121564us
18:14:17.896   pt[464]: min=-544 max=520 avg_abs=142 | fifo=1264 under=0 over=0 late=0 mdf_cb=14919 mdf_err=0
18:14:18.332 win  248 pos= 3809280  -45dBFS [#####...............] rms=  182 peak=  654 seam=ok lag=340us
18:14:18.332   -> unknown         p=0.48  preproc=69819us infer=41032us
18:14:18.395   pt[465]: min=-572 max=666 avg_abs=155 | fifo=1056 under=0 over=0 late=0 mdf_cb=14951 mdf_err=0
18:14:18.708 in=16128Hz out=16000Hz ring=1088 under=0 over=0 (dt=999999us) loglag=121564us
18:14:18.897   pt[466]: min=-716 max=628 avg_abs=166 | fifo=1248 under=0 over=0 late=0 mdf_cb=14983 mdf_err=0
18:14:19.271 win  249 pos= 3824640  -44dBFS [#####...............] rms=  206 peak=  716 seam=ok lag=340us
18:14:19.271   -> unknown         p=0.39  preproc=69819us infer=40982us
18:14:19.277 ====================================
18:14:19.280 ====================================
18:14:19.284 TAP TOTAL win=249
18:14:19.285 ====================================
18:14:19.288 ====================================
18:14:19.292 tap total: windows=250 (expected 250 from 3842048 samples) overrun=0 torn=0 skipped=0 seam ok=249 NG=0
18:14:19.311   tap lag max=382us (0 of them lower bounds) | tap write max=7101ns avg=5325ns (15008 calls)
18:14:19.311   audio under=0 over=0 late=0 | aed run=250 err=0 (last er=0)
18:14:19.315   preproc max=69859us avg=69815us | infer max=41096us avg=40991us
18:14:19.321   notify out=30 held=152 offlist=68 gated=0 lat max=112913us (0 lower bounds)
18:14:19.328   log sent=1560 dropped=0 lag max=121564us
18:14:19.332 ====================================
18:14:19.335 ====================================
18:14:19.397   pt[467]: min=-712 max=658 avg_abs=177 | fifo=1040 under=0 over=0 late=0 mdf_cb=15015 mdf_err=0
18:14:19.777 in=16128Hz out=16000Hz ring=1216 under=0 over=0 (dt=999999us) loglag=121564us
18:14:19.898   pt[468]: min=-600 max=604 avg_abs=157 | fifo=1232 under=0 over=0 late=0 mdf_cb=15047 mdf_err=0
18:14:20.271 win  250 pos= 3840000  -44dBFS [#####...............] rms=  203 peak=  702 seam=ok lag=338us
18:14:20.271   -> unknown         p=0.23  preproc=69827us infer=40966us
18:14:20.459   pt[469]: min=-718 max=532 avg_abs=147 | fifo=1024 under=0 over=0 late=0 mdf_cb=15079 mdf_err=0
18:14:20.771 in=16128Hz out=16000Hz ring=1344 under=0 over=0 (dt=999999us) loglag=121564us
18:14:20.959   pt[470]: min=-682 max=592 avg_abs=154 | fifo=816 under=0 over=0 late=0 mdf_cb=15111 mdf_err=0
18:14:21.209 win  251 pos= 3855360  -44dBFS [#####...............] rms=  196 peak=  718 seam=ok lag=340us
18:14:21.209   -> unknown         p=0.37  preproc=69778us infer=40986us
18:14:21.458   pt[471]: min=-620 max=608 avg_abs=142 | fifo=1008 under=0 over=0 late=0 mdf_cb=15143 mdf_err=0
18:14:21.769 in=15872Hz out=16400Hz ring=816 under=0 over=0 (dt=1000000us) loglag=121564us
18:14:21.955   pt[472]: min=-718 max=612 avg_abs=144 | fifo=800 under=0 over=0 late=0 mdf_cb=15175 mdf_err=0
18:14:22.205 win  252 pos= 3870720  -45dBFS [#####...............] rms=  177 peak=  718 seam=ok lag=339us
18:14:22.205   -> unknown         p=0.36  preproc=69813us infer=40979us
18:14:22.516   pt[473]: min=-630 max=598 avg_abs=156 | fifo=992 under=0 over=0 late=0 mdf_cb=15207 mdf_err=0
18:14:22.779 in=16128Hz out=16000Hz ring=944 under=0 over=0 (dt=1000000us) loglag=121564us
18:14:23.031   pt[474]: min=-790 max=596 avg_abs=160 | fifo=1040 under=0 over=0 late=0 mdf_cb=15240 mdf_err=0
18:14:23.109 win  253 pos= 3886080  -44dBFS [#####...............] rms=  198 peak=  790 seam=ok lag=338us
18:14:23.113   -> unknown         p=0.27  preproc=69822us infer=41033us
18:14:23.514   pt[475]: min=-620 max=648 avg_abs=172 | fifo=1232 under=0 over=0 late=0 mdf_cb=15272 mdf_err=0
18:14:23.764 in=16128Hz out=16000Hz ring=1072 under=0 over=0 (dt=999999us) loglag=121564us
18:14:24.074   pt[476]: min=-682 max=650 avg_abs=172 | fifo=1024 under=0 over=0 late=0 mdf_cb=15304 mdf_err=0
18:14:24.074 win  254 pos= 3901440  -44dBFS [#####...............] rms=  216 peak=  682 seam=ok lag=343us
18:14:24.082   -> unknown         p=0.31  preproc=69845us infer=40978us
18:14:24.527   pt[477]: min=-586 max=642 avg_abs=159 | fifo=1216 under=0 over=0 late=0 mdf_cb=15336 mdf_err=0
18:14:24.778 in=16128Hz out=16400Hz ring=800 under=0 over=0 (dt=999999us) loglag=121564us
18:14:25.026 win  255 pos= 3916800  -44dBFS [#####...............] rms=  201 peak=  642 seam=ok lag=338us
18:14:25.033   -> unknown         p=0.32  preproc=69829us infer=40985us
18:14:25.038   pt[478]: min=-506 max=590 avg_abs=161 | fifo=1008 under=0 over=0 late=0 mdf_cb=15368 mdf_err=0
18:14:25.543   pt[479]: min=-530 max=712 avg_abs=140 | fifo=1200 under=0 over=0 late=0 mdf_cb=15400 mdf_err=0
18:14:25.808 in=16128Hz out=16000Hz ring=928 under=0 over=0 (dt=1000000us) loglag=121564us
18:14:25.996 win  256 pos= 3932160  -45dBFS [#####...............] rms=  183 peak=  712 seam=ok lag=338us
18:14:25.996   -> unknown         p=0.46  preproc=69770us infer=40984us
18:14:26.057   pt[480]: min=-652 max=574 avg_abs=156 | fifo=992 under=0 over=0 late=0 mdf_cb=15432 mdf_err=0
18:14:26.570   pt[481]: min=-702 max=766 avg_abs=180 | fifo=1184 under=0 over=0 late=0 mdf_cb=15464 mdf_err=0
18:14:26.821 in=16128Hz out=16000Hz ring=1056 under=0 over=0 (dt=999999us) loglag=121564us
18:14:27.009 win  257 pos= 3947520  -43dBFS [#####...............] rms=  222 peak=  766 seam=ok lag=338us
18:14:27.009   -> unknown         p=0.40  preproc=69820us infer=40978us
18:14:27.132   pt[482]: min=-600 max=742 avg_abs=177 | fifo=976 under=0 over=0 late=0 mdf_cb=15496 mdf_err=0
18:14:27.631   pt[483]: min=-770 max=848 avg_abs=197 | fifo=1168 under=0 over=0 late=0 mdf_cb=15528 mdf_err=0
18:14:27.819 in=16128Hz out=16000Hz ring=1184 under=0 over=0 (dt=1000000us) loglag=121564us
18:14:27.944 win  258 pos= 3962880  -43dBFS [#####...............] rms=  237 peak=  878 seam=ok lag=340us
18:14:27.944   -> clock_tick      p=0.75  preproc=69825us infer=41037us
18:14:28.146   pt[484]: min=-894 max=612 avg_abs=189 | fifo=960 under=0 over=0 late=0 mdf_cb=15560 mdf_err=0
18:14:28.650   pt[485]: min=-738 max=966 avg_abs=198 | fifo=1152 under=0 over=0 late=0 mdf_cb=15592 mdf_err=0
18:14:28.901 in=16128Hz out=16000Hz ring=1312 under=0 over=0 (dt=1000000us) loglag=121564us
18:14:28.901 win  259 pos= 3978240  -42dBFS [######..............] rms=  259 peak=  966 seam=ok lag=340us
18:14:28.901   -> unknown         p=0.48  preproc=69835us infer=40962us
18:14:28.901 ====================================
18:14:28.901 ====================================
18:14:28.901 TAP TOTAL win=259
18:14:28.901 ====================================
18:14:28.901 ====================================
18:14:28.901 tap total: windows=260 (expected 260 from 3995648 samples) overrun=0 torn=0 skipped=0 seam ok=259 NG=0
18:14:28.910   tap lag max=382us (0 of them lower bounds) | tap write max=8735ns avg=5325ns (15608 calls)
18:14:28.918   audio under=0 over=0 late=0 | aed run=260 err=0 (last er=0)
18:14:28.923   preproc max=69859us avg=69815us | infer max=41096us avg=40991us
18:14:28.930   notify out=30 held=161 offlist=69 gated=0 lat max=112913us (0 lower bounds)
18:14:28.936   log sent=1622 dropped=0 lag max=121564us
18:14:28.940 ====================================
18:14:28.943 ====================================
18:14:29.134   pt[486]: min=-766 max=778 avg_abs=222 | fifo=944 under=0 over=0 late=0 mdf_cb=15624 mdf_err=0
18:14:29.649   pt[487]: min=-32768 max=32767 avg_abs=1250 | fifo=736 under=0 over=0 late=0 mdf_cb=15656 mdf_err=0
18:14:29.838 in=16128Hz out=16400Hz ring=1040 under=0 over=0 (dt=999999us) loglag=121564us
18:14:29.838 {"win":260,"cls":"crackling_fire","p":0.91,"lat_ms":113,"under":0,"over":0,"late":0}
18:14:29.839 win  260 pos= 3993600  -19dBFS [#############.......] rms= 3476 peak=32768 seam=ok lag=339us
18:14:29.847   -> crackling_fire  p=0.91  preproc=69825us infer=40979us
18:14:30.165   pt[488]: min=-7304 max=4984 avg_abs=334 | fifo=928 under=0 over=0 late=0 mdf_cb=15688 mdf_err=0
18:14:30.792   pt[489]: min=-976 max=872 avg_abs=192 | fifo=976 under=0 over=0 late=0 mdf_cb=15721 mdf_err=0
18:14:30.793 in=15872Hz out=16000Hz ring=912 under=0 over=0 (dt=1000000us) loglag=121564us
18:14:30.800 win  261 pos= 4008960  -41dBFS [######..............] rms=  289 peak= 2348 seam=ok lag=339us
18:14:30.808   -> clock_tick      p=0.50  preproc=69765us infer=40983us
18:14:31.195   pt[490]: min=-632 max=760 avg_abs=181 | fifo=1168 under=0 over=0 late=0 mdf_cb=15753 mdf_err=0
18:14:31.757   pt[491]: min=-766 max=716 avg_abs=190 | fifo=960 under=0 over=0 late=0 mdf_cb=15785 mdf_err=0
18:14:31.757 win  262 pos= 4024320  -43dBFS [#####...............] rms=  227 peak=  760 seam=ok lag=338us
18:14:31.762   -> clock_tick      p=0.54  preproc=69839us infer=40962us
18:14:31.835 in=16128Hz out=16000Hz ring=1040 under=0 over=0 (dt=999999us) loglag=121564us
18:14:32.270   pt[492]: min=-738 max=632 avg_abs=160 | fifo=1152 under=0 over=0 late=0 mdf_cb=15817 mdf_err=0
18:14:32.709 win  263 pos= 4039680  -44dBFS [#####...............] rms=  203 peak=  766 seam=ok lag=339us
18:14:32.713   -> clock_tick      p=0.73  preproc=69825us infer=41035us
18:14:32.786   pt[493]: min=-576 max=692 avg_abs=163 | fifo=944 under=0 over=0 late=0 mdf_cb=15849 mdf_err=0
18:14:32.850 in=16128Hz out=16000Hz ring=1168 under=0 over=0 (dt=999999us) loglag=121564us
18:14:33.283   pt[494]: min=-730 max=798 avg_abs=193 | fifo=1136 under=0 over=0 late=0 mdf_cb=15881 mdf_err=0
18:14:33.721 win  264 pos= 4055040  -43dBFS [#####...............] rms=  238 peak=  798 seam=ok lag=341us
18:14:33.721   -> unknown         p=0.36  preproc=69824us infer=40982us
18:14:33.783   pt[495]: min=-538 max=742 avg_abs=174 | fifo=928 under=0 over=0 late=0 mdf_cb=15913 mdf_err=0
18:14:33.859 in=16128Hz out=16400Hz ring=896 under=0 over=0 (dt=1000000us) loglag=121564us
18:14:34.279   pt[496]: min=-566 max=728 avg_abs=161 | fifo=1120 under=0 over=0 late=0 mdf_cb=15945 mdf_err=0
18:14:34.655 win  265 pos= 4070400  -44dBFS [#####...............] rms=  196 peak=  728 seam=ok lag=339us
18:14:34.655   -> clock_tick      p=0.56  preproc=69816us infer=40965us
18:14:34.781   pt[497]: min=-714 max=718 avg_abs=165 | fifo=912 under=0 over=0 late=0 mdf_cb=15977 mdf_err=0
18:14:34.859 in=16128Hz out=16000Hz ring=1024 under=0 over=0 (dt=1000000us) loglag=121564us
18:14:35.328   pt[498]: min=-626 max=674 avg_abs=168 | fifo=1104 under=0 over=0 late=0 mdf_cb=16009 mdf_err=0
18:14:35.595 win  266 pos= 4085760  -44dBFS [#####...............] rms=  218 peak=  718 seam=ok lag=338us
18:14:35.595   -> clock_tick      p=0.55  preproc=69771us infer=40958us
18:14:35.847   pt[499]: min=-700 max=742 avg_abs=178 | fifo=896 under=0 over=0 late=0 mdf_cb=16041 mdf_err=0
18:14:35.847 in=16128Hz out=16000Hz ring=1152 under=0 over=0 (dt=1000000us) loglag=121564us
18:14:36.327   pt[500]: min=-734 max=1002 avg_abs=189 | fifo=1088 under=0 over=0 late=0 mdf_cb=16073 mdf_err=0
18:14:36.610 win  267 pos= 4101120  -43dBFS [#####...............] rms=  239 peak= 1002 seam=ok lag=339us
18:14:36.610   -> clock_tick      p=0.58  preproc=69821us infer=40984us
18:14:36.872 in=16128Hz out=16000Hz ring=1280 under=0 over=0 (dt=999999us) loglag=121564us
18:14:36.872   pt[501]: min=-732 max=724 avg_abs=180 | fifo=880 under=0 over=0 late=0 mdf_cb=16105 mdf_err=0
18:14:37.370   pt[502]: min=-904 max=764 avg_abs=185 | fifo=1328 under=0 over=0 late=0 mdf_cb=16138 mdf_err=0
18:14:37.558 win  268 pos= 4116480  -43dBFS [#####...............] rms=  242 peak=  956 seam=ok lag=339us
18:14:37.558   -> clock_tick      p=0.59  preproc=69820us infer=41035us
18:14:37.870 in=16128Hz out=16400Hz ring=1008 under=0 over=0 (dt=999999us) loglag=121564us
18:14:37.870   pt[503]: min=-782 max=956 avg_abs=224 | fifo=1120 under=0 over=0 late=0 mdf_cb=16170 mdf_err=0
18:14:38.490   pt[504]: min=-788 max=802 avg_abs=187 | fifo=1312 under=0 over=0 late=0 mdf_cb=16202 mdf_err=0
18:14:38.490 win  269 pos= 4131840  -42dBFS [######..............] rms=  250 peak=  952 seam=ok lag=338us
18:14:38.490   -> unknown         p=0.36  preproc=69843us infer=40983us
18:14:38.490 ====================================
18:14:38.491 ====================================
18:14:38.496 TAP TOTAL win=269
18:14:38.497 ====================================
18:14:38.501 ====================================
18:14:38.504 tap total: windows=270 (expected 270 from 4149248 samples) overrun=0 torn=0 skipped=0 seam ok=269 NG=0
18:14:38.570   tap lag max=382us (0 of them lower bounds) | tap write max=8735ns avg=5325ns (16208 calls)
18:14:38.570   audio under=0 over=0 late=0 | aed run=270 err=0 (last er=0)
18:14:38.570   preproc max=69859us avg=69815us | infer max=41096us avg=40991us
18:14:38.570   notify out=31 held=163 offlist=76 gated=0 lat max=112913us (0 lower bounds)
18:14:38.570   log sent=1684 dropped=0 lag max=121564us
18:14:38.570 ====================================
18:14:38.570 ====================================
18:14:38.882 in=16128Hz out=16000Hz ring=1136 under=0 over=0 (dt=1000000us) loglag=121564us
18:14:38.944   pt[505]: min=-778 max=768 avg_abs=204 | fifo=1104 under=0 over=0 late=0 mdf_cb=16234 mdf_err=0
18:14:39.443   pt[506]: min=-1234 max=946 avg_abs=224 | fifo=896 under=0 over=0 late=0 mdf_cb=16266 mdf_err=0
18:14:39.443 win  270 pos= 4147200  -42dBFS [######..............] rms=  270 peak= 1234 seam=ok lag=340us
18:14:39.444   -> clock_tick      p=0.72  preproc=69815us infer=40937us
18:14:39.882 in=15872Hz out=16000Hz ring=1008 under=0 over=0 (dt=1000000us) loglag=121564us
18:14:39.944   pt[507]: min=-718 max=656 avg_abs=199 | fifo=1088 under=0 over=0 late=0 mdf_cb=16298 mdf_err=0
18:14:40.442 win  271 pos= 4162560  -43dBFS [#####...............] rms=  238 peak=  778 seam=ok lag=335us
18:14:40.442   -> clock_tick      p=0.62  preproc=69770us infer=40982us
18:14:40.442   pt[508]: min=-744 max=872 avg_abs=193 | fifo=880 under=0 over=0 late=0 mdf_cb=16330 mdf_err=0
18:14:40.880 in=16128Hz out=16000Hz ring=1136 under=0 over=0 (dt=1000000us) loglag=121564us
18:14:40.942   pt[509]: min=-786 max=786 avg_abs=222 | fifo=1072 under=0 over=0 late=0 mdf_cb=16362 mdf_err=0
18:14:41.381 win  272 pos= 4177920  -41dBFS [######..............] rms=  285 peak=  908 seam=ok lag=337us
18:14:41.381   -> clock_tick      p=0.56  preproc=69818us infer=40982us
18:14:41.504   pt[510]: min=-740 max=908 avg_abs=233 | fifo=864 under=0 over=0 late=0 mdf_cb=16394 mdf_err=0
18:14:41.879 in=16128Hz out=16400Hz ring=864 under=0 over=0 (dt=1000000us) loglag=121564us
18:14:42.004   pt[511]: min=-842 max=924 avg_abs=263 | fifo=1056 under=0 over=0 late=0 mdf_cb=16426 mdf_err=0
18:14:42.320 win  273 pos= 4193280  -41dBFS [######..............] rms=  308 peak= 1010 seam=ok lag=338us
18:14:42.320   -> clock_tick      p=0.76  preproc=69810us infer=41032us
18:14:42.508   pt[512]: min=-1010 max=1014 avg_abs=245 | fifo=848 under=0 over=0 late=0 mdf_cb=16458 mdf_err=0
18:14:42.880 in=16128Hz out=16000Hz ring=992 under=0 over=0 (dt=1000000us) loglag=121564us
18:14:43.006   pt[513]: min=-956 max=1006 avg_abs=339 | fifo=1040 under=0 over=0 late=0 mdf_cb=16490 mdf_err=0
18:14:43.317 win  274 pos= 4208640  -39dBFS [#######.............] rms=  365 peak= 1014 seam=ok lag=337us
18:14:43.317   -> unknown         p=0.38  preproc=69836us infer=40982us
18:14:43.503   pt[514]: min=-6348 max=7996 avg_abs=393 | fifo=832 under=0 over=0 late=0 mdf_cb=16522 mdf_err=0
18:14:43.877 in=16128Hz out=16000Hz ring=1120 under=0 over=0 (dt=999999us) loglag=121564us
18:14:44.064   pt[515]: min=-31278 max=32767 avg_abs=1160 | fifo=1024 under=0 over=0 late=0 mdf_cb=16554 mdf_err=0
18:14:44.253 {"win":275,"cls":"crackling_fire","p":0.98,"lat_ms":113,"under":0,"over":0,"late":0}
18:14:44.253 win  275 pos= 4224000  -25dBFS [###########.........] rms= 1760 peak=32767 seam=ok lag=339us
18:14:44.253   -> crackling_fire  p=0.98  preproc=69832us infer=40986us
18:14:44.565   pt[516]: min=-32768 max=32767 avg_abs=1167 | fifo=816 under=0 over=0 late=0 mdf_cb=16586 mdf_err=0
18:14:44.907 in=16128Hz out=16000Hz ring=1248 under=0 over=0 (dt=1000000us) loglag=121564us
18:14:45.045   pt[517]: min=-24008 max=26558 avg_abs=1144 | fifo=1264 under=0 over=0 late=0 mdf_cb=16619 mdf_err=0
18:14:45.248 {"win":276,"cls":"crackling_fire","p":0.95,"lat_ms":113,"under":0,"over":0,"late":0}
18:14:45.248 win  276 pos= 4239360  -24dBFS [############........] rms= 2005 peak=32768 seam=ok lag=341us
18:14:45.248   -> crackling_fire  p=0.95  preproc=69771us infer=40987us
18:14:45.560   pt[518]: min=-32768 max=32767 avg_abs=1669 | fifo=1056 under=0 over=0 late=0 mdf_cb=16651 mdf_err=0
18:14:45.889 in=16128Hz out=16400Hz ring=976 under=0 over=0 (dt=1000000us) loglag=121564us
18:14:46.200   pt[519]: min=-23594 max=24256 avg_abs=1099 | fifo=1248 under=0 over=0 late=0 mdf_cb=16683 mdf_err=0
18:14:46.200 {"win":277,"cls":"crackling_fire","p":0.89,"lat_ms":113,"under":0,"over":0,"late":0}
18:14:46.200 win  277 pos= 4254720  -22dBFS [############........] rms= 2495 peak=32768 seam=ok lag=339us
18:14:46.200   -> crackling_fire  p=0.89  preproc=69840us infer=40980us
18:14:46.639   pt[520]: min=-32768 max=32767 avg_abs=707 | fifo=1040 under=0 over=0 late=0 mdf_cb=16715 mdf_err=0
18:14:46.886 in=16128Hz out=16000Hz ring=1104 under=0 over=0 (dt=999999us) loglag=121564us
18:14:47.150   pt[521]: min=-32768 max=32767 avg_abs=1204 | fifo=1232 under=0 over=0 late=0 mdf_cb=16747 mdf_err=0
18:14:47.150 {"win":278,"cls":"crackling_fire","p":0.96,"lat_ms":113,"under":0,"over":0,"late":0}
18:14:47.150 win  278 pos= 4270080  -25dBFS [###########.........] rms= 1948 peak=32768 seam=ok lag=339us
18:14:47.150   -> crackling_fire  p=0.96  preproc=69836us infer=41011us
18:14:47.650   pt[522]: min=-30628 max=32767 avg_abs=754 | fifo=1024 under=0 over=0 late=0 mdf_cb=16779 mdf_err=0
18:14:47.901 in=15872Hz out=16000Hz ring=976 under=0 over=0 (dt=999999us) loglag=121564us
18:14:48.088 {"win":279,"cls":"crackling_fire","p":0.99,"lat_ms":113,"under":0,"over":0,"late":0}
18:14:48.088 win  279 pos= 4285440  -28dBFS [##########..........] rms= 1287 peak=32767 seam=ok lag=338us
18:14:48.088   -> crackling_fire  p=0.99  preproc=69831us infer=40982us
18:14:48.090 ====================================
18:14:48.094 ====================================
18:14:48.096 TAP TOTAL win=279
18:14:48.097 ====================================
18:14:48.100 ====================================
18:14:48.104 tap total: windows=280 (expected 280 from 4302848 samples) overrun=0 torn=0 skipped=0 seam ok=279 NG=0
18:14:48.113   tap lag max=382us (0 of them lower bounds) | tap write max=8735ns avg=5325ns (16808 calls)
18:14:48.122   audio under=0 over=0 late=0 | aed run=280 err=0 (last er=0)
18:14:48.127   preproc max=69859us avg=69815us | infer max=41096us avg=40991us
18:14:48.198   notify out=36 held=164 offlist=80 gated=0 lat max=112913us (0 lower bounds)
18:14:48.198   log sent=1750 dropped=0 lag max=121564us
18:14:48.198 ====================================
18:14:48.198 ====================================
18:14:48.198   pt[523]: min=-1274 max=836 avg_abs=263 | fifo=1216 under=0 over=0 late=0 mdf_cb=16811 mdf_err=0
18:14:48.637   pt[524]: min=-1206 max=1424 avg_abs=283 | fifo=1008 under=0 over=0 late=0 mdf_cb=16843 mdf_err=0
18:14:48.902 in=16128Hz out=16000Hz ring=1104 under=0 over=0 (dt=1000000us) loglag=121564us
18:14:49.089 {"win":280,"cls":"crackling_fire","p":0.81,"lat_ms":113,"under":0,"over":0,"late":0}
18:14:49.089 win  280 pos= 4300800  -39dBFS [#######.............] rms=  347 peak= 1424 seam=ok lag=339us
18:14:49.089   -> crackling_fire  p=0.81  preproc=69822us infer=40983us
18:14:49.152   pt[525]: min=-1170 max=904 avg_abs=288 | fifo=1200 under=0 over=0 late=0 mdf_cb=16875 mdf_err=0
18:14:49.713   pt[526]: min=-868 max=802 avg_abs=235 | fifo=992 under=0 over=0 late=0 mdf_cb=16907 mdf_err=0
18:14:50.023 in=16128Hz out=16400Hz ring=832 under=0 over=0 (dt=1000000us) loglag=121564us
18:14:50.023 {"win":281,"cls":"unknown","p":0.45,"lat_ms":113,"under":0,"over":0,"late":0}
18:14:50.023 win  281 pos= 4316160  -40dBFS [######..............] rms=  322 peak= 1180 seam=ok lag=341us
18:14:50.023   -> unknown         p=0.45  preproc=69765us infer=40982us
18:14:50.211   pt[527]: min=-1230 max=1840 avg_abs=296 | fifo=1184 under=0 over=0 late=0 mdf_cb=16939 mdf_err=0
18:14:50.714   pt[528]: min=-2334 max=1032 avg_abs=321 | fifo=976 under=0 over=0 late=0 mdf_cb=16971 mdf_err=0
18:14:50.961 in=16128Hz out=16000Hz ring=960 under=0 over=0 (dt=1000000us) loglag=121564us
18:14:50.961 win  282 pos= 4331520  -38dBFS [#######.............] rms=  395 peak= 2334 seam=ok lag=339us
18:14:50.964   -> clock_tick      p=0.82  preproc=69826us infer=40988us
18:14:51.226   pt[529]: min=-1522 max=1218 avg_abs=341 | fifo=768 under=0 over=0 late=0 mdf_cb=17003 mdf_err=0
18:14:51.728   pt[530]: min=-980 max=1050 avg_abs=266 | fifo=960 under=0 over=0 late=0 mdf_cb=17035 mdf_err=0
18:14:51.914 win  283 pos= 4346880  -39dBFS [#######.............] rms=  373 peak= 1186 seam=ok lag=340us
18:14:51.918   -> unknown         p=0.44  preproc=69817us infer=41034us
18:14:51.922 in=16087Hz out=15959Hz ring=1088 under=0 over=0 (dt=1002527us) loglag=121564us
18:14:52.240   pt[531]: min=-816 max=1076 avg_abs=237 | fifo=752 under=0 over=0 late=0 mdf_cb=17067 mdf_err=0
18:14:52.798   pt[532]: min=-1160 max=1180 avg_abs=373 | fifo=1200 under=0 over=0 late=0 mdf_cb=17100 mdf_err=0
18:14:52.876 win  284 pos= 4362240  -39dBFS [#######.............] rms=  379 peak= 1180 seam=ok lag=338us
18:14:52.877   -> unknown         p=0.25  preproc=69817us infer=40962us
18:14:52.954 in=16168Hz out=16040Hz ring=1216 under=0 over=0 (dt=997470us) loglag=121564us
18:14:53.282   pt[533]: min=-966 max=936 avg_abs=307 | fifo=992 under=0 over=0 late=0 mdf_cb=17132 mdf_err=0
18:14:53.853   pt[534]: min=-1124 max=1234 avg_abs=389 | fifo=1184 under=0 over=0 late=0 mdf_cb=17164 mdf_err=0
18:14:53.853 win  285 pos= 4377600  -38dBFS [#######.............] rms=  413 peak= 1234 seam=ok lag=338us
18:14:53.853   -> unknown         p=0.27  preproc=69849us infer=40982us
18:14:53.987 in=16128Hz out=16400Hz ring=944 under=0 over=0 (dt=1000000us) loglag=121564us
18:14:54.300   pt[535]: min=-1080 max=1000 avg_abs=315 | fifo=976 under=0 over=0 late=0 mdf_cb=17196 mdf_err=0
18:14:54.798 win  286 pos= 4392960  -39dBFS [#######.............] rms=  359 peak= 1124 seam=ok lag=337us
18:14:54.798   -> clock_tick      p=0.55  preproc=69784us infer=40985us
18:14:54.803   pt[536]: min=-874 max=726 avg_abs=271 | fifo=1168 under=0 over=0 late=0 mdf_cb=17228 mdf_err=0
18:14:54.939 in=16128Hz out=16000Hz ring=1072 under=0 over=0 (dt=999999us) loglag=121564us
18:14:55.313   pt[537]: min=-1114 max=1278 avg_abs=382 | fifo=960 under=0 over=0 late=0 mdf_cb=17260 mdf_err=0
18:14:55.814 win  287 pos= 4408320  -37dBFS [#######.............] rms=  466 peak= 1408 seam=ok lag=338us
18:14:55.814   -> unknown         p=0.40  preproc=69810us infer=40983us
18:14:55.889   pt[538]: min=-1408 max=1052 avg_abs=404 | fifo=1152 under=0 over=0 late=0 mdf_cb=17292 mdf_err=0
18:14:55.951 in=16128Hz out=16000Hz ring=1200 under=0 over=0 (dt=1000000us) loglag=121564us
18:14:56.386   pt[539]: min=-968 max=1038 avg_abs=343 | fifo=944 under=0 over=0 late=0 mdf_cb=17324 mdf_err=0
18:14:56.763 win  288 pos= 4423680  -38dBFS [#######.............] rms=  411 peak= 1240 seam=ok lag=339us
18:14:56.763   -> unknown         p=0.30  preproc=69836us infer=41010us
18:14:56.886   pt[540]: min=-1240 max=1006 avg_abs=342 | fifo=1136 under=0 over=0 late=0 mdf_cb=17356 mdf_err=0
18:14:56.950 in=15872Hz out=16000Hz ring=1072 under=0 over=0 (dt=999999us) loglag=121564us
18:14:57.403   pt[541]: min=-1302 max=1294 avg_abs=499 | fifo=928 under=0 over=0 late=0 mdf_cb=17388 mdf_err=0
18:14:57.718 win  289 pos= 4439040  -35dBFS [########............] rms=  573 peak= 1492 seam=ok lag=339us
18:14:57.718   -> unknown         p=0.36  preproc=69824us infer=40963us
18:14:57.718 ====================================
18:14:57.718 ====================================
18:14:57.718 TAP TOTAL win=289
18:14:57.718 ====================================
18:14:57.718 ====================================
18:14:57.718 tap total: windows=290 (expected 290 from 4456448 samples) overrun=0 torn=0 skipped=0 seam ok=289 NG=0
18:14:57.718   tap lag max=382us (0 of them lower bounds) | tap write max=8735ns avg=5325ns (17408 calls)
18:14:57.718   audio under=0 over=0 late=0 | aed run=290 err=0 (last er=0)
18:14:57.721   preproc max=69859us avg=69815us | infer max=41096us avg=40991us
18:14:57.728   notify out=38 held=170 offlist=82 gated=0 lat max=112913us (0 lower bounds)
18:14:57.735   log sent=1813 dropped=0 lag max=121564us
18:14:57.738 ====================================
18:14:57.742 ====================================
18:14:57.873   pt[542]: min=-1608 max=1502 avg_abs=644 | fifo=1120 under=0 over=0 late=0 mdf_cb=17420 mdf_err=0
18:14:58.012 in=16128Hz out=16400Hz ring=800 under=0 over=0 (dt=999999us) loglag=121564us
18:14:58.446   pt[543]: min=-1370 max=1446 avg_abs=447 | fifo=912 under=0 over=0 late=0 mdf_cb=17452 mdf_err=0
18:14:58.634 win  290 pos= 4454400  -35dBFS [########............] rms=  599 peak= 1608 seam=ok lag=338us
18:14:58.639   -> clock_tick      p=0.75  preproc=69823us infer=40958us
18:14:58.900   pt[544]: min=-1250 max=1092 avg_abs=332 | fifo=1104 under=0 over=0 late=0 mdf_cb=17484 mdf_err=0
18:14:58.977 in=16128Hz out=16000Hz ring=928 under=0 over=0 (dt=999999us) loglag=121564us
18:14:59.416   pt[545]: min=-1046 max=1194 avg_abs=337 | fifo=896 under=0 over=0 late=0 mdf_cb=17516 mdf_err=0
18:14:59.617 win  291 pos= 4469760  -38dBFS [#######.............] rms=  399 peak= 1194 seam=ok lag=340us
18:14:59.617   -> unknown         p=0.36  preproc=69774us infer=40990us
18:14:59.930   pt[546]: min=-32768 max=32767 avg_abs=13362 | fifo=1344 under=0 over=0 late=0 mdf_cb=17549 mdf_err=0
18:14:59.991 in=16128Hz out=16000Hz ring=1056 under=0 over=0 (dt=999999us) loglag=121564us
18:15:00.551   pt[547]: min=-32768 max=32767 avg_abs=13016 | fifo=1136 under=0 over=0 late=0 mdf_cb=17581 mdf_err=0
18:15:00.560 win  292 pos= 4485120   -5dBFS [##################..] rms=19055 peak=32768 seam=ok lag=338us
18:15:00.567   -> clock_tick      p=0.83  preproc=69806us infer=40982us
18:15:01.006   pt[548]: min=-32768 max=32767 avg_abs=4239 | fifo=928 under=0 over=0 late=0 mdf_cb=17613 mdf_err=0
18:15:01.006 in=16128Hz out=16000Hz ring=1184 under=0 over=0 (dt=1000000us) loglag=121564us
18:15:01.570   pt[549]: min=-918 max=972 avg_abs=303 | fifo=1120 under=0 over=0 late=0 mdf_cb=17645 mdf_err=0
18:15:01.570 {"win":293,"cls":"sneezing","p":0.72,"lat_ms":113,"under":0,"over":0,"late":0}
18:15:01.570 win  293 pos= 4500480  -14dBFS [###############.....] rms= 6689 peak=32768 seam=ok lag=339us
18:15:01.570   -> sneezing        p=0.72  preproc=69836us infer=41030us
18:15:02.006 in=16128Hz out=16400Hz ring=912 under=0 over=0 (dt=999999us) loglag=121564us
18:15:02.006   pt[550]: min=-1242 max=986 avg_abs=319 | fifo=912 under=0 over=0 late=0 mdf_cb=17677 mdf_err=0
18:15:02.503 {"win":294,"cls":"unknown","p":0.34,"lat_ms":113,"under":0,"over":0,"late":0}
18:15:02.503 win  294 pos= 4515840  -39dBFS [#######.............] rms=  365 peak= 1242 seam=ok lag=338us
18:15:02.503   -> unknown         p=0.34  preproc=69817us infer=40961us
18:15:02.503   pt[551]: min=-858 max=1096 avg_abs=301 | fifo=1104 under=0 over=0 late=0 mdf_cb=17709 mdf_err=0
18:15:03.004 in=16128Hz out=16000Hz ring=1040 under=0 over=0 (dt=999999us) loglag=121564us
18:15:03.004   pt[552]: min=-1190 max=1174 avg_abs=392 | fifo=896 under=0 over=0 late=0 mdf_cb=17741 mdf_err=0
18:15:03.441 win  295 pos= 4531200  -37dBFS [#######.............] rms=  458 peak= 1190 seam=ok lag=337us
18:15:03.441   -> unknown         p=0.28  preproc=69828us infer=40984us
18:15:03.566   pt[553]: min=-1138 max=1238 avg_abs=444 | fifo=1088 under=0 over=0 late=0 mdf_cb=17773 mdf_err=0
18:15:04.003 in=16128Hz out=16000Hz ring=1168 under=0 over=0 (dt=1000000us) loglag=121564us
18:15:04.065   pt[554]: min=-1136 max=1002 avg_abs=375 | fifo=880 under=0 over=0 late=0 mdf_cb=17805 mdf_err=0
18:15:04.439 win  296 pos= 4546560  -37dBFS [#######.............] rms=  477 peak= 1238 seam=ok lag=341us
18:15:04.439   -> unknown         p=0.25  preproc=69769us infer=40982us
18:15:04.564   pt[555]: min=-896 max=984 avg_abs=367 | fifo=1072 under=0 over=0 late=0 mdf_cb=17837 mdf_err=0
18:15:05.002 in=15872Hz out=16000Hz ring=1040 under=0 over=0 (dt=999999us) loglag=121564us
18:15:05.064   pt[556]: min=-1318 max=1296 avg_abs=444 | fifo=864 under=0 over=0 late=0 mdf_cb=17869 mdf_err=0
18:15:05.392 win  297 pos= 4561920  -37dBFS [#######.............] rms=  484 peak= 1318 seam=ok lag=338us
18:15:05.392   -> unknown         p=0.38  preproc=69814us infer=40981us
18:15:05.580   pt[557]: min=-1164 max=1228 avg_abs=442 | fifo=1056 under=0 over=0 late=0 mdf_cb=17901 mdf_err=0
18:15:06.031 in=16128Hz out=16000Hz ring=1168 under=0 over=0 (dt=1000000us) loglag=121564us
18:15:06.109   pt[558]: min=-1002 max=1192 avg_abs=327 | fifo=848 under=0 over=0 late=0 mdf_cb=17933 mdf_err=0
18:15:06.375 win  298 pos= 4577280  -37dBFS [#######.............] rms=  441 peak= 1228 seam=ok lag=338us
18:15:06.375   -> unknown         p=0.30  preproc=69838us infer=41031us
18:15:06.640   pt[559]: min=-1104 max=1006 avg_abs=379 | fifo=1040 under=0 over=0 late=0 mdf_cb=17965 mdf_err=0
18:15:07.047 in=16128Hz out=16400Hz ring=896 under=0 over=0 (dt=999999us) loglag=121564us
18:15:07.124   pt[560]: min=-992 max=1148 avg_abs=359 | fifo=832 under=0 over=0 late=0 mdf_cb=17997 mdf_err=0
18:15:07.311 win  299 pos= 4592640  -38dBFS [#######.............] rms=  430 peak= 1148 seam=ok lag=339us
18:15:07.311   -> unknown         p=0.34  preproc=69815us infer=40980us
18:15:07.311 ====================================
18:15:07.311 ====================================
18:15:07.311 TAP TOTAL win=299
18:15:07.311 ====================================
18:15:07.311 ====================================
18:15:07.311 tap total: windows=300 (expected 300 from 4610048 samples) overrun=0 torn=0 skipped=0 seam ok=299 NG=0
18:15:07.311   tap lag max=382us (0 of them lower bounds) | tap write max=8735ns avg=5325ns (18008 calls)
18:15:07.318   audio under=0 over=0 late=0 | aed run=300 err=0 (last er=0)
18:15:07.323   preproc max=69859us avg=69815us | infer max=41096us avg=40991us
18:15:07.329   notify out=40 held=176 offlist=84 gated=0 lat max=112914us (0 lower bounds)
18:15:07.336   log sent=1877 dropped=0 lag max=121564us
18:15:07.340 ====================================
18:15:07.343 ====================================
18:15:07.671   pt[561]: min=-1168 max=946 avg_abs=345 | fifo=1024 under=0 over=0 late=0 mdf_cb=18029 mdf_err=0
18:15:08.061 in=16128Hz out=16000Hz ring=1024 under=0 over=0 (dt=1000000us) loglag=121564us
18:15:08.248   pt[562]: min=-988 max=1208 avg_abs=379 | fifo=1072 under=0 over=0 late=0 mdf_cb=18062 mdf_err=0
18:15:08.248 win  300 pos= 4608000  -37dBFS [#######.............] rms=  439 peak= 1208 seam=ok lag=339us
18:15:08.249   -> unknown         p=0.42  preproc=69848us infer=40984us
18:15:08.699   pt[563]: min=-938 max=858 avg_abs=301 | fifo=1264 under=0 over=0 late=0 mdf_cb=18094 mdf_err=0
18:15:09.075 in=16128Hz out=16000Hz ring=1152 under=0 over=0 (dt=999999us) loglag=121564us
18:15:09.200   pt[564]: min=-810 max=774 avg_abs=234 | fifo=1056 under=0 over=0 late=0 mdf_cb=18126 mdf_err=0
18:15:09.201 win  301 pos= 4623360  -40dBFS [######..............] rms=  334 peak=  988 seam=ok lag=338us
18:15:09.209   -> unknown         p=0.36  preproc=69760us infer=40982us
18:15:09.734   pt[565]: min=-682 max=690 avg_abs=203 | fifo=1248 under=0 over=0 late=0 mdf_cb=18158 mdf_err=0
18:15:10.076 in=16128Hz out=16000Hz ring=1280 under=0 over=0 (dt=999999us) loglag=121564us
18:15:10.203 win  302 pos= 4638720  -43dBFS [#####...............] rms=  239 peak=  720 seam=ok lag=338us
18:15:10.203   -> unknown         p=0.23  preproc=69824us infer=40950us
18:15:10.203   pt[566]: min=-684 max=718 avg_abs=170 | fifo=1040 under=0 over=0 late=0 mdf_cb=18190 mdf_err=0
18:15:10.715   pt[567]: min=-634 max=812 avg_abs=174 | fifo=1232 under=0 over=0 late=0 mdf_cb=18222 mdf_err=0
18:15:11.152 in=16128Hz out=16400Hz ring=1008 under=0 over=0 (dt=1000000us) loglag=121564us
18:15:11.152 win  303 pos= 4654080  -44dBFS [#####...............] rms=  205 peak=  812 seam=ok lag=336us
18:15:11.152   -> clock_tick      p=0.53  preproc=69840us infer=41036us
18:15:11.215   pt[568]: min=-564 max=576 avg_abs=160 | fifo=1024 under=0 over=0 late=0 mdf_cb=18254 mdf_err=0
18:15:11.727   pt[569]: min=-756 max=870 avg_abs=182 | fifo=1216 under=0 over=0 late=0 mdf_cb=18286 mdf_err=0
18:15:12.101 in=15872Hz out=16000Hz ring=880 under=0 over=0 (dt=1000000us) loglag=121564us
18:15:12.101 win  304 pos= 4669440  -43dBFS [#####...............] rms=  220 peak=  870 seam=ok lag=338us
18:15:12.101   -> clock_tick      p=0.51  preproc=69830us infer=40981us
18:15:12.286   pt[570]: min=-648 max=690 avg_abs=158 | fifo=1008 under=0 over=0 late=0 mdf_cb=18318 mdf_err=0
18:15:12.797   pt[571]: min=-652 max=652 avg_abs=200 | fifo=1200 under=0 over=0 late=0 mdf_cb=18350 mdf_err=0
18:15:13.095 win  305 pos= 4684800  -43dBFS [#####...............] rms=  231 peak=  712 seam=ok lag=340us
18:15:13.095   -> unknown         p=0.23  preproc=69822us infer=40984us
18:15:13.095 in=16076Hz out=15949Hz ring=1008 under=0 over=0 (dt=1003175us) loglag=121564us
18:15:13.299   pt[572]: min=-736 max=714 avg_abs=212 | fifo=992 under=0 over=0 late=0 mdf_cb=18382 mdf_err=0
18:15:13.783   pt[573]: min=-736 max=778 avg_abs=199 | fifo=1184 under=0 over=0 late=0 mdf_cb=18414 mdf_err=0
18:15:13.999 win  306 pos= 4700160  -42dBFS [######..............] rms=  254 peak=  778 seam=ok lag=337us
18:15:14.000   -> unknown         p=0.38  preproc=69773us infer=40988us
18:15:14.077 in=16179Hz out=16050Hz ring=1136 under=0 over=0 (dt=996823us) loglag=121564us
18:15:14.341   pt[574]: min=-936 max=1024 avg_abs=226 | fifo=976 under=0 over=0 late=0 mdf_cb=18446 mdf_err=0
18:15:14.841   pt[575]: min=-4174 max=3940 avg_abs=300 | fifo=768 under=0 over=0 late=0 mdf_cb=18478 mdf_err=0
18:15:14.966 win  307 pos= 4715520  -38dBFS [#######.............] rms=  398 peak= 4174 seam=ok lag=338us
18:15:14.966   -> unknown         p=0.45  preproc=69825us infer=40982us
18:15:15.091 in=16128Hz out=16400Hz ring=864 under=0 over=0 (dt=1000000us) loglag=121564us
18:15:15.344   pt[576]: min=-1484 max=1316 avg_abs=359 | fifo=960 under=0 over=0 late=0 mdf_cb=18510 mdf_err=0
18:15:15.924   pt[577]: min=-1002 max=1522 avg_abs=289 | fifo=752 under=0 over=0 late=0 mdf_cb=18542 mdf_err=0
18:15:15.924 win  308 pos= 4730880  -38dBFS [#######.............] rms=  407 peak= 1522 seam=ok lag=340us
18:15:15.931   -> clock_tick      p=0.58  preproc=69839us infer=41030us
18:15:16.063 in=16128Hz out=16000Hz ring=992 under=0 over=0 (dt=999999us) loglag=121564us
18:15:16.376   pt[578]: min=-1646 max=1690 avg_abs=404 | fifo=1200 under=0 over=0 late=0 mdf_cb=18575 mdf_err=0
18:15:16.891   pt[579]: min=-1986 max=2300 avg_abs=359 | fifo=992 under=0 over=0 late=0 mdf_cb=18607 mdf_err=0
18:15:16.891 win  309 pos= 4746240  -37dBFS [#######.............] rms=  447 peak= 1690 seam=ok lag=337us
18:15:16.891   -> unknown         p=0.30  preproc=69818us infer=40980us
18:15:16.896 ====================================
18:15:16.899 ====================================
18:15:16.902 TAP TOTAL win=309
18:15:16.903 ====================================
18:15:16.908 ====================================
18:15:16.911 tap total: windows=310 (expected 310 from 4763648 samples) overrun=0 torn=0 skipped=0 seam ok=309 NG=0
18:15:16.920   tap lag max=382us (0 of them lower bounds) | tap write max=8735ns avg=5325ns (18608 calls)
18:15:16.928   audio under=0 over=0 late=0 | aed run=310 err=0 (last er=0)
18:15:16.934   preproc max=69859us avg=69815us | infer max=41096us avg=40991us
18:15:16.940   notify out=40 held=183 offlist=87 gated=0 lat max=112914us (0 lower bounds)
18:15:16.946   log sent=1938 dropped=0 lag max=121564us
18:15:16.950 ====================================
18:15:16.953 ====================================
18:15:17.082 in=16128Hz out=16000Hz ring=1120 under=0 over=0 (dt=1000000us) loglag=121564us
18:15:17.394   pt[580]: min=-2548 max=2148 avg_abs=594 | fifo=1184 under=0 over=0 late=0 mdf_cb=18639 mdf_err=0
18:15:17.861 win  310 pos= 4761600  -34dBFS [########............] rms=  671 peak= 2548 seam=ok lag=337us
18:15:17.861   -> clock_tick      p=0.78  preproc=69810us infer=40989us
18:15:17.923   pt[581]: min=-1288 max=1364 avg_abs=320 | fifo=976 under=0 over=0 late=0 mdf_cb=18671 mdf_err=0
18:15:18.141 in=16128Hz out=16000Hz ring=1248 under=0 over=0 (dt=999999us) loglag=121564us
18:15:18.453   pt[582]: min=-1754 max=1682 avg_abs=450 | fifo=1168 under=0 over=0 late=0 mdf_cb=18703 mdf_err=0
18:15:18.813 win  311 pos= 4776960  -37dBFS [#######.............] rms=  485 peak= 1754 seam=ok lag=337us
18:15:18.813   -> unknown         p=0.30  preproc=69765us infer=40985us
18:15:18.954   pt[583]: min=-920 max=800 avg_abs=216 | fifo=960 under=0 over=0 late=0 mdf_cb=18735 mdf_err=0
18:15:19.092 in=16128Hz out=16400Hz ring=976 under=0 over=0 (dt=1000000us) loglag=121564us
18:15:19.501   pt[584]: min=-588 max=662 avg_abs=164 | fifo=1152 under=0 over=0 late=0 mdf_cb=18767 mdf_err=0
18:15:19.780 win  312 pos= 4792320  -44dBFS [#####...............] rms=  215 peak=  694 seam=ok lag=339us
18:15:19.780   -> unknown         p=0.25  preproc=69827us infer=40979us
18:15:19.965   pt[585]: min=-792 max=762 avg_abs=188 | fifo=944 under=0 over=0 late=0 mdf_cb=18799 mdf_err=0
18:15:20.089 in=15872Hz out=16000Hz ring=848 under=0 over=0 (dt=999999us) loglag=121564us
18:15:20.481   pt[586]: min=-730 max=888 avg_abs=197 | fifo=1136 under=0 over=0 late=0 mdf_cb=18831 mdf_err=0
18:15:20.729 win  313 pos= 4807680  -42dBFS [######..............] rms=  250 peak=  888 seam=ok lag=341us
18:15:20.729   -> unknown         p=0.29  preproc=69833us infer=41034us
18:15:20.981   pt[587]: min=-1922 max=1304 avg_abs=197 | fifo=928 under=0 over=0 late=0 mdf_cb=18863 mdf_err=0
18:15:21.104 in=16128Hz out=16000Hz ring=976 under=0 over=0 (dt=1000000us) loglag=121564us
18:15:21.495   pt[588]: min=-796 max=1802 avg_abs=201 | fifo=1120 under=0 over=0 late=0 mdf_cb=18895 mdf_err=0
18:15:21.681 win  314 pos= 4823040  -42dBFS [######..............] rms=  251 peak= 1922 seam=ok lag=337us
18:15:21.682   -> clock_tick      p=0.87  preproc=69823us infer=40968us
18:15:21.996   pt[589]: min=-1398 max=2424 avg_abs=176 | fifo=912 under=0 over=0 late=0 mdf_cb=18927 mdf_err=0
18:15:22.120 in=16128Hz out=16000Hz ring=1104 under=0 over=0 (dt=1000000us) loglag=121564us
18:15:22.554   pt[590]: min=-756 max=844 avg_abs=187 | fifo=1104 under=0 over=0 late=0 mdf_cb=18959 mdf_err=0
18:15:22.678 win  315 pos= 4838400  -43dBFS [#####...............] rms=  230 peak= 2424 seam=ok lag=339us
18:15:22.678   -> clock_tick      p=0.95  preproc=69823us infer=40980us
18:15:23.052   pt[591]: min=-682 max=740 avg_abs=170 | fifo=896 under=0 over=0 late=0 mdf_cb=18991 mdf_err=0
18:15:23.114 in=16128Hz out=16400Hz ring=832 under=0 over=0 (dt=1000000us) loglag=121564us
18:15:23.616   pt[592]: min=-732 max=600 avg_abs=177 | fifo=1344 under=0 over=0 late=0 mdf_cb=19024 mdf_err=0
18:15:23.616 win  316 pos= 4853760  -43dBFS [#####...............] rms=  223 peak=  740 seam=ok lag=339us
18:15:23.616   -> unknown         p=0.34  preproc=69788us infer=40982us
18:15:24.049   pt[593]: min=-604 max=698 avg_abs=179 | fifo=1136 under=0 over=0 late=0 mdf_cb=19056 mdf_err=0
18:15:24.176 in=16128Hz out=16000Hz ring=960 under=0 over=0 (dt=999999us) loglag=121564us
18:15:24.615 win  317 pos= 4869120  -42dBFS [######..............] rms=  259 peak=  974 seam=ok lag=338us
18:15:24.615   -> unknown         p=0.31  preproc=69818us infer=40979us
18:15:24.615   pt[594]: min=-870 max=974 avg_abs=229 | fifo=928 under=0 over=0 late=0 mdf_cb=19088 mdf_err=0
18:15:25.118   pt[595]: min=-768 max=1034 avg_abs=214 | fifo=1120 under=0 over=0 late=0 mdf_cb=19120 mdf_err=0
18:15:25.120 in=16128Hz out=16000Hz ring=1088 under=0 over=0 (dt=1000000us) loglag=121564us
18:15:25.567 win  318 pos= 4884480  -42dBFS [######..............] rms=  254 peak= 1034 seam=ok lag=337us
18:15:25.567   -> unknown         p=0.25  preproc=69834us infer=41023us
18:15:25.629   pt[596]: min=-876 max=1024 avg_abs=192 | fifo=912 under=0 over=0 late=0 mdf_cb=19152 mdf_err=0
18:15:26.127   pt[597]: min=-844 max=776 avg_abs=191 | fifo=1104 under=0 over=0 late=0 mdf_cb=19184 mdf_err=0
18:15:26.127 in=16128Hz out=16000Hz ring=1216 under=0 over=0 (dt=1000000us) loglag=121564us
18:15:26.500 win  319 pos= 4899840  -43dBFS [#####...............] rms=  242 peak=  844 seam=ok lag=338us
18:15:26.500   -> clock_tick      p=0.74  preproc=69825us infer=40987us
18:15:26.500 ====================================
18:15:26.500 ====================================
18:15:26.500 TAP TOTAL win=319
18:15:26.500 ====================================
18:15:26.502 ====================================
18:15:26.504 tap total: windows=320 (expected 320 from 4917248 samples) overrun=0 torn=0 skipped=0 seam ok=319 NG=0
18:15:26.513   tap lag max=382us (0 of them lower bounds) | tap write max=8735ns avg=5325ns (19208 calls)
18:15:26.522   audio under=0 over=0 late=0 | aed run=320 err=0 (last er=0)
18:15:26.527   preproc max=69859us avg=69815us | infer max=41096us avg=40991us
18:15:26.532   notify out=40 held=189 offlist=91 gated=0 lat max=112914us (0 lower bounds)
18:15:26.539   log sent=1999 dropped=0 lag max=121564us
18:15:26.544 ====================================
18:15:26.546 ====================================
18:15:26.624   pt[598]: min=-762 max=750 avg_abs=171 | fifo=896 under=0 over=0 late=0 mdf_cb=19216 mdf_err=0
18:15:27.171   pt[599]: min=-696 max=818 avg_abs=193 | fifo=1088 under=0 over=0 late=0 mdf_cb=19248 mdf_err=0
18:15:27.171 in=16128Hz out=16400Hz ring=944 under=0 over=0 (dt=999999us) loglag=121564us
18:15:27.438 win  320 pos= 4915200  -43dBFS [#####...............] rms=  223 peak=  818 seam=ok lag=339us
18:15:27.444   -> clock_tick      p=0.55  preproc=69814us infer=40960us
18:15:27.640   pt[600]: min=-708 max=792 avg_abs=201 | fifo=880 under=0 over=0 late=0 mdf_cb=19280 mdf_err=0
18:15:28.151 in=15872Hz out=16000Hz ring=816 under=0 over=0 (dt=999999us) loglag=121564us
18:15:28.151   pt[601]: min=-966 max=862 avg_abs=198 | fifo=1072 under=0 over=0 late=0 mdf_cb=19312 mdf_err=0
18:15:28.400 win  321 pos= 4930560  -42dBFS [######..............] rms=  262 peak=  966 seam=ok lag=338us
18:15:28.404   -> unknown         p=0.31  preproc=69773us infer=40982us
18:15:28.667   pt[602]: min=-932 max=894 avg_abs=212 | fifo=864 under=0 over=0 late=0 mdf_cb=19344 mdf_err=0
18:15:29.166 in=16128Hz out=16000Hz ring=944 under=0 over=0 (dt=999999us) loglag=121564us
18:15:29.230   pt[603]: min=-660 max=740 avg_abs=181 | fifo=1056 under=0 over=0 late=0 mdf_cb=19376 mdf_err=0
18:15:29.415 win  322 pos= 4945920  -43dBFS [#####...............] rms=  241 peak=  932 seam=ok lag=338us
18:15:29.415   -> unknown         p=0.32  preproc=69825us infer=40988us
18:15:29.727   pt[604]: min=-626 max=718 avg_abs=142 | fifo=848 under=0 over=0 late=0 mdf_cb=19408 mdf_err=0
18:15:30.161 in=16128Hz out=16000Hz ring=1072 under=0 over=0 (dt=1000000us) loglag=121564us
18:15:30.224   pt[605]: min=-986 max=958 avg_abs=194 | fifo=1040 under=0 over=0 late=0 mdf_cb=19440 mdf_err=0
18:15:30.349 win  323 pos= 4961280  -43dBFS [#####...............] rms=  226 peak=  986 seam=ok lag=382us
18:15:30.349   -> unknown         p=0.30  preproc=69776us infer=40981us
18:15:30.724   pt[606]: min=-774 max=602 avg_abs=205 | fifo=832 under=0 over=0 late=0 mdf_cb=19472 mdf_err=0
18:15:31.160 in=16128Hz out=16000Hz ring=1200 under=0 over=0 (dt=1000000us) loglag=121564us
18:15:31.284   pt[607]: min=-800 max=786 avg_abs=222 | fifo=1280 under=0 over=0 late=0 mdf_cb=19505 mdf_err=0
18:15:31.286 win  324 pos= 4976640  -42dBFS [######..............] rms=  261 peak=  800 seam=ok lag=339us
18:15:31.294   -> unknown         p=0.44  preproc=69838us infer=40983us
18:15:31.802   pt[608]: min=-996 max=884 avg_abs=205 | fifo=1072 under=0 over=0 late=0 mdf_cb=19537 mdf_err=0
18:15:32.251 in=16128Hz out=16400Hz ring=928 under=0 over=0 (dt=1000000us) loglag=121564us
18:15:32.251 win  325 pos= 4992000  -42dBFS [######..............] rms=  260 peak=  996 seam=ok lag=337us
18:15:32.251   -> unknown         p=0.27  preproc=69839us infer=40983us
18:15:32.257   pt[609]: min=-632 max=708 avg_abs=208 | fifo=1264 under=0 over=0 late=0 mdf_cb=19569 mdf_err=0
18:15:32.771   pt[610]: min=-868 max=966 avg_abs=229 | fifo=1056 under=0 over=0 late=0 mdf_cb=19601 mdf_err=0
18:15:33.212 in=16128Hz out=16000Hz ring=1056 under=0 over=0 (dt=1000000us) loglag=121564us
18:15:33.212 {"win":326,"cls":"crackling_fire","p":0.70,"lat_ms":113,"under":0,"over":0,"late":0}
18:15:33.212 win  326 pos= 5007360  -24dBFS [############........] rms= 2097 peak=32768 seam=ok lag=339us
18:15:33.218   -> crackling_fire  p=0.70  preproc=69770us infer=40990us
18:15:33.289   pt[611]: min=-32768 max=32767 avg_abs=955 | fifo=1248 under=0 over=0 late=0 mdf_cb=19633 mdf_err=0
18:15:33.853   pt[612]: min=-1522 max=1120 avg_abs=290 | fifo=1040 under=0 over=0 late=0 mdf_cb=19665 mdf_err=0
18:15:34.164 {"win":327,"cls":"unknown","p":0.41,"lat_ms":113,"under":0,"over":0,"late":0}
18:15:34.164 win  327 pos= 5022720  -33dBFS [#########...........] rms=  696 peak= 6462 seam=ok lag=337us
18:15:34.172   -> unknown         p=0.41  preproc=69822us infer=40979us
18:15:34.176 in=16096Hz out=15969Hz ring=1184 under=0 over=0 (dt=1001939us) loglag=121564us
18:15:34.306   pt[613]: min=-4536 max=5910 avg_abs=250 | fifo=1232 under=0 over=0 late=0 mdf_cb=19697 mdf_err=0
18:15:34.823   pt[614]: min=-32768 max=32767 avg_abs=1583 | fifo=1024 under=0 over=0 late=0 mdf_cb=19729 mdf_err=0
18:15:35.129 win  328 pos= 5038080  -19dBFS [#############.......] rms= 3499 peak=32768 seam=ok lag=339us
18:15:35.129   -> clock_tick      p=0.59  preproc=69827us infer=41031us
18:15:35.192 in=16159Hz out=16031Hz ring=1312 under=0 over=0 (dt=998058us) loglag=121564us
18:15:35.379   pt[615]: min=-1900 max=958 avg_abs=208 | fifo=1216 under=0 over=0 late=0 mdf_cb=19761 mdf_err=0
18:15:35.879   pt[616]: min=-898 max=966 avg_abs=195 | fifo=1008 under=0 over=0 late=0 mdf_cb=19793 mdf_err=0
18:15:36.130 win  329 pos= 5053440  -42dBFS [######..............] rms=  269 peak= 1900 seam=ok lag=339us
18:15:36.130   -> clock_tick      p=0.51  preproc=69829us infer=40983us
18:15:36.130 ====================================
18:15:36.130 ====================================
18:15:36.130 TAP TOTAL win=329
18:15:36.130 ====================================
18:15:36.130 ====================================
18:15:36.130 tap total: windows=330 (expected 330 from 5070848 samples) overrun=0 torn=0 skipped=0 seam ok=329 NG=0
18:15:36.130   tap lag max=382us (0 of them lower bounds) | tap write max=8735ns avg=5325ns (19808 calls)
18:15:36.130   audio under=0 over=0 late=0 | aed run=330 err=0 (last er=0)
18:15:36.130   preproc max=69859us avg=69815us | infer max=41096us avg=40990us
18:15:36.135   notify out=42 held=194 offlist=94 gated=0 lat max=112914us (0 lower bounds)
18:15:36.142   log sent=2062 dropped=0 lag max=121564us
18:15:36.145 ====================================
18:15:36.148 ====================================
18:15:36.208 in=15872Hz out=16400Hz ring=784 under=0 over=0 (dt=999999us) loglag=121564us
18:15:36.396   pt[617]: min=-590 max=770 avg_abs=157 | fifo=800 under=0 over=0 late=0 mdf_cb=19825 mdf_err=0
18:15:36.897   pt[618]: min=-578 max=624 avg_abs=158 | fifo=992 under=0 over=0 late=0 mdf_cb=19857 mdf_err=0
18:15:37.082 win  330 pos= 5068800  -44dBFS [#####...............] rms=  200 peak=  770 seam=ok lag=339us
18:15:37.082   -> unknown         p=0.42  preproc=69828us infer=40981us
18:15:37.206 in=16128Hz out=16000Hz ring=912 under=0 over=0 (dt=999999us) loglag=121564us
18:15:37.392   pt[619]: min=-608 max=700 avg_abs=177 | fifo=784 under=0 over=0 late=0 mdf_cb=19889 mdf_err=0
18:15:38.030   pt[620]: min=-640 max=772 avg_abs=190 | fifo=976 under=0 over=0 late=0 mdf_cb=19921 mdf_err=0
18:15:38.030 win  331 pos= 5084160  -43dBFS [#####...............] rms=  229 peak=  772 seam=ok lag=339us
18:15:38.030   -> unknown         p=0.34  preproc=69795us infer=40984us
18:15:38.217 in=16128Hz out=16000Hz ring=1040 under=0 over=0 (dt=1000000us) loglag=121564us
18:15:38.469   pt[621]: min=-786 max=760 avg_abs=187 | fifo=768 under=0 over=0 late=0 mdf_cb=19953 mdf_err=0
18:15:38.998   pt[622]: min=-702 max=688 avg_abs=202 | fifo=1216 under=0 over=0 late=0 mdf_cb=19986 mdf_err=0
18:15:38.998 win  332 pos= 5099520  -43dBFS [#####...............] rms=  242 peak=  786 seam=ok lag=341us
18:15:38.998   -> unknown         p=0.40  preproc=69821us infer=40980us
18:15:39.265 in=16128Hz out=16000Hz ring=1168 under=0 over=0 (dt=1000000us) loglag=121564us
18:15:39.453   pt[623]: min=-986 max=718 avg_abs=213 | fifo=1008 under=0 over=0 late=0 mdf_cb=20018 mdf_err=0
18:15:39.929 win  333 pos= 5114880  -42dBFS [######..............] rms=  264 peak=  986 seam=ok lag=339us
18:15:39.929   -> unknown         p=0.48  preproc=69818us infer=41033us
18:15:40.003   pt[624]: min=-706 max=770 avg_abs=199 | fifo=1200 under=0 over=0 late=0 mdf_cb=20050 mdf_err=0
18:15:40.253 in=16128Hz out=16400Hz ring=896 under=0 over=0 (dt=1000000us) loglag=121564us
18:15:40.505   pt[625]: min=-606 max=700 avg_abs=178 | fifo=992 under=0 over=0 late=0 mdf_cb=20082 mdf_err=0
18:15:40.879 win  334 pos= 5130240  -43dBFS [#####...............] rms=  229 peak=  862 seam=ok lag=336us
18:15:40.885   -> unknown         p=0.49  preproc=69818us infer=40987us
18:15:41.021   pt[626]: min=-862 max=840 avg_abs=182 | fifo=1184 under=0 over=0 late=0 mdf_cb=20114 mdf_err=0
18:15:41.274 in=16128Hz out=16000Hz ring=1024 under=0 over=0 (dt=999999us) loglag=121564us
18:15:41.525   pt[627]: min=-706 max=596 avg_abs=159 | fifo=976 under=0 over=0 late=0 mdf_cb=20146 mdf_err=0
18:15:41.839 win  335 pos= 5145600  -44dBFS [#####...............] rms=  204 peak=  706 seam=ok lag=338us
18:15:41.846   -> unknown         p=0.44  preproc=69827us infer=40980us
18:15:42.043   pt[628]: min=-696 max=664 avg_abs=195 | fifo=1168 under=0 over=0 late=0 mdf_cb=20178 mdf_err=0
18:15:42.232 in=16128Hz out=16000Hz ring=1152 under=0 over=0 (dt=999999us) loglag=121564us
18:15:42.563   pt[629]: min=-548 max=880 avg_abs=177 | fifo=960 under=0 over=0 late=0 mdf_cb=20210 mdf_err=0
18:15:42.829 win  336 pos= 5160960  -43dBFS [#####...............] rms=  230 peak=  880 seam=ok lag=337us
18:15:42.829   -> unknown         p=0.34  preproc=69773us infer=40985us
18:15:43.064   pt[630]: min=-626 max=648 avg_abs=181 | fifo=1152 under=0 over=0 late=0 mdf_cb=20242 mdf_err=0
18:15:43.266 in=16128Hz out=16000Hz ring=1280 under=0 over=0 (dt=999999us) loglag=121564us
18:15:43.562   pt[631]: min=-878 max=712 avg_abs=223 | fifo=944 under=0 over=0 late=0 mdf_cb=20274 mdf_err=0
18:15:43.781 win  337 pos= 5176320  -42dBFS [######..............] rms=  247 peak=  878 seam=ok lag=338us
18:15:43.781   -> clock_tick      p=0.52  preproc=69819us infer=40958us
18:15:44.110   pt[632]: min=-760 max=720 avg_abs=170 | fifo=1136 under=0 over=0 late=0 mdf_cb=20306 mdf_err=0
18:15:44.250 in=16128Hz out=16400Hz ring=1008 under=0 over=0 (dt=1000000us) loglag=121564us
18:15:44.611   pt[633]: min=-796 max=704 avg_abs=196 | fifo=928 under=0 over=0 late=0 mdf_cb=20338 mdf_err=0
18:15:44.750 win  338 pos= 5191680  -43dBFS [#####...............] rms=  236 peak=  796 seam=ok lag=337us
18:15:44.750   -> unknown         p=0.48  preproc=69819us infer=41034us
18:15:45.139   pt[634]: min=-836 max=836 avg_abs=228 | fifo=1120 under=0 over=0 late=0 mdf_cb=20370 mdf_err=0
18:15:45.264 in=15872Hz out=16000Hz ring=880 under=0 over=0 (dt=999999us) loglag=121564us
18:15:45.700   pt[635]: min=-804 max=712 avg_abs=197 | fifo=912 under=0 over=0 late=0 mdf_cb=20402 mdf_err=0
18:15:45.700 win  339 pos= 5207040  -42dBFS [######..............] rms=  262 peak=  836 seam=ok lag=337us
18:15:45.700   -> unknown         p=0.42  preproc=69853us infer=40978us
18:15:45.700 ====================================
18:15:45.704 ====================================
18:15:45.707 TAP TOTAL win=339
18:15:45.709 ====================================
18:15:45.713 ====================================
18:15:45.716 tap total: windows=340 (expected 340 from 5224448 samples) overrun=0 torn=0 skipped=0 seam ok=339 NG=0
18:15:45.725   tap lag max=382us (0 of them lower bounds) | tap write max=8735ns avg=5325ns (20408 calls)
18:15:45.733   audio under=0 over=0 late=0 | aed run=340 err=0 (last er=0)
18:15:45.738   preproc max=69859us avg=69815us | infer max=41096us avg=40990us
18:15:45.744   notify out=42 held=203 offlist=95 gated=0 lat max=112914us (0 lower bounds)
18:15:45.751   log sent=2124 dropped=0 lag max=121564us
18:15:45.755 ====================================
18:15:45.758 ====================================
18:15:46.138   pt[636]: min=-744 max=794 avg_abs=186 | fifo=960 under=0 over=0 late=0 mdf_cb=20435 mdf_err=0
18:15:46.261 in=16128Hz out=16000Hz ring=1008 under=0 over=0 (dt=999999us) loglag=121564us
18:15:46.695   pt[637]: min=-656 max=586 avg_abs=158 | fifo=1152 under=0 over=0 late=0 mdf_cb=20467 mdf_err=0
18:15:46.695 win  340 pos= 5222400  -44dBFS [#####...............] rms=  217 peak=  794 seam=ok lag=337us
18:15:46.695   -> unknown         p=0.46  preproc=69819us infer=40981us
18:15:47.196   pt[638]: min=-660 max=616 avg_abs=180 | fifo=944 under=0 over=0 late=0 mdf_cb=20499 mdf_err=0
18:15:47.258 in=16128Hz out=16000Hz ring=1136 under=0 over=0 (dt=1000000us) loglag=121564us
18:15:47.635 win  341 pos= 5237760  -42dBFS [######..............] rms=  267 peak= 2968 seam=ok lag=337us
18:15:47.635   -> clock_tick      p=0.78  preproc=69755us infer=40989us
18:15:47.696   pt[639]: min=-21658 max=22488 avg_abs=414 | fifo=1136 under=0 over=0 late=0 mdf_cb=20531 mdf_err=0
18:15:48.198   pt[640]: min=-21296 max=21150 avg_abs=422 | fifo=928 under=0 over=0 late=0 mdf_cb=20563 mdf_err=0
18:15:48.323 in=16128Hz out=16400Hz ring=864 under=0 over=0 (dt=1000000us) loglag=121564us
18:15:48.574 win  342 pos= 5253120  -26dBFS [###########.........] rms= 1609 peak=29914 seam=ok lag=339us
18:15:48.574   -> clock_tick      p=0.98  preproc=69815us infer=40982us
18:15:48.701   pt[641]: min=-26112 max=29914 avg_abs=445 | fifo=1120 under=0 over=0 late=0 mdf_cb=20595 mdf_err=0
18:15:49.199   pt[642]: min=-628 max=832 avg_abs=161 | fifo=912 under=0 over=0 late=0 mdf_cb=20627 mdf_err=0
18:15:49.325 in=16128Hz out=16000Hz ring=992 under=0 over=0 (dt=999999us) loglag=121564us
18:15:49.572 win  343 pos= 5268480  -43dBFS [#####...............] rms=  219 peak=  832 seam=ok lag=338us
18:15:49.572   -> unknown         p=0.35  preproc=69817us infer=41037us
18:15:49.757   pt[643]: min=-502 max=618 avg_abs=160 | fifo=1104 under=0 over=0 late=0 mdf_cb=20659 mdf_err=0
18:15:50.256   pt[644]: min=-618 max=698 avg_abs=161 | fifo=896 under=0 over=0 late=0 mdf_cb=20691 mdf_err=0
18:15:50.319 in=16128Hz out=16000Hz ring=1120 under=0 over=0 (dt=999999us) loglag=121564us
18:15:50.505 win  344 pos= 5283840  -24dBFS [############........] rms= 2130 peak=32768 seam=ok lag=339us
18:15:50.505   -> unknown         p=0.47  preproc=69827us infer=40989us
18:15:50.756   pt[645]: min=-32768 max=32767 avg_abs=2039 | fifo=1088 under=0 over=0 late=0 mdf_cb=20723 mdf_err=0
18:15:51.254   pt[646]: min=-3402 max=4842 avg_abs=440 | fifo=880 under=0 over=0 late=0 mdf_cb=20755 mdf_err=0
18:15:51.318 in=16128Hz out=16000Hz ring=1248 under=0 over=0 (dt=1000000us) loglag=121564us
18:15:51.440 win  345 pos= 5299200  -22dBFS [############........] rms= 2601 peak=32768 seam=ok lag=337us
18:15:51.448   -> clock_tick      p=1.00  preproc=69825us infer=40981us
18:15:51.770   pt[647]: min=-582 max=718 avg_abs=159 | fifo=1072 under=0 over=0 late=0 mdf_cb=20787 mdf_err=0
18:15:52.270   pt[648]: min=-696 max=628 avg_abs=153 | fifo=864 under=0 over=0 late=0 mdf_cb=20819 mdf_err=0
18:15:52.458 in=16128Hz out=16400Hz ring=976 under=0 over=0 (dt=1000000us) loglag=121564us
18:15:52.458 win  346 pos= 5314560  -45dBFS [#####...............] rms=  191 peak=  696 seam=ok lag=344us
18:15:52.458   -> unknown         p=0.31  preproc=69770us infer=40981us
18:15:52.786   pt[649]: min=-708 max=704 avg_abs=182 | fifo=1056 under=0 over=0 late=0 mdf_cb=20851 mdf_err=0
18:15:53.411 in=15872Hz out=16000Hz ring=848 under=0 over=0 (dt=1000000us) loglag=121564us
18:15:53.411   pt[650]: min=-682 max=676 avg_abs=169 | fifo=848 under=0 over=0 late=0 mdf_cb=20883 mdf_err=0
18:15:53.411 win  347 pos= 5329920  -44dBFS [#####...............] rms=  216 peak=  708 seam=ok lag=337us
18:15:53.411   -> unknown         p=0.38  preproc=69862us infer=40979us
18:15:53.848   pt[651]: min=-752 max=570 avg_abs=167 | fifo=1040 under=0 over=0 late=0 mdf_cb=20915 mdf_err=0
18:15:54.347 in=16128Hz out=16000Hz ring=976 under=0 over=0 (dt=1000000us) loglag=121564us
18:15:54.347   pt[652]: min=-576 max=476 avg_abs=148 | fifo=832 under=0 over=0 late=0 mdf_cb=20947 mdf_err=0
18:15:54.347 win  348 pos= 5345280  -44dBFS [#####...............] rms=  203 peak=  752 seam=ok lag=340us
18:15:54.347   -> unknown         p=0.41  preproc=69833us infer=41033us
18:15:54.848   pt[653]: min=-746 max=614 avg_abs=168 | fifo=1280 under=0 over=0 late=0 mdf_cb=20980 mdf_err=0
18:15:55.328 win  349 pos= 5360640  -44dBFS [#####...............] rms=  195 peak=  746 seam=ok lag=339us
18:15:55.328   -> unknown         p=0.43  preproc=69823us infer=40960us
18:15:55.328 ====================================
18:15:55.328 ====================================
18:15:55.328 TAP TOTAL win=349
18:15:55.328 ====================================
18:15:55.328 ====================================
18:15:55.328 tap total: windows=350 (expected 350 from 5378048 samples) overrun=0 torn=0 skipped=0 seam ok=349 NG=0
18:15:55.328   tap lag max=382us (0 of them lower bounds) | tap write max=8735ns avg=5325ns (21008 calls)
18:15:55.328   audio under=0 over=0 late=0 | aed run=350 err=0 (last er=0)
18:15:55.331   preproc max=69862us avg=69815us | infer max=41096us avg=40990us
18:15:55.338   notify out=42 held=210 offlist=98 gated=0 lat max=112914us (0 lower bounds)
18:15:55.344   log sent=2184 dropped=0 lag max=121564us
18:15:55.348 ====================================
18:15:55.352 ====================================
18:15:55.355 in=16099Hz out=15972Hz ring=1104 under=0 over=0 (dt=1001740us) loglag=121564us
18:15:55.362   pt[654]: min=-514 max=582 avg_abs=153 | fifo=1072 under=0 over=0 late=0 mdf_cb=21012 mdf_err=0
18:15:55.904   pt[655]: min=-614 max=648 avg_abs=158 | fifo=1264 under=0 over=0 late=0 mdf_cb=21044 mdf_err=0
18:15:56.278 win  350 pos= 5376000  -45dBFS [#####...............] rms=  192 peak=  648 seam=ok lag=339us
18:15:56.278   -> unknown         p=0.41  preproc=69815us infer=40989us
18:15:56.340 in=16156Hz out=16027Hz ring=1232 under=0 over=0 (dt=998258us) loglag=121564us
18:15:56.402   pt[656]: min=-554 max=618 avg_abs=147 | fifo=1056 under=0 over=0 late=0 mdf_cb=21076 mdf_err=0
18:15:56.899   pt[657]: min=-546 max=642 avg_abs=147 | fifo=1248 under=0 over=0 late=0 mdf_cb=21108 mdf_err=0
18:15:57.212 win  351 pos= 5391360  -45dBFS [#####...............] rms=  192 peak=  656 seam=ok lag=338us
18:15:57.212   -> clock_tick      p=0.85  preproc=69764us infer=40981us
18:15:57.339 in=16128Hz out=16400Hz ring=960 under=0 over=0 (dt=999999us) loglag=121564us
18:15:57.401   pt[658]: min=-656 max=542 avg_abs=150 | fifo=1040 under=0 over=0 late=0 mdf_cb=21140 mdf_err=0
18:15:57.964   pt[659]: min=-562 max=546 avg_abs=149 | fifo=1232 under=0 over=0 late=0 mdf_cb=21172 mdf_err=0
18:15:58.210 win  352 pos= 5406720  -45dBFS [#####...............] rms=  182 peak=  630 seam=ok lag=337us
18:15:58.210   -> unknown         p=0.47  preproc=69827us infer=40987us
18:15:58.337 in=16128Hz out=16000Hz ring=1088 under=0 over=0 (dt=1000000us) loglag=121564us
18:15:58.462   pt[660]: min=-538 max=630 avg_abs=157 | fifo=1024 under=0 over=0 late=0 mdf_cb=21204 mdf_err=0
18:15:58.962   pt[661]: min=-970 max=1050 avg_abs=182 | fifo=1216 under=0 over=0 late=0 mdf_cb=21236 mdf_err=0
18:15:59.151 win  353 pos= 5422080  -43dBFS [#####...............] rms=  223 peak= 1050 seam=ok lag=337us
18:15:59.151   -> unknown         p=0.26  preproc=69822us infer=41033us
18:15:59.336 in=15872Hz out=16000Hz ring=960 under=0 over=0 (dt=999999us) loglag=121564us
18:15:59.460   pt[662]: min=-652 max=760 avg_abs=176 | fifo=1008 under=0 over=0 late=0 mdf_cb=21268 mdf_err=0
18:15:59.962   pt[663]: min=-722 max=612 avg_abs=135 | fifo=1200 under=0 over=0 late=0 mdf_cb=21300 mdf_err=0
18:16:00.085 win  354 pos= 5437440  -44dBFS [#####...............] rms=  197 peak=  760 seam=ok lag=379us
18:16:00.091   -> clock_tick      p=0.72  preproc=69822us infer=41038us
18:16:00.350 in=16128Hz out=16000Hz ring=1088 under=0 over=0 (dt=999999us) loglag=121593us
18:16:00.475   pt[664]: min=-622 max=622 avg_abs=168 | fifo=992 under=0 over=0 late=0 mdf_cb=21332 mdf_err=0
18:16:01.049   pt[665]: min=-632 max=738 avg_abs=166 | fifo=784 under=0 over=0 late=0 mdf_cb=21364 mdf_err=0
18:16:01.050 win  355 pos= 5452800  -44dBFS [#####...............] rms=  214 peak=  738 seam=ok lag=339us
18:16:01.058   -> clock_tick      p=0.64  preproc=69840us infer=40974us
18:16:01.407 in=16128Hz out=16400Hz ring=816 under=0 over=0 (dt=1000000us) loglag=121593us
18:16:01.563   pt[666]: min=-536 max=516 avg_abs=151 | fifo=976 under=0 over=0 late=0 mdf_cb=21396 mdf_err=0
18:16:02.014 win  356 pos= 5468160  -45dBFS [#####...............] rms=  191 peak=  692 seam=ok lag=339us
18:16:02.014   -> unknown         p=0.28  preproc=69767us infer=40988us
18:16:02.014   pt[667]: min=-560 max=692 avg_abs=157 | fifo=768 under=0 over=0 late=0 mdf_cb=21428 mdf_err=0
18:16:02.379 in=16128Hz out=16000Hz ring=944 under=0 over=0 (dt=999999us) loglag=121593us
18:16:02.582   pt[668]: min=-4930 max=3892 avg_abs=277 | fifo=960 under=0 over=0 late=0 mdf_cb=21460 mdf_err=0
18:16:03.032 {"win":357,"cls":"crackling_fire","p":0.56,"lat_ms":113,"under":0,"over":0,"late":0}
18:16:03.032 win  357 pos= 5483520  -23dBFS [############........] rms= 2339 peak=32768 seam=ok lag=339us
18:16:03.032   -> crackling_fire  p=0.56  preproc=69818us infer=40978us
18:16:03.110   pt[669]: min=-32768 max=32767 avg_abs=1276 | fifo=752 under=0 over=0 late=0 mdf_cb=21492 mdf_err=0
18:16:03.374 in=16128Hz out=16000Hz ring=1072 under=0 over=0 (dt=999999us) loglag=121593us
18:16:03.560   pt[670]: min=-32768 max=32767 avg_abs=2381 | fifo=1200 under=0 over=0 late=0 mdf_cb=21525 mdf_err=0
18:16:03.954 {"win":358,"cls":"crackling_fire","p":0.86,"lat_ms":113,"under":0,"over":0,"late":0}
18:16:03.954 win  358 pos= 5498880  -16dBFS [##############......] rms= 5430 peak=32768 seam=ok lag=340us
18:16:03.954   -> crackling_fire  p=0.86  preproc=69826us infer=41010us
18:16:04.110   pt[671]: min=-2862 max=4304 avg_abs=1216 | fifo=992 under=0 over=0 late=0 mdf_cb=21557 mdf_err=0
18:16:04.408 in=16128Hz out=16000Hz ring=1200 under=0 over=0 (dt=999999us) loglag=121593us
18:16:04.608   pt[672]: min=-2072 max=2540 avg_abs=603 | fifo=1184 under=0 over=0 late=0 mdf_cb=21589 mdf_err=0
18:16:04.921 {"win":359,"cls":"unknown","p":0.50,"lat_ms":113,"under":0,"over":0,"late":0}
18:16:04.921 win  359 pos= 5514240  -31dBFS [#########...........] rms=  892 peak= 2734 seam=ok lag=339us
18:16:04.921   -> unknown         p=0.50  preproc=69831us infer=40983us
18:16:04.921 ====================================
18:16:04.921 ====================================
18:16:04.921 TAP TOTAL win=359
18:16:04.921 ====================================
18:16:04.921 ====================================
18:16:04.921 tap total: windows=360 (expected 360 from 5531648 samples) overrun=0 torn=0 skipped=0 seam ok=359 NG=0
18:16:04.927   tap lag max=382us (0 of them lower bounds) | tap write max=8793ns avg=5325ns (21608 calls)
18:16:04.935   audio under=0 over=0 late=0 | aed run=360 err=0 (last er=0)
18:16:04.940   preproc max=69862us avg=69815us | infer max=41096us avg=40990us
18:16:04.945   notify out=45 held=214 offlist=101 gated=0 lat max=112914us (0 lower bounds)
18:16:05.016   log sent=2249 dropped=0 lag max=121593us
18:16:05.016 ====================================
18:16:05.016 ====================================
18:16:05.093   pt[673]: min=-764 max=902 avg_abs=267 | fifo=976 under=0 over=0 late=0 mdf_cb=21621 mdf_err=0
18:16:05.420 in=16128Hz out=16400Hz ring=928 under=0 over=0 (dt=1000000us) loglag=121593us
18:16:05.607   pt[674]: min=-792 max=810 avg_abs=200 | fifo=1168 under=0 over=0 late=0 mdf_cb=21653 mdf_err=0
18:16:05.874 win  360 pos= 5529600  -41dBFS [######..............] rms=  278 peak=  902 seam=ok lag=337us
18:16:05.874   -> unknown         p=0.28  preproc=69829us infer=40984us
18:16:06.123   pt[675]: min=-642 max=732 avg_abs=212 | fifo=960 under=0 over=0 late=0 mdf_cb=21685 mdf_err=0
18:16:06.389 in=16128Hz out=16000Hz ring=1056 under=0 over=0 (dt=999999us) loglag=121593us
18:16:06.653   pt[676]: min=-634 max=752 avg_abs=160 | fifo=1152 under=0 over=0 late=0 mdf_cb=21717 mdf_err=0
18:16:06.840 win  361 pos= 5544960  -43dBFS [#####...............] rms=  233 peak=  752 seam=ok lag=338us
18:16:06.840   -> clock_tick      p=0.51  preproc=69770us infer=40982us
18:16:07.155   pt[677]: min=-660 max=756 avg_abs=182 | fifo=944 under=0 over=0 late=0 mdf_cb=21749 mdf_err=0
18:16:07.417 in=16128Hz out=16000Hz ring=1184 under=0 over=0 (dt=1000000us) loglag=121593us
18:16:07.791   pt[678]: min=-952 max=778 avg_abs=207 | fifo=1136 under=0 over=0 late=0 mdf_cb=21781 mdf_err=0
18:16:07.791 win  362 pos= 5560320  -43dBFS [#####...............] rms=  244 peak=  952 seam=ok lag=341us
18:16:07.791   -> unknown         p=0.34  preproc=69846us infer=40955us
18:16:08.227   pt[679]: min=-610 max=726 avg_abs=185 | fifo=928 under=0 over=0 late=0 mdf_cb=21813 mdf_err=0
18:16:08.415 in=15872Hz out=16000Hz ring=1056 under=0 over=0 (dt=999999us) loglag=121593us
18:16:08.728   pt[680]: min=-556 max=660 avg_abs=165 | fifo=1120 under=0 over=0 late=0 mdf_cb=21845 mdf_err=0
18:16:08.730 win  363 pos= 5575680  -44dBFS [#####...............] rms=  218 peak=  726 seam=ok lag=338us
18:16:08.739   -> unknown         p=0.26  preproc=69820us infer=41036us
18:16:09.246   pt[681]: min=-528 max=778 avg_abs=162 | fifo=912 under=0 over=0 late=0 mdf_cb=21877 mdf_err=0
18:16:09.435 in=16128Hz out=16400Hz ring=784 under=0 over=0 (dt=1000000us) loglag=121593us
18:16:09.744 win  364 pos= 5591040  -43dBFS [#####...............] rms=  222 peak=  778 seam=ok lag=339us
18:16:09.744   -> unknown         p=0.28  preproc=69822us infer=40960us
18:16:09.744   pt[682]: min=-662 max=756 avg_abs=190 | fifo=1104 under=0 over=0 late=0 mdf_cb=21909 mdf_err=0
18:16:10.245   pt[683]: min=-660 max=768 avg_abs=186 | fifo=1152 under=0 over=0 late=0 mdf_cb=21942 mdf_err=0
18:16:10.433 in=16128Hz out=16000Hz ring=912 under=0 over=0 (dt=999999us) loglag=121593us
18:16:10.682 win  365 pos= 5606400  -43dBFS [#####...............] rms=  230 peak=  768 seam=ok lag=338us
18:16:10.682   -> unknown         p=0.25  preproc=69810us infer=40966us
18:16:10.745   pt[684]: min=-664 max=772 avg_abs=170 | fifo=944 under=0 over=0 late=0 mdf_cb=21974 mdf_err=0
18:16:11.309   pt[685]: min=-712 max=596 avg_abs=153 | fifo=1136 under=0 over=0 late=0 mdf_cb=22006 mdf_err=0
18:16:11.438 in=16128Hz out=16000Hz ring=1040 under=0 over=0 (dt=999999us) loglag=121593us
18:16:11.639 win  366 pos= 5621760  -44dBFS [#####...............] rms=  199 peak=  932 seam=ok lag=340us
18:16:11.639   -> unknown         p=0.39  preproc=69767us infer=40984us
18:16:11.824   pt[686]: min=-932 max=760 avg_abs=184 | fifo=928 under=0 over=0 late=0 mdf_cb=22038 mdf_err=0
18:16:12.326   pt[687]: min=-698 max=1266 avg_abs=173 | fifo=1120 under=0 over=0 late=0 mdf_cb=22070 mdf_err=0
18:16:12.449 in=16128Hz out=16000Hz ring=1168 under=0 over=0 (dt=1000000us) loglag=121593us
18:16:12.573 win  367 pos= 5637120  -43dBFS [#####...............] rms=  227 peak= 1266 seam=ok lag=338us
18:16:12.573   -> clock_tick      p=0.61  preproc=69824us infer=40978us
18:16:12.823   pt[688]: min=-718 max=766 avg_abs=178 | fifo=912 under=0 over=0 late=0 mdf_cb=22102 mdf_err=0
18:16:13.322   pt[689]: min=-1172 max=970 avg_abs=160 | fifo=1104 under=0 over=0 late=0 mdf_cb=22134 mdf_err=0
18:16:13.572 in=16128Hz out=16400Hz ring=896 under=0 over=0 (dt=1000000us) loglag=121593us
18:16:13.572 win  368 pos= 5652480  -44dBFS [#####...............] rms=  211 peak= 1172 seam=ok lag=337us
18:16:13.572   -> clock_tick      p=0.85  preproc=69824us infer=41032us
18:16:13.821   pt[690]: min=-686 max=730 avg_abs=176 | fifo=896 under=0 over=0 late=0 mdf_cb=22166 mdf_err=0
18:16:14.381   pt[691]: min=-32768 max=32767 avg_abs=580 | fifo=1088 under=0 over=0 late=0 mdf_cb=22198 mdf_err=0
18:16:14.507 in=16128Hz out=16000Hz ring=1024 under=0 over=0 (dt=999999us) loglag=121593us
18:16:14.507 win  369 pos= 5667840  -29dBFS [##########..........] rms= 1230 peak=32768 seam=ok lag=337us
18:16:14.507   -> unknown         p=0.44  preproc=69823us infer=40980us
18:16:14.507 ====================================
18:16:14.507 ====================================
18:16:14.511 TAP TOTAL win=369
18:16:14.512 ====================================
18:16:14.516 ====================================
18:16:14.519 tap total: windows=370 (expected 370 from 5685248 samples) overrun=0 torn=0 skipped=0 seam ok=369 NG=0
18:16:14.528   tap lag max=382us (0 of them lower bounds) | tap write max=8793ns avg=5325ns (22208 calls)
18:16:14.537   audio under=0 over=0 late=0 | aed run=370 err=0 (last er=0)
18:16:14.542   preproc max=69862us avg=69815us | infer max=41096us avg=40990us
18:16:14.548   notify out=45 held=221 offlist=104 gated=0 lat max=112914us (0 lower bounds)
18:16:14.555   log sent=2311 dropped=0 lag max=121593us
18:16:14.559 ====================================
18:16:14.562 ====================================
18:16:14.879   pt[692]: min=-26362 max=24234 avg_abs=846 | fifo=880 under=0 over=0 late=0 mdf_cb=22230 mdf_err=0
18:16:15.504   pt[693]: min=-32768 max=32767 avg_abs=1202 | fifo=1072 under=0 over=0 late=0 mdf_cb=22262 mdf_err=0
18:16:15.504 in=16128Hz out=16000Hz ring=1152 under=0 over=0 (dt=1000000us) loglag=121593us
18:16:15.504 {"win":370,"cls":"crackling_fire","p":0.99,"lat_ms":113,"under":0,"over":0,"late":0}
18:16:15.504 win  370 pos= 5683200  -25dBFS [###########.........] rms= 1885 peak=32768 seam=ok lag=339us
18:16:15.504   -> crackling_fire  p=0.99  preproc=69842us infer=40985us
18:16:15.878   pt[694]: min=-10834 max=9292 avg_abs=614 | fifo=864 under=0 over=0 late=0 mdf_cb=22294 mdf_err=0
18:16:16.442   pt[695]: min=-32768 max=32767 avg_abs=685 | fifo=1312 under=0 over=0 late=0 mdf_cb=22327 mdf_err=0
18:16:16.442 {"win":371,"cls":"crackling_fire","p":0.70,"lat_ms":113,"under":0,"over":0,"late":0}
18:16:16.442 win  371 pos= 5698560  -28dBFS [##########..........] rms= 1322 peak=32768 seam=ok lag=336us
18:16:16.442   -> crackling_fire  p=0.70  preproc=69773us infer=40985us
18:16:16.442 in=16128Hz out=16000Hz ring=1280 under=0 over=0 (dt=999998us) loglag=121593us
18:16:16.941   pt[696]: min=-32768 max=28590 avg_abs=519 | fifo=1104 under=0 over=0 late=0 mdf_cb=22359 mdf_err=0
18:16:17.378 {"win":372,"cls":"crackling_fire","p":0.88,"lat_ms":113,"under":0,"over":0,"late":0}
18:16:17.378 win  372 pos= 5713920  -27dBFS [###########.........] rms= 1462 peak=32768 seam=ok lag=339us
18:16:17.380   -> crackling_fire  p=0.88  preproc=69823us infer=40984us
18:16:17.440   pt[697]: min=-32314 max=32767 avg_abs=631 | fifo=1296 under=0 over=0 late=0 mdf_cb=22391 mdf_err=0
18:16:17.503 in=16128Hz out=16400Hz ring=1008 under=0 over=0 (dt=999999us) loglag=121593us
18:16:17.939   pt[698]: min=-32768 max=32767 avg_abs=564 | fifo=1088 under=0 over=0 late=0 mdf_cb=22423 mdf_err=0
18:16:18.329 {"win":373,"cls":"crackling_fire","p":0.93,"lat_ms":113,"under":0,"over":0,"late":0}
18:16:18.332 win  373 pos= 5729280  -25dBFS [###########.........] rms= 1819 peak=32768 seam=ok lag=338us
18:16:18.340   -> crackling_fire  p=0.93  preproc=69823us infer=41029us
18:16:18.472   pt[699]: min=-32768 max=32767 avg_abs=739 | fifo=880 under=0 over=0 late=0 mdf_cb=22455 mdf_err=0
18:16:18.472 in=15872Hz out=16000Hz ring=880 under=0 over=0 (dt=999999us) loglag=121593us
18:16:18.954   pt[700]: min=-19252 max=24354 avg_abs=715 | fifo=1072 under=0 over=0 late=0 mdf_cb=22487 mdf_err=0
18:16:19.331 {"win":374,"cls":"crackling_fire","p":1.00,"lat_ms":113,"under":0,"over":0,"late":0}
18:16:19.331 win  374 pos= 5744640  -30dBFS [##########..........] rms= 1007 peak=24354 seam=ok lag=338us
18:16:19.331   -> crackling_fire  p=1.00  preproc=69832us infer=40955us
18:16:19.518 in=16128Hz out=16000Hz ring=1008 under=0 over=0 (dt=999999us) loglag=121593us
18:16:19.518   pt[701]: min=-12890 max=15704 avg_abs=404 | fifo=864 under=0 over=0 late=0 mdf_cb=22519 mdf_err=0
18:16:20.020   pt[702]: min=-22134 max=24654 avg_abs=522 | fifo=1056 under=0 over=0 late=0 mdf_cb=22551 mdf_err=0
18:16:20.269 {"win":375,"cls":"crackling_fire","p":0.77,"lat_ms":113,"under":0,"over":0,"late":0}
18:16:20.269 win  375 pos= 5760000  -30dBFS [##########..........] rms= 1042 peak=24654 seam=ok lag=338us
18:16:20.269   -> crackling_fire  p=0.77  preproc=69833us infer=40982us
18:16:20.518 in=16128Hz out=16000Hz ring=1136 under=0 over=0 (dt=1000000us) loglag=121593us
18:16:20.518   pt[703]: min=-12454 max=24718 avg_abs=325 | fifo=848 under=0 over=0 late=0 mdf_cb=22583 mdf_err=0
18:16:21.018   pt[704]: min=-5398 max=4432 avg_abs=278 | fifo=1040 under=0 over=0 late=0 mdf_cb=22615 mdf_err=0
18:16:21.205 win  376 pos= 5775360  -34dBFS [########............] rms=  678 peak=24718 seam=ok lag=340us
18:16:21.213   -> clock_tick      p=0.80  preproc=69777us infer=40987us
18:16:21.471 in=16128Hz out=16400Hz ring=864 under=0 over=0 (dt=1000000us) loglag=121593us
18:16:21.548   pt[705]: min=-986 max=872 avg_abs=229 | fifo=832 under=0 over=0 late=0 mdf_cb=22647 mdf_err=0
18:16:22.049   pt[706]: min=-1010 max=804 avg_abs=253 | fifo=1024 under=0 over=0 late=0 mdf_cb=22679 mdf_err=0
18:16:22.174 win  377 pos= 5790720  -41dBFS [######..............] rms=  302 peak= 1010 seam=ok lag=339us
18:16:22.174   -> unknown         p=0.29  preproc=69815us infer=40952us
18:16:22.534 in=16128Hz out=16000Hz ring=992 under=0 over=0 (dt=999999us) loglag=121593us
18:16:22.596   pt[707]: min=-936 max=1036 avg_abs=243 | fifo=816 under=0 over=0 late=0 mdf_cb=22711 mdf_err=0
18:16:23.127   pt[708]: min=-752 max=848 avg_abs=232 | fifo=1264 under=0 over=0 late=0 mdf_cb=22744 mdf_err=0
18:16:23.134 win  378 pos= 5806080  -41dBFS [######..............] rms=  287 peak= 1036 seam=ok lag=339us
18:16:23.142   -> unknown         p=0.33  preproc=69855us infer=41025us
18:16:23.486 in=16128Hz out=16000Hz ring=1120 under=0 over=0 (dt=1000000us) loglag=121593us
18:16:23.611   pt[709]: min=-856 max=1780 avg_abs=303 | fifo=1056 under=0 over=0 late=0 mdf_cb=22776 mdf_err=0
18:16:24.111 win  379 pos= 5821440  -39dBFS [#######.............] rms=  364 peak= 1780 seam=ok lag=338us
18:16:24.111   -> unknown         p=0.29  preproc=69831us infer=40985us
18:16:24.111 ====================================
18:16:24.111 ====================================
18:16:24.111 TAP TOTAL win=379
18:16:24.111 ====================================
18:16:24.111 ====================================
18:16:24.113 tap total: windows=380 (expected 380 from 5838848 samples) overrun=0 torn=0 skipped=0 seam ok=379 NG=0
18:16:24.122   tap lag max=382us (0 of them lower bounds) | tap write max=8793ns avg=5325ns (22808 calls)
18:16:24.131   audio under=0 over=0 late=0 | aed run=380 err=0 (last er=0)
18:16:24.137   preproc max=69862us avg=69815us | infer max=41096us avg=40990us
18:16:24.144   notify out=51 held=224 offlist=105 gated=0 lat max=112914us (0 lower bounds)
18:16:24.150   log sent=2377 dropped=0 lag max=121593us
18:16:24.154 ====================================
18:16:24.157 ====================================
18:16:24.160   pt[710]: min=-726 max=902 avg_abs=242 | fifo=848 under=0 over=0 late=0 mdf_cb=22808 mdf_err=0
18:16:24.532 in=16128Hz out=16000Hz ring=1248 under=0 over=0 (dt=999999us) loglag=121593us
18:16:24.609   pt[711]: min=-884 max=830 avg_abs=208 | fifo=1040 under=0 over=0 late=0 mdf_cb=22840 mdf_err=0
18:16:25.094 win  380 pos= 5836800  -41dBFS [######..............] rms=  287 peak=  964 seam=ok lag=338us
18:16:25.094   -> unknown         p=0.31  preproc=69821us infer=40958us
18:16:25.170   pt[712]: min=-964 max=912 avg_abs=245 | fifo=1232 under=0 over=0 late=0 mdf_cb=22872 mdf_err=0
18:16:25.497 in=16128Hz out=16400Hz ring=976 under=0 over=0 (dt=999999us) loglag=121593us
18:16:25.638   pt[713]: min=-956 max=898 avg_abs=269 | fifo=1024 under=0 over=0 late=0 mdf_cb=22904 mdf_err=0
18:16:26.015 win  381 pos= 5852160  -40dBFS [######..............] rms=  315 peak=  956 seam=ok lag=337us
18:16:26.015   -> unknown         p=0.47  preproc=69765us infer=40984us
18:16:26.156   pt[714]: min=-862 max=990 avg_abs=264 | fifo=1216 under=0 over=0 late=0 mdf_cb=22936 mdf_err=0
18:16:26.547 in=16128Hz out=16000Hz ring=1104 under=0 over=0 (dt=999999us) loglag=121593us
18:16:26.687   pt[715]: min=-718 max=704 avg_abs=207 | fifo=1008 under=0 over=0 late=0 mdf_cb=22968 mdf_err=0
18:16:27.014 win  382 pos= 5867520  -41dBFS [######..............] rms=  291 peak=  990 seam=ok lag=338us
18:16:27.014   -> clock_tick      p=0.62  preproc=69833us infer=40980us
18:16:27.219   pt[716]: min=-972 max=882 avg_abs=231 | fifo=1200 under=0 over=0 late=0 mdf_cb=23000 mdf_err=0
18:16:27.545 in=15872Hz out=16000Hz ring=976 under=0 over=0 (dt=1000000us) loglag=121593us
18:16:27.734   pt[717]: min=-652 max=696 avg_abs=175 | fifo=992 under=0 over=0 late=0 mdf_cb=23032 mdf_err=0
18:16:27.983 win  383 pos= 5882880  -42dBFS [######..............] rms=  255 peak=  882 seam=ok lag=339us
18:16:27.983   -> unknown         p=0.31  preproc=69831us infer=41035us
18:16:28.232   pt[718]: min=-1068 max=872 avg_abs=287 | fifo=1184 under=0 over=0 late=0 mdf_cb=23064 mdf_err=0
18:16:28.544 in=16128Hz out=16000Hz ring=1104 under=0 over=0 (dt=999999us) loglag=121593us
18:16:28.731   pt[719]: min=-1024 max=924 avg_abs=318 | fifo=976 under=0 over=0 late=0 mdf_cb=23096 mdf_err=0
18:16:28.918 win  384 pos= 5898240  -39dBFS [#######.............] rms=  380 peak= 1068 seam=ok lag=339us
18:16:28.918   -> unknown         p=0.36  preproc=69814us infer=40984us
18:16:29.232   pt[720]: min=-1138 max=900 avg_abs=330 | fifo=768 under=0 over=0 late=0 mdf_cb=23128 mdf_err=0
18:16:29.542 in=16128Hz out=16400Hz ring=832 under=0 over=0 (dt=1000000us) loglag=121593us
18:16:29.793   pt[721]: min=-852 max=882 avg_abs=276 | fifo=960 under=0 over=0 late=0 mdf_cb=23160 mdf_err=0
18:16:29.854 win  385 pos= 5913600  -39dBFS [#######.............] rms=  357 peak= 1138 seam=ok lag=338us
18:16:29.861   -> unknown         p=0.38  preproc=69762us infer=41054us
18:16:30.244   pt[722]: min=-666 max=698 avg_abs=197 | fifo=1008 under=0 over=0 late=0 mdf_cb=23193 mdf_err=0
18:16:30.570 in=16128Hz out=16000Hz ring=960 under=0 over=0 (dt=1000000us) loglag=121593us
18:16:30.816   pt[723]: min=-610 max=676 avg_abs=152 | fifo=1200 under=0 over=0 late=0 mdf_cb=23225 mdf_err=0
18:16:30.816 win  386 pos= 5928960  -43dBFS [#####...............] rms=  223 peak=  698 seam=ok lag=337us
18:16:30.823   -> unknown         p=0.25  preproc=69786us infer=40983us
18:16:31.320   pt[724]: min=-586 max=684 avg_abs=147 | fifo=992 under=0 over=0 late=0 mdf_cb=23257 mdf_err=0
18:16:31.570 in=16128Hz out=16000Hz ring=1088 under=0 over=0 (dt=999999us) loglag=121593us
18:16:31.818 win  387 pos= 5944320  -45dBFS [#####...............] rms=  192 peak=  728 seam=ok lag=339us
18:16:31.818   -> clock_tick      p=0.68  preproc=69813us infer=40979us
18:16:31.818   pt[725]: min=-728 max=632 avg_abs=152 | fifo=1184 under=0 over=0 late=0 mdf_cb=23289 mdf_err=0
18:16:32.315   pt[726]: min=-656 max=608 avg_abs=155 | fifo=976 under=0 over=0 late=0 mdf_cb=23321 mdf_err=0
18:16:32.565 in=16128Hz out=16000Hz ring=1216 under=0 over=0 (dt=999999us) loglag=121593us
18:16:32.754 {"win":388,"cls":"sneezing","p":0.57,"lat_ms":113,"under":0,"over":0,"late":0}
18:16:32.754 win  388 pos= 5959680  -43dBFS [#####...............] rms=  233 peak= 1530 seam=ok lag=341us
18:16:32.754   -> sneezing        p=0.57  preproc=69811us infer=41032us
18:16:32.816   pt[727]: min=-32768 max=32767 avg_abs=584 | fifo=1168 under=0 over=0 late=0 mdf_cb=23353 mdf_err=0
18:16:33.379   pt[728]: min=-32768 max=32767 avg_abs=17155 | fifo=960 under=0 over=0 late=0 mdf_cb=23385 mdf_err=0
18:16:33.565 in=16128Hz out=16400Hz ring=944 under=0 over=0 (dt=1000000us) loglag=121593us
18:16:33.720 {"win":389,"cls":"sneezing","p":0.72,"lat_ms":113,"under":0,"over":0,"late":0}
18:16:33.720 win  389 pos= 5975040   -6dBFS [##################..] rms=16538 peak=32768 seam=ok lag=339us
18:16:33.720   -> sneezing        p=0.72  preproc=69809us infer=40982us
18:16:33.720 ====================================
18:16:33.720 ====================================
18:16:33.720 TAP TOTAL win=389
18:16:33.720 ====================================
18:16:33.720 ====================================
18:16:33.723 tap total: windows=390 (expected 390 from 5992448 samples) overrun=0 torn=0 skipped=0 seam ok=389 NG=0
18:16:33.731   tap lag max=382us (0 of them lower bounds) | tap write max=8793ns avg=5325ns (23408 calls)
18:16:33.739   audio under=0 over=0 late=0 | aed run=390 err=0 (last er=0)
18:16:33.745   preproc max=69862us avg=69815us | infer max=41096us avg=40990us
18:16:33.751   notify out=53 held=230 offlist=107 gated=0 lat max=112914us (0 lower bounds)
18:16:33.758   log sent=2441 dropped=0 lag max=121593us
18:16:33.829 ====================================
18:16:33.829 ====================================
18:16:33.909   pt[729]: min=-32768 max=32767 avg_abs=3653 | fifo=1152 under=0 over=0 late=0 mdf_cb=23417 mdf_err=0
18:16:34.376   pt[730]: min=-548 max=698 avg_abs=159 | fifo=944 under=0 over=0 late=0 mdf_cb=23449 mdf_err=0
18:16:34.702 in=16128Hz out=16000Hz ring=1072 under=0 over=0 (dt=1000000us) loglag=121593us
18:16:34.702 {"win":390,"cls":"unknown","p":0.43,"lat_ms":113,"under":0,"over":0,"late":0}
18:16:34.702 win  390 pos= 5990400  -36dBFS [########............] rms=  513 peak= 3690 seam=ok lag=340us
18:16:34.702   -> unknown         p=0.43  preproc=69827us infer=40983us
18:16:34.888   pt[731]: min=-624 max=652 avg_abs=172 | fifo=1136 under=0 over=0 late=0 mdf_cb=23481 mdf_err=0
18:16:35.386   pt[732]: min=-540 max=608 avg_abs=160 | fifo=928 under=0 over=0 late=0 mdf_cb=23513 mdf_err=0
18:16:35.636 in=16128Hz out=16000Hz ring=1200 under=0 over=0 (dt=999999us) loglag=121593us
18:16:35.636 win  391 pos= 6005760  -44dBFS [#####...............] rms=  202 peak=  758 seam=ok lag=339us
18:16:35.636   -> clock_tick      p=0.63  preproc=69760us infer=40981us
18:16:35.948   pt[733]: min=-2596 max=3238 avg_abs=185 | fifo=1120 under=0 over=0 late=0 mdf_cb=23545 mdf_err=0
18:16:36.446   pt[734]: min=-956 max=1096 avg_abs=193 | fifo=912 under=0 over=0 late=0 mdf_cb=23577 mdf_err=0
18:16:36.572 in=15872Hz out=16000Hz ring=1072 under=0 over=0 (dt=1000000us) loglag=121593us
18:16:36.573 {"win":392,"cls":"sneezing","p":1.00,"lat_ms":113,"under":0,"over":0,"late":0}
18:16:36.581 win  392 pos= 6021120  -42dBFS [######..............] rms=  270 peak= 3238 seam=ok lag=340us
18:16:36.590   -> sneezing        p=1.00  preproc=69818us infer=40980us
18:16:36.979   pt[735]: min=-32768 max=32767 avg_abs=3700 | fifo=1104 under=0 over=0 late=0 mdf_cb=23609 mdf_err=0
18:16:37.543   pt[736]: min=-32768 max=32767 avg_abs=15782 | fifo=1152 under=0 over=0 late=0 mdf_cb=23642 mdf_err=0
18:16:37.543 {"win":393,"cls":"unknown","p":0.49,"lat_ms":113,"under":0,"over":0,"late":0}
18:16:37.544 win  393 pos= 6036480   -6dBFS [##################..] rms=16826 peak=32768 seam=ok lag=338us
18:16:37.552   -> unknown         p=0.49  preproc=69835us infer=41038us
18:16:37.620 in=16128Hz out=16400Hz ring=800 under=0 over=0 (dt=999999us) loglag=121593us
18:16:37.994   pt[737]: min=-32768 max=32767 avg_abs=2779 | fifo=1344 under=0 over=0 late=0 mdf_cb=23674 mdf_err=0
18:16:38.492   pt[738]: min=-532 max=864 avg_abs=177 | fifo=1136 under=0 over=0 late=0 mdf_cb=23706 mdf_err=0
18:16:38.495 {"win":394,"cls":"sneezing","p":0.75,"lat_ms":113,"under":0,"over":0,"late":0}
18:16:38.503 win  394 pos= 6051840  -17dBFS [##############......] rms= 4818 peak=32768 seam=ok lag=338us
18:16:38.511   -> sneezing        p=0.75  preproc=69819us infer=40980us
18:16:38.633 in=16128Hz out=16000Hz ring=928 under=0 over=0 (dt=999999us) loglag=121593us
18:16:39.008   pt[739]: min=-942 max=1184 avg_abs=230 | fifo=928 under=0 over=0 late=0 mdf_cb=23738 mdf_err=0
18:16:39.448 win  395 pos= 6067200  -42dBFS [######..............] rms=  268 peak= 1184 seam=ok lag=340us
18:16:39.456   -> clock_tick      p=0.56  preproc=69826us infer=40961us
18:16:39.526   pt[740]: min=-688 max=848 avg_abs=170 | fifo=1120 under=0 over=0 late=0 mdf_cb=23770 mdf_err=0
18:16:39.589 in=16128Hz out=16000Hz ring=1056 under=0 over=0 (dt=999999us) loglag=121593us
18:16:40.026   pt[741]: min=-554 max=536 avg_abs=122 | fifo=912 under=0 over=0 late=0 mdf_cb=23802 mdf_err=0
18:16:40.462 win  396 pos= 6082560  -46dBFS [####................] rms=  169 peak=  688 seam=ok lag=339us
18:16:40.462   -> unknown         p=0.38  preproc=69773us infer=40991us
18:16:40.524   pt[742]: min=-426 max=540 avg_abs=132 | fifo=1104 under=0 over=0 late=0 mdf_cb=23834 mdf_err=0
18:16:40.649 in=16128Hz out=16000Hz ring=1184 under=0 over=0 (dt=999999us) loglag=121593us
18:16:41.023   pt[743]: min=-932 max=684 avg_abs=151 | fifo=896 under=0 over=0 late=0 mdf_cb=23866 mdf_err=0
18:16:41.397 win  397 pos= 6097920  -45dBFS [#####...............] rms=  187 peak=  932 seam=ok lag=340us
18:16:41.397   -> clock_tick      p=0.90  preproc=69805us infer=40980us
18:16:41.585   pt[744]: min=-546 max=806 avg_abs=141 | fifo=1088 under=0 over=0 late=0 mdf_cb=23898 mdf_err=0
18:16:41.647 in=16128Hz out=16400Hz ring=912 under=0 over=0 (dt=1000000us) loglag=121593us
18:16:42.086   pt[745]: min=-498 max=688 avg_abs=144 | fifo=880 under=0 over=0 late=0 mdf_cb=23930 mdf_err=0
18:16:42.334 win  398 pos= 6113280  -45dBFS [#####...............] rms=  179 peak=  688 seam=ok lag=336us
18:16:42.336   -> unknown         p=0.34  preproc=69825us infer=41011us
18:16:42.585   pt[746]: min=-488 max=610 avg_abs=138 | fifo=1072 under=0 over=0 late=0 mdf_cb=23962 mdf_err=0
18:16:42.647 in=16128Hz out=16000Hz ring=1040 under=0 over=0 (dt=1000000us) loglag=121593us
18:16:43.083   pt[747]: min=-704 max=660 avg_abs=162 | fifo=864 under=0 over=0 late=0 mdf_cb=23994 mdf_err=0
18:16:43.333 win  399 pos= 6128640  -44dBFS [#####...............] rms=  203 peak=  748 seam=ok lag=339us
18:16:43.333   -> clock_tick      p=0.54  preproc=69825us infer=40986us
18:16:43.333 ====================================
18:16:43.333 ====================================
18:16:43.333 TAP TOTAL win=399
18:16:43.333 ====================================
18:16:43.333 ====================================
18:16:43.333 tap total: windows=400 (expected 400 from 6146048 samples) overrun=0 torn=0 skipped=0 seam ok=399 NG=0
18:16:43.333   tap lag max=382us (0 of them lower bounds) | tap write max=8793ns avg=5325ns (24008 calls)
18:16:43.334   audio under=0 over=0 late=0 | aed run=400 err=0 (last er=0)
18:16:43.340   preproc max=69862us avg=69815us | infer max=41096us avg=40990us
18:16:43.346   notify out=57 held=232 offlist=111 gated=0 lat max=112920us (0 lower bounds)
18:16:43.353   log sent=2506 dropped=0 lag max=121593us
18:16:43.357 ====================================
18:16:43.360 ====================================
18:16:43.612   pt[748]: min=-748 max=730 avg_abs=180 | fifo=1056 under=0 over=0 late=0 mdf_cb=24026 mdf_err=0
18:16:43.612 in=15872Hz out=16000Hz ring=912 under=0 over=0 (dt=999999us) loglag=121593us
18:16:44.140   pt[749]: min=-742 max=684 avg_abs=169 | fifo=848 under=0 over=0 late=0 mdf_cb=24058 mdf_err=0
18:16:44.265 win  400 pos= 6144000  -44dBFS [#####...............] rms=  217 peak= 1124 seam=ok lag=340us
18:16:44.265   -> unknown         p=0.38  preproc=69824us infer=40984us
18:16:44.655 in=16128Hz out=16000Hz ring=1040 under=0 over=0 (dt=1000000us) loglag=121593us
18:16:44.655   pt[750]: min=-3562 max=3430 avg_abs=574 | fifo=1040 under=0 over=0 late=0 mdf_cb=24090 mdf_err=0
18:16:45.216   pt[751]: min=-1824 max=1784 avg_abs=234 | fifo=832 under=0 over=0 late=0 mdf_cb=24122 mdf_err=0
18:16:45.218 win  401 pos= 6159360  -35dBFS [########............] rms=  587 peak= 3562 seam=ok lag=340us
18:16:45.226   -> clock_tick      p=0.68  preproc=69788us infer=40988us
18:16:45.669 in=16128Hz out=16000Hz ring=1168 under=0 over=0 (dt=999999us) loglag=121593us
18:16:45.669   pt[752]: min=-2428 max=2326 avg_abs=461 | fifo=1024 under=0 over=0 late=0 mdf_cb=24154 mdf_err=0
18:16:46.169   pt[753]: min=-1168 max=1132 avg_abs=199 | fifo=816 under=0 over=0 late=0 mdf_cb=24186 mdf_err=0
18:16:46.177 win  402 pos= 6174720  -37dBFS [#######.............] rms=  464 peak= 2428 seam=ok lag=339us
18:16:46.186   -> clock_tick      p=0.84  preproc=69825us infer=40953us
18:16:46.636 in=16128Hz out=16400Hz ring=896 under=0 over=0 (dt=1000000us) loglag=121593us
18:16:46.697   pt[754]: min=-544 max=546 avg_abs=137 | fifo=1264 under=0 over=0 late=0 mdf_cb=24219 mdf_err=0
18:16:47.137 {"win":403,"cls":"sneezing","p":0.57,"lat_ms":113,"under":0,"over":0,"late":0}
18:16:47.137 win  403 pos= 6190080  -42dBFS [######..............] rms=  262 peak= 1730 seam=ok lag=338us
18:16:47.143   -> sneezing        p=0.57  preproc=69822us infer=41030us
18:16:47.216   pt[755]: min=-2008 max=1734 avg_abs=343 | fifo=1056 under=0 over=0 late=0 mdf_cb=24251 mdf_err=0
18:16:47.650 in=16128Hz out=16000Hz ring=1024 under=0 over=0 (dt=1000000us) loglag=121593us
18:16:47.711   pt[756]: min=-2168 max=1982 avg_abs=320 | fifo=1248 under=0 over=0 late=0 mdf_cb=24283 mdf_err=0
18:16:48.149 win  404 pos= 6205440  -37dBFS [#######.............] rms=  458 peak= 2234 seam=ok lag=338us
18:16:48.149   -> clock_tick      p=0.86  preproc=69825us infer=40982us
18:16:48.211   pt[757]: min=-2648 max=2628 avg_abs=407 | fifo=1040 under=0 over=0 late=0 mdf_cb=24315 mdf_err=0
18:16:48.649 in=16128Hz out=16000Hz ring=1152 under=0 over=0 (dt=999999us) loglag=121593us
18:16:48.773   pt[758]: min=-2094 max=2590 avg_abs=292 | fifo=1232 under=0 over=0 late=0 mdf_cb=24347 mdf_err=0
18:16:49.083 win  405 pos= 6220800  -34dBFS [########............] rms=  671 peak= 6754 seam=ok lag=340us
18:16:49.083   -> clock_tick      p=0.78  preproc=69817us infer=40981us
18:16:49.269   pt[759]: min=-6754 max=6172 avg_abs=315 | fifo=1024 under=0 over=0 late=0 mdf_cb=24379 mdf_err=0
18:16:49.660 in=16128Hz out=16000Hz ring=1280 under=0 over=0 (dt=1000000us) loglag=121593us
18:16:49.785   pt[760]: min=-578 max=544 avg_abs=144 | fifo=1216 under=0 over=0 late=0 mdf_cb=24411 mdf_err=0
18:16:50.037 win  406 pos= 6236160  -45dBFS [#####...............] rms=  185 peak=  592 seam=ok lag=339us
18:16:50.037   -> unknown         p=0.39  preproc=69779us infer=40980us
18:16:50.289   pt[761]: min=-714 max=542 avg_abs=167 | fifo=1008 under=0 over=0 late=0 mdf_cb=24443 mdf_err=0
18:16:50.662 in=15872Hz out=16400Hz ring=752 under=0 over=0 (dt=999999us) loglag=121593us
18:16:50.786   pt[762]: min=-584 max=546 avg_abs=123 | fifo=1200 under=0 over=0 late=0 mdf_cb=24475 mdf_err=0
18:16:50.974 win  407 pos= 6251520  -45dBFS [#####...............] rms=  184 peak=  714 seam=ok lag=339us
18:16:50.978   -> unknown         p=0.35  preproc=69828us infer=40988us
18:16:51.287   pt[763]: min=-598 max=524 avg_abs=140 | fifo=992 under=0 over=0 late=0 mdf_cb=24507 mdf_err=0
18:16:51.665 in=16128Hz out=16000Hz ring=880 under=0 over=0 (dt=1000000us) loglag=121593us
18:16:51.854   pt[764]: min=-582 max=558 avg_abs=156 | fifo=1184 under=0 over=0 late=0 mdf_cb=24539 mdf_err=0
18:16:51.977 win  408 pos= 6266880  -45dBFS [#####...............] rms=  180 peak=  582 seam=ok lag=337us
18:16:51.977   -> clock_tick      p=0.62  preproc=69821us infer=41033us
18:16:52.354   pt[765]: min=-622 max=606 avg_abs=165 | fifo=976 under=0 over=0 late=0 mdf_cb=24571 mdf_err=0
18:16:52.665 in=16128Hz out=16000Hz ring=1008 under=0 over=0 (dt=999999us) loglag=121593us
18:16:52.915   pt[766]: min=-542 max=592 avg_abs=142 | fifo=1168 under=0 over=0 late=0 mdf_cb=24603 mdf_err=0
18:16:52.915 win  409 pos= 6282240  -45dBFS [#####...............] rms=  195 peak=  622 seam=ok lag=339us
18:16:52.915   -> clock_tick      p=0.52  preproc=69852us infer=40980us
18:16:52.915 ====================================
18:16:52.915 ====================================
18:16:52.919 TAP TOTAL win=409
18:16:52.921 ====================================
18:16:52.924 ====================================
18:16:52.992 tap total: windows=410 (expected 410 from 6299648 samples) overrun=0 torn=0 skipped=0 seam ok=409 NG=0
18:16:52.992   tap lag max=382us (0 of them lower bounds) | tap write max=8793ns avg=5325ns (24608 calls)
18:16:52.992   audio under=0 over=0 late=0 | aed run=410 err=0 (last er=0)
18:16:52.992   preproc max=69862us avg=69815us | infer max=41096us avg=40990us
18:16:52.992   notify out=58 held=235 offlist=117 gated=0 lat max=112920us (0 lower bounds)
18:16:52.992   log sent=2569 dropped=0 lag max=121593us
18:16:52.992 ====================================
18:16:52.992 ====================================
18:16:53.369   pt[767]: min=-504 max=526 avg_abs=141 | fifo=960 under=0 over=0 late=0 mdf_cb=24635 mdf_err=0
18:16:53.680 in=16128Hz out=16000Hz ring=1136 under=0 over=0 (dt=999999us) loglag=121593us
18:16:53.869   pt[768]: min=-620 max=662 avg_abs=143 | fifo=1152 under=0 over=0 late=0 mdf_cb=24667 mdf_err=0
18:16:53.869 win  410 pos= 6297600  -45dBFS [#####...............] rms=  182 peak=  662 seam=ok lag=337us
18:16:53.869   -> clock_tick      p=0.52  preproc=69828us infer=40964us
18:16:54.369   pt[769]: min=-542 max=732 avg_abs=153 | fifo=944 under=0 over=0 late=0 mdf_cb=24699 mdf_err=0
18:16:54.681 in=16128Hz out=16000Hz ring=1264 under=0 over=0 (dt=1000000us) loglag=121593us
18:16:54.868 win  411 pos= 6312960  -45dBFS [#####...............] rms=  182 peak=  732 seam=ok lag=337us
18:16:54.868   -> unknown         p=0.41  preproc=69774us infer=40982us
18:16:54.929   pt[770]: min=-588 max=762 avg_abs=157 | fifo=736 under=0 over=0 late=0 mdf_cb=24731 mdf_err=0
18:16:55.428   pt[771]: min=-664 max=684 avg_abs=180 | fifo=928 under=0 over=0 late=0 mdf_cb=24763 mdf_err=0
18:16:55.800 in=16128Hz out=16400Hz ring=992 under=0 over=0 (dt=1000000us) loglag=121593us
18:16:55.800 win  412 pos= 6328320  -44dBFS [#####...............] rms=  209 peak=  762 seam=ok lag=339us
18:16:55.800   -> unknown         p=0.46  preproc=69825us infer=40979us
18:16:55.926   pt[772]: min=-698 max=556 avg_abs=145 | fifo=976 under=0 over=0 late=0 mdf_cb=24796 mdf_err=0
18:16:56.426   pt[773]: min=-640 max=552 avg_abs=149 | fifo=1168 under=0 over=0 late=0 mdf_cb=24828 mdf_err=0
18:16:56.737 in=16128Hz out=16000Hz ring=1120 under=0 over=0 (dt=999999us) loglag=121593us
18:16:56.737 win  413 pos= 6343680  -45dBFS [#####...............] rms=  194 peak=  698 seam=ok lag=337us
18:16:56.746   -> unknown         p=0.39  preproc=69826us infer=41036us
18:16:56.940   pt[774]: min=-676 max=552 avg_abs=151 | fifo=960 under=0 over=0 late=0 mdf_cb=24860 mdf_err=0
18:16:57.470   pt[775]: min=-566 max=514 avg_abs=148 | fifo=1152 under=0 over=0 late=0 mdf_cb=24892 mdf_err=0
18:16:57.704 in=15872Hz out=16000Hz ring=992 under=0 over=0 (dt=1000000us) loglag=121593us
18:16:57.704 win  414 pos= 6359040  -45dBFS [#####...............] rms=  183 peak=  568 seam=ok lag=337us
18:16:57.706   -> clock_tick      p=0.56  preproc=69826us infer=40954us
18:16:57.985   pt[776]: min=-614 max=636 avg_abs=143 | fifo=944 under=0 over=0 late=0 mdf_cb=24924 mdf_err=0
18:16:58.514   pt[777]: min=-596 max=792 avg_abs=153 | fifo=1136 under=0 over=0 late=0 mdf_cb=24956 mdf_err=0
18:16:58.701 win  415 pos= 6374400  -45dBFS [#####...............] rms=  180 peak=  792 seam=ok lag=338us
18:16:58.701   -> unknown         p=0.31  preproc=69834us infer=40992us
18:16:58.701 in=16128Hz out=16000Hz ring=1120 under=0 over=0 (dt=999999us) loglag=121593us
18:16:59.013   pt[778]: min=-524 max=488 avg_abs=135 | fifo=928 under=0 over=0 late=0 mdf_cb=24988 mdf_err=0
18:16:59.511   pt[779]: min=-32768 max=23928 avg_abs=309 | fifo=1120 under=0 over=0 late=0 mdf_cb=25020 mdf_err=0
18:16:59.634 {"win":416,"cls":"crackling_fire","p":0.55,"lat_ms":113,"under":0,"over":0,"late":0}
18:16:59.634 win  416 pos= 6389760  -30dBFS [##########..........] rms= 1051 peak=32768 seam=ok lag=380us
18:16:59.634   -> crackling_fire  p=0.55  preproc=69764us infer=41032us
18:16:59.760 in=16128Hz out=16400Hz ring=848 under=0 over=0 (dt=1000000us) loglag=121892us
18:17:00.010   pt[780]: min=-7722 max=6100 avg_abs=506 | fifo=912 under=0 over=0 late=0 mdf_cb=25052 mdf_err=0
18:17:00.628   pt[781]: min=-570 max=716 avg_abs=148 | fifo=1104 under=0 over=0 late=0 mdf_cb=25084 mdf_err=0
18:17:00.628 win  417 pos= 6405120  -32dBFS [#########...........] rms=  797 peak= 7722 seam=ok lag=339us
18:17:00.628   -> clock_tick      p=0.63  preproc=69837us infer=40968us
18:17:00.754 in=16128Hz out=16000Hz ring=976 under=0 over=0 (dt=1000000us) loglag=121892us
18:17:01.069   pt[782]: min=-606 max=490 avg_abs=132 | fifo=896 under=0 over=0 late=0 mdf_cb=25116 mdf_err=0
18:17:01.566 win  418 pos= 6420480  -46dBFS [####................] rms=  169 peak=  686 seam=ok lag=339us
18:17:01.566   -> clock_tick      p=0.52  preproc=69827us infer=41039us
18:17:01.566   pt[783]: min=-530 max=686 avg_abs=138 | fifo=1088 under=0 over=0 late=0 mdf_cb=25148 mdf_err=0
18:17:01.753 in=16128Hz out=16000Hz ring=1104 under=0 over=0 (dt=999999us) loglag=121892us
18:17:02.096   pt[784]: min=-480 max=674 avg_abs=144 | fifo=880 under=0 over=0 late=0 mdf_cb=25180 mdf_err=0
18:17:02.530 win  419 pos= 6435840  -45dBFS [#####...............] rms=  185 peak=  674 seam=ok lag=338us
18:17:02.530   -> unknown         p=0.31  preproc=69825us infer=40986us
18:17:02.530 ====================================
18:17:02.530 ====================================
18:17:02.530 TAP TOTAL win=419
18:17:02.530 ====================================
18:17:02.530 ====================================
18:17:02.530 tap total: windows=420 (expected 420 from 6453248 samples) overrun=0 torn=0 skipped=0 seam ok=419 NG=0
18:17:02.530   tap lag max=382us (0 of them lower bounds) | tap write max=8793ns avg=5325ns (25208 calls)
18:17:02.538   audio under=0 over=0 late=0 | aed run=420 err=0 (last er=0)
18:17:02.543   preproc max=69862us avg=69815us | infer max=41096us avg=40990us
18:17:02.549   notify out=59 held=240 offlist=121 gated=0 lat max=112920us (0 lower bounds)
18:17:02.556   log sent=2630 dropped=0 lag max=121892us
18:17:02.560 ====================================
18:17:02.564 ====================================
18:17:02.640   pt[785]: min=-552 max=632 avg_abs=142 | fifo=1072 under=0 over=0 late=0 mdf_cb=25212 mdf_err=0
18:17:02.764 in=16128Hz out=16000Hz ring=1232 under=0 over=0 (dt=1000000us) loglag=121892us
18:17:03.139   pt[786]: min=-468 max=536 avg_abs=131 | fifo=864 under=0 over=0 late=0 mdf_cb=25244 mdf_err=0
18:17:03.452 win  420 pos= 6451200  -46dBFS [####................] rms=  161 peak=  552 seam=ok lag=340us
18:17:03.460   -> unknown         p=0.35  preproc=69817us infer=40981us
18:17:03.595   pt[787]: min=-594 max=468 avg_abs=127 | fifo=1312 under=0 over=0 late=0 mdf_cb=25277 mdf_err=0
18:17:03.751 in=16128Hz out=16400Hz ring=960 under=0 over=0 (dt=999999us) loglag=121892us
18:17:04.110   pt[788]: min=-32768 max=32767 avg_abs=676 | fifo=1104 under=0 over=0 late=0 mdf_cb=25309 mdf_err=0
18:17:04.437 win  421 pos= 6466560  -26dBFS [###########.........] rms= 1656 peak=32768 seam=ok lag=339us
18:17:04.437   -> clock_tick      p=0.96  preproc=69761us infer=40980us
18:17:04.639   pt[789]: min=-608 max=492 avg_abs=137 | fifo=1296 under=0 over=0 late=0 mdf_cb=25341 mdf_err=0
18:17:04.765 in=16128Hz out=16000Hz ring=1088 under=0 over=0 (dt=1000000us) loglag=121892us
18:17:05.139   pt[790]: min=-606 max=630 avg_abs=162 | fifo=1088 under=0 over=0 late=0 mdf_cb=25373 mdf_err=0
18:17:05.405 win  422 pos= 6481920  -45dBFS [#####...............] rms=  183 peak=  630 seam=ok lag=338us
18:17:05.405   -> unknown         p=0.28  preproc=69824us infer=40983us
18:17:05.655   pt[791]: min=-676 max=564 avg_abs=161 | fifo=1280 under=0 over=0 late=0 mdf_cb=25405 mdf_err=0
18:17:05.778 in=15872Hz out=16000Hz ring=960 under=0 over=0 (dt=1000000us) loglag=121892us
18:17:06.218   pt[792]: min=-608 max=760 avg_abs=151 | fifo=1072 under=0 over=0 late=0 mdf_cb=25437 mdf_err=0
18:17:06.343 win  423 pos= 6497280  -44dBFS [#####...............] rms=  197 peak=  760 seam=ok lag=337us
18:17:06.343   -> unknown         p=0.45  preproc=69828us infer=41038us
18:17:06.735   pt[793]: min=-520 max=550 avg_abs=138 | fifo=864 under=0 over=0 late=0 mdf_cb=25469 mdf_err=0
18:17:06.811 in=16128Hz out=16000Hz ring=1088 under=0 over=0 (dt=999999us) loglag=121892us
18:17:07.312   pt[794]: min=-490 max=492 avg_abs=122 | fifo=1056 under=0 over=0 late=0 mdf_cb=25501 mdf_err=0
18:17:07.312 win  424 pos= 6512640  -46dBFS [####................] rms=  162 peak=  550 seam=ok lag=341us
18:17:07.312   -> unknown         p=0.31  preproc=69844us infer=40981us
18:17:07.701   pt[795]: min=-448 max=536 avg_abs=143 | fifo=848 under=0 over=0 late=0 mdf_cb=25533 mdf_err=0
18:17:07.779 in=16128Hz out=16400Hz ring=816 under=0 over=0 (dt=999999us) loglag=121892us
18:17:08.280   pt[796]: min=-530 max=576 avg_abs=122 | fifo=1040 under=0 over=0 late=0 mdf_cb=25565 mdf_err=0
18:17:08.280 win  425 pos= 6528000  -46dBFS [####................] rms=  167 peak=  576 seam=ok lag=339us
18:17:08.280   -> unknown         p=0.38  preproc=69823us infer=40984us
18:17:08.796   pt[797]: min=-564 max=546 avg_abs=134 | fifo=832 under=0 over=0 late=0 mdf_cb=25597 mdf_err=0
18:17:08.796 in=16128Hz out=16000Hz ring=944 under=0 over=0 (dt=999999us) loglag=121892us
18:17:09.247 win  426 pos= 6543360  -46dBFS [####................] rms=  163 peak=  564 seam=ok lag=342us
18:17:09.247   -> unknown         p=0.37  preproc=69768us infer=40961us
18:17:09.247   pt[798]: min=-422 max=442 avg_abs=124 | fifo=1024 under=0 over=0 late=0 mdf_cb=25629 mdf_err=0
18:17:09.809   pt[799]: min=-462 max=448 avg_abs=121 | fifo=816 under=0 over=0 late=0 mdf_cb=25661 mdf_err=0
18:17:09.809 in=16128Hz out=16000Hz ring=1072 under=0 over=0 (dt=1000000us) loglag=121892us
18:17:10.182 win  427 pos= 6558720  -46dBFS [####................] rms=  163 peak=  598 seam=ok lag=335us
18:17:10.182   -> clock_tick      p=0.72  preproc=69824us infer=40986us
18:17:10.321   pt[800]: min=-662 max=722 avg_abs=148 | fifo=1008 under=0 over=0 late=0 mdf_cb=25693 mdf_err=0
18:17:10.819 in=16128Hz out=16000Hz ring=1200 under=0 over=0 (dt=999999us) loglag=121892us
18:17:10.819   pt[801]: min=-740 max=512 avg_abs=151 | fifo=1056 under=0 over=0 late=0 mdf_cb=25726 mdf_err=0
18:17:11.192 win  428 pos= 6574080  -45dBFS [#####...............] rms=  186 peak=  740 seam=ok lag=339us
18:17:11.192   -> unknown         p=0.35  preproc=69817us infer=41031us
18:17:11.318   pt[802]: min=-586 max=524 avg_abs=131 | fifo=1248 under=0 over=0 late=0 mdf_cb=25758 mdf_err=0
18:17:11.831 in=16128Hz out=16400Hz ring=928 under=0 over=0 (dt=999999us) loglag=121892us
18:17:11.831   pt[803]: min=-484 max=452 avg_abs=114 | fifo=1040 under=0 over=0 late=0 mdf_cb=25790 mdf_err=0
18:17:12.095 win  429 pos= 6589440  -47dBFS [####................] rms=  142 peak=  494 seam=ok lag=337us
18:17:12.101   -> unknown         p=0.27  preproc=69819us infer=40955us
18:17:12.107 ====================================
18:17:12.110 ====================================
18:17:12.113 TAP TOTAL win=429
18:17:12.115 ====================================
18:17:12.119 ====================================
18:17:12.122 tap total: windows=430 (expected 430 from 6606848 samples) overrun=0 torn=0 skipped=0 seam ok=429 NG=0
18:17:12.131   tap lag max=382us (0 of them lower bounds) | tap write max=8793ns avg=5325ns (25808 calls)
18:17:12.139   audio under=0 over=0 late=0 | aed run=430 err=0 (last er=0)
18:17:12.144   preproc max=69862us avg=69815us | infer max=41096us avg=40990us
18:17:12.150   notify out=59 held=248 offlist=123 gated=0 lat max=112920us (0 lower bounds)
18:17:12.158   log sent=2692 dropped=0 lag max=121892us
18:17:12.162 ====================================
18:17:12.165 ====================================
18:17:12.391   pt[804]: min=-464 max=494 avg_abs=113 | fifo=1232 under=0 over=0 late=0 mdf_cb=25822 mdf_err=0
18:17:12.842 in=16128Hz out=16000Hz ring=1056 under=0 over=0 (dt=1000000us) loglag=121892us
18:17:12.842   pt[805]: min=-542 max=452 avg_abs=121 | fifo=1024 under=0 over=0 late=0 mdf_cb=25854 mdf_err=0
18:17:13.093 win  430 pos= 6604800  -47dBFS [####................] rms=  153 peak=  542 seam=ok lag=341us
18:17:13.093   -> clock_tick      p=0.54  preproc=69831us infer=40979us
18:17:13.356   pt[806]: min=-604 max=586 avg_abs=133 | fifo=1216 under=0 over=0 late=0 mdf_cb=25886 mdf_err=0
18:17:13.790 in=16128Hz out=16000Hz ring=1184 under=0 over=0 (dt=1000000us) loglag=121892us
18:17:13.917   pt[807]: min=-520 max=588 avg_abs=135 | fifo=1008 under=0 over=0 late=0 mdf_cb=25918 mdf_err=0
18:17:14.040 win  431 pos= 6620160  -46dBFS [####................] rms=  167 peak=  604 seam=ok lag=336us
18:17:14.040   -> unknown         p=0.38  preproc=69765us infer=40982us
18:17:14.416   pt[808]: min=-616 max=608 avg_abs=151 | fifo=1200 under=0 over=0 late=0 mdf_cb=25950 mdf_err=0
18:17:14.855 in=15872Hz out=16000Hz ring=1056 under=0 over=0 (dt=999999us) loglag=121892us
18:17:14.980   pt[809]: min=-618 max=540 avg_abs=152 | fifo=992 under=0 over=0 late=0 mdf_cb=25982 mdf_err=0
18:17:14.982 win  432 pos= 6635520  -45dBFS [#####...............] rms=  189 peak=  618 seam=ok lag=339us
18:17:14.991   -> unknown         p=0.21  preproc=69850us infer=40982us
18:17:15.434   pt[810]: min=-616 max=704 avg_abs=155 | fifo=1184 under=0 over=0 late=0 mdf_cb=26014 mdf_err=0
18:17:15.806 in=16128Hz out=16400Hz ring=784 under=0 over=0 (dt=999999us) loglag=121892us
18:17:15.994   pt[811]: min=-666 max=596 avg_abs=137 | fifo=976 under=0 over=0 late=0 mdf_cb=26046 mdf_err=0
18:17:15.994 win  433 pos= 6650880  -45dBFS [#####...............] rms=  187 peak=  704 seam=ok lag=342us
18:17:15.994   -> unknown         p=0.38  preproc=69819us infer=41031us
18:17:16.428   pt[812]: min=-498 max=510 avg_abs=123 | fifo=768 under=0 over=0 late=0 mdf_cb=26078 mdf_err=0
18:17:16.929 in=16128Hz out=16000Hz ring=912 under=0 over=0 (dt=1000000us) loglag=121892us
18:17:16.929 win  434 pos= 6666240  -46dBFS [####................] rms=  169 peak=  596 seam=ok lag=340us
18:17:16.929   -> clock_tick      p=0.56  preproc=69828us infer=40978us
18:17:16.991   pt[813]: min=-544 max=596 avg_abs=144 | fifo=960 under=0 over=0 late=0 mdf_cb=26110 mdf_err=0
18:17:17.489   pt[814]: min=-710 max=544 avg_abs=151 | fifo=752 under=0 over=0 late=0 mdf_cb=26142 mdf_err=0
18:17:17.863 in=16127Hz out=15999Hz ring=1040 under=0 over=0 (dt=1000001us) loglag=121892us
18:17:17.863 win  435 pos= 6681600  -44dBFS [#####...............] rms=  197 peak=  710 seam=ok lag=337us
18:17:17.869   -> unknown         p=0.45  preproc=69827us infer=40989us
18:17:18.002   pt[815]: min=-624 max=702 avg_abs=165 | fifo=1200 under=0 over=0 late=0 mdf_cb=26175 mdf_err=0
18:17:18.517   pt[816]: min=-580 max=624 avg_abs=154 | fifo=992 under=0 over=0 late=0 mdf_cb=26207 mdf_err=0
18:17:18.844 win  436 pos= 6696960  -45dBFS [#####...............] rms=  194 peak=  670 seam=ok lag=340us
18:17:18.844   -> unknown         p=0.49  preproc=69770us infer=40982us
18:17:18.844 in=16099Hz out=15971Hz ring=1168 under=0 over=0 (dt=1001791us) loglag=121892us
18:17:19.030   pt[817]: min=-568 max=548 avg_abs=145 | fifo=1184 under=0 over=0 late=0 mdf_cb=26239 mdf_err=0
18:17:19.530   pt[818]: min=-618 max=556 avg_abs=136 | fifo=976 under=0 over=0 late=0 mdf_cb=26271 mdf_err=0
18:17:19.794 win  437 pos= 6712320  -44dBFS [#####...............] rms=  196 peak= 1620 seam=ok lag=339us
18:17:19.794   -> clock_tick      p=0.72  preproc=69826us infer=40973us
18:17:19.857 in=16156Hz out=16429Hz ring=896 under=0 over=0 (dt=998206us) loglag=121892us
18:17:20.043   pt[819]: min=-1028 max=1620 avg_abs=198 | fifo=1168 under=0 over=0 late=0 mdf_cb=26303 mdf_err=0
18:17:20.544   pt[820]: min=-1346 max=1486 avg_abs=246 | fifo=960 under=0 over=0 late=0 mdf_cb=26335 mdf_err=0
18:17:20.793 win  438 pos= 6727680  -40dBFS [######..............] rms=  313 peak= 1486 seam=ok lag=337us
18:17:20.793   -> unknown         p=0.37  preproc=69821us infer=41009us
18:17:20.856 in=16128Hz out=16000Hz ring=1024 under=0 over=0 (dt=1000000us) loglag=121892us
18:17:21.108   pt[821]: min=-718 max=648 avg_abs=167 | fifo=1152 under=0 over=0 late=0 mdf_cb=26367 mdf_err=0
18:17:21.608   pt[822]: min=-898 max=1406 avg_abs=167 | fifo=944 under=0 over=0 late=0 mdf_cb=26399 mdf_err=0
18:17:21.735 win  439 pos= 6743040  -43dBFS [#####...............] rms=  225 peak= 1406 seam=ok lag=338us
18:17:21.735   -> unknown         p=0.34  preproc=69812us infer=40978us
18:17:21.735 ====================================
18:17:21.735 ====================================
18:17:21.735 TAP TOTAL win=439
18:17:21.735 ====================================
18:17:21.735 ====================================
18:17:21.735 tap total: windows=440 (expected 440 from 6760448 samples) overrun=0 torn=0 skipped=0 seam ok=439 NG=0
18:17:21.735   tap lag max=382us (0 of them lower bounds) | tap write max=8793ns avg=5325ns (26408 calls)
18:17:21.811   audio under=0 over=0 late=0 | aed run=440 err=0 (last er=0)
18:17:21.811   preproc max=69862us avg=69815us | infer max=41096us avg=40990us
18:17:21.811   notify out=59 held=255 offlist=126 gated=0 lat max=112920us (0 lower bounds)
18:17:21.811   log sent=2753 dropped=0 lag max=121892us
18:17:21.811 ====================================
18:17:21.811 ====================================
18:17:21.891 in=16128Hz out=16000Hz ring=1152 under=0 over=0 (dt=999999us) loglag=121892us
18:17:22.093   pt[823]: min=-606 max=546 avg_abs=146 | fifo=1136 under=0 over=0 late=0 mdf_cb=26431 mdf_err=0
18:17:22.670   pt[824]: min=-530 max=626 avg_abs=155 | fifo=928 under=0 over=0 late=0 mdf_cb=26463 mdf_err=0
18:17:22.670 win  440 pos= 6758400  -45dBFS [#####...............] rms=  188 peak=  626 seam=ok lag=338us
18:17:22.672   -> unknown         p=0.32  preproc=69845us infer=40985us
18:17:22.875 in=16128Hz out=16000Hz ring=1280 under=0 over=0 (dt=1000000us) loglag=121892us
18:17:23.139   pt[825]: min=-532 max=570 avg_abs=131 | fifo=1120 under=0 over=0 late=0 mdf_cb=26495 mdf_err=0
18:17:23.640   pt[826]: min=-556 max=556 avg_abs=157 | fifo=912 under=0 over=0 late=0 mdf_cb=26527 mdf_err=0
18:17:23.640 win  441 pos= 6773760  -45dBFS [#####...............] rms=  178 peak=  570 seam=ok lag=337us
18:17:23.640   -> unknown         p=0.43  preproc=69763us infer=40984us
18:17:23.888 in=15872Hz out=16400Hz ring=752 under=0 over=0 (dt=999999us) loglag=121892us
18:17:24.137   pt[827]: min=-510 max=700 avg_abs=153 | fifo=1104 under=0 over=0 late=0 mdf_cb=26559 mdf_err=0
18:17:24.635 win  442 pos= 6789120  -45dBFS [#####...............] rms=  183 peak=  700 seam=ok lag=337us
18:17:24.635   -> clock_tick      p=0.50  preproc=69826us infer=40980us
18:17:24.637   pt[828]: min=-598 max=566 avg_abs=136 | fifo=896 under=0 over=0 late=0 mdf_cb=26591 mdf_err=0
18:17:24.899 in=16128Hz out=16000Hz ring=880 under=0 over=0 (dt=1000000us) loglag=121892us
18:17:25.210   pt[829]: min=-864 max=846 avg_abs=171 | fifo=1088 under=0 over=0 late=0 mdf_cb=26623 mdf_err=0
18:17:25.583 win  443 pos= 6804480  -44dBFS [#####...............] rms=  196 peak=  864 seam=ok lag=339us
18:17:25.583   -> clock_tick      p=0.74  preproc=69825us infer=41038us
18:17:25.709   pt[830]: min=-506 max=674 avg_abs=153 | fifo=1136 under=0 over=0 late=0 mdf_cb=26656 mdf_err=0
18:17:25.908 in=16128Hz out=16000Hz ring=1008 under=0 over=0 (dt=999999us) loglag=121892us
18:17:26.204   pt[831]: min=-606 max=578 avg_abs=150 | fifo=1328 under=0 over=0 late=0 mdf_cb=26688 mdf_err=0
18:17:26.548 win  444 pos= 6819840  -45dBFS [#####...............] rms=  187 peak=  674 seam=ok lag=338us
18:17:26.548   -> clock_tick      p=0.51  preproc=69819us infer=40982us
18:17:26.738   pt[832]: min=-538 max=522 avg_abs=129 | fifo=1120 under=0 over=0 late=0 mdf_cb=26720 mdf_err=0
18:17:26.924 in=16128Hz out=16000Hz ring=1136 under=0 over=0 (dt=1000000us) loglag=121892us
18:17:27.238   pt[833]: min=-560 max=538 avg_abs=132 | fifo=1312 under=0 over=0 late=0 mdf_cb=26752 mdf_err=0
18:17:27.516 win  445 pos= 6835200  -46dBFS [####................] rms=  164 peak=  560 seam=ok lag=342us
18:17:27.516   -> unknown         p=0.34  preproc=69826us infer=40983us
18:17:27.734   pt[834]: min=-566 max=544 avg_abs=132 | fifo=1104 under=0 over=0 late=0 mdf_cb=26784 mdf_err=0
18:17:27.923 in=16128Hz out=16000Hz ring=1264 under=0 over=0 (dt=1000000us) loglag=121892us
18:17:28.263   pt[835]: min=-456 max=606 avg_abs=133 | fifo=896 under=0 over=0 late=0 mdf_cb=26816 mdf_err=0
18:17:28.448 win  446 pos= 6850560  -46dBFS [####................] rms=  165 peak=  606 seam=ok lag=336us
18:17:28.448   -> unknown         p=0.28  preproc=69757us infer=40993us
18:17:28.758   pt[836]: min=-624 max=490 avg_abs=128 | fifo=1088 under=0 over=0 late=0 mdf_cb=26848 mdf_err=0
18:17:28.882 in=16128Hz out=16400Hz ring=992 under=0 over=0 (dt=999999us) loglag=121892us
18:17:29.257   pt[837]: min=-514 max=610 avg_abs=122 | fifo=880 under=0 over=0 late=0 mdf_cb=26880 mdf_err=0
18:17:29.382 win  447 pos= 6865920  -46dBFS [####................] rms=  159 peak=  624 seam=ok lag=337us
18:17:29.385   -> clock_tick      p=0.53  preproc=69826us infer=40978us
18:17:29.818   pt[838]: min=-564 max=512 avg_abs=126 | fifo=1072 under=0 over=0 late=0 mdf_cb=26912 mdf_err=0
18:17:29.945 in=16128Hz out=16000Hz ring=1120 under=0 over=0 (dt=999999us) loglag=121892us
18:17:30.378   pt[839]: min=-610 max=536 avg_abs=136 | fifo=864 under=0 over=0 late=0 mdf_cb=26944 mdf_err=0
18:17:30.378 win  448 pos= 6881280  -46dBFS [####................] rms=  166 peak=  610 seam=ok lag=337us
18:17:30.378   -> unknown         p=0.35  preproc=69852us infer=41021us
18:17:30.830   pt[840]: min=-568 max=590 avg_abs=134 | fifo=1056 under=0 over=0 late=0 mdf_cb=26976 mdf_err=0
18:17:30.955 in=15872Hz out=16000Hz ring=992 under=0 over=0 (dt=1000000us) loglag=121892us
18:17:31.345 win  449 pos= 6896640  -45dBFS [#####...............] rms=  177 peak=  694 seam=ok lag=339us
18:17:31.345   -> unknown         p=0.38  preproc=69826us infer=40985us
18:17:31.345 ====================================
18:17:31.345 ====================================
18:17:31.345 TAP TOTAL win=449
18:17:31.345 ====================================
18:17:31.345 ====================================
18:17:31.345 tap total: windows=450 (expected 450 from 6914048 samples) overrun=0 torn=0 skipped=0 seam ok=449 NG=0
18:17:31.345   tap lag max=382us (0 of them lower bounds) | tap write max=8793ns avg=5325ns (27008 calls)
18:17:31.345   audio under=0 over=0 late=0 | aed run=450 err=0 (last er=0)
18:17:31.349   preproc max=69862us avg=69815us | infer max=41096us avg=40990us
18:17:31.354   notify out=59 held=261 offlist=130 gated=0 lat max=112920us (0 lower bounds)
18:17:31.361   log sent=2814 dropped=0 lag max=121892us
18:17:31.365 ====================================
18:17:31.368 ====================================
18:17:31.371   pt[841]: min=-656 max=778 avg_abs=156 | fifo=848 under=0 over=0 late=0 mdf_cb=27008 mdf_err=0
18:17:31.876   pt[842]: min=-596 max=524 avg_abs=150 | fifo=1040 under=0 over=0 late=0 mdf_cb=27040 mdf_err=0
18:17:31.954 in=16128Hz out=16000Hz ring=1120 under=0 over=0 (dt=999999us) loglag=121892us
18:17:32.285 win  450 pos= 6912000  -45dBFS [#####...............] rms=  194 peak=  778 seam=ok lag=338us
18:17:32.285   -> unknown         p=0.38  preproc=69819us infer=40945us
18:17:32.347   pt[843]: min=-450 max=662 avg_abs=148 | fifo=832 under=0 over=0 late=0 mdf_cb=27072 mdf_err=0
18:17:32.876   pt[844]: min=-664 max=688 avg_abs=167 | fifo=1024 under=0 over=0 late=0 mdf_cb=27104 mdf_err=0
18:17:32.953 in=16128Hz out=16400Hz ring=848 under=0 over=0 (dt=999999us) loglag=121892us
18:17:33.217 win  451 pos= 6927360  -45dBFS [#####...............] rms=  194 peak=  688 seam=ok lag=339us
18:17:33.224   -> unknown         p=0.47  preproc=69776us infer=40982us
18:17:33.420   pt[845]: min=-550 max=592 avg_abs=133 | fifo=816 under=0 over=0 late=0 mdf_cb=27136 mdf_err=0
18:17:33.916   pt[846]: min=-594 max=568 avg_abs=132 | fifo=1264 under=0 over=0 late=0 mdf_cb=27169 mdf_err=0
18:17:33.916 in=16128Hz out=16000Hz ring=976 under=0 over=0 (dt=1000000us) loglag=121892us
18:17:34.228 win  452 pos= 6942720  -45dBFS [#####...............] rms=  178 peak=  594 seam=ok lag=340us
18:17:34.228   -> clock_tick      p=0.50  preproc=69830us infer=40979us
18:17:34.415   pt[847]: min=-588 max=564 avg_abs=151 | fifo=1056 under=0 over=0 late=0 mdf_cb=27201 mdf_err=0
18:17:34.912   pt[848]: min=-572 max=614 avg_abs=148 | fifo=1248 under=0 over=0 late=0 mdf_cb=27233 mdf_err=0
18:17:34.974 in=16128Hz out=16000Hz ring=1104 under=0 over=0 (dt=1000000us) loglag=121892us
18:17:35.161 win  453 pos= 6958080  -45dBFS [#####...............] rms=  184 peak=  614 seam=ok lag=339us
18:17:35.161   -> unknown         p=0.32  preproc=69819us infer=41037us
18:17:35.474   pt[849]: min=-1014 max=702 avg_abs=141 | fifo=1040 under=0 over=0 late=0 mdf_cb=27265 mdf_err=0
18:17:35.979 in=16128Hz out=16000Hz ring=1232 under=0 over=0 (dt=999999us) loglag=121892us
18:17:35.979   pt[850]: min=-502 max=560 avg_abs=135 | fifo=1232 under=0 over=0 late=0 mdf_cb=27297 mdf_err=0
18:17:36.112 win  454 pos= 6973440  -45dBFS [#####...............] rms=  174 peak= 1092 seam=ok lag=341us
18:17:36.112   -> unknown         p=0.47  preproc=69820us infer=40959us
18:17:36.440   pt[851]: min=-640 max=1092 avg_abs=158 | fifo=1024 under=0 over=0 late=0 mdf_cb=27329 mdf_err=0
18:17:36.940 in=16128Hz out=16400Hz ring=960 under=0 over=0 (dt=999999us) loglag=121892us
18:17:37.064   pt[852]: min=-414 max=578 avg_abs=136 | fifo=1216 under=0 over=0 late=0 mdf_cb=27361 mdf_err=0
18:17:37.065 win  455 pos= 6988800  -45dBFS [#####...............] rms=  183 peak=  814 seam=ok lag=341us
18:17:37.074   -> unknown         p=0.41  preproc=69847us infer=40962us
18:17:37.476   pt[853]: min=-1400 max=880 avg_abs=150 | fifo=1008 under=0 over=0 late=0 mdf_cb=27393 mdf_err=0
18:17:38.044 in=16128Hz out=16000Hz ring=1088 under=0 over=0 (dt=1000000us) loglag=121892us
18:17:38.044   pt[854]: min=-1428 max=1144 avg_abs=137 | fifo=1200 under=0 over=0 late=0 mdf_cb=27425 mdf_err=0
18:17:38.044 win  456 pos= 7004160  -45dBFS [#####...............] rms=  180 peak= 1400 seam=ok lag=338us
18:17:38.044   -> clock_tick      p=0.72  preproc=69784us infer=40982us
18:17:38.543   pt[855]: min=-746 max=844 avg_abs=154 | fifo=992 under=0 over=0 late=0 mdf_cb=27457 mdf_err=0
18:17:38.984 in=15872Hz out=16000Hz ring=960 under=0 over=0 (dt=1000000us) loglag=121892us
18:17:38.984 {"win":457,"cls":"crackling_fire","p":0.75,"lat_ms":113,"under":0,"over":0,"late":0}
18:17:38.993 win  457 pos= 7019520  -45dBFS [#####...............] rms=  192 peak= 1428 seam=ok lag=338us
18:17:39.001   -> crackling_fire  p=0.75  preproc=69823us infer=40990us
18:17:39.005   pt[856]: min=-714 max=1406 avg_abs=138 | fifo=784 under=0 over=0 late=0 mdf_cb=27489 mdf_err=0
18:17:39.526   pt[857]: min=-586 max=740 avg_abs=159 | fifo=976 under=0 over=0 late=0 mdf_cb=27521 mdf_err=0
18:17:39.966 win  458 pos= 7034880  -45dBFS [#####...............] rms=  188 peak= 1406 seam=ok lag=338us
18:17:39.966   -> clock_tick      p=0.76  preproc=69818us infer=41032us
18:17:39.966 in=16099Hz out=15972Hz ring=1088 under=0 over=0 (dt=1001751us) loglag=121892us
18:17:40.083   pt[858]: min=-518 max=602 avg_abs=144 | fifo=768 under=0 over=0 late=0 mdf_cb=27553 mdf_err=0
18:17:40.584   pt[859]: min=-606 max=598 avg_abs=130 | fifo=960 under=0 over=0 late=0 mdf_cb=27585 mdf_err=0
18:17:40.901 win  459 pos= 7050240  -46dBFS [####................] rms=  172 peak=  608 seam=ok lag=338us
18:17:40.901   -> unknown         p=0.39  preproc=69814us infer=40981us
18:17:40.908 ====================================
18:17:40.916 ====================================
18:17:40.919 TAP TOTAL win=459
18:17:40.919 ====================================
18:17:40.923 ====================================
18:17:40.927 tap total: windows=460 (expected 460 from 7067648 samples) overrun=0 torn=0 skipped=0 seam ok=459 NG=0
18:17:40.934   tap lag max=382us (0 of them lower bounds) | tap write max=8793ns avg=5325ns (27608 calls)
18:17:40.942   audio under=0 over=0 late=0 | aed run=460 err=0 (last er=0)
18:17:40.948   preproc max=69862us avg=69815us | infer max=41096us avg=40990us
18:17:40.955   notify out=60 held=267 offlist=133 gated=0 lat max=112920us (0 lower bounds)
18:17:40.961   log sent=2876 dropped=0 lag max=121892us
18:17:40.967 ====================================
18:17:40.967 ====================================
18:17:40.967 in=16050Hz out=16321Hz ring=816 under=0 over=0 (dt=1004816us) loglag=121892us
18:17:41.102   pt[860]: min=-496 max=608 avg_abs=133 | fifo=1008 under=0 over=0 late=0 mdf_cb=27618 mdf_err=0
18:17:41.600   pt[861]: min=-1110 max=1578 avg_abs=139 | fifo=1200 under=0 over=0 late=0 mdf_cb=27650 mdf_err=0
18:17:41.909 {"win":460,"cls":"crackling_fire","p":0.91,"lat_ms":113,"under":0,"over":0,"late":0}
18:17:41.909 win  460 pos= 7065600  -45dBFS [#####...............] rms=  181 peak= 1578 seam=ok lag=341us
18:17:41.909   -> crackling_fire  p=0.91  preproc=69826us infer=40986us
18:17:41.976 in=16234Hz out=16105Hz ring=944 under=0 over=0 (dt=993431us) loglag=121892us
18:17:42.101   pt[862]: min=-770 max=868 avg_abs=146 | fifo=992 under=0 over=0 late=0 mdf_cb=27682 mdf_err=0
18:17:42.601   pt[863]: min=-634 max=582 avg_abs=137 | fifo=1184 under=0 over=0 late=0 mdf_cb=27714 mdf_err=0
18:17:42.850 {"win":461,"cls":"unknown","p":0.40,"lat_ms":113,"under":0,"over":0,"late":0}
18:17:42.850 win  461 pos= 7080960  -45dBFS [#####...............] rms=  180 peak=  868 seam=ok lag=337us
18:17:42.850   -> unknown         p=0.40  preproc=69771us infer=40989us
18:17:42.984 in=16128Hz out=16000Hz ring=1072 under=0 over=0 (dt=1000000us) loglag=121892us
18:17:43.160   pt[864]: min=-634 max=652 avg_abs=122 | fifo=976 under=0 over=0 late=0 mdf_cb=27746 mdf_err=0
18:17:43.659   pt[865]: min=-518 max=444 avg_abs=130 | fifo=1168 under=0 over=0 late=0 mdf_cb=27778 mdf_err=0
18:17:43.784 win  462 pos= 7096320  -46dBFS [####................] rms=  159 peak=  652 seam=ok lag=339us
18:17:43.784   -> unknown         p=0.37  preproc=69818us infer=40945us
18:17:43.976 in=16128Hz out=16000Hz ring=1200 under=0 over=0 (dt=1000000us) loglag=121892us
18:17:44.167   pt[866]: min=-622 max=600 avg_abs=160 | fifo=960 under=0 over=0 late=0 mdf_cb=27810 mdf_err=0
18:17:44.784   pt[867]: min=-796 max=592 avg_abs=169 | fifo=1152 under=0 over=0 late=0 mdf_cb=27842 mdf_err=0
18:17:44.784 win  463 pos= 7111680  -44dBFS [#####...............] rms=  201 peak=  796 seam=ok lag=338us
18:17:44.784   -> unknown         p=0.30  preproc=69844us infer=41034us
18:17:44.982 in=16128Hz out=16400Hz ring=928 under=0 over=0 (dt=999999us) loglag=121892us
18:17:45.226   pt[868]: min=-730 max=604 avg_abs=173 | fifo=944 under=0 over=0 late=0 mdf_cb=27874 mdf_err=0
18:17:45.726   pt[869]: min=-554 max=618 avg_abs=142 | fifo=1136 under=0 over=0 late=0 mdf_cb=27906 mdf_err=0
18:17:45.726 win  464 pos= 7127040  -44dBFS [#####...............] rms=  199 peak=  730 seam=ok lag=338us
18:17:45.726   -> unknown         p=0.43  preproc=69825us infer=40982us
18:17:46.043 in=16128Hz out=16000Hz ring=1056 under=0 over=0 (dt=999999us) loglag=121892us
18:17:46.226   pt[870]: min=-1530 max=1072 avg_abs=159 | fifo=928 under=0 over=0 late=0 mdf_cb=27938 mdf_err=0
18:17:46.661 win  465 pos= 7142400  -44dBFS [#####...............] rms=  202 peak= 1530 seam=ok lag=340us
18:17:46.667   -> unknown         p=0.50  preproc=69829us infer=40983us
18:17:46.743   pt[871]: min=-710 max=1250 avg_abs=135 | fifo=1120 under=0 over=0 late=0 mdf_cb=27970 mdf_err=0
18:17:46.993 in=15872Hz out=16000Hz ring=928 under=0 over=0 (dt=1000000us) loglag=121892us
18:17:47.243   pt[872]: min=-564 max=572 avg_abs=146 | fifo=912 under=0 over=0 late=0 mdf_cb=28002 mdf_err=0
18:17:47.684 win  466 pos= 7157760  -45dBFS [#####...............] rms=  193 peak= 1250 seam=ok lag=339us
18:17:47.684   -> unknown         p=0.33  preproc=69769us infer=40983us
18:17:47.743   pt[873]: min=-566 max=600 avg_abs=140 | fifo=1104 under=0 over=0 late=0 mdf_cb=28034 mdf_err=0
18:17:48.001 in=16128Hz out=16000Hz ring=1056 under=0 over=0 (dt=1000000us) loglag=121892us
18:17:48.260   pt[874]: min=-1002 max=1158 avg_abs=167 | fifo=896 under=0 over=0 late=0 mdf_cb=28066 mdf_err=0
18:17:48.643 win  467 pos= 7173120  -44dBFS [#####...............] rms=  207 peak= 1158 seam=ok lag=338us
18:17:48.643   -> clock_tick      p=0.68  preproc=69825us infer=40986us
18:17:48.784   pt[875]: min=-764 max=686 avg_abs=161 | fifo=1344 under=0 over=0 late=0 mdf_cb=28099 mdf_err=0
18:17:49.036 in=16128Hz out=16400Hz ring=784 under=0 over=0 (dt=1000000us) loglag=121892us
18:17:49.284   pt[876]: min=-654 max=650 avg_abs=159 | fifo=1136 under=0 over=0 late=0 mdf_cb=28131 mdf_err=0
18:17:49.543 win  468 pos= 7188480  -44dBFS [#####...............] rms=  202 peak=  764 seam=ok lag=337us
18:17:49.543   -> clock_tick      p=0.52  preproc=69828us infer=41034us
18:17:49.803   pt[877]: min=-622 max=694 avg_abs=175 | fifo=928 under=0 over=0 late=0 mdf_cb=28163 mdf_err=0
18:17:50.067 in=16128Hz out=16000Hz ring=912 under=0 over=0 (dt=999999us) loglag=121892us
18:17:50.351   pt[878]: min=-590 max=554 avg_abs=146 | fifo=1120 under=0 over=0 late=0 mdf_cb=28195 mdf_err=0
18:17:50.533 win  469 pos= 7203840  -44dBFS [#####...............] rms=  196 peak=  694 seam=ok lag=338us
18:17:50.533   -> unknown         p=0.36  preproc=69824us infer=40978us
18:17:50.533 ====================================
18:17:50.533 ====================================
18:17:50.533 TAP TOTAL win=469
18:17:50.533 ====================================
18:17:50.533 ====================================
18:17:50.533 tap total: windows=470 (expected 470 from 7221248 samples) overrun=0 torn=0 skipped=0 seam ok=469 NG=0
18:17:50.538   tap lag max=382us (0 of them lower bounds) | tap write max=8793ns avg=5325ns (28208 calls)
18:17:50.543   audio under=0 over=0 late=0 | aed run=470 err=0 (last er=0)
18:17:50.551   preproc max=69862us avg=69815us | infer max=41096us avg=40990us
18:17:50.558   notify out=62 held=273 offlist=135 gated=0 lat max=112920us (0 lower bounds)
18:17:50.562   log sent=2940 dropped=0 lag max=121892us
18:17:50.568 ====================================
18:17:50.568 ====================================
18:17:50.842   pt[879]: min=-652 max=546 avg_abs=151 | fifo=912 under=0 over=0 late=0 mdf_cb=28227 mdf_err=0
18:17:51.025 in=16128Hz out=16000Hz ring=1040 under=0 over=0 (dt=999999us) loglag=121892us
18:17:51.334   pt[880]: min=-560 max=534 avg_abs=161 | fifo=1104 under=0 over=0 late=0 mdf_cb=28259 mdf_err=0
18:17:51.460 win  470 pos= 7219200  -44dBFS [#####...............] rms=  198 peak=  652 seam=ok lag=338us
18:17:51.468   -> unknown         p=0.31  preproc=69813us infer=40982us
18:17:51.850   pt[881]: min=-772 max=756 avg_abs=176 | fifo=896 under=0 over=0 late=0 mdf_cb=28291 mdf_err=0
18:17:52.042 in=16128Hz out=16000Hz ring=1168 under=0 over=0 (dt=999999us) loglag=121892us
18:17:52.485   pt[882]: min=-1020 max=1118 avg_abs=171 | fifo=1088 under=0 over=0 late=0 mdf_cb=28323 mdf_err=0
18:17:52.485 win  471 pos= 7234560  -44dBFS [#####...............] rms=  213 peak=  814 seam=ok lag=339us
18:17:52.485   -> unknown         p=0.41  preproc=69792us infer=40984us
18:17:52.866   pt[883]: min=-704 max=714 avg_abs=185 | fifo=880 under=0 over=0 late=0 mdf_cb=28355 mdf_err=0
18:17:53.051 in=16128Hz out=16000Hz ring=1296 under=0 over=0 (dt=1000000us) loglag=121892us
18:17:53.385   pt[884]: min=-850 max=1438 avg_abs=139 | fifo=1072 under=0 over=0 late=0 mdf_cb=28387 mdf_err=0
18:17:53.389 {"win":472,"cls":"crackling_fire","p":0.67,"lat_ms":113,"under":0,"over":0,"late":0}
18:17:53.396 win  472 pos= 7249920  -44dBFS [#####...............] rms=  217 peak= 1438 seam=ok lag=341us
18:17:53.403   -> crackling_fire  p=0.67  preproc=69817us infer=40985us
18:17:53.913   pt[885]: min=-1014 max=608 avg_abs=164 | fifo=864 under=0 over=0 late=0 mdf_cb=28419 mdf_err=0
18:17:54.041 in=16128Hz out=16400Hz ring=1024 under=0 over=0 (dt=1000000us) loglag=121892us
18:17:54.350 {"win":473,"cls":"unknown","p":0.35,"lat_ms":113,"under":0,"over":0,"late":0}
18:17:54.350 win  473 pos= 7265280  -43dBFS [#####...............] rms=  220 peak= 1014 seam=ok lag=341us
18:17:54.350   -> unknown         p=0.35  preproc=69822us infer=41030us
18:17:54.424   pt[886]: min=-692 max=938 avg_abs=193 | fifo=1056 under=0 over=0 late=0 mdf_cb=28451 mdf_err=0
18:17:54.925   pt[887]: min=-1542 max=1710 avg_abs=183 | fifo=848 under=0 over=0 late=0 mdf_cb=28483 mdf_err=0
18:17:55.050 in=15872Hz out=16000Hz ring=896 under=0 over=0 (dt=999999us) loglag=121892us
18:17:55.316 {"win":474,"cls":"crackling_fire","p":0.76,"lat_ms":113,"under":0,"over":0,"late":0}
18:17:55.316 win  474 pos= 7280640  -42dBFS [######..............] rms=  275 peak= 1710 seam=ok lag=336us
18:17:55.316   -> crackling_fire  p=0.76  preproc=69818us infer=40982us
18:17:55.442   pt[888]: min=-1372 max=1414 avg_abs=237 | fifo=1040 under=0 over=0 late=0 mdf_cb=28515 mdf_err=0
18:17:55.941   pt[889]: min=-934 max=1426 avg_abs=190 | fifo=832 under=0 over=0 late=0 mdf_cb=28547 mdf_err=0
18:17:56.067 in=16128Hz out=16000Hz ring=1024 under=0 over=0 (dt=1000000us) loglag=121892us
18:17:56.318 {"win":475,"cls":"crackling_fire","p":0.95,"lat_ms":113,"under":0,"over":0,"late":0}
18:17:56.318 win  475 pos= 7296000  -41dBFS [######..............] rms=  284 peak= 1426 seam=ok lag=338us
18:17:56.318   -> crackling_fire  p=0.95  preproc=69832us infer=40980us
18:17:56.517   pt[890]: min=-1220 max=1960 avg_abs=259 | fifo=1024 under=0 over=0 late=0 mdf_cb=28579 mdf_err=0
18:17:56.967   pt[891]: min=-1006 max=1214 avg_abs=168 | fifo=816 under=0 over=0 late=0 mdf_cb=28611 mdf_err=0
18:17:57.083 in=16128Hz out=16000Hz ring=1152 under=0 over=0 (dt=1000000us) loglag=121892us
18:17:57.225 {"win":476,"cls":"crackling_fire","p":0.87,"lat_ms":113,"under":0,"over":0,"late":0}
18:17:57.225 win  476 pos= 7311360  -42dBFS [######..............] rms=  265 peak= 1960 seam=ok lag=340us
18:17:57.233   -> crackling_fire  p=0.87  preproc=69766us infer=40986us
18:17:57.509   pt[892]: min=-990 max=878 avg_abs=182 | fifo=1264 under=0 over=0 late=0 mdf_cb=28644 mdf_err=0
18:17:58.018   pt[893]: min=-1216 max=2228 avg_abs=226 | fifo=1056 under=0 over=0 late=0 mdf_cb=28676 mdf_err=0
18:17:58.083 in=16128Hz out=16400Hz ring=880 under=0 over=0 (dt=999999us) loglag=121892us
18:17:58.209 win  477 pos= 7326720  -41dBFS [######..............] rms=  281 peak= 2228 seam=ok lag=337us
18:17:58.209   -> rain            p=0.97  preproc=69810us infer=40974us
18:17:58.524   pt[894]: min=-916 max=844 avg_abs=166 | fifo=1248 under=0 over=0 late=0 mdf_cb=28708 mdf_err=0
18:17:59.026   pt[895]: min=-1404 max=1598 avg_abs=205 | fifo=1040 under=0 over=0 late=0 mdf_cb=28740 mdf_err=0
18:17:59.143 in=16128Hz out=16000Hz ring=1008 under=0 over=0 (dt=1000000us) loglag=121892us
18:17:59.148 {"win":478,"cls":"crackling_fire","p":0.91,"lat_ms":113,"under":0,"over":0,"late":0}
18:17:59.155 win  478 pos= 7342080  -43dBFS [#####...............] rms=  245 peak= 1598 seam=ok lag=339us
18:17:59.164   -> crackling_fire  p=0.91  preproc=69822us infer=41028us
18:17:59.543   pt[896]: min=-750 max=838 avg_abs=192 | fifo=1232 under=0 over=0 late=0 mdf_cb=28772 mdf_err=0
18:18:00.108   pt[897]: min=-660 max=588 avg_abs=176 | fifo=1024 under=0 over=0 late=0 mdf_cb=28804 mdf_err=0
18:18:00.108 in=16128Hz out=16000Hz ring=1136 under=0 over=0 (dt=1000000us) loglag=121892us
18:18:00.117 {"win":479,"cls":"crackling_fire","p":0.79,"lat_ms":113,"under":0,"over":0,"late":0}
18:18:00.124 win  479 pos= 7357440  -43dBFS [#####...............] rms=  229 peak=  838 seam=ok lag=339us
18:18:00.134   -> crackling_fire  p=0.79  preproc=69849us infer=40955us
18:18:00.134 ====================================
18:18:00.142 ====================================
18:18:00.142 TAP TOTAL win=479
18:18:00.142 ====================================
18:18:00.150 ====================================
18:18:00.150 tap total: windows=480 (expected 480 from 7374848 samples) overrun=0 torn=0 skipped=0 seam ok=479 NG=0
18:18:00.225   tap lag max=382us (0 of them lower bounds) | tap write max=8793ns avg=5325ns (28808 calls)
18:18:00.225   audio under=0 over=0 late=0 | aed run=480 err=0 (last er=0)
18:18:00.225   preproc max=69862us avg=69815us | infer max=41096us avg=40990us
18:18:00.225   notify out=69 held=275 offlist=136 gated=0 lat max=112920us (0 lower bounds)
18:18:00.225   log sent=3009 dropped=0 lag max=121892us
18:18:00.225 ====================================
18:18:00.225 ====================================
18:18:00.601   pt[898]: min=-608 max=870 avg_abs=195 | fifo=1216 under=0 over=0 late=0 mdf_cb=28836 mdf_err=0
18:18:01.100 {"win":480,"cls":"crackling_fire","p":0.83,"lat_ms":113,"under":0,"over":0,"late":0}
18:18:01.100 win  480 pos= 7372800  -43dBFS [#####...............] rms=  243 peak= 1332 seam=ok lag=341us
18:18:01.100   -> crackling_fire  p=0.83  preproc=69820us infer=40982us
18:18:01.100   pt[899]: min=-1332 max=994 avg_abs=188 | fifo=1008 under=0 over=0 late=0 mdf_cb=28868 mdf_err=0
18:18:01.100 in=16065Hz out=15938Hz ring=1264 under=0 over=0 (dt=1003865us) loglag=121892us
18:18:01.601   pt[900]: min=-916 max=946 avg_abs=226 | fifo=1200 under=0 over=0 late=0 mdf_cb=28900 mdf_err=0
18:18:02.042 {"win":481,"cls":"crackling_fire","p":1.00,"lat_ms":113,"under":0,"over":0,"late":0}
18:18:02.042 win  481 pos= 7388160  -42dBFS [######..............] rms=  276 peak=  992 seam=ok lag=338us
18:18:02.042   -> crackling_fire  p=1.00  preproc=69760us infer=40984us
18:18:02.101 in=16190Hz out=16463Hz ring=992 under=0 over=0 (dt=996133us) loglag=121892us
18:18:02.101   pt[901]: min=-992 max=1010 avg_abs=220 | fifo=992 under=0 over=0 late=0 mdf_cb=28932 mdf_err=0
18:18:02.659   pt[902]: min=-1046 max=1134 avg_abs=230 | fifo=784 under=0 over=0 late=0 mdf_cb=28964 mdf_err=0
18:18:03.000 {"win":482,"cls":"crackling_fire","p":0.95,"lat_ms":113,"under":0,"over":0,"late":0}
18:18:03.000 win  482 pos= 7403520  -41dBFS [######..............] rms=  284 peak= 1134 seam=ok lag=338us
18:18:03.000   -> crackling_fire  p=0.95  preproc=69811us infer=40979us
18:18:03.133 in=15872Hz out=16000Hz ring=864 under=0 over=0 (dt=1000000us) loglag=121892us
18:18:03.133   pt[903]: min=-982 max=1144 avg_abs=216 | fifo=976 under=0 over=0 late=0 mdf_cb=28996 mdf_err=0
18:18:03.635   pt[904]: min=-768 max=1012 avg_abs=206 | fifo=768 under=0 over=0 late=0 mdf_cb=29028 mdf_err=0
18:18:03.966 {"win":483,"cls":"crackling_fire","p":0.99,"lat_ms":113,"under":0,"over":0,"late":0}
18:18:03.966 win  483 pos= 7418880  -41dBFS [######..............] rms=  276 peak= 1714 seam=ok lag=338us
18:18:03.966   -> crackling_fire  p=0.99  preproc=69818us infer=41035us
18:18:04.151 in=16128Hz out=16000Hz ring=992 under=0 over=0 (dt=999999us) loglag=121892us
18:18:04.151   pt[905]: min=-1518 max=1714 avg_abs=198 | fifo=960 under=0 over=0 late=0 mdf_cb=29060 mdf_err=0
18:18:04.726   pt[906]: min=-1126 max=1036 avg_abs=209 | fifo=752 under=0 over=0 late=0 mdf_cb=29092 mdf_err=0
18:18:04.908 {"win":484,"cls":"crackling_fire","p":0.94,"lat_ms":113,"under":0,"over":0,"late":0}
18:18:04.908 win  484 pos= 7434240  -43dBFS [#####...............] rms=  243 peak= 1126 seam=ok lag=340us
18:18:04.918   -> crackling_fire  p=0.94  preproc=69824us infer=40988us
18:18:05.125 in=16128Hz out=16000Hz ring=1120 under=0 over=0 (dt=999999us) loglag=121892us
18:18:05.187   pt[907]: min=-1734 max=1632 avg_abs=210 | fifo=1200 under=0 over=0 late=0 mdf_cb=29125 mdf_err=0
18:18:05.692   pt[908]: min=-864 max=1200 avg_abs=179 | fifo=992 under=0 over=0 late=0 mdf_cb=29157 mdf_err=0
18:18:05.900 {"win":485,"cls":"crackling_fire","p":0.95,"lat_ms":113,"under":0,"over":0,"late":0}
18:18:05.900 win  485 pos= 7449600  -42dBFS [######..............] rms=  255 peak= 1734 seam=ok lag=338us
18:18:05.900   -> crackling_fire  p=0.95  preproc=69821us infer=40983us
18:18:06.150 in=16128Hz out=16400Hz ring=848 under=0 over=0 (dt=1000000us) loglag=121892us
18:18:06.209   pt[909]: min=-1034 max=1138 avg_abs=230 | fifo=1184 under=0 over=0 late=0 mdf_cb=29189 mdf_err=0
18:18:06.850   pt[910]: min=-1976 max=1838 avg_abs=279 | fifo=976 under=0 over=0 late=0 mdf_cb=29221 mdf_err=0
18:18:06.850 {"win":486,"cls":"unknown","p":0.45,"lat_ms":113,"under":0,"over":0,"late":0}
18:18:06.850 win  486 pos= 7464960  -40dBFS [######..............] rms=  341 peak= 1976 seam=ok lag=338us
18:18:06.850   -> unknown         p=0.45  preproc=69784us infer=40981us
18:18:07.167 in=16128Hz out=16000Hz ring=976 under=0 over=0 (dt=1000000us) loglag=121892us
18:18:07.285   pt[911]: min=-552 max=644 avg_abs=165 | fifo=1168 under=0 over=0 late=0 mdf_cb=29253 mdf_err=0
18:18:07.784   pt[912]: min=-24964 max=24924 avg_abs=823 | fifo=960 under=0 over=0 late=0 mdf_cb=29285 mdf_err=0
18:18:07.791 win  487 pos= 7480320  -30dBFS [##########..........] rms= 1058 peak=24964 seam=ok lag=338us
18:18:07.801   -> clock_tick      p=0.65  preproc=69847us infer=40980us
18:18:08.125 in=16128Hz out=16000Hz ring=1104 under=0 over=0 (dt=999999us) loglag=121892us
18:18:08.301   pt[913]: min=-32768 max=18636 avg_abs=766 | fifo=1152 under=0 over=0 late=0 mdf_cb=29317 mdf_err=0
18:18:08.743 win  488 pos= 7495680  -25dBFS [###########.........] rms= 1766 peak=32768 seam=ok lag=336us
18:18:08.750   -> unknown         p=0.49  preproc=69822us infer=41013us
18:18:08.827   pt[914]: min=-22970 max=16482 avg_abs=405 | fifo=944 under=0 over=0 late=0 mdf_cb=29349 mdf_err=0
18:18:09.134 in=16128Hz out=16000Hz ring=1232 under=0 over=0 (dt=1000000us) loglag=121892us
18:18:09.319   pt[915]: min=-14332 max=15292 avg_abs=514 | fifo=1136 under=0 over=0 late=0 mdf_cb=29381 mdf_err=0
18:18:09.726 {"win":489,"cls":"crackling_fire","p":0.61,"lat_ms":113,"under":0,"over":0,"late":0}
18:18:09.726 win  489 pos= 7511040  -32dBFS [#########...........] rms=  836 peak=15292 seam=ok lag=338us
18:18:09.726   -> crackling_fire  p=0.61  preproc=69822us infer=40980us
18:18:09.726 ====================================
18:18:09.728 ====================================
18:18:09.732 TAP TOTAL win=489
18:18:09.733 ====================================
18:18:09.734 ====================================
18:18:09.739 tap total: windows=490 (expected 490 from 7528448 samples) overrun=0 torn=0 skipped=0 seam ok=489 NG=0
18:18:09.747   tap lag max=382us (0 of them lower bounds) | tap write max=8793ns avg=5325ns (29408 calls)
18:18:09.757   audio under=0 over=0 late=0 | aed run=490 err=0 (last er=0)
18:18:09.759   preproc max=69862us avg=69815us | infer max=41096us avg=40990us
18:18:09.767   notify out=77 held=276 offlist=137 gated=0 lat max=112920us (0 lower bounds)
18:18:09.775   log sent=3077 dropped=0 lag max=121892us
18:18:09.778 ====================================
18:18:09.783 ====================================
18:18:09.859   pt[916]: min=-3404 max=3194 avg_abs=310 | fifo=928 under=0 over=0 late=0 mdf_cb=29413 mdf_err=0
18:18:10.193 in=15872Hz out=16000Hz ring=1104 under=0 over=0 (dt=1000000us) loglag=121892us
18:18:10.335   pt[917]: min=-1632 max=1354 avg_abs=274 | fifo=1120 under=0 over=0 late=0 mdf_cb=29445 mdf_err=0
18:18:10.666 {"win":490,"cls":"sneezing","p":0.81,"lat_ms":113,"under":0,"over":0,"late":0}
18:18:10.668 win  490 pos= 7526400  -38dBFS [#######.............] rms=  430 peak= 2636 seam=ok lag=337us
18:18:10.677   -> sneezing        p=0.81  preproc=69822us infer=40984us
18:18:10.867   pt[918]: min=-2340 max=2636 avg_abs=437 | fifo=912 under=0 over=0 late=0 mdf_cb=29477 mdf_err=0
18:18:11.183 in=16128Hz out=16400Hz ring=832 under=0 over=0 (dt=1000000us) loglag=121892us
18:18:11.367   pt[919]: min=-1416 max=1296 avg_abs=298 | fifo=1104 under=0 over=0 late=0 mdf_cb=29509 mdf_err=0
18:18:11.676 {"win":491,"cls":"sneezing","p":0.65,"lat_ms":113,"under":0,"over":0,"late":0}
18:18:11.676 win  491 pos= 7541760  -38dBFS [#######.............] rms=  400 peak= 2340 seam=ok lag=340us
18:18:11.676   -> sneezing        p=0.65  preproc=69778us infer=40987us
18:18:11.867   pt[920]: min=-514 max=800 avg_abs=150 | fifo=896 under=0 over=0 late=0 mdf_cb=29541 mdf_err=0
18:18:12.185 in=16128Hz out=16000Hz ring=960 under=0 over=0 (dt=999999us) loglag=121892us
18:18:12.366   pt[921]: min=-3494 max=3874 avg_abs=350 | fifo=1088 under=0 over=0 late=0 mdf_cb=29573 mdf_err=0
18:18:12.618 {"win":492,"cls":"unknown","p":0.48,"lat_ms":113,"under":0,"over":0,"late":0}
18:18:12.618 win  492 pos= 7557120  -37dBFS [#######.............] rms=  440 peak= 3874 seam=ok lag=341us
18:18:12.618   -> unknown         p=0.48  preproc=69822us infer=40979us
18:18:12.927   pt[922]: min=-1502 max=1058 avg_abs=209 | fifo=880 under=0 over=0 late=0 mdf_cb=29605 mdf_err=0
18:18:13.183 in=16128Hz out=16000Hz ring=1088 under=0 over=0 (dt=1000000us) loglag=121892us
18:18:13.425   pt[923]: min=-2330 max=2886 avg_abs=222 | fifo=1328 under=0 over=0 late=0 mdf_cb=29638 mdf_err=0
18:18:13.549 win  493 pos= 7572480  -41dBFS [######..............] rms=  291 peak= 2886 seam=ok lag=337us
18:18:13.551   -> clock_tick      p=0.62  preproc=69813us infer=41033us
18:18:13.925   pt[924]: min=-796 max=610 avg_abs=161 | fifo=1120 under=0 over=0 late=0 mdf_cb=29670 mdf_err=0
18:18:14.175 in=16128Hz out=16000Hz ring=1216 under=0 over=0 (dt=999999us) loglag=121892us
18:18:14.550   pt[925]: min=-1070 max=848 avg_abs=180 | fifo=912 under=0 over=0 late=0 mdf_cb=29702 mdf_err=0
18:18:14.550 win  494 pos= 7587840  -43dBFS [#####...............] rms=  221 peak= 1070 seam=ok lag=340us
18:18:14.550   -> unknown         p=0.33  preproc=69838us infer=40960us
18:18:14.925   pt[926]: min=-674 max=606 avg_abs=149 | fifo=1104 under=0 over=0 late=0 mdf_cb=29734 mdf_err=0
18:18:15.176 in=16128Hz out=16400Hz ring=944 under=0 over=0 (dt=1000000us) loglag=121892us
18:18:15.517   pt[927]: min=-602 max=542 avg_abs=133 | fifo=896 under=0 over=0 late=0 mdf_cb=29766 mdf_err=0
18:18:15.517 win  495 pos= 7603200  -45dBFS [#####...............] rms=  184 peak=  718 seam=ok lag=337us
18:18:15.517   -> unknown         p=0.36  preproc=69830us infer=40986us
18:18:15.968   pt[928]: min=-628 max=638 avg_abs=165 | fifo=1088 under=0 over=0 late=0 mdf_cb=29798 mdf_err=0
18:18:16.208 in=16128Hz out=16000Hz ring=1072 under=0 over=0 (dt=999999us) loglag=121892us
18:18:16.466 win  496 pos= 7618560  -45dBFS [#####...............] rms=  191 peak=  770 seam=ok lag=337us
18:18:16.466   -> unknown         p=0.29  preproc=69765us infer=40985us
18:18:16.466   pt[929]: min=-482 max=770 avg_abs=137 | fifo=880 under=0 over=0 late=0 mdf_cb=29830 mdf_err=0
18:18:17.025   pt[930]: min=-514 max=616 avg_abs=148 | fifo=1072 under=0 over=0 late=0 mdf_cb=29862 mdf_err=0
18:18:17.208 in=16128Hz out=16000Hz ring=1200 under=0 over=0 (dt=1000000us) loglag=121892us
18:18:17.400 win  497 pos= 7633920  -45dBFS [#####...............] rms=  185 peak=  616 seam=ok lag=337us
18:18:17.400   -> unknown         p=0.24  preproc=69824us infer=40983us
18:18:17.525   pt[931]: min=-542 max=616 avg_abs=153 | fifo=864 under=0 over=0 late=0 mdf_cb=29894 mdf_err=0
18:18:18.035   pt[932]: min=-506 max=552 avg_abs=143 | fifo=1056 under=0 over=0 late=0 mdf_cb=29926 mdf_err=0
18:18:18.234 in=16128Hz out=16400Hz ring=928 under=0 over=0 (dt=1000000us) loglag=121892us
18:18:18.375 win  498 pos= 7649280  -45dBFS [#####...............] rms=  174 peak=  594 seam=ok lag=340us
18:18:18.375   -> unknown         p=0.31  preproc=69828us infer=41032us
18:18:18.550   pt[933]: min=-566 max=594 avg_abs=126 | fifo=848 under=0 over=0 late=0 mdf_cb=29958 mdf_err=0
18:18:19.058   pt[934]: min=-756 max=770 avg_abs=157 | fifo=1296 under=0 over=0 late=0 mdf_cb=29991 mdf_err=0
18:18:19.361 in=16128Hz out=16000Hz ring=1056 under=0 over=0 (dt=1000000us) loglag=121892us
18:18:19.361 win  499 pos= 7664640  -45dBFS [#####...............] rms=  179 peak=  770 seam=ok lag=339us
18:18:19.361   -> unknown         p=0.31  preproc=69823us infer=40977us
18:18:19.361 ====================================
18:18:19.361 ====================================
18:18:19.361 TAP TOTAL win=499
18:18:19.361 ====================================
18:18:19.361 ====================================
18:18:19.361 tap total: windows=500 (expected 500 from 7682048 samples) overrun=0 torn=0 skipped=0 seam ok=499 NG=0
18:18:19.361   tap lag max=382us (0 of them lower bounds) | tap write max=8793ns avg=5325ns (30008 calls)
18:18:19.361   audio under=0 over=0 late=0 | aed run=500 err=0 (last er=0)
18:18:19.364   preproc max=69862us avg=69815us | infer max=41096us avg=40990us
18:18:19.369   notify out=80 held=282 offlist=138 gated=0 lat max=112920us (0 lower bounds)
18:18:19.375   log sent=3142 dropped=0 lag max=121892us
18:18:19.375 ====================================
18:18:19.383 ====================================
18:18:19.567   pt[935]: min=-610 max=510 avg_abs=132 | fifo=1088 under=0 over=0 late=0 mdf_cb=30023 mdf_err=0
18:18:20.066   pt[936]: min=-600 max=552 avg_abs=146 | fifo=1280 under=0 over=0 late=0 mdf_cb=30055 mdf_err=0
18:18:20.316 in=15872Hz out=16000Hz ring=928 under=0 over=0 (dt=999999us) loglag=121892us
18:18:20.316 win  500 pos= 7680000  -45dBFS [#####...............] rms=  177 peak=  610 seam=ok lag=338us
18:18:20.316   -> unknown         p=0.41  preproc=69830us infer=40984us
18:18:20.591   pt[937]: min=-604 max=654 avg_abs=160 | fifo=1072 under=0 over=0 late=0 mdf_cb=30087 mdf_err=0
18:18:21.100   pt[938]: min=-708 max=652 avg_abs=138 | fifo=1264 under=0 over=0 late=0 mdf_cb=30119 mdf_err=0
18:18:21.226 in=16127Hz out=15999Hz ring=1056 under=0 over=0 (dt=1000001us) loglag=121892us
18:18:21.231 win  501 pos= 7695360  -44dBFS [#####...............] rms=  195 peak=  708 seam=ok lag=341us
18:18:21.240   -> unknown         p=0.34  preproc=69767us infer=40992us
18:18:21.634   pt[939]: min=-654 max=608 avg_abs=153 | fifo=1056 under=0 over=0 late=0 mdf_cb=30151 mdf_err=0
18:18:22.208   pt[940]: min=-644 max=686 avg_abs=146 | fifo=1248 under=0 over=0 late=0 mdf_cb=30183 mdf_err=0
18:18:22.208 win  502 pos= 7710720  -45dBFS [#####...............] rms=  188 peak=  686 seam=ok lag=338us
18:18:22.208   -> unknown         p=0.50  preproc=69837us infer=40985us
18:18:22.283 in=16128Hz out=16400Hz ring=784 under=0 over=0 (dt=999998us) loglag=121892us
18:18:22.667   pt[941]: min=-626 max=718 avg_abs=125 | fifo=1040 under=0 over=0 late=0 mdf_cb=30215 mdf_err=0
18:18:23.158   pt[942]: min=-694 max=706 avg_abs=163 | fifo=832 under=0 over=0 late=0 mdf_cb=30247 mdf_err=0
18:18:23.158 win  503 pos= 7726080  -46dBFS [####................] rms=  173 peak=  718 seam=ok lag=337us
18:18:23.158   -> clock_tick      p=0.60  preproc=69822us infer=41038us
18:18:23.225 in=16128Hz out=16000Hz ring=912 under=0 over=0 (dt=999999us) loglag=121892us
18:18:23.658   pt[943]: min=-660 max=690 avg_abs=145 | fifo=1024 under=0 over=0 late=0 mdf_cb=30279 mdf_err=0
18:18:24.108 win  504 pos= 7741440  -45dBFS [#####...............] rms=  193 peak=  706 seam=ok lag=344us
18:18:24.112   -> unknown         p=0.33  preproc=69822us infer=40981us
18:18:24.187   pt[944]: min=-566 max=610 avg_abs=145 | fifo=816 under=0 over=0 late=0 mdf_cb=30311 mdf_err=0
18:18:24.242 in=16128Hz out=16000Hz ring=1040 under=0 over=0 (dt=999999us) loglag=121892us
18:18:24.683   pt[945]: min=-668 max=620 avg_abs=180 | fifo=1008 under=0 over=0 late=0 mdf_cb=30343 mdf_err=0
18:18:25.124 win  505 pos= 7756800  -44dBFS [#####...............] rms=  212 peak=  668 seam=ok lag=339us
18:18:25.124   -> unknown         p=0.27  preproc=69825us infer=40986us
18:18:25.202   pt[946]: min=-598 max=594 avg_abs=172 | fifo=800 under=0 over=0 late=0 mdf_cb=30375 mdf_err=0
18:18:25.259 in=16128Hz out=16000Hz ring=1168 under=0 over=0 (dt=999999us) loglag=121892us
18:18:25.758   pt[947]: min=-608 max=576 avg_abs=159 | fifo=992 under=0 over=0 late=0 mdf_cb=30407 mdf_err=0
18:18:26.066 win  506 pos= 7772160  -45dBFS [#####...............] rms=  194 peak=  618 seam=ok lag=337us
18:18:26.066   -> unknown         p=0.36  preproc=69773us infer=40982us
18:18:26.259   pt[948]: min=-550 max=618 avg_abs=142 | fifo=784 under=0 over=0 late=0 mdf_cb=30439 mdf_err=0
18:18:26.259 in=16128Hz out=16000Hz ring=1296 under=0 over=0 (dt=1000000us) loglag=121892us
18:18:26.783   pt[949]: min=-744 max=706 avg_abs=150 | fifo=976 under=0 over=0 late=0 mdf_cb=30471 mdf_err=0
18:18:27.043 win  507 pos= 7787520  -44dBFS [#####...............] rms=  201 peak=  744 seam=ok lag=338us
18:18:27.043   -> unknown         p=0.42  preproc=69831us infer=40949us
18:18:27.293 in=15872Hz out=16400Hz ring=768 under=0 over=0 (dt=1000000us) loglag=121892us
18:18:27.293   pt[950]: min=-668 max=724 avg_abs=170 | fifo=768 under=0 over=0 late=0 mdf_cb=30503 mdf_err=0
18:18:27.784   pt[951]: min=-798 max=718 avg_abs=181 | fifo=1216 under=0 over=0 late=0 mdf_cb=30536 mdf_err=0
18:18:27.983 win  508 pos= 7802880  -44dBFS [#####...............] rms=  215 peak=  798 seam=ok lag=340us
18:18:27.983   -> clock_tick      p=0.67  preproc=69822us infer=41034us
18:18:28.300 in=16128Hz out=16000Hz ring=896 under=0 over=0 (dt=1000000us) loglag=121892us
18:18:28.300   pt[952]: min=-680 max=618 avg_abs=162 | fifo=1008 under=0 over=0 late=0 mdf_cb=30568 mdf_err=0
18:18:28.801   pt[953]: min=-586 max=630 avg_abs=143 | fifo=1200 under=0 over=0 late=0 mdf_cb=30600 mdf_err=0
18:18:28.926 win  509 pos= 7818240  -45dBFS [#####...............] rms=  192 peak=  680 seam=ok lag=340us
18:18:28.926   -> unknown         p=0.33  preproc=69821us infer=40988us
18:18:28.926 ====================================
18:18:28.926 ====================================
18:18:28.926 TAP TOTAL win=509
18:18:28.929 ====================================
18:18:28.932 ====================================
18:18:28.934 tap total: windows=510 (expected 510 from 7835648 samples) overrun=0 torn=0 skipped=0 seam ok=509 NG=0
18:18:28.943   tap lag max=382us (0 of them lower bounds) | tap write max=8793ns avg=5325ns (30608 calls)
18:18:28.952   audio under=0 over=0 late=0 | aed run=510 err=0 (last er=0)
18:18:28.958   preproc max=69862us avg=69815us | infer max=41096us avg=40990us
18:18:28.963   notify out=80 held=290 offlist=140 gated=0 lat max=112920us (0 lower bounds)
18:18:28.971   log sent=3203 dropped=0 lag max=121892us
18:18:28.975 ====================================
18:18:28.976 ====================================
18:18:29.284 in=16128Hz out=16000Hz ring=1024 under=0 over=0 (dt=1000000us) loglag=121892us
18:18:29.350   pt[954]: min=-566 max=598 avg_abs=153 | fifo=992 under=0 over=0 late=0 mdf_cb=30632 mdf_err=0
18:18:29.909   pt[955]: min=-574 max=580 avg_abs=151 | fifo=1184 under=0 over=0 late=0 mdf_cb=30664 mdf_err=0
18:18:29.909 win  510 pos= 7833600  -45dBFS [#####...............] rms=  191 peak=  598 seam=ok lag=339us
18:18:29.909   -> unknown         p=0.26  preproc=69840us infer=40963us
18:18:30.284 in=16128Hz out=16000Hz ring=1152 under=0 over=0 (dt=999999us) loglag=121892us
18:18:30.350   pt[956]: min=-674 max=710 avg_abs=150 | fifo=976 under=0 over=0 late=0 mdf_cb=30696 mdf_err=0
18:18:30.850 win  511 pos= 7848960  -45dBFS [#####...............] rms=  192 peak=  710 seam=ok lag=339us
18:18:30.850   -> unknown         p=0.31  preproc=69771us infer=40981us
18:18:30.850   pt[957]: min=-560 max=600 avg_abs=161 | fifo=1168 under=0 over=0 late=0 mdf_cb=30728 mdf_err=0
18:18:31.283 in=16128Hz out=16400Hz ring=880 under=0 over=0 (dt=1000000us) loglag=121892us
18:18:31.350   pt[958]: min=-664 max=622 avg_abs=160 | fifo=960 under=0 over=0 late=0 mdf_cb=30760 mdf_err=0
18:18:31.850 win  512 pos= 7864320  -45dBFS [#####...............] rms=  194 peak=  668 seam=ok lag=338us
18:18:31.850   -> unknown         p=0.24  preproc=69819us infer=40987us
18:18:31.909   pt[959]: min=-668 max=624 avg_abs=151 | fifo=1152 under=0 over=0 late=0 mdf_cb=30792 mdf_err=0
18:18:32.283 in=16128Hz out=16000Hz ring=1008 under=0 over=0 (dt=1000000us) loglag=121892us
18:18:32.408   pt[960]: min=-568 max=484 avg_abs=145 | fifo=944 under=0 over=0 late=0 mdf_cb=30824 mdf_err=0
18:18:32.784 win  513 pos= 7879680  -45dBFS [#####...............] rms=  193 peak=  802 seam=ok lag=339us
18:18:32.784   -> unknown         p=0.37  preproc=69817us infer=41021us
18:18:32.908   pt[961]: min=-802 max=642 avg_abs=158 | fifo=1136 under=0 over=0 late=0 mdf_cb=30856 mdf_err=0
18:18:33.284 in=16128Hz out=16000Hz ring=1136 under=0 over=0 (dt=999999us) loglag=121892us
18:18:33.411   pt[962]: min=-712 max=542 avg_abs=153 | fifo=928 under=0 over=0 late=0 mdf_cb=30888 mdf_err=0
18:18:33.726 win  514 pos= 7895040  -45dBFS [#####...............] rms=  179 peak=  712 seam=ok lag=339us
18:18:33.726   -> unknown         p=0.41  preproc=69822us infer=40978us
18:18:33.975   pt[963]: min=-1028 max=568 avg_abs=162 | fifo=1120 under=0 over=0 late=0 mdf_cb=30920 mdf_err=0
18:18:34.283 in=15872Hz out=16000Hz ring=1008 under=0 over=0 (dt=1000000us) loglag=121892us
18:18:34.483   pt[964]: min=-554 max=590 avg_abs=154 | fifo=912 under=0 over=0 late=0 mdf_cb=30952 mdf_err=0
18:18:34.667 win  515 pos= 7910400  -44dBFS [#####...............] rms=  207 peak= 1028 seam=ok lag=339us
18:18:34.675   -> unknown         p=0.27  preproc=69831us infer=40985us
18:18:34.993   pt[965]: min=-534 max=570 avg_abs=137 | fifo=1104 under=0 over=0 late=0 mdf_cb=30984 mdf_err=0
18:18:35.300 in=16128Hz out=16000Hz ring=1136 under=0 over=0 (dt=999999us) loglag=121892us
18:18:35.492   pt[966]: min=-616 max=682 avg_abs=156 | fifo=896 under=0 over=0 late=0 mdf_cb=31016 mdf_err=0
18:18:35.676 win  516 pos= 7925760  -45dBFS [#####...............] rms=  185 peak=  682 seam=ok lag=338us
18:18:35.676   -> unknown         p=0.33  preproc=69767us infer=40983us
18:18:36.000   pt[967]: min=-646 max=508 avg_abs=133 | fifo=1088 under=0 over=0 late=0 mdf_cb=31048 mdf_err=0
18:18:36.300 in=16128Hz out=16400Hz ring=864 under=0 over=0 (dt=1000000us) loglag=121892us
18:18:36.634   pt[968]: min=-592 max=574 avg_abs=160 | fifo=1136 under=0 over=0 late=0 mdf_cb=31081 mdf_err=0
18:18:36.634 win  517 pos= 7941120  -45dBFS [#####...............] rms=  185 peak=  646 seam=ok lag=358us
18:18:36.634   -> unknown         p=0.48  preproc=69810us infer=40979us
18:18:37.009   pt[969]: min=-564 max=526 avg_abs=123 | fifo=1328 under=0 over=0 late=0 mdf_cb=31113 mdf_err=0
18:18:37.326 in=16128Hz out=16000Hz ring=992 under=0 over=0 (dt=1000000us) loglag=121892us
18:18:37.567   pt[970]: min=-570 max=550 avg_abs=140 | fifo=1120 under=0 over=0 late=0 mdf_cb=31145 mdf_err=0
18:18:37.567 win  518 pos= 7956480  -46dBFS [####................] rms=  164 peak=  570 seam=ok lag=339us
18:18:37.567   -> clock_tick      p=0.53  preproc=69840us infer=41039us
18:18:38.066   pt[971]: min=-552 max=540 avg_abs=136 | fifo=1312 under=0 over=0 late=0 mdf_cb=31177 mdf_err=0
18:18:38.343 in=16128Hz out=16000Hz ring=1120 under=0 over=0 (dt=1000000us) loglag=121892us
18:18:38.525 win  519 pos= 7971840  -45dBFS [#####...............] rms=  175 peak=  608 seam=ok lag=339us
18:18:38.525   -> clock_tick      p=0.57  preproc=69820us infer=40977us
18:18:38.525 ====================================
18:18:38.525 ====================================
18:18:38.525 TAP TOTAL win=519
18:18:38.530 ====================================
18:18:38.533 ====================================
18:18:38.535 tap total: windows=520 (expected 520 from 7989248 samples) overrun=0 torn=0 skipped=0 seam ok=519 NG=0
18:18:38.543   tap lag max=382us (0 of them lower bounds) | tap write max=8793ns avg=5325ns (31208 calls)
18:18:38.551   audio under=0 over=0 late=0 | aed run=520 err=0 (last er=0)
18:18:38.559   preproc max=69862us avg=69815us | infer max=41096us avg=40990us
18:18:38.566   notify out=80 held=298 offlist=142 gated=0 lat max=112920us (0 lower bounds)
18:18:38.566   log sent=3264 dropped=0 lag max=121892us
18:18:38.575 ====================================
18:18:38.579 ====================================
18:18:38.583   pt[972]: min=-608 max=548 avg_abs=141 | fifo=1104 under=0 over=0 late=0 mdf_cb=31209 mdf_err=0
18:18:39.042   pt[973]: min=-534 max=548 avg_abs=132 | fifo=1296 under=0 over=0 late=0 mdf_cb=31241 mdf_err=0
18:18:39.350 in=16128Hz out=16000Hz ring=1248 under=0 over=0 (dt=1000000us) loglag=121892us
18:18:39.476 win  520 pos= 7987200  -45dBFS [#####...............] rms=  178 peak=  586 seam=ok lag=339us
18:18:39.476   -> clock_tick      p=0.58  preproc=69834us infer=40984us
18:18:39.601   pt[974]: min=-566 max=586 avg_abs=144 | fifo=1088 under=0 over=0 late=0 mdf_cb=31273 mdf_err=0
18:18:40.117   pt[975]: min=-742 max=674 avg_abs=144 | fifo=880 under=0 over=0 late=0 mdf_cb=31305 mdf_err=0
18:18:40.501 in=16128Hz out=16400Hz ring=976 under=0 over=0 (dt=1000000us) loglag=121892us
18:18:40.501 win  521 pos= 8002560  -44dBFS [#####...............] rms=  198 peak=  742 seam=ok lag=340us
18:18:40.501   -> unknown         p=0.39  preproc=69771us infer=40982us
18:18:40.642   pt[976]: min=-712 max=732 avg_abs=182 | fifo=1072 under=0 over=0 late=0 mdf_cb=31337 mdf_err=0
18:18:41.144   pt[977]: min=-586 max=618 avg_abs=156 | fifo=864 under=0 over=0 late=0 mdf_cb=31369 mdf_err=0
18:18:41.408 in=15872Hz out=16000Hz ring=848 under=0 over=0 (dt=999999us) loglag=121892us
18:18:41.408 win  522 pos= 8017920  -44dBFS [#####...............] rms=  199 peak=  750 seam=ok lag=338us
18:18:41.408   -> unknown         p=0.37  preproc=69830us infer=40966us
18:18:41.667   pt[978]: min=-750 max=658 avg_abs=150 | fifo=1056 under=0 over=0 late=0 mdf_cb=31401 mdf_err=0
18:18:42.167   pt[979]: min=-588 max=630 avg_abs=149 | fifo=848 under=0 over=0 late=0 mdf_cb=31433 mdf_err=0
18:18:42.350 in=16128Hz out=16000Hz ring=976 under=0 over=0 (dt=1000000us) loglag=121892us
18:18:42.350 win  523 pos= 8033280  -45dBFS [#####...............] rms=  188 peak=  750 seam=ok lag=339us
18:18:42.359   -> unknown         p=0.34  preproc=69833us infer=41037us
18:18:42.683   pt[980]: min=-644 max=686 avg_abs=149 | fifo=1040 under=0 over=0 late=0 mdf_cb=31465 mdf_err=0
18:18:43.177   pt[981]: min=-620 max=532 avg_abs=161 | fifo=832 under=0 over=0 late=0 mdf_cb=31497 mdf_err=0
18:18:43.368 win  524 pos= 8048640  -44dBFS [#####...............] rms=  195 peak=  686 seam=ok lag=340us
18:18:43.368   -> clock_tick      p=0.57  preproc=69827us infer=40983us
18:18:43.368 in=16128Hz out=16000Hz ring=1104 under=0 over=0 (dt=999998us) loglag=121892us
18:18:43.683   pt[982]: min=-610 max=586 avg_abs=154 | fifo=1024 under=0 over=0 late=0 mdf_cb=31529 mdf_err=0
18:18:44.300   pt[983]: min=-758 max=740 avg_abs=163 | fifo=816 under=0 over=0 late=0 mdf_cb=31561 mdf_err=0
18:18:44.300 win  525 pos= 8064000  -44dBFS [#####...............] rms=  203 peak=  758 seam=ok lag=338us
18:18:44.300   -> unknown         p=0.46  preproc=69842us infer=40981us
18:18:44.367 in=16128Hz out=16400Hz ring=832 under=0 over=0 (dt=999999us) loglag=121892us
18:18:44.684   pt[984]: min=-704 max=812 avg_abs=187 | fifo=1008 under=0 over=0 late=0 mdf_cb=31593 mdf_err=0
18:18:45.276   pt[985]: min=-638 max=568 avg_abs=180 | fifo=800 under=0 over=0 late=0 mdf_cb=31625 mdf_err=0
18:18:45.276 win  526 pos= 8079360  -43dBFS [#####...............] rms=  230 peak=  812 seam=ok lag=339us
18:18:45.276   -> clock_tick      p=0.50  preproc=69758us infer=40986us
18:18:45.401 in=16128Hz out=16000Hz ring=960 under=0 over=0 (dt=1000000us) loglag=121892us
18:18:45.709   pt[986]: min=-780 max=674 avg_abs=158 | fifo=1248 under=0 over=0 late=0 mdf_cb=31658 mdf_err=0
18:18:46.242 win  527 pos= 8094720  -44dBFS [#####...............] rms=  197 peak=  780 seam=ok lag=337us
18:18:46.242   -> unknown         p=0.44  preproc=69826us infer=40979us
18:18:46.242   pt[987]: min=-630 max=812 avg_abs=151 | fifo=1040 under=0 over=0 late=0 mdf_cb=31690 mdf_err=0
18:18:46.367 in=16128Hz out=16000Hz ring=1088 under=0 over=0 (dt=1000000us) loglag=121892us
18:18:46.743   pt[988]: min=-882 max=650 avg_abs=174 | fifo=1232 under=0 over=0 late=0 mdf_cb=31722 mdf_err=0
18:18:47.177 win  528 pos= 8110080  -44dBFS [#####...............] rms=  216 peak=  882 seam=ok lag=340us
18:18:47.177   -> clock_tick      p=0.62  preproc=69808us infer=41029us
18:18:47.300   pt[989]: min=-568 max=690 avg_abs=160 | fifo=1024 under=0 over=0 late=0 mdf_cb=31754 mdf_err=0
18:18:47.376 in=16128Hz out=16000Hz ring=1216 under=0 over=0 (dt=999999us) loglag=121892us
18:18:47.801   pt[990]: min=-752 max=644 avg_abs=170 | fifo=1216 under=0 over=0 late=0 mdf_cb=31786 mdf_err=0
18:18:48.125 win  529 pos= 8125440  -44dBFS [#####...............] rms=  210 peak= 1090 seam=ok lag=338us
18:18:48.125   -> unknown         p=0.36  preproc=69821us infer=40985us
18:18:48.125 ====================================
18:18:48.125 ====================================
18:18:48.125 TAP TOTAL win=529
18:18:48.133 ====================================
18:18:48.133 ====================================
18:18:48.133 tap total: windows=530 (expected 530 from 8142848 samples) overrun=0 torn=0 skipped=0 seam ok=529 NG=0
18:18:48.146   tap lag max=382us (0 of them lower bounds) | tap write max=8793ns avg=5325ns (31808 calls)
18:18:48.149   audio under=0 over=0 late=0 | aed run=530 err=0 (last er=0)
18:18:48.158   preproc max=69862us avg=69815us | infer max=41096us avg=40990us
18:18:48.166   notify out=80 held=304 offlist=146 gated=0 lat max=112920us (0 lower bounds)
18:18:48.175   log sent=3325 dropped=0 lag max=121892us
18:18:48.175 ====================================
18:18:48.175 ====================================
18:18:48.301   pt[991]: min=-3704 max=5758 avg_abs=226 | fifo=1008 under=0 over=0 late=0 mdf_cb=31818 mdf_err=0
18:18:48.366 in=16128Hz out=16000Hz ring=1344 under=0 over=0 (dt=999999us) loglag=121892us
18:18:48.826   pt[992]: min=-728 max=852 avg_abs=199 | fifo=1200 under=0 over=0 late=0 mdf_cb=31850 mdf_err=0
18:18:49.143 win  530 pos= 8140800  -41dBFS [######..............] rms=  309 peak= 5758 seam=ok lag=338us
18:18:49.143   -> clock_tick      p=0.95  preproc=69830us infer=40957us
18:18:49.342   pt[993]: min=-800 max=746 avg_abs=196 | fifo=992 under=0 over=0 late=0 mdf_cb=31882 mdf_err=0
18:18:49.402 in=15872Hz out=16400Hz ring=816 under=0 over=0 (dt=999999us) loglag=121892us
18:18:49.850   pt[994]: min=-726 max=758 avg_abs=220 | fifo=1184 under=0 over=0 late=0 mdf_cb=31914 mdf_err=0
18:18:50.041 win  531 pos= 8156160  -42dBFS [######..............] rms=  254 peak=  800 seam=ok lag=338us
18:18:50.041   -> clock_tick      p=0.68  preproc=69777us infer=40983us
18:18:50.351   pt[995]: min=-756 max=806 avg_abs=192 | fifo=976 under=0 over=0 late=0 mdf_cb=31946 mdf_err=0
18:18:50.408 in=16128Hz out=16000Hz ring=944 under=0 over=0 (dt=1000000us) loglag=121892us
18:18:50.850   pt[996]: min=-818 max=868 avg_abs=210 | fifo=1168 under=0 over=0 late=0 mdf_cb=31978 mdf_err=0
18:18:51.042 win  532 pos= 8171520  -43dBFS [#####...............] rms=  244 peak=  868 seam=ok lag=339us
18:18:51.042   -> unknown         p=0.38  preproc=69822us infer=40982us
18:18:51.408   pt[997]: min=-884 max=836 avg_abs=205 | fifo=960 under=0 over=0 late=0 mdf_cb=32010 mdf_err=0
18:18:51.408 in=16128Hz out=16000Hz ring=1072 under=0 over=0 (dt=999999us) loglag=121892us
18:18:51.983   pt[998]: min=-848 max=714 avg_abs=218 | fifo=752 under=0 over=0 late=0 mdf_cb=32042 mdf_err=0
18:18:51.983 win  533 pos= 8186880  -42dBFS [######..............] rms=  268 peak=  884 seam=ok lag=340us
18:18:51.983   -> unknown         p=0.30  preproc=69842us infer=41021us
18:18:52.408   pt[999]: min=-654 max=680 avg_abs=186 | fifo=944 under=0 over=0 late=0 mdf_cb=32074 mdf_err=0
18:18:52.408 in=16128Hz out=16000Hz ring=1200 under=0 over=0 (dt=1000000us) loglag=121892us
18:18:52.916   pt[1000]: min=-722 max=740 avg_abs=188 | fifo=992 under=0 over=0 late=0 mdf_cb=32107 mdf_err=0
18:18:52.918 win  534 pos= 8202240  -43dBFS [#####...............] rms=  230 peak=  722 seam=ok lag=338us
18:18:52.927   -> unknown         p=0.37  preproc=69826us infer=40982us
18:18:53.443 in=16128Hz out=16400Hz ring=928 under=0 over=0 (dt=999999us) loglag=121892us
18:18:53.443   pt[1001]: min=-798 max=750 avg_abs=177 | fifo=1184 under=0 over=0 late=0 mdf_cb=32139 mdf_err=0
18:18:53.883 win  535 pos= 8217600  -43dBFS [#####...............] rms=  223 peak=  798 seam=ok lag=339us
18:18:53.883   -> clock_tick      p=0.78  preproc=69821us infer=40980us
18:18:53.943   pt[1002]: min=-700 max=582 avg_abs=189 | fifo=976 under=0 over=0 late=0 mdf_cb=32171 mdf_err=0
18:18:54.466 in=16128Hz out=16000Hz ring=1056 under=0 over=0 (dt=999999us) loglag=121892us
18:18:54.466   pt[1003]: min=-1348 max=1868 avg_abs=222 | fifo=1168 under=0 over=0 late=0 mdf_cb=32203 mdf_err=0
18:18:54.834 win  536 pos= 8232960  -42dBFS [######..............] rms=  271 peak= 1868 seam=ok lag=336us
18:18:54.835   -> clock_tick      p=0.52  preproc=69766us infer=40993us
18:18:54.958   pt[1004]: min=-726 max=804 avg_abs=217 | fifo=960 under=0 over=0 late=0 mdf_cb=32235 mdf_err=0
18:18:55.408 in=16128Hz out=16000Hz ring=1184 under=0 over=0 (dt=1000000us) loglag=121892us
18:18:55.476   pt[1005]: min=-708 max=632 avg_abs=179 | fifo=1152 under=0 over=0 late=0 mdf_cb=32267 mdf_err=0
18:18:55.850 win  537 pos= 8248320  -43dBFS [#####...............] rms=  240 peak=  770 seam=ok lag=339us
18:18:55.850   -> clock_tick      p=0.64  preproc=69821us infer=40978us
18:18:55.974   pt[1006]: min=-740 max=762 avg_abs=180 | fifo=944 under=0 over=0 late=0 mdf_cb=32299 mdf_err=0
18:18:56.476 in=15872Hz out=16000Hz ring=1056 under=0 over=0 (dt=999999us) loglag=121892us
18:18:56.534   pt[1007]: min=-764 max=710 avg_abs=191 | fifo=1136 under=0 over=0 late=0 mdf_cb=32331 mdf_err=0
18:18:56.783 win  538 pos= 8263680  -43dBFS [#####...............] rms=  233 peak=  952 seam=ok lag=339us
18:18:56.783   -> clock_tick      p=0.84  preproc=69825us infer=41039us
18:18:57.042   pt[1008]: min=-952 max=888 avg_abs=181 | fifo=928 under=0 over=0 late=0 mdf_cb=32363 mdf_err=0
18:18:57.477 in=16128Hz out=16400Hz ring=784 under=0 over=0 (dt=1000000us) loglag=121892us
18:18:57.542   pt[1009]: min=-1162 max=1092 avg_abs=220 | fifo=1120 under=0 over=0 late=0 mdf_cb=32395 mdf_err=0
18:18:57.725 win  539 pos= 8279040  -42dBFS [######..............] rms=  262 peak= 1162 seam=ok lag=339us
18:18:57.725   -> clock_tick      p=0.78  preproc=69829us infer=40983us
18:18:57.725 ====================================
18:18:57.725 ====================================
18:18:57.732 TAP TOTAL win=539
18:18:57.733 ====================================
18:18:57.734 ====================================
18:18:57.740 tap total: windows=540 (expected 540 from 8296448 samples) overrun=0 torn=0 skipped=0 seam ok=539 NG=0
18:18:57.750   tap lag max=382us (0 of them lower bounds) | tap write max=8793ns avg=5325ns (32408 calls)
18:18:57.758   audio under=0 over=0 late=0 | aed run=540 err=0 (last er=0)
18:18:57.758   preproc max=69862us avg=69815us | infer max=41096us avg=40990us
18:18:57.769   notify out=80 held=307 offlist=153 gated=0 lat max=112920us (0 lower bounds)
18:18:57.775   log sent=3387 dropped=0 lag max=121892us
18:18:57.775 ====================================
18:18:57.783 ====================================
18:18:58.042   pt[1010]: min=-1248 max=1000 avg_abs=228 | fifo=912 under=0 over=0 late=0 mdf_cb=32427 mdf_err=0
18:18:58.483 in=16128Hz out=16000Hz ring=912 under=0 over=0 (dt=1000000us) loglag=121892us
18:18:58.542   pt[1011]: min=-1324 max=1366 avg_abs=238 | fifo=1104 under=0 over=0 late=0 mdf_cb=32459 mdf_err=0
18:18:58.726 win  540 pos= 8294400  -41dBFS [######..............] rms=  289 peak= 1366 seam=ok lag=337us
18:18:58.726   -> clock_tick      p=0.72  preproc=69829us infer=40989us
18:18:59.102   pt[1012]: min=-962 max=1194 avg_abs=229 | fifo=896 under=0 over=0 late=0 mdf_cb=32491 mdf_err=0
18:18:59.483 in=16128Hz out=16000Hz ring=1040 under=0 over=0 (dt=999999us) loglag=121892us
18:18:59.679   pt[1013]: min=-1118 max=1118 avg_abs=245 | fifo=1088 under=0 over=0 late=0 mdf_cb=32523 mdf_err=0
18:18:59.679 win  541 pos= 8309760  -41dBFS [######..............] rms=  306 peak= 1194 seam=ok lag=340us
18:18:59.679   -> clock_tick      p=0.63  preproc=69786us infer=40982us
18:19:00.126   pt[1014]: min=-966 max=1132 avg_abs=280 | fifo=880 under=0 over=0 late=0 mdf_cb=32555 mdf_err=0
18:19:00.442 in=16128Hz out=16000Hz ring=1168 under=0 over=0 (dt=1000000us) loglag=121892us
18:19:00.633   pt[1015]: min=-1058 max=1178 avg_abs=263 | fifo=1072 under=0 over=0 late=0 mdf_cb=32587 mdf_err=0
18:19:00.633 win  542 pos= 8325120  -40dBFS [######..............] rms=  334 peak= 1178 seam=ok lag=337us
18:19:00.633   -> clock_tick      p=0.70  preproc=69820us infer=40983us
18:19:01.127   pt[1016]: min=-1280 max=1290 avg_abs=257 | fifo=864 under=0 over=0 late=0 mdf_cb=32619 mdf_err=0
18:19:01.575 in=16128Hz out=16000Hz ring=1296 under=0 over=0 (dt=1000000us) loglag=121892us
18:19:01.575 {"win":543,"cls":"dog","p":0.52,"lat_ms":113,"under":0,"over":0,"late":0}
18:19:01.575 win  543 pos= 8340480  -40dBFS [######..............] rms=  336 peak= 1290 seam=ok lag=337us
18:19:01.575   -> dog             p=0.52  preproc=69833us infer=41019us
18:19:01.634   pt[1017]: min=-1212 max=1116 avg_abs=255 | fifo=1056 under=0 over=0 late=0 mdf_cb=32651 mdf_err=0
18:19:02.142   pt[1018]: min=-1004 max=882 avg_abs=235 | fifo=848 under=0 over=0 late=0 mdf_cb=32683 mdf_err=0
18:19:02.532 in=15872Hz out=16400Hz ring=768 under=0 over=0 (dt=999999us) loglag=121892us
18:19:02.532 {"win":544,"cls":"unknown","p":0.45,"lat_ms":113,"under":0,"over":0,"late":0}
18:19:02.532 win  544 pos= 8355840  -41dBFS [######..............] rms=  291 peak= 1042 seam=ok lag=341us
18:19:02.535   -> unknown         p=0.45  preproc=69822us infer=40982us
18:19:02.659   pt[1019]: min=-1066 max=890 avg_abs=251 | fifo=1040 under=0 over=0 late=0 mdf_cb=32715 mdf_err=0
18:19:03.166   pt[1020]: min=-1094 max=1174 avg_abs=268 | fifo=832 under=0 over=0 late=0 mdf_cb=32747 mdf_err=0
18:19:03.474 in=16128Hz out=16000Hz ring=896 under=0 over=0 (dt=1000000us) loglag=121892us
18:19:03.478 win  545 pos= 8371200  -40dBFS [######..............] rms=  327 peak= 1174 seam=ok lag=337us
18:19:03.483   -> unknown         p=0.45  preproc=69816us infer=40982us
18:19:03.674   pt[1021]: min=-926 max=988 avg_abs=236 | fifo=1024 under=0 over=0 late=0 mdf_cb=32779 mdf_err=0
18:19:04.208   pt[1022]: min=-892 max=842 avg_abs=223 | fifo=816 under=0 over=0 late=0 mdf_cb=32811 mdf_err=0
18:19:04.476 win  546 pos= 8386560  -41dBFS [######..............] rms=  283 peak=  988 seam=ok lag=339us
18:19:04.476   -> unknown         p=0.46  preproc=69771us infer=40986us
18:19:04.476 in=16128Hz out=16000Hz ring=1024 under=0 over=0 (dt=999999us) loglag=121892us
18:19:04.725   pt[1023]: min=-974 max=924 avg_abs=218 | fifo=1264 under=0 over=0 late=0 mdf_cb=32844 mdf_err=0
18:19:05.226   pt[1024]: min=-1156 max=1150 avg_abs=235 | fifo=1056 under=0 over=0 late=0 mdf_cb=32876 mdf_err=0
18:19:05.408 win  547 pos= 8401920  -41dBFS [######..............] rms=  290 peak= 1156 seam=ok lag=337us
18:19:05.408   -> unknown         p=0.36  preproc=69826us infer=40961us
18:19:05.475 in=16128Hz out=16000Hz ring=1152 under=0 over=0 (dt=999999us) loglag=121892us
18:19:05.725   pt[1025]: min=-1148 max=1160 avg_abs=253 | fifo=1248 under=0 over=0 late=0 mdf_cb=32908 mdf_err=0
18:19:06.283   pt[1026]: min=-1002 max=1116 avg_abs=229 | fifo=1040 under=0 over=0 late=0 mdf_cb=32940 mdf_err=0
18:19:06.408 win  548 pos= 8417280  -41dBFS [######..............] rms=  304 peak= 1160 seam=ok lag=341us
18:19:06.408   -> unknown         p=0.32  preproc=69819us infer=41030us
18:19:06.484 in=16128Hz out=16000Hz ring=1280 under=0 over=0 (dt=1000000us) loglag=121892us
18:19:06.792   pt[1027]: min=-896 max=944 avg_abs=207 | fifo=1232 under=0 over=0 late=0 mdf_cb=32972 mdf_err=0
18:19:07.350   pt[1028]: min=-776 max=928 avg_abs=214 | fifo=1024 under=0 over=0 late=0 mdf_cb=33004 mdf_err=0
18:19:07.350 win  549 pos= 8432640  -42dBFS [######..............] rms=  267 peak=  944 seam=ok lag=339us
18:19:07.350   -> clock_tick      p=0.70  preproc=69835us infer=40956us
18:19:07.350 ====================================
18:19:07.350 ====================================
18:19:07.350 TAP TOTAL win=549
18:19:07.350 ====================================
18:19:07.350 ====================================
18:19:07.350 tap total: windows=550 (expected 550 from 8450048 samples) overrun=0 torn=0 skipped=0 seam ok=549 NG=0
18:19:07.359   tap lag max=382us (0 of them lower bounds) | tap write max=8793ns avg=5325ns (33008 calls)
18:19:07.366   audio under=0 over=0 late=0 | aed run=550 err=0 (last er=0)
18:19:07.372   preproc max=69862us avg=69815us | infer max=41096us avg=40990us
18:19:07.379   notify out=82 held=311 offlist=157 gated=0 lat max=112920us (0 lower bounds)
18:19:07.386   log sent=3450 dropped=0 lag max=121892us
18:19:07.393 ====================================
18:19:07.393 ====================================
18:19:07.524 in=16128Hz out=16400Hz ring=1008 under=0 over=0 (dt=1000000us) loglag=121892us
18:19:07.775   pt[1029]: min=-1092 max=1110 avg_abs=285 | fifo=1216 under=0 over=0 late=0 mdf_cb=33036 mdf_err=0
18:19:08.284 win  550 pos= 8448000  -35dBFS [########............] rms=  614 peak= 5988 seam=ok lag=337us
18:19:08.284   -> clock_tick      p=0.84  preproc=69821us infer=40957us
18:19:08.287   pt[1030]: min=-5156 max=5988 avg_abs=484 | fifo=1008 under=0 over=0 late=0 mdf_cb=33068 mdf_err=0
18:19:08.482 in=15872Hz out=16000Hz ring=880 under=0 over=0 (dt=999999us) loglag=121892us
18:19:08.792   pt[1031]: min=-1890 max=1580 avg_abs=305 | fifo=1200 under=0 over=0 late=0 mdf_cb=33100 mdf_err=0
18:19:09.241 win  551 pos= 8463360  -38dBFS [#######.............] rms=  390 peak= 1890 seam=ok lag=337us
18:19:09.241   -> clock_tick      p=0.91  preproc=69763us infer=40986us
18:19:09.367   pt[1032]: min=-8318 max=6534 avg_abs=475 | fifo=992 under=0 over=0 late=0 mdf_cb=33132 mdf_err=0
18:19:09.492 in=16128Hz out=16000Hz ring=1008 under=0 over=0 (dt=1000000us) loglag=121892us
18:19:09.866   pt[1033]: min=-1690 max=2756 avg_abs=391 | fifo=1184 under=0 over=0 late=0 mdf_cb=33164 mdf_err=0
18:19:10.208 win  552 pos= 8478720  -33dBFS [#########...........] rms=  741 peak= 8318 seam=ok lag=338us
18:19:10.208   -> clock_tick      p=0.92  preproc=69825us infer=40969us
18:19:10.342   pt[1034]: min=-2178 max=2008 avg_abs=414 | fifo=976 under=0 over=0 late=0 mdf_cb=33196 mdf_err=0
18:19:10.525 in=16128Hz out=16000Hz ring=1136 under=0 over=0 (dt=999999us) loglag=121892us
18:19:10.901   pt[1035]: min=-3610 max=3468 avg_abs=538 | fifo=1168 under=0 over=0 late=0 mdf_cb=33228 mdf_err=0
18:19:11.208 win  553 pos= 8494080  -33dBFS [#########...........] rms=  753 peak= 5402 seam=ok lag=340us
18:19:11.208   -> clock_tick      p=0.73  preproc=69822us infer=41040us
18:19:11.408   pt[1036]: min=-5402 max=4966 avg_abs=723 | fifo=960 under=0 over=0 late=0 mdf_cb=33260 mdf_err=0
18:19:11.542 in=16128Hz out=16400Hz ring=864 under=0 over=0 (dt=999999us) loglag=121892us
18:19:11.917   pt[1037]: min=-1636 max=1898 avg_abs=378 | fifo=1152 under=0 over=0 late=0 mdf_cb=33292 mdf_err=0
18:19:12.166 win  554 pos= 8509440  -34dBFS [########............] rms=  659 peak= 3392 seam=ok lag=339us
18:19:12.166   -> clock_tick      p=0.63  preproc=69831us infer=40980us
18:19:12.425   pt[1038]: min=-1622 max=1300 avg_abs=283 | fifo=944 under=0 over=0 late=0 mdf_cb=33324 mdf_err=0
18:19:12.501 in=16128Hz out=16000Hz ring=992 under=0 over=0 (dt=1000000us) loglag=121892us
18:19:12.941   pt[1039]: min=-1422 max=2370 avg_abs=297 | fifo=1136 under=0 over=0 late=0 mdf_cb=33356 mdf_err=0
18:19:13.142 win  555 pos= 8524800  -39dBFS [#######.............] rms=  373 peak= 2370 seam=ok lag=336us
18:19:13.142   -> clock_tick      p=0.79  preproc=69829us infer=40956us
18:19:13.417   pt[1040]: min=-1596 max=1788 avg_abs=290 | fifo=928 under=0 over=0 late=0 mdf_cb=33388 mdf_err=0
18:19:13.542 in=16128Hz out=16000Hz ring=1120 under=0 over=0 (dt=999999us) loglag=121892us
18:19:13.933   pt[1041]: min=-1888 max=1598 avg_abs=272 | fifo=1120 under=0 over=0 late=0 mdf_cb=33420 mdf_err=0
18:19:14.049 win  556 pos= 8540160  -39dBFS [#######.............] rms=  361 peak= 1888 seam=ok lag=381us
18:19:14.049   -> clock_tick      p=0.98  preproc=69884us infer=40979us
18:19:14.501   pt[1042]: min=-2062 max=1850 avg_abs=339 | fifo=912 under=0 over=0 late=0 mdf_cb=33452 mdf_err=0
18:19:14.559 in=16128Hz out=16000Hz ring=1248 under=0 over=0 (dt=1000000us) loglag=121892us
18:19:15.000   pt[1043]: min=-1906 max=2176 avg_abs=328 | fifo=960 under=0 over=0 late=0 mdf_cb=33485 mdf_err=0
18:19:15.003 win  557 pos= 8555520  -38dBFS [#######.............] rms=  428 peak= 2176 seam=ok lag=339us
18:19:15.008   -> clock_tick      p=0.84  preproc=69841us infer=40984us
18:19:15.476   pt[1044]: min=-1734 max=1608 avg_abs=358 | fifo=1152 under=0 over=0 late=0 mdf_cb=33517 mdf_err=0
18:19:15.542 in=15872Hz out=16000Hz ring=1120 under=0 over=0 (dt=999999us) loglag=121892us
18:19:15.974 win  558 pos= 8570880  -37dBFS [#######.............] rms=  464 peak= 1982 seam=ok lag=340us
18:19:15.974   -> clock_tick      p=0.89  preproc=69825us infer=41033us
18:19:15.974   pt[1045]: min=-1814 max=1982 avg_abs=335 | fifo=944 under=0 over=0 late=0 mdf_cb=33549 mdf_err=0
18:19:16.484   pt[1046]: min=-1848 max=1894 avg_abs=306 | fifo=1136 under=0 over=0 late=0 mdf_cb=33581 mdf_err=0
18:19:16.550 in=16128Hz out=16400Hz ring=848 under=0 over=0 (dt=999999us) loglag=121892us
18:19:16.925 win  559 pos= 8586240  -38dBFS [#######.............] rms=  399 peak= 1894 seam=ok lag=337us
18:19:16.925   -> clock_tick      p=0.98  preproc=69818us infer=40981us
18:19:16.928 ====================================
18:19:16.932 ====================================
18:19:16.935 TAP TOTAL win=559
18:19:16.935 ====================================
18:19:16.938 ====================================
18:19:16.944 tap total: windows=560 (expected 560 from 8603648 samples) overrun=0 torn=0 skipped=0 seam ok=559 NG=0
18:19:16.951   tap lag max=382us (0 of them lower bounds) | tap write max=8793ns avg=5325ns (33608 calls)
18:19:16.959   audio under=0 over=0 late=0 | aed run=560 err=0 (last er=0)
18:19:16.967   preproc max=69884us avg=69815us | infer max=41096us avg=40990us
18:19:16.971   notify out=82 held=311 offlist=167 gated=0 lat max=112920us (0 lower bounds)
18:19:16.979   log sent=3511 dropped=0 lag max=121892us
18:19:16.984 ====================================
18:19:16.988 ====================================
18:19:17.049   pt[1047]: min=-1676 max=1870 avg_abs=299 | fifo=928 under=0 over=0 late=0 mdf_cb=33613 mdf_err=0
18:19:17.550   pt[1048]: min=-2278 max=3018 avg_abs=310 | fifo=1120 under=0 over=0 late=0 mdf_cb=33645 mdf_err=0
18:19:17.550 in=16128Hz out=16000Hz ring=976 under=0 over=0 (dt=1000000us) loglag=121892us
18:19:17.926 win  560 pos= 8601600  -39dBFS [#######.............] rms=  386 peak= 3018 seam=ok lag=338us
18:19:17.926   -> clock_tick      p=0.99  preproc=69817us infer=40982us
18:19:18.066   pt[1049]: min=-2512 max=2206 avg_abs=290 | fifo=912 under=0 over=0 late=0 mdf_cb=33677 mdf_err=0
18:19:18.566 in=16128Hz out=16000Hz ring=1104 under=0 over=0 (dt=1000000us) loglag=121892us
18:19:18.566   pt[1050]: min=-4732 max=6262 avg_abs=366 | fifo=1104 under=0 over=0 late=0 mdf_cb=33709 mdf_err=0
18:19:18.885 win  561 pos= 8616960  -36dBFS [########............] rms=  492 peak= 6262 seam=ok lag=338us
18:19:18.885   -> clock_tick      p=0.98  preproc=69769us infer=40985us
18:19:19.066   pt[1051]: min=-3146 max=2834 avg_abs=472 | fifo=896 under=0 over=0 late=0 mdf_cb=33741 mdf_err=0
18:19:19.567 in=16128Hz out=16000Hz ring=1232 under=0 over=0 (dt=999999us) loglag=121892us
18:19:19.567   pt[1052]: min=-1492 max=1194 avg_abs=293 | fifo=1088 under=0 over=0 late=0 mdf_cb=33773 mdf_err=0
18:19:19.817 win  562 pos= 8632320  -36dBFS [########............] rms=  492 peak= 3146 seam=ok lag=338us
18:19:19.817   -> clock_tick      p=0.94  preproc=69824us infer=41000us
18:19:20.134   pt[1053]: min=-2816 max=2958 avg_abs=277 | fifo=880 under=0 over=0 late=0 mdf_cb=33805 mdf_err=0
18:19:20.566 in=16128Hz out=16400Hz ring=960 under=0 over=0 (dt=1000000us) loglag=121892us
18:19:20.634   pt[1054]: min=-3128 max=3016 avg_abs=286 | fifo=1072 under=0 over=0 late=0 mdf_cb=33837 mdf_err=0
18:19:20.758 win  563 pos= 8647680  -39dBFS [#######.............] rms=  388 peak= 3128 seam=ok lag=339us
18:19:20.760   -> clock_tick      p=0.83  preproc=69828us infer=41024us
18:19:21.158   pt[1055]: min=-1832 max=2706 avg_abs=292 | fifo=864 under=0 over=0 late=0 mdf_cb=33869 mdf_err=0
18:19:21.601 in=15872Hz out=16000Hz ring=832 under=0 over=0 (dt=1000000us) loglag=121892us
18:19:21.725   pt[1056]: min=-3612 max=4458 avg_abs=265 | fifo=1056 under=0 over=0 late=0 mdf_cb=33901 mdf_err=0
18:19:21.725 win  564 pos= 8663040  -38dBFS [#######.............] rms=  399 peak= 4458 seam=ok lag=340us
18:19:21.734   -> clock_tick      p=0.99  preproc=69845us infer=40978us
18:19:22.143   pt[1057]: min=-2688 max=3692 avg_abs=293 | fifo=848 under=0 over=0 late=0 mdf_cb=33933 mdf_err=0
18:19:22.624 in=16128Hz out=16000Hz ring=960 under=0 over=0 (dt=999999us) loglag=121892us
18:19:22.683   pt[1058]: min=-2300 max=2042 avg_abs=258 | fifo=1040 under=0 over=0 late=0 mdf_cb=33965 mdf_err=0
18:19:22.683 win  565 pos= 8678400  -38dBFS [#######.............] rms=  394 peak= 3692 seam=ok lag=338us
18:19:22.694   -> clock_tick      p=0.96  preproc=69817us infer=40988us
18:19:23.192   pt[1059]: min=-3774 max=5578 avg_abs=309 | fifo=832 under=0 over=0 late=0 mdf_cb=33997 mdf_err=0
18:19:23.701 in=16128Hz out=16000Hz ring=1088 under=0 over=0 (dt=1000000us) loglag=121892us
18:19:23.701 win  566 pos= 8693760  -37dBFS [#######.............] rms=  467 peak= 5578 seam=ok lag=340us
18:19:23.701   -> clock_tick      p=0.98  preproc=69772us infer=40981us
18:19:23.701   pt[1060]: min=-3688 max=5204 avg_abs=291 | fifo=1024 under=0 over=0 late=0 mdf_cb=34029 mdf_err=0
18:19:24.192   pt[1061]: min=-4388 max=6494 avg_abs=309 | fifo=816 under=0 over=0 late=0 mdf_cb=34061 mdf_err=0
18:19:24.642 in=16128Hz out=16000Hz ring=1216 under=0 over=0 (dt=1000000us) loglag=121892us
18:19:24.642 win  567 pos= 8709120  -36dBFS [########............] rms=  502 peak= 6494 seam=ok lag=338us
18:19:24.642   -> clock_tick      p=0.99  preproc=69823us infer=40982us
18:19:24.700   pt[1062]: min=-4382 max=4706 avg_abs=346 | fifo=1008 under=0 over=0 late=0 mdf_cb=34093 mdf_err=0
18:19:25.265   pt[1063]: min=-5504 max=6754 avg_abs=434 | fifo=1056 under=0 over=0 late=0 mdf_cb=34126 mdf_err=0
18:19:25.575 win  568 pos= 8724480  -35dBFS [########............] rms=  567 peak= 6754 seam=ok lag=339us
18:19:25.575   -> clock_tick      p=1.00  preproc=69826us infer=41037us
18:19:25.575 in=16128Hz out=16400Hz ring=944 under=0 over=0 (dt=999999us) loglag=121892us
18:19:25.718   pt[1064]: min=-2510 max=1878 avg_abs=302 | fifo=1248 under=0 over=0 late=0 mdf_cb=34158 mdf_err=0
18:19:26.292   pt[1065]: min=-3314 max=3154 avg_abs=430 | fifo=1040 under=0 over=0 late=0 mdf_cb=34190 mdf_err=0
18:19:26.542 win  569 pos= 8739840  -36dBFS [########............] rms=  533 peak= 3314 seam=ok lag=340us
18:19:26.542   -> clock_tick      p=0.92  preproc=69833us infer=40979us
18:19:26.542 ====================================
18:19:26.542 ====================================
18:19:26.542 TAP TOTAL win=569
18:19:26.542 ====================================
18:19:26.542 ====================================
18:19:26.542 tap total: windows=570 (expected 570 from 8757248 samples) overrun=0 torn=0 skipped=0 seam ok=569 NG=0
18:19:26.554   tap lag max=382us (0 of them lower bounds) | tap write max=8793ns avg=5325ns (34208 calls)
18:19:26.562   audio under=0 over=0 late=0 | aed run=570 err=0 (last er=0)
18:19:26.567   preproc max=69884us avg=69815us | infer max=41096us avg=40990us
18:19:26.575   notify out=82 held=311 offlist=177 gated=0 lat max=112920us (0 lower bounds)
18:19:26.581   log sent=3572 dropped=0 lag max=121892us
18:19:26.583 ====================================
18:19:26.588 ====================================
18:19:26.592 in=16066Hz out=15938Hz ring=1072 under=0 over=0 (dt=1003836us) loglag=121892us
18:19:26.783   pt[1066]: min=-6730 max=7774 avg_abs=540 | fifo=1232 under=0 over=0 late=0 mdf_cb=34222 mdf_err=0
18:19:27.283   pt[1067]: min=-3500 max=2746 avg_abs=518 | fifo=1024 under=0 over=0 late=0 mdf_cb=34254 mdf_err=0
18:19:27.543 win  570 pos= 8755200  -32dBFS [#########...........] rms=  791 peak= 7774 seam=ok lag=337us
18:19:27.543   -> clock_tick      p=1.00  preproc=69820us infer=40971us
18:19:27.600 in=16190Hz out=16061Hz ring=1200 under=0 over=0 (dt=996163us) loglag=121892us
18:19:27.784   pt[1068]: min=-5778 max=7202 avg_abs=319 | fifo=1216 under=0 over=0 late=0 mdf_cb=34286 mdf_err=0
18:19:28.292   pt[1069]: min=-9520 max=7146 avg_abs=373 | fifo=1008 under=0 over=0 late=0 mdf_cb=34318 mdf_err=0
18:19:28.483 win  571 pos= 8770560  -35dBFS [########............] rms=  615 peak= 9520 seam=ok lag=339us
18:19:28.483   -> clock_tick      p=1.00  preproc=69774us infer=40985us
18:19:28.608 in=15872Hz out=16000Hz ring=1072 under=0 over=0 (dt=999999us) loglag=121892us
18:19:28.857   pt[1070]: min=-2188 max=2722 avg_abs=311 | fifo=1200 under=0 over=0 late=0 mdf_cb=34350 mdf_err=0
18:19:29.419   pt[1071]: min=-2042 max=1318 avg_abs=270 | fifo=992 under=0 over=0 late=0 mdf_cb=34382 mdf_err=0
18:19:29.419 win  572 pos= 8785920  -38dBFS [#######.............] rms=  401 peak= 2722 seam=ok lag=340us
18:19:29.419   -> clock_tick      p=0.81  preproc=69832us infer=40980us
18:19:29.608 in=16128Hz out=16400Hz ring=800 under=0 over=0 (dt=1000000us) loglag=121892us
18:19:29.860   pt[1072]: min=-4552 max=4764 avg_abs=378 | fifo=1184 under=0 over=0 late=0 mdf_cb=34414 mdf_err=0
18:19:30.359   pt[1073]: min=-3534 max=4584 avg_abs=320 | fifo=976 under=0 over=0 late=0 mdf_cb=34446 mdf_err=0
18:19:30.366 win  573 pos= 8801280  -36dBFS [########............] rms=  524 peak= 4764 seam=ok lag=339us
18:19:30.374   -> clock_tick      p=0.75  preproc=69824us infer=41053us
18:19:30.642 in=16128Hz out=16000Hz ring=928 under=0 over=0 (dt=1000000us) loglag=121892us
18:19:30.882   pt[1074]: min=-2510 max=3542 avg_abs=309 | fifo=1168 under=0 over=0 late=0 mdf_cb=34478 mdf_err=0
18:19:31.324 win  574 pos= 8816640  -38dBFS [#######.............] rms=  399 peak= 3542 seam=ok lag=337us
18:19:31.326   -> clock_tick      p=0.86  preproc=69822us infer=40989us
18:19:31.399   pt[1075]: min=-1428 max=2018 avg_abs=237 | fifo=960 under=0 over=0 late=0 mdf_cb=34510 mdf_err=0
18:19:31.650 in=16128Hz out=16000Hz ring=1056 under=0 over=0 (dt=1000000us) loglag=121892us
18:19:31.900   pt[1076]: min=-6272 max=7300 avg_abs=307 | fifo=752 under=0 over=0 late=0 mdf_cb=34542 mdf_err=0
18:19:32.333 win  575 pos= 8832000  -37dBFS [#######.............] rms=  469 peak= 7300 seam=ok lag=339us
18:19:32.333   -> clock_tick      p=0.98  preproc=69827us infer=40981us
18:19:32.401   pt[1077]: min=-2274 max=3342 avg_abs=243 | fifo=944 under=0 over=0 late=0 mdf_cb=34574 mdf_err=0
18:19:32.650 in=16128Hz out=16000Hz ring=1184 under=0 over=0 (dt=999999us) loglag=121892us
18:19:32.900   pt[1078]: min=-2160 max=2278 avg_abs=294 | fifo=992 under=0 over=0 late=0 mdf_cb=34607 mdf_err=0
18:19:33.283 win  576 pos= 8847360  -39dBFS [#######.............] rms=  372 peak= 2278 seam=ok lag=338us
18:19:33.283   -> clock_tick      p=0.97  preproc=69771us infer=40961us
18:19:33.425   pt[1079]: min=-1110 max=1204 avg_abs=226 | fifo=1184 under=0 over=0 late=0 mdf_cb=34639 mdf_err=0
18:19:33.625 in=16128Hz out=16400Hz ring=912 under=0 over=0 (dt=1000000us) loglag=121892us
18:19:33.942   pt[1080]: min=-3278 max=3158 avg_abs=308 | fifo=976 under=0 over=0 late=0 mdf_cb=34671 mdf_err=0
18:19:34.199 win  577 pos= 8862720  -38dBFS [#######.............] rms=  427 peak= 3278 seam=ok lag=340us
18:19:34.199   -> clock_tick      p=0.95  preproc=69822us infer=40985us
18:19:34.483   pt[1081]: min=-5896 max=6340 avg_abs=369 | fifo=1168 under=0 over=0 late=0 mdf_cb=34703 mdf_err=0
18:19:34.666 in=16128Hz out=16000Hz ring=1040 under=0 over=0 (dt=999999us) loglag=121892us
18:19:34.992   pt[1082]: min=-2404 max=2638 avg_abs=230 | fifo=960 under=0 over=0 late=0 mdf_cb=34735 mdf_err=0
18:19:35.183 win  578 pos= 8878080  -37dBFS [#######.............] rms=  456 peak= 6340 seam=ok lag=339us
18:19:35.183   -> clock_tick      p=0.97  preproc=69821us infer=41029us
18:19:35.493   pt[1083]: min=-828 max=562 avg_abs=163 | fifo=1152 under=0 over=0 late=0 mdf_cb=34767 mdf_err=0
18:19:35.683 in=16128Hz out=16000Hz ring=1168 under=0 over=0 (dt=999999us) loglag=121892us
18:19:35.991   pt[1084]: min=-4490 max=5800 avg_abs=322 | fifo=944 under=0 over=0 late=0 mdf_cb=34799 mdf_err=0
18:19:36.174 win  579 pos= 8893440  -39dBFS [#######.............] rms=  381 peak= 5800 seam=ok lag=336us
18:19:36.174   -> clock_tick      p=0.99  preproc=69813us infer=40960us
18:19:36.174 ====================================
18:19:36.174 ====================================
18:19:36.174 TAP TOTAL win=579
18:19:36.174 ====================================
18:19:36.174 ====================================
18:19:36.174 tap total: windows=580 (expected 580 from 8910848 samples) overrun=0 torn=0 skipped=0 seam ok=579 NG=0
18:19:36.174   tap lag max=382us (0 of them lower bounds) | tap write max=8793ns avg=5325ns (34808 calls)
18:19:36.174   audio under=0 over=0 late=0 | aed run=580 err=0 (last er=0)
18:19:36.174   preproc max=69884us avg=69815us | infer max=41096us avg=40990us
18:19:36.177   notify out=82 held=311 offlist=187 gated=0 lat max=112920us (0 lower bounds)
18:19:36.182   log sent=3634 dropped=0 lag max=121892us
18:19:36.184 ====================================
18:19:36.190 ====================================
18:19:36.508   pt[1085]: min=-3476 max=2532 avg_abs=362 | fifo=1136 under=0 over=0 late=0 mdf_cb=34831 mdf_err=0
18:19:36.699 in=16128Hz out=16000Hz ring=1296 under=0 over=0 (dt=1000000us) loglag=121892us
18:19:37.134   pt[1086]: min=-2078 max=1958 avg_abs=407 | fifo=928 under=0 over=0 late=0 mdf_cb=34863 mdf_err=0
18:19:37.134 win  580 pos= 8908800  -36dBFS [########............] rms=  507 peak= 3476 seam=ok lag=338us
18:19:37.134   -> clock_tick      p=0.59  preproc=69844us infer=40985us
18:19:37.525   pt[1087]: min=-2788 max=2826 avg_abs=568 | fifo=1120 under=0 over=0 late=0 mdf_cb=34895 mdf_err=0
18:19:37.708 in=15872Hz out=16400Hz ring=768 under=0 over=0 (dt=999999us) loglag=121892us
18:19:38.083   pt[1088]: min=-7378 max=5128 avg_abs=1126 | fifo=912 under=0 over=0 late=0 mdf_cb=34927 mdf_err=0
18:19:38.083 win  581 pos= 8924160  -30dBFS [##########..........] rms= 1080 peak= 7378 seam=ok lag=338us
18:19:38.083   -> rooster         p=0.84  preproc=69768us infer=40985us
18:19:38.583   pt[1089]: min=-5154 max=3922 avg_abs=670 | fifo=1360 under=0 over=0 late=0 mdf_cb=34960 mdf_err=0
18:19:38.708 in=16128Hz out=16000Hz ring=896 under=0 over=0 (dt=1000000us) loglag=121892us
18:19:39.025 win  582 pos= 8939520  -29dBFS [##########..........] rms= 1139 peak= 5154 seam=ok lag=340us
18:19:39.025   -> rooster         p=0.74  preproc=69816us infer=40977us
18:19:39.082   pt[1090]: min=-4966 max=4150 avg_abs=772 | fifo=1152 under=0 over=0 late=0 mdf_cb=34992 mdf_err=0
18:19:39.624   pt[1091]: min=-3096 max=2526 avg_abs=479 | fifo=944 under=0 over=0 late=0 mdf_cb=35024 mdf_err=0
18:19:39.683 in=16128Hz out=16000Hz ring=1024 under=0 over=0 (dt=1000000us) loglag=121892us
18:19:39.991 win  583 pos= 8954880  -35dBFS [########............] rms=  575 peak= 3096 seam=ok lag=340us
18:19:39.991   -> rooster         p=0.68  preproc=69822us infer=41033us
18:19:40.118   pt[1092]: min=-1906 max=2186 avg_abs=376 | fifo=1136 under=0 over=0 late=0 mdf_cb=35056 mdf_err=0
18:19:40.625   pt[1093]: min=-2346 max=1720 avg_abs=409 | fifo=928 under=0 over=0 late=0 mdf_cb=35088 mdf_err=0
18:19:40.683 in=16128Hz out=16000Hz ring=1152 under=0 over=0 (dt=999999us) loglag=121892us
18:19:40.925 win  584 pos= 8970240  -37dBFS [#######.............] rms=  487 peak= 2346 seam=ok lag=341us
18:19:40.925   -> unknown         p=0.48  preproc=69826us infer=40978us
18:19:41.134   pt[1094]: min=-1144 max=1392 avg_abs=276 | fifo=1120 under=0 over=0 late=0 mdf_cb=35120 mdf_err=0
18:19:41.642   pt[1095]: min=-1282 max=1702 avg_abs=269 | fifo=912 under=0 over=0 late=0 mdf_cb=35152 mdf_err=0
18:19:41.701 in=16128Hz out=16400Hz ring=880 under=0 over=0 (dt=1000000us) loglag=121892us
18:19:41.883 win  585 pos= 8985600  -39dBFS [#######.............] rms=  360 peak= 1702 seam=ok lag=337us
18:19:41.883   -> rooster         p=0.59  preproc=69821us infer=40963us
18:19:42.149   pt[1096]: min=-1540 max=1618 avg_abs=304 | fifo=1104 under=0 over=0 late=0 mdf_cb=35184 mdf_err=0
18:19:42.683   pt[1097]: min=-1038 max=950 avg_abs=214 | fifo=896 under=0 over=0 late=0 mdf_cb=35216 mdf_err=0
18:19:42.741 in=16128Hz out=16000Hz ring=1008 under=0 over=0 (dt=999999us) loglag=121892us
18:19:42.866 win  586 pos= 9000960  -40dBFS [######..............] rms=  313 peak= 1348 seam=ok lag=338us
18:19:42.866   -> rooster         p=0.55  preproc=69758us infer=40982us
18:19:43.175   pt[1098]: min=-2458 max=2816 avg_abs=449 | fifo=1088 under=0 over=0 late=0 mdf_cb=35248 mdf_err=0
18:19:43.741   pt[1099]: min=-2378 max=2662 avg_abs=539 | fifo=880 under=0 over=0 late=0 mdf_cb=35280 mdf_err=0
18:19:43.866 in=16128Hz out=16000Hz ring=1136 under=0 over=0 (dt=1000000us) loglag=121892us
18:19:43.866 win  587 pos= 9016320  -34dBFS [########............] rms=  658 peak= 2816 seam=ok lag=338us
18:19:43.866   -> rooster         p=0.76  preproc=69823us infer=40979us
18:19:44.241   pt[1100]: min=-2856 max=3096 avg_abs=607 | fifo=1072 under=0 over=0 late=0 mdf_cb=35312 mdf_err=0
18:19:44.799 in=16128Hz out=16400Hz ring=864 under=0 over=0 (dt=999999us) loglag=121892us
18:19:44.799   pt[1101]: min=-4412 max=3968 avg_abs=630 | fifo=1120 under=0 over=0 late=0 mdf_cb=35345 mdf_err=0
18:19:44.799 win  588 pos= 9031680  -33dBFS [#########...........] rms=  744 peak= 4398 seam=ok lag=339us
18:19:44.799   -> rooster         p=0.64  preproc=69851us infer=41033us
18:19:45.241   pt[1102]: min=-6044 max=5466 avg_abs=889 | fifo=1312 under=0 over=0 late=0 mdf_cb=35377 mdf_err=0
18:19:45.740 in=16128Hz out=16000Hz ring=992 under=0 over=0 (dt=1000000us) loglag=121892us
18:19:45.740 win  589 pos= 9047040  -30dBFS [##########..........] rms= 1073 peak= 6044 seam=ok lag=340us
18:19:45.740   -> rooster         p=0.89  preproc=69826us infer=40956us
18:19:45.740 ====================================
18:19:45.743 ====================================
18:19:45.749 TAP TOTAL win=589
18:19:45.750 ====================================
18:19:45.750 ====================================
18:19:45.750 tap total: windows=590 (expected 590 from 9064448 samples) overrun=0 torn=0 skipped=0 seam ok=589 NG=0
18:19:45.764   tap lag max=382us (0 of them lower bounds) | tap write max=8793ns avg=5325ns (35408 calls)
18:19:45.765   audio under=0 over=0 late=0 | aed run=590 err=0 (last er=0)
18:19:45.775   preproc max=69884us avg=69815us | infer max=41096us avg=40990us
18:19:45.782   notify out=82 held=312 offlist=196 gated=0 lat max=112920us (0 lower bounds)
18:19:45.792   log sent=3695 dropped=0 lag max=121892us
18:19:45.795 ====================================
18:19:45.799 ====================================
18:19:45.801   pt[1103]: min=-5624 max=10938 avg_abs=771 | fifo=1104 under=0 over=0 late=0 mdf_cb=35409 mdf_err=0
18:19:46.282   pt[1104]: min=-5012 max=5182 avg_abs=614 | fifo=896 under=0 over=0 late=0 mdf_cb=35441 mdf_err=0
18:19:46.724 win  590 pos= 9062400  -30dBFS [##########..........] rms= 1026 peak=10938 seam=ok lag=337us
18:19:46.724   -> clock_tick      p=0.61  preproc=69816us infer=40957us
18:19:46.724 in=16128Hz out=16000Hz ring=1120 under=0 over=0 (dt=999998us) loglag=121892us
18:19:46.800   pt[1105]: min=-4032 max=5164 avg_abs=673 | fifo=1088 under=0 over=0 late=0 mdf_cb=35473 mdf_err=0
18:19:47.301   pt[1106]: min=-3836 max=4666 avg_abs=480 | fifo=880 under=0 over=0 late=0 mdf_cb=35505 mdf_err=0
18:19:47.683 win  591 pos= 9077760  -34dBFS [########............] rms=  678 peak= 5164 seam=ok lag=339us
18:19:47.683   -> clock_tick      p=0.97  preproc=69769us infer=40987us
18:19:47.742 in=16128Hz out=16000Hz ring=1248 under=0 over=0 (dt=999999us) loglag=121892us
18:19:47.801   pt[1107]: min=-4296 max=5918 avg_abs=449 | fifo=1072 under=0 over=0 late=0 mdf_cb=35537 mdf_err=0
18:19:48.366   pt[1108]: min=-5274 max=5042 avg_abs=390 | fifo=864 under=0 over=0 late=0 mdf_cb=35569 mdf_err=0
18:19:48.616 win  592 pos= 9093120  -34dBFS [########............] rms=  653 peak= 7126 seam=ok lag=336us
18:19:48.616   -> clock_tick      p=0.99  preproc=69826us infer=40957us
18:19:48.743 in=16128Hz out=16400Hz ring=976 under=0 over=0 (dt=1000000us) loglag=121892us
18:19:48.868   pt[1109]: min=-7126 max=7074 avg_abs=328 | fifo=1056 under=0 over=0 late=0 mdf_cb=35601 mdf_err=0
18:19:49.369   pt[1110]: min=-4650 max=4874 avg_abs=365 | fifo=848 under=0 over=0 late=0 mdf_cb=35633 mdf_err=0
18:19:49.616 win  593 pos= 9108480  -38dBFS [#######.............] rms=  430 peak= 4874 seam=ok lag=337us
18:19:49.616   -> clock_tick      p=0.98  preproc=69828us infer=41032us
18:19:49.741 in=16128Hz out=16000Hz ring=1104 under=0 over=0 (dt=999999us) loglag=121892us
18:19:49.866   pt[1111]: min=-2590 max=2560 avg_abs=230 | fifo=1296 under=0 over=0 late=0 mdf_cb=35666 mdf_err=0
18:19:50.374   pt[1112]: min=-3454 max=3106 avg_abs=661 | fifo=1088 under=0 over=0 late=0 mdf_cb=35698 mdf_err=0
18:19:50.549 win  594 pos= 9123840  -33dBFS [#########...........] rms=  763 peak= 3658 seam=ok lag=340us
18:19:50.549   -> clock_tick      p=0.80  preproc=69825us infer=40982us
18:19:50.800 in=16128Hz out=16000Hz ring=1232 under=0 over=0 (dt=999999us) loglag=121892us
18:19:50.924   pt[1113]: min=-3326 max=3658 avg_abs=620 | fifo=1280 under=0 over=0 late=0 mdf_cb=35730 mdf_err=0
18:19:51.490   pt[1114]: min=-2608 max=2480 avg_abs=565 | fifo=1072 under=0 over=0 late=0 mdf_cb=35762 mdf_err=0
18:19:51.490 win  595 pos= 9139200  -33dBFS [#########...........] rms=  728 peak= 3658 seam=ok lag=339us
18:19:51.493   -> rooster         p=0.64  preproc=69843us infer=40958us
18:19:51.766 in=15872Hz out=16000Hz ring=1104 under=0 over=0 (dt=999999us) loglag=121892us
18:19:51.943   pt[1115]: min=-3614 max=2756 avg_abs=572 | fifo=864 under=0 over=0 late=0 mdf_cb=35794 mdf_err=0
18:19:52.442   pt[1116]: min=-2740 max=2824 avg_abs=645 | fifo=1056 under=0 over=0 late=0 mdf_cb=35826 mdf_err=0
18:19:52.449 win  596 pos= 9154560  -33dBFS [#########...........] rms=  759 peak= 3614 seam=ok lag=339us
18:19:52.458   -> clock_tick      p=0.99  preproc=69773us infer=40988us
18:19:52.784 in=16128Hz out=16400Hz ring=832 under=0 over=0 (dt=1000000us) loglag=121892us
18:19:52.975   pt[1117]: min=-2626 max=2478 avg_abs=536 | fifo=848 under=0 over=0 late=0 mdf_cb=35858 mdf_err=0
18:19:53.424 win  597 pos= 9169920  -33dBFS [#########...........] rms=  742 peak= 3376 seam=ok lag=337us
18:19:53.424   -> clock_tick      p=0.52  preproc=69824us infer=40982us
18:19:53.491   pt[1118]: min=-3376 max=3032 avg_abs=653 | fifo=1040 under=0 over=0 late=0 mdf_cb=35890 mdf_err=0
18:19:53.800 in=16128Hz out=16000Hz ring=960 under=0 over=0 (dt=999999us) loglag=121892us
18:19:53.991   pt[1119]: min=-8006 max=6444 avg_abs=886 | fifo=832 under=0 over=0 late=0 mdf_cb=35922 mdf_err=0
18:19:54.365 win  598 pos= 9185280  -28dBFS [##########..........] rms= 1254 peak= 8006 seam=ok lag=337us
18:19:54.365   -> clock_tick      p=0.82  preproc=69829us infer=41030us
18:19:54.492   pt[1120]: min=-5784 max=4994 avg_abs=912 | fifo=1024 under=0 over=0 late=0 mdf_cb=35954 mdf_err=0
18:19:54.800 in=16128Hz out=16000Hz ring=1088 under=0 over=0 (dt=1000000us) loglag=121892us
18:19:55.000   pt[1121]: min=-4914 max=4504 avg_abs=755 | fifo=1072 under=0 over=0 late=0 mdf_cb=35987 mdf_err=0
18:19:55.365 win  599 pos= 9200640  -31dBFS [#########...........] rms=  879 peak= 4914 seam=ok lag=340us
18:19:55.365   -> clock_tick      p=0.93  preproc=69826us infer=40979us
18:19:55.365 ====================================
18:19:55.365 ====================================
18:19:55.365 TAP TOTAL win=599
18:19:55.365 ====================================
18:19:55.365 ====================================
18:19:55.365 tap total: windows=600 (expected 600 from 9218048 samples) overrun=0 torn=0 skipped=0 seam ok=599 NG=0
18:19:55.365   tap lag max=382us (0 of them lower bounds) | tap write max=8793ns avg=5325ns (36008 calls)
18:19:55.365   audio under=0 over=0 late=0 | aed run=600 err=0 (last er=0)
18:19:55.374   preproc max=69884us avg=69815us | infer max=41096us avg=40990us
18:19:55.375   notify out=82 held=312 offlist=206 gated=0 lat max=112920us (0 lower bounds)
18:19:55.382   log sent=3756 dropped=0 lag max=121892us
18:19:55.390 ====================================
18:19:55.395 ====================================
18:19:55.524   pt[1122]: min=-2864 max=2202 avg_abs=521 | fifo=1264 under=0 over=0 late=0 mdf_cb=36019 mdf_err=0
18:19:55.784 in=16128Hz out=16400Hz ring=816 under=0 over=0 (dt=1000000us) loglag=121892us
18:19:56.041   pt[1123]: min=-3976 max=4184 avg_abs=685 | fifo=1056 under=0 over=0 late=0 mdf_cb=36051 mdf_err=0
18:19:56.292 win  600 pos= 9216000  -32dBFS [#########...........] rms=  816 peak= 4184 seam=ok lag=339us
18:19:56.292   -> clock_tick      p=0.86  preproc=69827us infer=40982us
18:19:56.542   pt[1124]: min=-2718 max=2094 avg_abs=446 | fifo=1248 under=0 over=0 late=0 mdf_cb=36083 mdf_err=0
18:19:56.791 in=16128Hz out=16000Hz ring=944 under=0 over=0 (dt=1000000us) loglag=121892us
18:19:57.041   pt[1125]: min=-4326 max=4440 avg_abs=419 | fifo=1040 under=0 over=0 late=0 mdf_cb=36115 mdf_err=0
18:19:57.242 win  601 pos= 9231360  -36dBFS [########............] rms=  512 peak= 4440 seam=ok lag=338us
18:19:57.249   -> clock_tick      p=1.00  preproc=69764us infer=40991us
18:19:57.617   pt[1126]: min=-4088 max=3860 avg_abs=428 | fifo=832 under=0 over=0 late=0 mdf_cb=36147 mdf_err=0
18:19:57.800 in=16128Hz out=16000Hz ring=1072 under=0 over=0 (dt=999999us) loglag=121892us
18:19:58.117   pt[1127]: min=-5108 max=3390 avg_abs=568 | fifo=1024 under=0 over=0 late=0 mdf_cb=36179 mdf_err=0
18:19:58.243 win  602 pos= 9246720  -34dBFS [########............] rms=  664 peak= 5108 seam=ok lag=338us
18:19:58.243   -> unknown         p=0.45  preproc=69829us infer=40983us
18:19:58.617   pt[1128]: min=-4258 max=4908 avg_abs=698 | fifo=816 under=0 over=0 late=0 mdf_cb=36211 mdf_err=0
18:19:58.867 in=16128Hz out=16400Hz ring=800 under=0 over=0 (dt=1000000us) loglag=121892us
18:19:59.175   pt[1129]: min=-10476 max=8440 avg_abs=826 | fifo=1008 under=0 over=0 late=0 mdf_cb=36243 mdf_err=0
18:19:59.175 win  603 pos= 9262080  -30dBFS [##########..........] rms= 1051 peak=10476 seam=ok lag=338us
18:19:59.180   -> clock_tick      p=1.00  preproc=69848us infer=41031us
18:19:59.624   pt[1130]: min=-7112 max=6968 avg_abs=1212 | fifo=1056 under=0 over=0 late=0 mdf_cb=36276 mdf_err=0
18:19:59.865 in=16128Hz out=16000Hz ring=928 under=0 over=0 (dt=1000000us) loglag=121892us
18:20:00.175 win  604 pos= 9277440  -28dBFS [##########..........] rms= 1359 peak= 7112 seam=ok lag=340us
18:20:00.175   -> clock_tick      p=0.97  preproc=69831us infer=40978us
18:20:00.175   pt[1131]: min=-5980 max=5932 avg_abs=845 | fifo=848 under=0 over=0 late=0 mdf_cb=36308 mdf_err=0
18:20:00.676   pt[1132]: min=-4954 max=4266 avg_abs=866 | fifo=1040 under=0 over=0 late=0 mdf_cb=36340 mdf_err=0
18:20:00.866 in=16128Hz out=16000Hz ring=1056 under=0 over=0 (dt=999999us) loglag=121892us
18:20:01.124 win  605 pos= 9292800  -30dBFS [##########..........] rms= 1038 peak= 5980 seam=ok lag=341us
18:20:01.124   -> rooster         p=0.58  preproc=69825us infer=40981us
18:20:01.182   pt[1133]: min=-3004 max=3722 avg_abs=555 | fifo=1232 under=0 over=0 late=0 mdf_cb=36372 mdf_err=0
18:20:01.674   pt[1134]: min=-1924 max=2084 avg_abs=391 | fifo=1024 under=0 over=0 late=0 mdf_cb=36404 mdf_err=0
18:20:01.866 in=16128Hz out=16000Hz ring=1184 under=0 over=0 (dt=1000000us) loglag=121892us
18:20:02.058 win  606 pos= 9308160  -34dBFS [########............] rms=  626 peak= 3004 seam=ok lag=340us
18:20:02.058   -> rooster         p=0.81  preproc=69765us infer=40983us
18:20:02.244   pt[1135]: min=-2372 max=2214 avg_abs=408 | fifo=1216 under=0 over=0 late=0 mdf_cb=36436 mdf_err=0
18:20:02.699   pt[1136]: min=-4218 max=4462 avg_abs=364 | fifo=1008 under=0 over=0 late=0 mdf_cb=36468 mdf_err=0
18:20:02.882 in=16128Hz out=16400Hz ring=912 under=0 over=0 (dt=999999us) loglag=121892us
18:20:03.007 win  607 pos= 9323520  -37dBFS [#######.............] rms=  469 peak= 4462 seam=ok lag=340us
18:20:03.007   -> clock_tick      p=0.98  preproc=69816us infer=40981us
18:20:03.209   pt[1137]: min=-2632 max=2478 avg_abs=347 | fifo=800 under=0 over=0 late=0 mdf_cb=36500 mdf_err=0
18:20:03.776   pt[1138]: min=-4734 max=5070 avg_abs=372 | fifo=992 under=0 over=0 late=0 mdf_cb=36532 mdf_err=0
18:20:03.841 in=16128Hz out=16000Hz ring=1040 under=0 over=0 (dt=999999us) loglag=121892us
18:20:04.024 win  608 pos= 9338880  -36dBFS [########............] rms=  501 peak= 5070 seam=ok lag=339us
18:20:04.024   -> clock_tick      p=0.94  preproc=69824us infer=40998us
18:20:04.275   pt[1139]: min=-3098 max=4132 avg_abs=290 | fifo=784 under=0 over=0 late=0 mdf_cb=36564 mdf_err=0
18:20:04.775   pt[1140]: min=-2612 max=3090 avg_abs=417 | fifo=1232 under=0 over=0 late=0 mdf_cb=36597 mdf_err=0
18:20:04.955 in=16128Hz out=16000Hz ring=1168 under=0 over=0 (dt=1000000us) loglag=121892us
18:20:04.955 win  609 pos= 9354240  -35dBFS [########............] rms=  586 peak= 4828 seam=ok lag=340us
18:20:04.955   -> clock_tick      p=1.00  preproc=69829us infer=40980us
18:20:04.955 ====================================
18:20:04.955 ====================================
18:20:04.955 TAP TOTAL win=609
18:20:04.955 ====================================
18:20:04.955 ====================================
18:20:04.958 tap total: windows=610 (expected 610 from 9371648 samples) overrun=0 torn=0 skipped=0 seam ok=609 NG=0
18:20:04.965   tap lag max=382us (0 of them lower bounds) | tap write max=8793ns avg=5325ns (36608 calls)
18:20:04.974   audio under=0 over=0 late=0 | aed run=610 err=0 (last er=0)
18:20:04.982   preproc max=69884us avg=69815us | infer max=41096us avg=40990us
18:20:04.988   notify out=82 held=313 offlist=215 gated=0 lat max=112920us (0 lower bounds)
18:20:04.993   log sent=3818 dropped=0 lag max=121892us
18:20:04.999 ====================================
18:20:04.999 ====================================
18:20:05.324   pt[1141]: min=-4098 max=4828 avg_abs=806 | fifo=1024 under=0 over=0 late=0 mdf_cb=36629 mdf_err=0
18:20:05.883   pt[1142]: min=-4440 max=3786 avg_abs=727 | fifo=1216 under=0 over=0 late=0 mdf_cb=36661 mdf_err=0
18:20:05.891 in=16128Hz out=16400Hz ring=896 under=0 over=0 (dt=1000000us) loglag=121892us
18:20:05.899 win  610 pos= 9369600  -31dBFS [#########...........] rms=  968 peak= 4440 seam=ok lag=336us
18:20:05.907   -> rooster         p=0.78  preproc=69845us infer=40983us
18:20:06.333   pt[1143]: min=-3676 max=2934 avg_abs=695 | fifo=1008 under=0 over=0 late=0 mdf_cb=36693 mdf_err=0
18:20:06.866   pt[1144]: min=-2770 max=2682 avg_abs=627 | fifo=1200 under=0 over=0 late=0 mdf_cb=36725 mdf_err=0
18:20:06.866 win  611 pos= 9384960  -32dBFS [#########...........] rms=  850 peak= 3676 seam=ok lag=336us
18:20:06.866   -> rooster         p=0.51  preproc=69787us infer=40982us
18:20:06.866 in=16059Hz out=15932Hz ring=1024 under=0 over=0 (dt=1004255us) loglag=121892us
18:20:07.369   pt[1145]: min=-2794 max=2754 avg_abs=586 | fifo=992 under=0 over=0 late=0 mdf_cb=36757 mdf_err=0
18:20:07.866 win  612 pos= 9400320  -34dBFS [########............] rms=  676 peak= 2794 seam=ok lag=341us
18:20:07.866   -> clock_tick      p=0.92  preproc=69820us infer=40978us
18:20:07.866   pt[1146]: min=-1516 max=1276 avg_abs=389 | fifo=1184 under=0 over=0 late=0 mdf_cb=36789 mdf_err=0
18:20:07.924 in=16196Hz out=16068Hz ring=1152 under=0 over=0 (dt=995743us) loglag=121892us
18:20:08.366   pt[1147]: min=-906 max=808 avg_abs=246 | fifo=976 under=0 over=0 late=0 mdf_cb=36821 mdf_err=0
18:20:08.799 win  613 pos= 9415680  -40dBFS [######..............] rms=  312 peak= 1116 seam=ok lag=337us
18:20:08.799   -> unknown         p=0.35  preproc=69838us infer=41030us
18:20:08.866   pt[1148]: min=-2542 max=3516 avg_abs=326 | fifo=768 under=0 over=0 late=0 mdf_cb=36853 mdf_err=0
18:20:08.924 in=16128Hz out=16000Hz ring=1280 under=0 over=0 (dt=1000000us) loglag=121892us
18:20:09.424   pt[1149]: min=-2598 max=2380 avg_abs=331 | fifo=960 under=0 over=0 late=0 mdf_cb=36885 mdf_err=0
18:20:09.740 win  614 pos= 9431040  -37dBFS [#######.............] rms=  463 peak= 3516 seam=ok lag=338us
18:20:09.740   -> clock_tick      p=0.99  preproc=69820us infer=40979us
18:20:09.942 in=16128Hz out=16400Hz ring=1008 under=0 over=0 (dt=1000000us) loglag=121892us
18:20:09.942   pt[1150]: min=-2230 max=1908 avg_abs=325 | fifo=1008 under=0 over=0 late=0 mdf_cb=36918 mdf_err=0
18:20:10.442   pt[1151]: min=-2520 max=2992 avg_abs=354 | fifo=1200 under=0 over=0 late=0 mdf_cb=36950 mdf_err=0
18:20:10.702 win  615 pos= 9446400  -37dBFS [#######.............] rms=  456 peak= 2992 seam=ok lag=339us
18:20:10.702   -> clock_tick      p=0.99  preproc=69824us infer=40959us
18:20:10.894 in=16128Hz out=16000Hz ring=1136 under=0 over=0 (dt=999999us) loglag=121892us
18:20:10.958   pt[1152]: min=-2234 max=2422 avg_abs=372 | fifo=992 under=0 over=0 late=0 mdf_cb=36982 mdf_err=0
18:20:11.466   pt[1153]: min=-2920 max=2330 avg_abs=362 | fifo=1184 under=0 over=0 late=0 mdf_cb=37014 mdf_err=0
18:20:11.667 win  616 pos= 9461760  -37dBFS [#######.............] rms=  483 peak= 2920 seam=ok lag=340us
18:20:11.667   -> clock_tick      p=0.96  preproc=69777us infer=40985us
18:20:11.916 in=15872Hz out=16000Hz ring=1008 under=0 over=0 (dt=999999us) loglag=121892us
18:20:11.983   pt[1154]: min=-3504 max=3772 avg_abs=329 | fifo=976 under=0 over=0 late=0 mdf_cb=37046 mdf_err=0
18:20:12.500   pt[1155]: min=-2182 max=2222 avg_abs=335 | fifo=1168 under=0 over=0 late=0 mdf_cb=37078 mdf_err=0
18:20:12.642 win  617 pos= 9477120  -37dBFS [#######.............] rms=  442 peak= 3772 seam=ok lag=338us
18:20:12.642   -> clock_tick      p=0.90  preproc=69824us infer=40982us
18:20:12.942 in=16128Hz out=16000Hz ring=1136 under=0 over=0 (dt=1000000us) loglag=121892us
18:20:13.008   pt[1156]: min=-2424 max=1802 avg_abs=352 | fifo=960 under=0 over=0 late=0 mdf_cb=37110 mdf_err=0
18:20:13.567   pt[1157]: min=-2016 max=1808 avg_abs=333 | fifo=1152 under=0 over=0 late=0 mdf_cb=37142 mdf_err=0
18:20:13.573 win  618 pos= 9492480  -37dBFS [#######.............] rms=  439 peak= 2424 seam=ok lag=339us
18:20:13.585   -> clock_tick      p=0.86  preproc=69846us infer=40979us
18:20:13.966 in=16128Hz out=16400Hz ring=864 under=0 over=0 (dt=1000000us) loglag=121892us
18:20:14.024   pt[1158]: min=-2188 max=2438 avg_abs=397 | fifo=944 under=0 over=0 late=0 mdf_cb=37174 mdf_err=0
18:20:14.557   pt[1159]: min=-1718 max=1858 avg_abs=421 | fifo=736 under=0 over=0 late=0 mdf_cb=37206 mdf_err=0
18:20:14.557 win  619 pos= 9507840  -36dBFS [########............] rms=  512 peak= 2438 seam=ok lag=340us
18:20:14.557   -> clock_tick      p=0.99  preproc=69825us infer=40980us
18:20:14.557 ====================================
18:20:14.557 ====================================
18:20:14.557 TAP TOTAL win=619
18:20:14.557 ====================================
18:20:14.562 ====================================
18:20:14.562 tap total: windows=620 (expected 620 from 9525248 samples) overrun=0 torn=0 skipped=0 seam ok=619 NG=0
18:20:14.569   tap lag max=382us (0 of them lower bounds) | tap write max=8793ns avg=5325ns (37208 calls)
18:20:14.575   audio under=0 over=0 late=0 | aed run=620 err=0 (last er=0)
18:20:14.582   preproc max=69884us avg=69815us | infer max=41096us avg=40990us
18:20:14.591   notify out=82 held=314 offlist=224 gated=0 lat max=112920us (0 lower bounds)
18:20:14.598   log sent=3879 dropped=0 lag max=121892us
18:20:14.599 ====================================
18:20:14.599 ====================================
18:20:14.924 in=16128Hz out=16000Hz ring=992 under=0 over=0 (dt=999999us) loglag=121892us
18:20:15.050   pt[1160]: min=-2424 max=2298 avg_abs=483 | fifo=928 under=0 over=0 late=0 mdf_cb=37238 mdf_err=0
18:20:15.498 win  620 pos= 9523200  -35dBFS [########............] rms=  594 peak= 2424 seam=ok lag=337us
18:20:15.498   -> clock_tick      p=0.87  preproc=69821us infer=40963us
18:20:15.550   pt[1161]: min=-2088 max=1970 avg_abs=509 | fifo=976 under=0 over=0 late=0 mdf_cb=37271 mdf_err=0
18:20:15.924 in=16128Hz out=16000Hz ring=1120 under=0 over=0 (dt=999999us) loglag=121892us
18:20:16.058   pt[1162]: min=-2356 max=2362 avg_abs=529 | fifo=1168 under=0 over=0 late=0 mdf_cb=37303 mdf_err=0
18:20:16.499 win  621 pos= 9538560  -34dBFS [########............] rms=  631 peak= 2640 seam=ok lag=337us
18:20:16.499   -> clock_tick      p=0.96  preproc=69758us infer=40986us
18:20:16.565   pt[1163]: min=-2546 max=2640 avg_abs=497 | fifo=960 under=0 over=0 late=0 mdf_cb=37335 mdf_err=0
18:20:16.942 in=16128Hz out=16400Hz ring=848 under=0 over=0 (dt=999999us) loglag=121892us
18:20:17.075   pt[1164]: min=-1638 max=1558 avg_abs=553 | fifo=1152 under=0 over=0 late=0 mdf_cb=37367 mdf_err=0
18:20:17.466 win  622 pos= 9553920  -34dBFS [########............] rms=  646 peak= 2640 seam=ok lag=339us
18:20:17.466   -> clock_tick      p=0.97  preproc=69814us infer=40974us
18:20:17.649   pt[1165]: min=-2192 max=1710 avg_abs=475 | fifo=944 under=0 over=0 late=0 mdf_cb=37399 mdf_err=0
18:20:17.958 in=16128Hz out=16000Hz ring=976 under=0 over=0 (dt=999999us) loglag=121892us
18:20:18.149   pt[1166]: min=-1624 max=1698 avg_abs=336 | fifo=1136 under=0 over=0 late=0 mdf_cb=37431 mdf_err=0
18:20:18.399 win  623 pos= 9569280  -37dBFS [#######.............] rms=  448 peak= 2192 seam=ok lag=339us
18:20:18.399   -> unknown         p=0.48  preproc=69837us infer=41035us
18:20:18.650   pt[1167]: min=-2190 max=1776 avg_abs=325 | fifo=928 under=0 over=0 late=0 mdf_cb=37463 mdf_err=0
18:20:18.958 in=16128Hz out=16000Hz ring=1104 under=0 over=0 (dt=1000000us) loglag=121892us
18:20:19.149   pt[1168]: min=-1416 max=1654 avg_abs=266 | fifo=1120 under=0 over=0 late=0 mdf_cb=37495 mdf_err=0
18:20:19.340 win  624 pos= 9584640  -39dBFS [#######.............] rms=  372 peak= 2190 seam=ok lag=337us
18:20:19.340   -> clock_tick      p=0.97  preproc=69821us infer=40984us
18:20:19.649   pt[1169]: min=-1330 max=1374 avg_abs=273 | fifo=912 under=0 over=0 late=0 mdf_cb=37527 mdf_err=0
18:20:19.966 in=16128Hz out=16000Hz ring=1232 under=0 over=0 (dt=999999us) loglag=121892us
18:20:20.208   pt[1170]: min=-1662 max=1718 avg_abs=297 | fifo=1104 under=0 over=0 late=0 mdf_cb=37559 mdf_err=0
18:20:20.342 win  625 pos= 9600000  -39dBFS [#######.............] rms=  363 peak= 1718 seam=ok lag=337us
18:20:20.342   -> clock_tick      p=0.85  preproc=69824us infer=40980us
18:20:20.708   pt[1171]: min=-1532 max=1692 avg_abs=278 | fifo=896 under=0 over=0 late=0 mdf_cb=37591 mdf_err=0
18:20:20.974 in=16128Hz out=16400Hz ring=960 under=0 over=0 (dt=1000000us) loglag=121892us
18:20:21.300   pt[1172]: min=-1946 max=2016 avg_abs=363 | fifo=1088 under=0 over=0 late=0 mdf_cb=37623 mdf_err=0
18:20:21.300 win  626 pos= 9615360  -38dBFS [#######.............] rms=  419 peak= 2016 seam=ok lag=337us
18:20:21.300   -> clock_tick      p=1.00  preproc=69804us infer=40988us
18:20:21.742   pt[1173]: min=-1812 max=1974 avg_abs=313 | fifo=1136 under=0 over=0 late=0 mdf_cb=37656 mdf_err=0
18:20:22.001 in=15872Hz out=16000Hz ring=832 under=0 over=0 (dt=999999us) loglag=121892us
18:20:22.216   pt[1174]: min=-2022 max=1654 avg_abs=258 | fifo=1328 under=0 over=0 late=0 mdf_cb=37688 mdf_err=0
18:20:22.216 win  627 pos= 9630720  -38dBFS [#######.............] rms=  390 peak= 2022 seam=ok lag=337us
18:20:22.224   -> clock_tick      p=0.72  preproc=69824us infer=41004us
18:20:22.724   pt[1175]: min=-1642 max=1664 avg_abs=248 | fifo=1120 under=0 over=0 late=0 mdf_cb=37720 mdf_err=0
18:20:22.991 in=16128Hz out=16000Hz ring=960 under=0 over=0 (dt=999999us) loglag=121892us
18:20:23.174 win  628 pos= 9646080  -40dBFS [######..............] rms=  336 peak= 1818 seam=ok lag=338us
18:20:23.174   -> clock_tick      p=0.52  preproc=69815us infer=41036us
18:20:23.241   pt[1176]: min=-1818 max=1802 avg_abs=266 | fifo=912 under=0 over=0 late=0 mdf_cb=37752 mdf_err=0
18:20:23.799   pt[1177]: min=-1292 max=1658 avg_abs=259 | fifo=1104 under=0 over=0 late=0 mdf_cb=37784 mdf_err=0
18:20:24.007 in=16128Hz out=16000Hz ring=1088 under=0 over=0 (dt=1000000us) loglag=121892us
18:20:24.140 win  629 pos= 9661440  -40dBFS [######..............] rms=  324 peak= 1788 seam=ok lag=337us
18:20:24.140   -> clock_tick      p=0.92  preproc=69824us infer=40979us
18:20:24.140 ====================================
18:20:24.144 ====================================
18:20:24.145 TAP TOTAL win=629
18:20:24.148 ====================================
18:20:24.152 ====================================
18:20:24.152 tap total: windows=630 (expected 630 from 9678848 samples) overrun=0 torn=0 skipped=0 seam ok=629 NG=0
18:20:24.158   tap lag max=382us (0 of them lower bounds) | tap write max=8793ns avg=5325ns (37808 calls)
18:20:24.171   audio under=0 over=0 late=0 | aed run=630 err=0 (last er=0)
18:20:24.175   preproc max=69884us avg=69815us | infer max=41096us avg=40990us
18:20:24.182   notify out=82 held=315 offlist=233 gated=0 lat max=112920us (0 lower bounds)
18:20:24.190   log sent=3940 dropped=0 lag max=121892us
18:20:24.195 ====================================
18:20:24.198 ====================================
18:20:24.317   pt[1178]: min=-1788 max=1498 avg_abs=264 | fifo=896 under=0 over=0 late=0 mdf_cb=37816 mdf_err=0
18:20:24.816   pt[1179]: min=-1382 max=1430 avg_abs=292 | fifo=1088 under=0 over=0 late=0 mdf_cb=37848 mdf_err=0
18:20:25.133 in=16128Hz out=16400Hz ring=816 under=0 over=0 (dt=1000000us) loglag=121892us
18:20:25.133 win  630 pos= 9676800  -39dBFS [#######.............] rms=  381 peak= 1882 seam=ok lag=340us
18:20:25.133   -> clock_tick      p=0.98  preproc=69833us infer=40959us
18:20:25.325   pt[1180]: min=-2224 max=1902 avg_abs=366 | fifo=880 under=0 over=0 late=0 mdf_cb=37880 mdf_err=0
18:20:25.815   pt[1181]: min=-2384 max=2220 avg_abs=360 | fifo=1072 under=0 over=0 late=0 mdf_cb=37912 mdf_err=0
18:20:26.065 in=16128Hz out=16000Hz ring=944 under=0 over=0 (dt=999999us) loglag=121892us
18:20:26.065 win  631 pos= 9692160  -37dBFS [#######.............] rms=  472 peak= 2384 seam=ok lag=338us
18:20:26.065   -> unknown         p=0.43  preproc=69777us infer=40987us
18:20:26.316   pt[1182]: min=-2032 max=2260 avg_abs=324 | fifo=864 under=0 over=0 late=0 mdf_cb=37944 mdf_err=0
18:20:26.833   pt[1183]: min=-2056 max=2064 avg_abs=297 | fifo=1056 under=0 over=0 late=0 mdf_cb=37976 mdf_err=0
18:20:27.023 in=16128Hz out=16000Hz ring=1072 under=0 over=0 (dt=1000000us) loglag=121892us
18:20:27.023 win  632 pos= 9707520  -38dBFS [#######.............] rms=  405 peak= 2260 seam=ok lag=338us
18:20:27.023   -> clock_tick      p=0.92  preproc=69811us infer=40982us
18:20:27.359   pt[1184]: min=-1938 max=1896 avg_abs=335 | fifo=848 under=0 over=0 late=0 mdf_cb=38008 mdf_err=0
18:20:27.917   pt[1185]: min=-2450 max=2140 avg_abs=292 | fifo=1040 under=0 over=0 late=0 mdf_cb=38040 mdf_err=0
18:20:27.982 win  633 pos= 9722880  -38dBFS [#######.............] rms=  425 peak= 2678 seam=ok lag=379us
18:20:27.982   -> clock_tick      p=0.77  preproc=69770us infer=41032us
18:20:28.042 in=16128Hz out=16000Hz ring=1200 under=0 over=0 (dt=999998us) loglag=121892us
18:20:28.425   pt[1186]: min=-2150 max=2678 avg_abs=308 | fifo=832 under=0 over=0 late=0 mdf_cb=38072 mdf_err=0
18:20:28.991   pt[1187]: min=-1680 max=1618 avg_abs=243 | fifo=1024 under=0 over=0 late=0 mdf_cb=38104 mdf_err=0
18:20:28.991 win  634 pos= 9738240  -39dBFS [#######.............] rms=  366 peak= 2678 seam=ok lag=340us
18:20:28.991   -> clock_tick      p=0.85  preproc=69830us infer=40984us
18:20:29.049 in=16128Hz out=16000Hz ring=1328 under=0 over=0 (dt=999999us) loglag=121892us
18:20:29.435   pt[1188]: min=-1738 max=1972 avg_abs=283 | fifo=816 under=0 over=0 late=0 mdf_cb=38136 mdf_err=0
18:20:29.943 win  635 pos= 9753600  -39dBFS [#######.............] rms=  389 peak= 2314 seam=ok lag=337us
18:20:29.943   -> clock_tick      p=0.93  preproc=69832us infer=40955us
18:20:29.943   pt[1189]: min=-2314 max=2264 avg_abs=290 | fifo=1264 under=0 over=0 late=0 mdf_cb=38169 mdf_err=0
18:20:30.065 in=15872Hz out=16400Hz ring=800 under=0 over=0 (dt=1000000us) loglag=121892us
18:20:30.442   pt[1190]: min=-2080 max=1932 avg_abs=303 | fifo=1056 under=0 over=0 late=0 mdf_cb=38201 mdf_err=0
18:20:30.883 win  636 pos= 9768960  -39dBFS [#######.............] rms=  385 peak= 2220 seam=ok lag=340us
18:20:30.883   -> clock_tick      p=0.96  preproc=69773us infer=40986us
18:20:30.949   pt[1191]: min=-2220 max=1812 avg_abs=303 | fifo=1248 under=0 over=0 late=0 mdf_cb=38233 mdf_err=0
18:20:31.066 in=16128Hz out=16000Hz ring=928 under=0 over=0 (dt=999999us) loglag=121892us
18:20:31.440   pt[1192]: min=-1772 max=1810 avg_abs=287 | fifo=1040 under=0 over=0 late=0 mdf_cb=38265 mdf_err=0
18:20:31.824 win  637 pos= 9784320  -39dBFS [#######.............] rms=  372 peak= 1810 seam=ok lag=339us
18:20:31.824   -> clock_tick      p=0.78  preproc=69816us infer=40965us
18:20:32.008   pt[1193]: min=-1658 max=1632 avg_abs=306 | fifo=1232 under=0 over=0 late=0 mdf_cb=38297 mdf_err=0
18:20:32.065 in=16128Hz out=16000Hz ring=1056 under=0 over=0 (dt=999999us) loglag=121892us
18:20:32.508   pt[1194]: min=-2002 max=2050 avg_abs=301 | fifo=1024 under=0 over=0 late=0 mdf_cb=38329 mdf_err=0
18:20:32.824 win  638 pos= 9799680  -39dBFS [#######.............] rms=  369 peak= 2050 seam=ok lag=338us
18:20:32.824   -> clock_tick      p=0.93  preproc=69825us infer=41010us
18:20:33.008   pt[1195]: min=-2032 max=2114 avg_abs=297 | fifo=1216 under=0 over=0 late=0 mdf_cb=38361 mdf_err=0
18:20:33.066 in=16128Hz out=16000Hz ring=1184 under=0 over=0 (dt=1000000us) loglag=121892us
18:20:33.508   pt[1196]: min=-2168 max=2016 avg_abs=299 | fifo=1008 under=0 over=0 late=0 mdf_cb=38393 mdf_err=0
18:20:33.765 win  639 pos= 9815040  -38dBFS [#######.............] rms=  407 peak= 2168 seam=ok lag=341us
18:20:33.765   -> clock_tick      p=0.98  preproc=69826us infer=40958us
18:20:33.765 ====================================
18:20:33.765 ====================================
18:20:33.765 TAP TOTAL win=639
18:20:33.765 ====================================
18:20:33.765 ====================================
18:20:33.765 tap total: windows=640 (expected 640 from 9832448 samples) overrun=0 torn=0 skipped=0 seam ok=639 NG=0
18:20:33.767   tap lag max=382us (0 of them lower bounds) | tap write max=8793ns avg=5325ns (38408 calls)
18:20:33.774   audio under=0 over=0 late=0 | aed run=640 err=0 (last er=0)
18:20:33.779   preproc max=69884us avg=69815us | infer max=41096us avg=40990us
18:20:33.785   notify out=82 held=316 offlist=242 gated=0 lat max=112920us (0 lower bounds)
18:20:33.793   log sent=4001 dropped=0 lag max=121892us
18:20:33.797 ====================================
18:20:33.799 ====================================
18:20:34.066   pt[1197]: min=-1590 max=2202 avg_abs=305 | fifo=1200 under=0 over=0 late=0 mdf_cb=38425 mdf_err=0
18:20:34.066 in=16128Hz out=16400Hz ring=912 under=0 over=0 (dt=999999us) loglag=121892us
18:20:34.565   pt[1198]: min=-1040 max=882 avg_abs=222 | fifo=992 under=0 over=0 late=0 mdf_cb=38457 mdf_err=0
18:20:34.691 win  640 pos= 9830400  -40dBFS [######..............] rms=  344 peak= 2202 seam=ok lag=338us
18:20:34.691   -> clock_tick      p=0.73  preproc=69833us infer=40986us
18:20:35.065   pt[1199]: min=-790 max=808 avg_abs=191 | fifo=1184 under=0 over=0 late=0 mdf_cb=38489 mdf_err=0
18:20:35.065 ====================================
18:20:35.065 ====================================
18:20:35.065 PASSTHROUGH STOPPED
18:20:35.065 ====================================
18:20:35.065 ====================================
18:20:35.065 Passthrough stopped (sai_cb half=12337 cplt=12336, mdf_cb=38489 mdf_err=0, under=0 over=0)
18:20:35.065 ====================================
18:20:35.065 ====================================
18:20:36.757 ====================================
18:20:36.757 ====================================
18:20:36.757 FINAL
18:20:36.757 ====================================
18:20:36.757 ====================================
18:20:36.757 tap: no window for 2000 ms (audio stopped?)
18:20:36.757 tap final: windows=641 (expected 641 from 9853184 samples) overrun=0 torn=0 skipped=0 seam ok=640 NG=0
18:20:36.757   tap lag max=382us (0 of them lower bounds) | tap write max=8793ns avg=5325ns (38489 calls)
18:20:36.757   audio under=0 over=0 late=0 | aed run=641 err=0 (last er=0)
18:20:36.757   preproc max=69884us avg=69815us | infer max=41096us avg=40990us
18:20:36.757   notify out=82 held=316 offlist=243 gated=0 lat max=112920us (0 lower bounds)
18:20:36.761   log sent=4029 dropped=0 lag max=121892us
18:20:36.763 ====================================
18:20:36.765 ====================================
